municipio;codEstacao;uf;nomeEstacao;latitude;longitude;datahora;valorMedida
SÃO JOSÉ DOS CAMPOS;354990401A;SP;Rio comprido;-23,256;-45,941;2018-02-01 00:10:00.0;0,0
SÃO JOSÉ DOS CAMPOS;354990401A;SP;Rio comprido;-23,256;-45,941;2018-02-01 01:10:00.0;0,0
SÃO JOSÉ DOS CAMPOS;354990401A;SP;Rio comprido;-23,256;-45,941;2018-02-01 02:10:00.0;0,0
SÃO JOSÉ DOS CAMPOS;354990401A;SP;Rio comprido;-23,256;-45,941;2018-02-01 03:10:00.0;0,0
SÃO JOSÉ DOS CAMPOS;354990401A;SP;Rio comprido;-23,256;-45,941;2018-02-01 04:10:00.0;0,0
SÃO JOSÉ DOS CAMPOS;354990401A;SP;Rio comprido;-23,256;-45,941;2018-02-01 05:10:00.0;0,0
SÃO JOSÉ DOS CAMPOS;354990401A;SP;Rio comprido;-23,256;-45,941;2018-02-01 06:10:00.0;0,0
SÃO JOSÉ DOS CAMPOS;354990401A;SP;Rio comprido;-23,256;-45,941;2018-02-01 07:10:00.0;0,0
SÃO JOSÉ DOS CAMPOS;354990401A;SP;Rio comprido;-23,256;-45,941;2018-02-01 08:10:00.0;0,0
SÃO JOSÉ DOS CAMPOS;354990401A;SP;Rio comprido;-23,256;-45,941;2018-02-01 09:10:00.0;0,0
SÃO JOSÉ DOS CAMPOS;354990401A;SP;Rio comprido;-23,256;-45,941;2018-02-01 10:10:00.0;0,0
SÃO JOSÉ DOS CAMPOS;354990401A;SP;Rio comprido;-23,256;-45,941;2018-02-01 11:10:00.0;0,0
SÃO JOSÉ DOS CAMPOS;354990401A;SP;Rio comprido;-23,256;-45,941;2018-02-01 12:10:00.0;0,0
SÃO JOSÉ DOS CAMPOS;354990401A;SP;Rio comprido;-23,256;-45,941;2018-02-01 13:10:00.0;0,0
SÃO JOSÉ DOS CAMPOS;354990401A;SP;Rio comprido;-23,256;-45,941;2018-02-01 14:10:00.0;0,0
SÃO JOSÉ DOS CAMPOS;354990401A;SP;Rio comprido;-23,256;-45,941;2018-02-01 15:10:00.0;0,0
SÃO JOSÉ DOS CAMPOS;354990401A;SP;Rio comprido;-23,256;-45,941;2018-02-01 16:10:00.0;0,0
SÃO JOSÉ DOS CAMPOS;354990401A;SP;Rio comprido;-23,256;-45,941;2018-02-01 17:10:00.0;0,0
SÃO JOSÉ DOS CAMPOS;354990401A;SP;Rio comprido;-23,256;-45,941;2018-02-01 18:10:00.0;0,0
SÃO JOSÉ DOS CAMPOS;354990401A;SP;Rio comprido;-23,256;-45,941;2018-02-01 19:10:00.0;0,0
SÃO JOSÉ DOS CAMPOS;354990401A;SP;Rio comprido;-23,256;-45,941;2018-02-01 20:10:00.0;0,0
SÃO JOSÉ DOS CAMPOS;354990401A;SP;Rio comprido;-23,256;-45,941;2018-02-01 21:10:00.0;0,0
SÃO JOSÉ DOS CAMPOS;354990401A;SP;Rio comprido;-23,256;-45,941;2018-02-01 22:10:00.0;0,0
SÃO JOSÉ DOS CAMPOS;354990401A;SP;Rio comprido;-23,256;-45,941;2018-02-01 23:10:00.0;0,0
SÃO JOSÉ DOS CAMPOS;354990401A;SP;Rio comprido;-23,256;-45,941;2018-02-02 00:10:00.0;0,0
SÃO JOSÉ DOS CAMPOS;354990401A;SP;Rio comprido;-23,256;-45,941;2018-02-02 01:10:00.0;0,0
SÃO JOSÉ DOS CAMPOS;354990401A;SP;Rio comprido;-23,256;-45,941;2018-02-02 02:10:00.0;0,0
SÃO JOSÉ DOS CAMPOS;354990401A;SP;Rio comprido;-23,256;-45,941;2018-02-02 03:10:00.0;0,0
SÃO JOSÉ DOS CAMPOS;354990401A;SP;Rio comprido;-23,256;-45,941;2018-02-02 04:10:00.0;0,0
SÃO JOSÉ DOS CAMPOS;354990401A;SP;Rio comprido;-23,256;-45,941;2018-02-02 05:10:00.0;0,0
SÃO JOSÉ DOS CAMPOS;354990401A;SP;Rio comprido;-23,256;-45,941;2018-02-02 06:10:00.0;0,0
SÃO JOSÉ DOS CAMPOS;354990401A;SP;Rio comprido;-23,256;-45,941;2018-02-02 07:10:00.0;0,0
SÃO JOSÉ DOS CAMPOS;354990401A;SP;Rio comprido;-23,256;-45,941;2018-02-02 08:10:00.0;0,0
SÃO JOSÉ DOS CAMPOS;354990401A;SP;Rio comprido;-23,256;-45,941;2018-02-02 09:10:00.0;0,0
SÃO JOSÉ DOS CAMPOS;354990401A;SP;Rio comprido;-23,256;-45,941;2018-02-02 10:10:00.0;0,0
SÃO JOSÉ DOS CAMPOS;354990401A;SP;Rio comprido;-23,256;-45,941;2018-02-02 11:10:00.0;0,0
SÃO JOSÉ DOS CAMPOS;354990401A;SP;Rio comprido;-23,256;-45,941;2018-02-02 12:10:00.0;0,0
SÃO JOSÉ DOS CAMPOS;354990401A;SP;Rio comprido;-23,256;-45,941;2018-02-02 13:10:00.0;0,0
SÃO JOSÉ DOS CAMPOS;354990401A;SP;Rio comprido;-23,256;-45,941;2018-02-02 14:10:00.0;0,0
SÃO JOSÉ DOS CAMPOS;354990401A;SP;Rio comprido;-23,256;-45,941;2018-02-02 15:10:00.0;0,0
SÃO JOSÉ DOS CAMPOS;354990401A;SP;Rio comprido;-23,256;-45,941;2018-02-02 16:10:00.0;0,0
SÃO JOSÉ DOS CAMPOS;354990401A;SP;Rio comprido;-23,256;-45,941;2018-02-02 17:10:00.0;0,0
SÃO JOSÉ DOS CAMPOS;354990401A;SP;Rio comprido;-23,256;-45,941;2018-02-02 18:10:00.0;0,0
SÃO JOSÉ DOS CAMPOS;354990401A;SP;Rio comprido;-23,256;-45,941;2018-02-02 19:10:00.0;0,0
SÃO JOSÉ DOS CAMPOS;354990401A;SP;Rio comprido;-23,256;-45,941;2018-02-02 20:10:00.0;0,0
SÃO JOSÉ DOS CAMPOS;354990401A;SP;Rio comprido;-23,256;-45,941;2018-02-02 21:10:00.0;0,0
SÃO JOSÉ DOS CAMPOS;354990401A;SP;Rio comprido;-23,256;-45,941;2018-02-02 22:10:00.0;0,0
SÃO JOSÉ DOS CAMPOS;354990401A;SP;Rio comprido;-23,256;-45,941;2018-02-02 23:10:00.0;0,0
SÃO JOSÉ DOS CAMPOS;354990401A;SP;Rio comprido;-23,256;-45,941;2018-02-03 00:10:00.0;0,0
SÃO JOSÉ DOS CAMPOS;354990401A;SP;Rio comprido;-23,256;-45,941;2018-02-03 01:10:00.0;0,0
SÃO JOSÉ DOS CAMPOS;354990401A;SP;Rio comprido;-23,256;-45,941;2018-02-03 02:10:00.0;0,0
SÃO JOSÉ DOS CAMPOS;354990401A;SP;Rio comprido;-23,256;-45,941;2018-02-03 03:10:00.0;0,0
SÃO JOSÉ DOS CAMPOS;354990401A;SP;Rio comprido;-23,256;-45,941;2018-02-03 04:10:00.0;0,0
SÃO JOSÉ DOS CAMPOS;354990401A;SP;Rio comprido;-23,256;-45,941;2018-02-03 05:10:00.0;0,0
SÃO JOSÉ DOS CAMPOS;354990401A;SP;Rio comprido;-23,256;-45,941;2018-02-03 06:10:00.0;0,0
SÃO JOSÉ DOS CAMPOS;354990401A;SP;Rio comprido;-23,256;-45,941;2018-02-03 07:10:00.0;0,0
SÃO JOSÉ DOS CAMPOS;354990401A;SP;Rio comprido;-23,256;-45,941;2018-02-03 08:10:00.0;0,0
SÃO JOSÉ DOS CAMPOS;354990401A;SP;Rio comprido;-23,256;-45,941;2018-02-03 09:10:00.0;0,0
SÃO JOSÉ DOS CAMPOS;354990401A;SP;Rio comprido;-23,256;-45,941;2018-02-03 10:10:00.0;0,0
SÃO JOSÉ DOS CAMPOS;354990401A;SP;Rio comprido;-23,256;-45,941;2018-02-03 11:10:00.0;0,0
SÃO JOSÉ DOS CAMPOS;354990401A;SP;Rio comprido;-23,256;-45,941;2018-02-03 12:10:00.0;0,0
SÃO JOSÉ DOS CAMPOS;354990401A;SP;Rio comprido;-23,256;-45,941;2018-02-03 13:10:00.0;0,0
SÃO JOSÉ DOS CAMPOS;354990401A;SP;Rio comprido;-23,256;-45,941;2018-02-03 14:10:00.0;0,0
SÃO JOSÉ DOS CAMPOS;354990401A;SP;Rio comprido;-23,256;-45,941;2018-02-03 15:10:00.0;0,0
SÃO JOSÉ DOS CAMPOS;354990401A;SP;Rio comprido;-23,256;-45,941;2018-02-03 16:10:00.0;0,0
SÃO JOSÉ DOS CAMPOS;354990401A;SP;Rio comprido;-23,256;-45,941;2018-02-03 17:10:00.0;0,0
SÃO JOSÉ DOS CAMPOS;354990401A;SP;Rio comprido;-23,256;-45,941;2018-02-03 18:10:00.0;0,0
SÃO JOSÉ DOS CAMPOS;354990401A;SP;Rio comprido;-23,256;-45,941;2018-02-03 19:10:00.0;0,0
SÃO JOSÉ DOS CAMPOS;354990401A;SP;Rio comprido;-23,256;-45,941;2018-02-03 20:10:00.0;0,0
SÃO JOSÉ DOS CAMPOS;354990401A;SP;Rio comprido;-23,256;-45,941;2018-02-03 21:10:00.0;0,0
SÃO JOSÉ DOS CAMPOS;354990401A;SP;Rio comprido;-23,256;-45,941;2018-02-03 22:10:00.0;0,0
SÃO JOSÉ DOS CAMPOS;354990401A;SP;Rio comprido;-23,256;-45,941;2018-02-03 23:10:00.0;0,0
SÃO JOSÉ DOS CAMPOS;354990401A;SP;Rio comprido;-23,256;-45,941;2018-02-04 00:10:00.0;0,0
SÃO JOSÉ DOS CAMPOS;354990401A;SP;Rio comprido;-23,256;-45,941;2018-02-04 01:10:00.0;0,0
SÃO JOSÉ DOS CAMPOS;354990401A;SP;Rio comprido;-23,256;-45,941;2018-02-04 02:10:00.0;0,0
SÃO JOSÉ DOS CAMPOS;354990401A;SP;Rio comprido;-23,256;-45,941;2018-02-04 03:10:00.0;0,0
SÃO JOSÉ DOS CAMPOS;354990401A;SP;Rio comprido;-23,256;-45,941;2018-02-04 04:10:00.0;0,0
SÃO JOSÉ DOS CAMPOS;354990401A;SP;Rio comprido;-23,256;-45,941;2018-02-04 05:10:00.0;0,0
SÃO JOSÉ DOS CAMPOS;354990401A;SP;Rio comprido;-23,256;-45,941;2018-02-04 06:10:00.0;0,0
SÃO JOSÉ DOS CAMPOS;354990401A;SP;Rio comprido;-23,256;-45,941;2018-02-04 07:10:00.0;0,0
SÃO JOSÉ DOS CAMPOS;354990401A;SP;Rio comprido;-23,256;-45,941;2018-02-04 08:10:00.0;0,0
SÃO JOSÉ DOS CAMPOS;354990401A;SP;Rio comprido;-23,256;-45,941;2018-02-04 09:10:00.0;0,0
SÃO JOSÉ DOS CAMPOS;354990401A;SP;Rio comprido;-23,256;-45,941;2018-02-04 10:10:00.0;0,0
SÃO JOSÉ DOS CAMPOS;354990401A;SP;Rio comprido;-23,256;-45,941;2018-02-04 11:10:00.0;0,0
SÃO JOSÉ DOS CAMPOS;354990401A;SP;Rio comprido;-23,256;-45,941;2018-02-04 12:10:00.0;0,0
SÃO JOSÉ DOS CAMPOS;354990401A;SP;Rio comprido;-23,256;-45,941;2018-02-04 13:10:00.0;0,0
SÃO JOSÉ DOS CAMPOS;354990401A;SP;Rio comprido;-23,256;-45,941;2018-02-04 14:10:00.0;0,0
SÃO JOSÉ DOS CAMPOS;354990401A;SP;Rio comprido;-23,256;-45,941;2018-02-04 15:10:00.0;0,0
SÃO JOSÉ DOS CAMPOS;354990401A;SP;Rio comprido;-23,256;-45,941;2018-02-04 16:10:00.0;0,0
SÃO JOSÉ DOS CAMPOS;354990401A;SP;Rio comprido;-23,256;-45,941;2018-02-04 17:10:00.0;0,0
SÃO JOSÉ DOS CAMPOS;354990401A;SP;Rio comprido;-23,256;-45,941;2018-02-04 18:10:00.0;0,0
SÃO JOSÉ DOS CAMPOS;354990401A;SP;Rio comprido;-23,256;-45,941;2018-02-04 19:10:00.0;0,0
SÃO JOSÉ DOS CAMPOS;354990401A;SP;Rio comprido;-23,256;-45,941;2018-02-04 20:10:00.0;0,0
SÃO JOSÉ DOS CAMPOS;354990401A;SP;Rio comprido;-23,256;-45,941;2018-02-04 21:10:00.0;0,0
SÃO JOSÉ DOS CAMPOS;354990401A;SP;Rio comprido;-23,256;-45,941;2018-02-04 22:10:00.0;0,0
SÃO JOSÉ DOS CAMPOS;354990401A;SP;Rio comprido;-23,256;-45,941;2018-02-04 23:10:00.0;0,0
SÃO JOSÉ DOS CAMPOS;354990401A;SP;Rio comprido;-23,256;-45,941;2018-02-05 00:10:00.0;0,0
SÃO JOSÉ DOS CAMPOS;354990401A;SP;Rio comprido;-23,256;-45,941;2018-02-05 01:10:00.0;0,0
SÃO JOSÉ DOS CAMPOS;354990401A;SP;Rio comprido;-23,256;-45,941;2018-02-05 02:10:00.0;0,0
SÃO JOSÉ DOS CAMPOS;354990401A;SP;Rio comprido;-23,256;-45,941;2018-02-05 03:10:00.0;0,0
SÃO JOSÉ DOS CAMPOS;354990401A;SP;Rio comprido;-23,256;-45,941;2018-02-05 04:10:00.0;0,0
SÃO JOSÉ DOS CAMPOS;354990401A;SP;Rio comprido;-23,256;-45,941;2018-02-05 05:10:00.0;0,0
SÃO JOSÉ DOS CAMPOS;354990401A;SP;Rio comprido;-23,256;-45,941;2018-02-05 06:10:00.0;0,0
SÃO JOSÉ DOS CAMPOS;354990401A;SP;Rio comprido;-23,256;-45,941;2018-02-05 07:10:00.0;0,0
SÃO JOSÉ DOS CAMPOS;354990401A;SP;Rio comprido;-23,256;-45,941;2018-02-05 08:10:00.0;0,0
SÃO JOSÉ DOS CAMPOS;354990401A;SP;Rio comprido;-23,256;-45,941;2018-02-05 09:10:00.0;0,0
SÃO JOSÉ DOS CAMPOS;354990401A;SP;Rio comprido;-23,256;-45,941;2018-02-05 10:10:00.0;0,0
SÃO JOSÉ DOS CAMPOS;354990401A;SP;Rio comprido;-23,256;-45,941;2018-02-05 11:10:00.0;0,0
SÃO JOSÉ DOS CAMPOS;354990401A;SP;Rio comprido;-23,256;-45,941;2018-02-05 12:10:00.0;0,0
SÃO JOSÉ DOS CAMPOS;354990401A;SP;Rio comprido;-23,256;-45,941;2018-02-05 13:10:00.0;0,0
SÃO JOSÉ DOS CAMPOS;354990401A;SP;Rio comprido;-23,256;-45,941;2018-02-05 14:10:00.0;0,0
SÃO JOSÉ DOS CAMPOS;354990401A;SP;Rio comprido;-23,256;-45,941;2018-02-05 15:10:00.0;0,0
SÃO JOSÉ DOS CAMPOS;354990401A;SP;Rio comprido;-23,256;-45,941;2018-02-05 16:10:00.0;0,0
SÃO JOSÉ DOS CAMPOS;354990401A;SP;Rio comprido;-23,256;-45,941;2018-02-05 17:10:00.0;0,0
SÃO JOSÉ DOS CAMPOS;354990401A;SP;Rio comprido;-23,256;-45,941;2018-02-05 18:10:00.0;0,0
SÃO JOSÉ DOS CAMPOS;354990401A;SP;Rio comprido;-23,256;-45,941;2018-02-05 19:10:00.0;0,0
SÃO JOSÉ DOS CAMPOS;354990401A;SP;Rio comprido;-23,256;-45,941;2018-02-05 20:10:00.0;0,0
SÃO JOSÉ DOS CAMPOS;354990401A;SP;Rio comprido;-23,256;-45,941;2018-02-05 21:10:00.0;0,0
SÃO JOSÉ DOS CAMPOS;354990401A;SP;Rio comprido;-23,256;-45,941;2018-02-05 22:10:00.0;0,0
SÃO JOSÉ DOS CAMPOS;354990401A;SP;Rio comprido;-23,256;-45,941;2018-02-05 23:10:00.0;0,0
SÃO JOSÉ DOS CAMPOS;354990401A;SP;Rio comprido;-23,256;-45,941;2018-02-06 00:10:00.0;0,0
SÃO JOSÉ DOS CAMPOS;354990401A;SP;Rio comprido;-23,256;-45,941;2018-02-06 01:10:00.0;0,0
SÃO JOSÉ DOS CAMPOS;354990401A;SP;Rio comprido;-23,256;-45,941;2018-02-06 02:10:00.0;0,0
SÃO JOSÉ DOS CAMPOS;354990401A;SP;Rio comprido;-23,256;-45,941;2018-02-06 03:10:00.0;0,0
SÃO JOSÉ DOS CAMPOS;354990401A;SP;Rio comprido;-23,256;-45,941;2018-02-06 04:10:00.0;0,0
SÃO JOSÉ DOS CAMPOS;354990401A;SP;Rio comprido;-23,256;-45,941;2018-02-06 05:10:00.0;0,0
SÃO JOSÉ DOS CAMPOS;354990401A;SP;Rio comprido;-23,256;-45,941;2018-02-06 06:10:00.0;0,0
SÃO JOSÉ DOS CAMPOS;354990401A;SP;Rio comprido;-23,256;-45,941;2018-02-06 07:10:00.0;0,0
SÃO JOSÉ DOS CAMPOS;354990401A;SP;Rio comprido;-23,256;-45,941;2018-02-06 08:10:00.0;0,0
SÃO JOSÉ DOS CAMPOS;354990401A;SP;Rio comprido;-23,256;-45,941;2018-02-06 09:10:00.0;0,0
SÃO JOSÉ DOS CAMPOS;354990401A;SP;Rio comprido;-23,256;-45,941;2018-02-06 10:10:00.0;0,0
SÃO JOSÉ DOS CAMPOS;354990401A;SP;Rio comprido;-23,256;-45,941;2018-02-06 11:10:00.0;0,0
SÃO JOSÉ DOS CAMPOS;354990401A;SP;Rio comprido;-23,256;-45,941;2018-02-06 12:10:00.0;0,0
SÃO JOSÉ DOS CAMPOS;354990401A;SP;Rio comprido;-23,256;-45,941;2018-02-06 13:10:00.0;0,0
SÃO JOSÉ DOS CAMPOS;354990401A;SP;Rio comprido;-23,256;-45,941;2018-02-06 14:10:00.0;0,0
SÃO JOSÉ DOS CAMPOS;354990401A;SP;Rio comprido;-23,256;-45,941;2018-02-06 15:10:00.0;0,0
SÃO JOSÉ DOS CAMPOS;354990401A;SP;Rio comprido;-23,256;-45,941;2018-02-06 16:10:00.0;0,0
SÃO JOSÉ DOS CAMPOS;354990401A;SP;Rio comprido;-23,256;-45,941;2018-02-06 17:10:00.0;0,0
SÃO JOSÉ DOS CAMPOS;354990401A;SP;Rio comprido;-23,256;-45,941;2018-02-06 18:10:00.0;0,0
SÃO JOSÉ DOS CAMPOS;354990401A;SP;Rio comprido;-23,256;-45,941;2018-02-06 19:10:00.0;0,0
SÃO JOSÉ DOS CAMPOS;354990401A;SP;Rio comprido;-23,256;-45,941;2018-02-06 20:10:00.0;0,0
SÃO JOSÉ DOS CAMPOS;354990401A;SP;Rio comprido;-23,256;-45,941;2018-02-06 21:10:00.0;0,0
SÃO JOSÉ DOS CAMPOS;354990401A;SP;Rio comprido;-23,256;-45,941;2018-02-06 22:10:00.0;0,0
SÃO JOSÉ DOS CAMPOS;354990401A;SP;Rio comprido;-23,256;-45,941;2018-02-06 23:10:00.0;0,0
SÃO JOSÉ DOS CAMPOS;354990401A;SP;Rio comprido;-23,256;-45,941;2018-02-07 00:10:00.0;0,0
SÃO JOSÉ DOS CAMPOS;354990401A;SP;Rio comprido;-23,256;-45,941;2018-02-07 01:10:00.0;0,0
SÃO JOSÉ DOS CAMPOS;354990401A;SP;Rio comprido;-23,256;-45,941;2018-02-07 02:10:00.0;0,0
SÃO JOSÉ DOS CAMPOS;354990401A;SP;Rio comprido;-23,256;-45,941;2018-02-07 03:10:00.0;0,0
SÃO JOSÉ DOS CAMPOS;354990401A;SP;Rio comprido;-23,256;-45,941;2018-02-07 04:10:00.0;0,0
SÃO JOSÉ DOS CAMPOS;354990401A;SP;Rio comprido;-23,256;-45,941;2018-02-07 05:10:00.0;0,0
SÃO JOSÉ DOS CAMPOS;354990401A;SP;Rio comprido;-23,256;-45,941;2018-02-07 06:10:00.0;0,0
SÃO JOSÉ DOS CAMPOS;354990401A;SP;Rio comprido;-23,256;-45,941;2018-02-07 07:10:00.0;0,0
SÃO JOSÉ DOS CAMPOS;354990401A;SP;Rio comprido;-23,256;-45,941;2018-02-07 08:10:00.0;0,0
SÃO JOSÉ DOS CAMPOS;354990401A;SP;Rio comprido;-23,256;-45,941;2018-02-07 09:10:00.0;0,0
SÃO JOSÉ DOS CAMPOS;354990401A;SP;Rio comprido;-23,256;-45,941;2018-02-07 10:10:00.0;0,0
SÃO JOSÉ DOS CAMPOS;354990401A;SP;Rio comprido;-23,256;-45,941;2018-02-07 11:10:00.0;0,0
SÃO JOSÉ DOS CAMPOS;354990401A;SP;Rio comprido;-23,256;-45,941;2018-02-07 12:10:00.0;0,0
SÃO JOSÉ DOS CAMPOS;354990401A;SP;Rio comprido;-23,256;-45,941;2018-02-07 13:10:00.0;0,0
SÃO JOSÉ DOS CAMPOS;354990401A;SP;Rio comprido;-23,256;-45,941;2018-02-07 14:10:00.0;0,0
SÃO JOSÉ DOS CAMPOS;354990401A;SP;Rio comprido;-23,256;-45,941;2018-02-07 15:10:00.0;0,0
SÃO JOSÉ DOS CAMPOS;354990401A;SP;Rio comprido;-23,256;-45,941;2018-02-07 16:10:00.0;0,0
SÃO JOSÉ DOS CAMPOS;354990401A;SP;Rio comprido;-23,256;-45,941;2018-02-07 17:10:00.0;0,0
SÃO JOSÉ DOS CAMPOS;354990401A;SP;Rio comprido;-23,256;-45,941;2018-02-07 17:50:00.0;0,2
SÃO JOSÉ DOS CAMPOS;354990401A;SP;Rio comprido;-23,256;-45,941;2018-02-07 18:10:00.0;0,0
SÃO JOSÉ DOS CAMPOS;354990401A;SP;Rio comprido;-23,256;-45,941;2018-02-07 18:20:00.0;0,2
SÃO JOSÉ DOS CAMPOS;354990401A;SP;Rio comprido;-23,256;-45,941;2018-02-07 19:10:00.0;0,0
SÃO JOSÉ DOS CAMPOS;354990401A;SP;Rio comprido;-23,256;-45,941;2018-02-07 20:10:00.0;0,0
SÃO JOSÉ DOS CAMPOS;354990401A;SP;Rio comprido;-23,256;-45,941;2018-02-07 21:10:00.0;0,0
SÃO JOSÉ DOS CAMPOS;354990401A;SP;Rio comprido;-23,256;-45,941;2018-02-07 22:10:00.0;0,0
SÃO JOSÉ DOS CAMPOS;354990401A;SP;Rio comprido;-23,256;-45,941;2018-02-07 23:10:00.0;0,0
SÃO JOSÉ DOS CAMPOS;354990401A;SP;Rio comprido;-23,256;-45,941;2018-02-08 00:10:00.0;0,0
SÃO JOSÉ DOS CAMPOS;354990401A;SP;Rio comprido;-23,256;-45,941;2018-02-08 01:10:00.0;0,0
SÃO JOSÉ DOS CAMPOS;354990401A;SP;Rio comprido;-23,256;-45,941;2018-02-08 02:10:00.0;0,0
SÃO JOSÉ DOS CAMPOS;354990401A;SP;Rio comprido;-23,256;-45,941;2018-02-08 03:10:00.0;0,0
SÃO JOSÉ DOS CAMPOS;354990401A;SP;Rio comprido;-23,256;-45,941;2018-02-08 04:10:00.0;0,0
SÃO JOSÉ DOS CAMPOS;354990401A;SP;Rio comprido;-23,256;-45,941;2018-02-08 05:10:00.0;0,0
SÃO JOSÉ DOS CAMPOS;354990401A;SP;Rio comprido;-23,256;-45,941;2018-02-08 06:10:00.0;0,0
SÃO JOSÉ DOS CAMPOS;354990401A;SP;Rio comprido;-23,256;-45,941;2018-02-08 07:10:00.0;0,0
SÃO JOSÉ DOS CAMPOS;354990401A;SP;Rio comprido;-23,256;-45,941;2018-02-08 08:10:00.0;0,0
SÃO JOSÉ DOS CAMPOS;354990401A;SP;Rio comprido;-23,256;-45,941;2018-02-08 09:10:00.0;0,0
SÃO JOSÉ DOS CAMPOS;354990401A;SP;Rio comprido;-23,256;-45,941;2018-02-08 10:10:00.0;0,0
SÃO JOSÉ DOS CAMPOS;354990401A;SP;Rio comprido;-23,256;-45,941;2018-02-08 11:10:00.0;0,0
SÃO JOSÉ DOS CAMPOS;354990401A;SP;Rio comprido;-23,256;-45,941;2018-02-08 12:10:00.0;0,0
SÃO JOSÉ DOS CAMPOS;354990401A;SP;Rio comprido;-23,256;-45,941;2018-02-08 13:10:00.0;0,0
SÃO JOSÉ DOS CAMPOS;354990401A;SP;Rio comprido;-23,256;-45,941;2018-02-08 14:10:00.0;0,0
SÃO JOSÉ DOS CAMPOS;354990401A;SP;Rio comprido;-23,256;-45,941;2018-02-08 15:10:00.0;0,0
SÃO JOSÉ DOS CAMPOS;354990401A;SP;Rio comprido;-23,256;-45,941;2018-02-08 16:10:00.0;0,0
SÃO JOSÉ DOS CAMPOS;354990401A;SP;Rio comprido;-23,256;-45,941;2018-02-08 17:10:00.0;0,0
SÃO JOSÉ DOS CAMPOS;354990401A;SP;Rio comprido;-23,256;-45,941;2018-02-08 18:10:00.0;0,0
SÃO JOSÉ DOS CAMPOS;354990401A;SP;Rio comprido;-23,256;-45,941;2018-02-08 19:10:00.0;0,0
SÃO JOSÉ DOS CAMPOS;354990401A;SP;Rio comprido;-23,256;-45,941;2018-02-08 20:10:00.0;0,0
SÃO JOSÉ DOS CAMPOS;354990401A;SP;Rio comprido;-23,256;-45,941;2018-02-08 21:10:00.0;0,0
SÃO JOSÉ DOS CAMPOS;354990401A;SP;Rio comprido;-23,256;-45,941;2018-02-08 22:10:00.0;0,0
SÃO JOSÉ DOS CAMPOS;354990401A;SP;Rio comprido;-23,256;-45,941;2018-02-08 23:10:00.0;0,0
SÃO JOSÉ DOS CAMPOS;354990401A;SP;Rio comprido;-23,256;-45,941;2018-02-09 00:10:00.0;0,0
SÃO JOSÉ DOS CAMPOS;354990401A;SP;Rio comprido;-23,256;-45,941;2018-02-09 01:10:00.0;0,0
SÃO JOSÉ DOS CAMPOS;354990401A;SP;Rio comprido;-23,256;-45,941;2018-02-09 02:10:00.0;0,0
SÃO JOSÉ DOS CAMPOS;354990401A;SP;Rio comprido;-23,256;-45,941;2018-02-09 03:10:00.0;0,0
SÃO JOSÉ DOS CAMPOS;354990401A;SP;Rio comprido;-23,256;-45,941;2018-02-09 04:10:00.0;0,0
SÃO JOSÉ DOS CAMPOS;354990401A;SP;Rio comprido;-23,256;-45,941;2018-02-09 05:10:00.0;0,0
SÃO JOSÉ DOS CAMPOS;354990401A;SP;Rio comprido;-23,256;-45,941;2018-02-09 06:10:00.0;0,0
SÃO JOSÉ DOS CAMPOS;354990401A;SP;Rio comprido;-23,256;-45,941;2018-02-09 07:10:00.0;0,0
SÃO JOSÉ DOS CAMPOS;354990401A;SP;Rio comprido;-23,256;-45,941;2018-02-09 08:10:00.0;0,0
SÃO JOSÉ DOS CAMPOS;354990401A;SP;Rio comprido;-23,256;-45,941;2018-02-09 09:10:00.0;0,0
SÃO JOSÉ DOS CAMPOS;354990401A;SP;Rio comprido;-23,256;-45,941;2018-02-09 10:10:00.0;0,0
SÃO JOSÉ DOS CAMPOS;354990401A;SP;Rio comprido;-23,256;-45,941;2018-02-09 11:10:00.0;0,0
SÃO JOSÉ DOS CAMPOS;354990401A;SP;Rio comprido;-23,256;-45,941;2018-02-09 12:10:00.0;0,0
SÃO JOSÉ DOS CAMPOS;354990401A;SP;Rio comprido;-23,256;-45,941;2018-02-09 13:10:00.0;0,0
SÃO JOSÉ DOS CAMPOS;354990401A;SP;Rio comprido;-23,256;-45,941;2018-02-09 14:10:00.0;0,0
SÃO JOSÉ DOS CAMPOS;354990401A;SP;Rio comprido;-23,256;-45,941;2018-02-09 15:10:00.0;0,0
SÃO JOSÉ DOS CAMPOS;354990401A;SP;Rio comprido;-23,256;-45,941;2018-02-09 16:10:00.0;0,0
SÃO JOSÉ DOS CAMPOS;354990401A;SP;Rio comprido;-23,256;-45,941;2018-02-09 17:10:00.0;0,0
SÃO JOSÉ DOS CAMPOS;354990401A;SP;Rio comprido;-23,256;-45,941;2018-02-09 18:10:00.0;0,0
SÃO JOSÉ DOS CAMPOS;354990401A;SP;Rio comprido;-23,256;-45,941;2018-02-09 19:10:00.0;0,0
SÃO JOSÉ DOS CAMPOS;354990401A;SP;Rio comprido;-23,256;-45,941;2018-02-09 20:10:00.0;0,0
SÃO JOSÉ DOS CAMPOS;354990401A;SP;Rio comprido;-23,256;-45,941;2018-02-09 21:10:00.0;0,0
SÃO JOSÉ DOS CAMPOS;354990401A;SP;Rio comprido;-23,256;-45,941;2018-02-09 22:10:00.0;0,0
SÃO JOSÉ DOS CAMPOS;354990401A;SP;Rio comprido;-23,256;-45,941;2018-02-09 23:10:00.0;0,0
SÃO JOSÉ DOS CAMPOS;354990401A;SP;Rio comprido;-23,256;-45,941;2018-02-10 00:10:00.0;0,0
SÃO JOSÉ DOS CAMPOS;354990401A;SP;Rio comprido;-23,256;-45,941;2018-02-10 01:10:00.0;0,0
SÃO JOSÉ DOS CAMPOS;354990401A;SP;Rio comprido;-23,256;-45,941;2018-02-10 02:10:00.0;0,0
SÃO JOSÉ DOS CAMPOS;354990401A;SP;Rio comprido;-23,256;-45,941;2018-02-10 03:10:00.0;0,0
SÃO JOSÉ DOS CAMPOS;354990401A;SP;Rio comprido;-23,256;-45,941;2018-02-10 04:10:00.0;0,0
SÃO JOSÉ DOS CAMPOS;354990401A;SP;Rio comprido;-23,256;-45,941;2018-02-10 05:10:00.0;0,0
SÃO JOSÉ DOS CAMPOS;354990401A;SP;Rio comprido;-23,256;-45,941;2018-02-10 06:10:00.0;0,0
SÃO JOSÉ DOS CAMPOS;354990401A;SP;Rio comprido;-23,256;-45,941;2018-02-10 07:10:00.0;0,0
SÃO JOSÉ DOS CAMPOS;354990401A;SP;Rio comprido;-23,256;-45,941;2018-02-10 08:10:00.0;0,0
SÃO JOSÉ DOS CAMPOS;354990401A;SP;Rio comprido;-23,256;-45,941;2018-02-10 09:10:00.0;0,0
SÃO JOSÉ DOS CAMPOS;354990401A;SP;Rio comprido;-23,256;-45,941;2018-02-10 10:10:00.0;0,0
SÃO JOSÉ DOS CAMPOS;354990401A;SP;Rio comprido;-23,256;-45,941;2018-02-10 11:10:00.0;0,0
SÃO JOSÉ DOS CAMPOS;354990401A;SP;Rio comprido;-23,256;-45,941;2018-02-10 12:10:00.0;0,0
SÃO JOSÉ DOS CAMPOS;354990401A;SP;Rio comprido;-23,256;-45,941;2018-02-10 13:10:00.0;0,0
SÃO JOSÉ DOS CAMPOS;354990401A;SP;Rio comprido;-23,256;-45,941;2018-02-10 14:10:00.0;0,0
SÃO JOSÉ DOS CAMPOS;354990401A;SP;Rio comprido;-23,256;-45,941;2018-02-10 15:10:00.0;0,0
SÃO JOSÉ DOS CAMPOS;354990401A;SP;Rio comprido;-23,256;-45,941;2018-02-10 16:10:00.0;0,0
SÃO JOSÉ DOS CAMPOS;354990401A;SP;Rio comprido;-23,256;-45,941;2018-02-10 16:50:00.0;1,58
SÃO JOSÉ DOS CAMPOS;354990401A;SP;Rio comprido;-23,256;-45,941;2018-02-10 17:00:00.0;3,74
SÃO JOSÉ DOS CAMPOS;354990401A;SP;Rio comprido;-23,256;-45,941;2018-02-10 17:10:00.0;0,39
SÃO JOSÉ DOS CAMPOS;354990401A;SP;Rio comprido;-23,256;-45,941;2018-02-10 17:20:00.0;0,2
SÃO JOSÉ DOS CAMPOS;354990401A;SP;Rio comprido;-23,256;-45,941;2018-02-10 18:10:00.0;0,0
SÃO JOSÉ DOS CAMPOS;354990401A;SP;Rio comprido;-23,256;-45,941;2018-02-10 18:40:00.0;0,2
SÃO JOSÉ DOS CAMPOS;354990401A;SP;Rio comprido;-23,256;-45,941;2018-02-10 19:00:00.0;0,2
SÃO JOSÉ DOS CAMPOS;354990401A;SP;Rio comprido;-23,256;-45,941;2018-02-10 19:10:00.0;0,0
SÃO JOSÉ DOS CAMPOS;354990401A;SP;Rio comprido;-23,256;-45,941;2018-02-10 20:10:00.0;0,0
SÃO JOSÉ DOS CAMPOS;354990401A;SP;Rio comprido;-23,256;-45,941;2018-02-10 21:10:00.0;0,2
SÃO JOSÉ DOS CAMPOS;354990401A;SP;Rio comprido;-23,256;-45,941;2018-02-10 21:30:00.0;0,2
SÃO JOSÉ DOS CAMPOS;354990401A;SP;Rio comprido;-23,256;-45,941;2018-02-10 22:10:00.0;0,0
SÃO JOSÉ DOS CAMPOS;354990401A;SP;Rio comprido;-23,256;-45,941;2018-02-10 22:40:00.0;0,2
SÃO JOSÉ DOS CAMPOS;354990401A;SP;Rio comprido;-23,256;-45,941;2018-02-10 23:10:00.0;0,0
SÃO JOSÉ DOS CAMPOS;354990401A;SP;Rio comprido;-23,256;-45,941;2018-02-11 00:10:00.0;0,0
SÃO JOSÉ DOS CAMPOS;354990401A;SP;Rio comprido;-23,256;-45,941;2018-02-11 01:10:00.0;0,0
SÃO JOSÉ DOS CAMPOS;354990401A;SP;Rio comprido;-23,256;-45,941;2018-02-11 02:10:00.0;0,0
SÃO JOSÉ DOS CAMPOS;354990401A;SP;Rio comprido;-23,256;-45,941;2018-02-11 03:10:00.0;0,0
SÃO JOSÉ DOS CAMPOS;354990401A;SP;Rio comprido;-23,256;-45,941;2018-02-11 04:10:00.0;0,0
SÃO JOSÉ DOS CAMPOS;354990401A;SP;Rio comprido;-23,256;-45,941;2018-02-11 05:10:00.0;0,0
SÃO JOSÉ DOS CAMPOS;354990401A;SP;Rio comprido;-23,256;-45,941;2018-02-11 06:10:00.0;0,0
SÃO JOSÉ DOS CAMPOS;354990401A;SP;Rio comprido;-23,256;-45,941;2018-02-11 07:10:00.0;0,0
SÃO JOSÉ DOS CAMPOS;354990401A;SP;Rio comprido;-23,256;-45,941;2018-02-11 08:10:00.0;0,0
SÃO JOSÉ DOS CAMPOS;354990401A;SP;Rio comprido;-23,256;-45,941;2018-02-11 09:10:00.0;0,0
SÃO JOSÉ DOS CAMPOS;354990401A;SP;Rio comprido;-23,256;-45,941;2018-02-11 10:10:00.0;0,0
SÃO JOSÉ DOS CAMPOS;354990401A;SP;Rio comprido;-23,256;-45,941;2018-02-11 11:10:00.0;0,0
SÃO JOSÉ DOS CAMPOS;354990401A;SP;Rio comprido;-23,256;-45,941;2018-02-11 12:10:00.0;0,0
SÃO JOSÉ DOS CAMPOS;354990401A;SP;Rio comprido;-23,256;-45,941;2018-02-11 13:10:00.0;0,0
SÃO JOSÉ DOS CAMPOS;354990401A;SP;Rio comprido;-23,256;-45,941;2018-02-11 14:10:00.0;0,0
SÃO JOSÉ DOS CAMPOS;354990401A;SP;Rio comprido;-23,256;-45,941;2018-02-11 15:10:00.0;0,0
SÃO JOSÉ DOS CAMPOS;354990401A;SP;Rio comprido;-23,256;-45,941;2018-02-11 16:10:00.0;0,0
SÃO JOSÉ DOS CAMPOS;354990401A;SP;Rio comprido;-23,256;-45,941;2018-02-11 17:10:00.0;0,0
SÃO JOSÉ DOS CAMPOS;354990401A;SP;Rio comprido;-23,256;-45,941;2018-02-11 18:10:00.0;0,0
SÃO JOSÉ DOS CAMPOS;354990401A;SP;Rio comprido;-23,256;-45,941;2018-02-11 19:10:00.0;0,0
SÃO JOSÉ DOS CAMPOS;354990401A;SP;Rio comprido;-23,256;-45,941;2018-02-11 20:10:00.0;0,0
SÃO JOSÉ DOS CAMPOS;354990401A;SP;Rio comprido;-23,256;-45,941;2018-02-11 21:10:00.0;0,0
SÃO JOSÉ DOS CAMPOS;354990401A;SP;Rio comprido;-23,256;-45,941;2018-02-11 22:10:00.0;0,0
SÃO JOSÉ DOS CAMPOS;354990401A;SP;Rio comprido;-23,256;-45,941;2018-02-11 23:10:00.0;0,0
SÃO JOSÉ DOS CAMPOS;354990401A;SP;Rio comprido;-23,256;-45,941;2018-02-12 00:10:00.0;0,0
SÃO JOSÉ DOS CAMPOS;354990401A;SP;Rio comprido;-23,256;-45,941;2018-02-12 01:10:00.0;0,0
SÃO JOSÉ DOS CAMPOS;354990401A;SP;Rio comprido;-23,256;-45,941;2018-02-12 02:10:00.0;0,0
SÃO JOSÉ DOS CAMPOS;354990401A;SP;Rio comprido;-23,256;-45,941;2018-02-12 03:10:00.0;0,0
SÃO JOSÉ DOS CAMPOS;354990401A;SP;Rio comprido;-23,256;-45,941;2018-02-12 04:10:00.0;0,0
SÃO JOSÉ DOS CAMPOS;354990401A;SP;Rio comprido;-23,256;-45,941;2018-02-12 05:10:00.0;0,0
SÃO JOSÉ DOS CAMPOS;354990401A;SP;Rio comprido;-23,256;-45,941;2018-02-12 06:10:00.0;0,0
SÃO JOSÉ DOS CAMPOS;354990401A;SP;Rio comprido;-23,256;-45,941;2018-02-12 07:10:00.0;0,0
SÃO JOSÉ DOS CAMPOS;354990401A;SP;Rio comprido;-23,256;-45,941;2018-02-12 08:10:00.0;0,0
SÃO JOSÉ DOS CAMPOS;354990401A;SP;Rio comprido;-23,256;-45,941;2018-02-12 09:10:00.0;0,0
SÃO JOSÉ DOS CAMPOS;354990401A;SP;Rio comprido;-23,256;-45,941;2018-02-12 10:10:00.0;0,0
SÃO JOSÉ DOS CAMPOS;354990401A;SP;Rio comprido;-23,256;-45,941;2018-02-12 11:10:00.0;0,0
SÃO JOSÉ DOS CAMPOS;354990401A;SP;Rio comprido;-23,256;-45,941;2018-02-12 12:10:00.0;0,0
SÃO JOSÉ DOS CAMPOS;354990401A;SP;Rio comprido;-23,256;-45,941;2018-02-12 13:10:00.0;0,0
SÃO JOSÉ DOS CAMPOS;354990401A;SP;Rio comprido;-23,256;-45,941;2018-02-12 14:10:00.0;0,0
SÃO JOSÉ DOS CAMPOS;354990401A;SP;Rio comprido;-23,256;-45,941;2018-02-12 15:10:00.0;0,0
SÃO JOSÉ DOS CAMPOS;354990401A;SP;Rio comprido;-23,256;-45,941;2018-02-12 16:10:00.0;0,0
SÃO JOSÉ DOS CAMPOS;354990401A;SP;Rio comprido;-23,256;-45,941;2018-02-12 17:10:00.0;0,0
SÃO JOSÉ DOS CAMPOS;354990401A;SP;Rio comprido;-23,256;-45,941;2018-02-12 18:10:00.0;0,0
SÃO JOSÉ DOS CAMPOS;354990401A;SP;Rio comprido;-23,256;-45,941;2018-02-12 19:10:00.0;0,0
SÃO JOSÉ DOS CAMPOS;354990401A;SP;Rio comprido;-23,256;-45,941;2018-02-12 20:10:00.0;0,0
SÃO JOSÉ DOS CAMPOS;354990401A;SP;Rio comprido;-23,256;-45,941;2018-02-12 21:10:00.0;0,0
SÃO JOSÉ DOS CAMPOS;354990401A;SP;Rio comprido;-23,256;-45,941;2018-02-12 22:10:00.0;0,0
SÃO JOSÉ DOS CAMPOS;354990401A;SP;Rio comprido;-23,256;-45,941;2018-02-12 23:10:00.0;0,0
SÃO JOSÉ DOS CAMPOS;354990401A;SP;Rio comprido;-23,256;-45,941;2018-02-13 00:10:00.0;0,2
SÃO JOSÉ DOS CAMPOS;354990401A;SP;Rio comprido;-23,256;-45,941;2018-02-13 01:10:00.0;0,0
SÃO JOSÉ DOS CAMPOS;354990401A;SP;Rio comprido;-23,256;-45,941;2018-02-13 02:10:00.0;0,0
SÃO JOSÉ DOS CAMPOS;354990401A;SP;Rio comprido;-23,256;-45,941;2018-02-13 03:10:00.0;0,0
SÃO JOSÉ DOS CAMPOS;354990401A;SP;Rio comprido;-23,256;-45,941;2018-02-13 04:10:00.0;0,0
SÃO JOSÉ DOS CAMPOS;354990401A;SP;Rio comprido;-23,256;-45,941;2018-02-13 05:10:00.0;0,0
SÃO JOSÉ DOS CAMPOS;354990401A;SP;Rio comprido;-23,256;-45,941;2018-02-13 06:10:00.0;0,0
SÃO JOSÉ DOS CAMPOS;354990401A;SP;Rio comprido;-23,256;-45,941;2018-02-13 07:10:00.0;0,0
SÃO JOSÉ DOS CAMPOS;354990401A;SP;Rio comprido;-23,256;-45,941;2018-02-13 08:10:00.0;0,0
SÃO JOSÉ DOS CAMPOS;354990401A;SP;Rio comprido;-23,256;-45,941;2018-02-13 09:10:00.0;0,0
SÃO JOSÉ DOS CAMPOS;354990401A;SP;Rio comprido;-23,256;-45,941;2018-02-13 10:10:00.0;0,0
SÃO JOSÉ DOS CAMPOS;354990401A;SP;Rio comprido;-23,256;-45,941;2018-02-13 11:10:00.0;0,0
SÃO JOSÉ DOS CAMPOS;354990401A;SP;Rio comprido;-23,256;-45,941;2018-02-13 12:10:00.0;0,0
SÃO JOSÉ DOS CAMPOS;354990401A;SP;Rio comprido;-23,256;-45,941;2018-02-13 13:10:00.0;0,0
SÃO JOSÉ DOS CAMPOS;354990401A;SP;Rio comprido;-23,256;-45,941;2018-02-13 14:10:00.0;0,0
SÃO JOSÉ DOS CAMPOS;354990401A;SP;Rio comprido;-23,256;-45,941;2018-02-13 15:10:00.0;0,0
SÃO JOSÉ DOS CAMPOS;354990401A;SP;Rio comprido;-23,256;-45,941;2018-02-13 15:40:00.0;0,2
SÃO JOSÉ DOS CAMPOS;354990401A;SP;Rio comprido;-23,256;-45,941;2018-02-13 16:10:00.0;0,0
SÃO JOSÉ DOS CAMPOS;354990401A;SP;Rio comprido;-23,256;-45,941;2018-02-13 17:10:00.0;0,2
SÃO JOSÉ DOS CAMPOS;354990401A;SP;Rio comprido;-23,256;-45,941;2018-02-13 17:30:00.0;0,2
SÃO JOSÉ DOS CAMPOS;354990401A;SP;Rio comprido;-23,256;-45,941;2018-02-13 17:40:00.0;1,97
SÃO JOSÉ DOS CAMPOS;354990401A;SP;Rio comprido;-23,256;-45,941;2018-02-13 17:50:00.0;1,97
SÃO JOSÉ DOS CAMPOS;354990401A;SP;Rio comprido;-23,256;-45,941;2018-02-13 18:00:00.0;1,18
SÃO JOSÉ DOS CAMPOS;354990401A;SP;Rio comprido;-23,256;-45,941;2018-02-13 18:10:00.0;2,16
SÃO JOSÉ DOS CAMPOS;354990401A;SP;Rio comprido;-23,256;-45,941;2018-02-13 18:20:00.0;4,92
SÃO JOSÉ DOS CAMPOS;354990401A;SP;Rio comprido;-23,256;-45,941;2018-02-13 18:30:00.0;1,77
SÃO JOSÉ DOS CAMPOS;354990401A;SP;Rio comprido;-23,256;-45,941;2018-02-13 18:40:00.0;1,96
SÃO JOSÉ DOS CAMPOS;354990401A;SP;Rio comprido;-23,256;-45,941;2018-02-13 18:50:00.0;1,18
SÃO JOSÉ DOS CAMPOS;354990401A;SP;Rio comprido;-23,256;-45,941;2018-02-13 19:00:00.0;0,2
SÃO JOSÉ DOS CAMPOS;354990401A;SP;Rio comprido;-23,256;-45,941;2018-02-13 19:10:00.0;0,79
SÃO JOSÉ DOS CAMPOS;354990401A;SP;Rio comprido;-23,256;-45,941;2018-02-13 19:20:00.0;0,39
SÃO JOSÉ DOS CAMPOS;354990401A;SP;Rio comprido;-23,256;-45,941;2018-02-13 19:30:00.0;0,2
SÃO JOSÉ DOS CAMPOS;354990401A;SP;Rio comprido;-23,256;-45,941;2018-02-13 20:10:00.0;0,0
SÃO JOSÉ DOS CAMPOS;354990401A;SP;Rio comprido;-23,256;-45,941;2018-02-13 21:10:00.0;0,0
SÃO JOSÉ DOS CAMPOS;354990401A;SP;Rio comprido;-23,256;-45,941;2018-02-13 22:10:00.0;0,2
SÃO JOSÉ DOS CAMPOS;354990401A;SP;Rio comprido;-23,256;-45,941;2018-02-13 22:20:00.0;0,2
SÃO JOSÉ DOS CAMPOS;354990401A;SP;Rio comprido;-23,256;-45,941;2018-02-13 22:40:00.0;0,2
SÃO JOSÉ DOS CAMPOS;354990401A;SP;Rio comprido;-23,256;-45,941;2018-02-13 23:00:00.0;0,2
SÃO JOSÉ DOS CAMPOS;354990401A;SP;Rio comprido;-23,256;-45,941;2018-02-13 23:10:00.0;0,0
SÃO JOSÉ DOS CAMPOS;354990401A;SP;Rio comprido;-23,256;-45,941;2018-02-14 00:10:00.0;0,0
SÃO JOSÉ DOS CAMPOS;354990401A;SP;Rio comprido;-23,256;-45,941;2018-02-14 01:10:00.0;0,0
SÃO JOSÉ DOS CAMPOS;354990401A;SP;Rio comprido;-23,256;-45,941;2018-02-14 02:10:00.0;0,0
SÃO JOSÉ DOS CAMPOS;354990401A;SP;Rio comprido;-23,256;-45,941;2018-02-14 03:10:00.0;0,0
SÃO JOSÉ DOS CAMPOS;354990401A;SP;Rio comprido;-23,256;-45,941;2018-02-14 04:10:00.0;0,0
SÃO JOSÉ DOS CAMPOS;354990401A;SP;Rio comprido;-23,256;-45,941;2018-02-14 05:10:00.0;0,0
SÃO JOSÉ DOS CAMPOS;354990401A;SP;Rio comprido;-23,256;-45,941;2018-02-14 06:10:00.0;0,0
SÃO JOSÉ DOS CAMPOS;354990401A;SP;Rio comprido;-23,256;-45,941;2018-02-14 07:10:00.0;0,0
SÃO JOSÉ DOS CAMPOS;354990401A;SP;Rio comprido;-23,256;-45,941;2018-02-14 08:10:00.0;0,0
SÃO JOSÉ DOS CAMPOS;354990401A;SP;Rio comprido;-23,256;-45,941;2018-02-14 09:10:00.0;0,0
SÃO JOSÉ DOS CAMPOS;354990401A;SP;Rio comprido;-23,256;-45,941;2018-02-14 10:10:00.0;0,0
SÃO JOSÉ DOS CAMPOS;354990401A;SP;Rio comprido;-23,256;-45,941;2018-02-14 11:10:00.0;0,0
SÃO JOSÉ DOS CAMPOS;354990401A;SP;Rio comprido;-23,256;-45,941;2018-02-14 12:10:00.0;0,0
SÃO JOSÉ DOS CAMPOS;354990401A;SP;Rio comprido;-23,256;-45,941;2018-02-14 13:10:00.0;0,0
SÃO JOSÉ DOS CAMPOS;354990401A;SP;Rio comprido;-23,256;-45,941;2018-02-14 14:10:00.0;0,0
SÃO JOSÉ DOS CAMPOS;354990401A;SP;Rio comprido;-23,256;-45,941;2018-02-14 15:10:00.0;0,0
SÃO JOSÉ DOS CAMPOS;354990401A;SP;Rio comprido;-23,256;-45,941;2018-02-14 16:10:00.0;0,0
SÃO JOSÉ DOS CAMPOS;354990401A;SP;Rio comprido;-23,256;-45,941;2018-02-14 17:00:00.0;0,2
SÃO JOSÉ DOS CAMPOS;354990401A;SP;Rio comprido;-23,256;-45,941;2018-02-14 17:10:00.0;0,0
SÃO JOSÉ DOS CAMPOS;354990401A;SP;Rio comprido;-23,256;-45,941;2018-02-14 17:20:00.0;0,2
SÃO JOSÉ DOS CAMPOS;354990401A;SP;Rio comprido;-23,256;-45,941;2018-02-14 18:00:00.0;0,2
SÃO JOSÉ DOS CAMPOS;354990401A;SP;Rio comprido;-23,256;-45,941;2018-02-14 19:10:00.0;0,0
SÃO JOSÉ DOS CAMPOS;354990401A;SP;Rio comprido;-23,256;-45,941;2018-02-14 20:10:00.0;0,0
SÃO JOSÉ DOS CAMPOS;354990401A;SP;Rio comprido;-23,256;-45,941;2018-02-14 21:10:00.0;0,0
SÃO JOSÉ DOS CAMPOS;354990401A;SP;Rio comprido;-23,256;-45,941;2018-02-14 22:10:00.0;0,0
SÃO JOSÉ DOS CAMPOS;354990401A;SP;Rio comprido;-23,256;-45,941;2018-02-14 23:10:00.0;0,0
SÃO JOSÉ DOS CAMPOS;354990401A;SP;Rio comprido;-23,256;-45,941;2018-02-15 00:10:00.0;0,0
SÃO JOSÉ DOS CAMPOS;354990401A;SP;Rio comprido;-23,256;-45,941;2018-02-15 01:10:00.0;0,0
SÃO JOSÉ DOS CAMPOS;354990401A;SP;Rio comprido;-23,256;-45,941;2018-02-15 02:10:00.0;0,0
SÃO JOSÉ DOS CAMPOS;354990401A;SP;Rio comprido;-23,256;-45,941;2018-02-15 03:10:00.0;0,0
SÃO JOSÉ DOS CAMPOS;354990401A;SP;Rio comprido;-23,256;-45,941;2018-02-15 04:10:00.0;0,0
SÃO JOSÉ DOS CAMPOS;354990401A;SP;Rio comprido;-23,256;-45,941;2018-02-15 05:00:00.0;0,2
SÃO JOSÉ DOS CAMPOS;354990401A;SP;Rio comprido;-23,256;-45,941;2018-02-15 05:10:00.0;0,0
SÃO JOSÉ DOS CAMPOS;354990401A;SP;Rio comprido;-23,256;-45,941;2018-02-15 06:10:00.0;0,0
SÃO JOSÉ DOS CAMPOS;354990401A;SP;Rio comprido;-23,256;-45,941;2018-02-15 07:10:00.0;0,0
SÃO JOSÉ DOS CAMPOS;354990401A;SP;Rio comprido;-23,256;-45,941;2018-02-15 08:10:00.0;0,0
SÃO JOSÉ DOS CAMPOS;354990401A;SP;Rio comprido;-23,256;-45,941;2018-02-15 09:10:00.0;0,0
SÃO JOSÉ DOS CAMPOS;354990401A;SP;Rio comprido;-23,256;-45,941;2018-02-15 10:00:00.0;0,2
SÃO JOSÉ DOS CAMPOS;354990401A;SP;Rio comprido;-23,256;-45,941;2018-02-15 10:20:00.0;0,0
SÃO JOSÉ DOS CAMPOS;354990401A;SP;Rio comprido;-23,256;-45,941;2018-02-15 10:30:00.0;0,2
SÃO JOSÉ DOS CAMPOS;354990401A;SP;Rio comprido;-23,256;-45,941;2018-02-15 10:40:00.0;0,2
SÃO JOSÉ DOS CAMPOS;354990401A;SP;Rio comprido;-23,256;-45,941;2018-02-15 10:50:00.0;0,2
SÃO JOSÉ DOS CAMPOS;354990401A;SP;Rio comprido;-23,256;-45,941;2018-02-15 11:00:00.0;0,2
SÃO JOSÉ DOS CAMPOS;354990401A;SP;Rio comprido;-23,256;-45,941;2018-02-15 11:10:00.0;0,0
SÃO JOSÉ DOS CAMPOS;354990401A;SP;Rio comprido;-23,256;-45,941;2018-02-15 11:20:00.0;0,2
SÃO JOSÉ DOS CAMPOS;354990401A;SP;Rio comprido;-23,256;-45,941;2018-02-15 11:50:00.0;0,2
SÃO JOSÉ DOS CAMPOS;354990401A;SP;Rio comprido;-23,256;-45,941;2018-02-15 12:10:00.0;0,0
SÃO JOSÉ DOS CAMPOS;354990401A;SP;Rio comprido;-23,256;-45,941;2018-02-15 13:10:00.0;0,0
SÃO JOSÉ DOS CAMPOS;354990401A;SP;Rio comprido;-23,256;-45,941;2018-02-15 14:10:00.0;0,0
SÃO JOSÉ DOS CAMPOS;354990401A;SP;Rio comprido;-23,256;-45,941;2018-02-15 15:10:00.0;0,0
SÃO JOSÉ DOS CAMPOS;354990401A;SP;Rio comprido;-23,256;-45,941;2018-02-15 16:10:00.0;0,0
SÃO JOSÉ DOS CAMPOS;354990401A;SP;Rio comprido;-23,256;-45,941;2018-02-15 17:10:00.0;0,0
SÃO JOSÉ DOS CAMPOS;354990401A;SP;Rio comprido;-23,256;-45,941;2018-02-15 18:10:00.0;0,0
SÃO JOSÉ DOS CAMPOS;354990401A;SP;Rio comprido;-23,256;-45,941;2018-02-15 19:10:00.0;0,0
SÃO JOSÉ DOS CAMPOS;354990401A;SP;Rio comprido;-23,256;-45,941;2018-02-15 20:10:00.0;0,0
SÃO JOSÉ DOS CAMPOS;354990401A;SP;Rio comprido;-23,256;-45,941;2018-02-15 21:10:00.0;0,0
SÃO JOSÉ DOS CAMPOS;354990401A;SP;Rio comprido;-23,256;-45,941;2018-02-15 22:10:00.0;0,0
SÃO JOSÉ DOS CAMPOS;354990401A;SP;Rio comprido;-23,256;-45,941;2018-02-15 23:10:00.0;0,0
SÃO JOSÉ DOS CAMPOS;354990401A;SP;Rio comprido;-23,256;-45,941;2018-02-16 00:10:00.0;0,0
SÃO JOSÉ DOS CAMPOS;354990401A;SP;Rio comprido;-23,256;-45,941;2018-02-16 01:10:00.0;0,0
SÃO JOSÉ DOS CAMPOS;354990401A;SP;Rio comprido;-23,256;-45,941;2018-02-16 02:10:00.0;0,0
SÃO JOSÉ DOS CAMPOS;354990401A;SP;Rio comprido;-23,256;-45,941;2018-02-16 03:10:00.0;0,0
SÃO JOSÉ DOS CAMPOS;354990401A;SP;Rio comprido;-23,256;-45,941;2018-02-16 04:10:00.0;0,0
SÃO JOSÉ DOS CAMPOS;354990401A;SP;Rio comprido;-23,256;-45,941;2018-02-16 05:10:00.0;0,0
SÃO JOSÉ DOS CAMPOS;354990401A;SP;Rio comprido;-23,256;-45,941;2018-02-16 06:10:00.0;0,0
SÃO JOSÉ DOS CAMPOS;354990401A;SP;Rio comprido;-23,256;-45,941;2018-02-16 07:10:00.0;0,0
SÃO JOSÉ DOS CAMPOS;354990401A;SP;Rio comprido;-23,256;-45,941;2018-02-16 08:10:00.0;0,0
SÃO JOSÉ DOS CAMPOS;354990401A;SP;Rio comprido;-23,256;-45,941;2018-02-16 09:10:00.0;0,0
SÃO JOSÉ DOS CAMPOS;354990401A;SP;Rio comprido;-23,256;-45,941;2018-02-16 10:10:00.0;0,0
SÃO JOSÉ DOS CAMPOS;354990401A;SP;Rio comprido;-23,256;-45,941;2018-02-16 11:10:00.0;0,0
SÃO JOSÉ DOS CAMPOS;354990401A;SP;Rio comprido;-23,256;-45,941;2018-02-16 12:10:00.0;0,0
SÃO JOSÉ DOS CAMPOS;354990401A;SP;Rio comprido;-23,256;-45,941;2018-02-16 13:10:00.0;0,0
SÃO JOSÉ DOS CAMPOS;354990401A;SP;Rio comprido;-23,256;-45,941;2018-02-16 14:10:00.0;0,0
SÃO JOSÉ DOS CAMPOS;354990401A;SP;Rio comprido;-23,256;-45,941;2018-02-16 15:10:00.0;0,0
SÃO JOSÉ DOS CAMPOS;354990401A;SP;Rio comprido;-23,256;-45,941;2018-02-16 16:10:00.0;0,0
SÃO JOSÉ DOS CAMPOS;354990401A;SP;Rio comprido;-23,256;-45,941;2018-02-16 17:10:00.0;0,0
SÃO JOSÉ DOS CAMPOS;354990401A;SP;Rio comprido;-23,256;-45,941;2018-02-16 18:10:00.0;0,0
SÃO JOSÉ DOS CAMPOS;354990401A;SP;Rio comprido;-23,256;-45,941;2018-02-16 19:10:00.0;0,0
SÃO JOSÉ DOS CAMPOS;354990401A;SP;Rio comprido;-23,256;-45,941;2018-02-16 20:10:00.0;0,0
SÃO JOSÉ DOS CAMPOS;354990401A;SP;Rio comprido;-23,256;-45,941;2018-02-16 21:10:00.0;0,0
SÃO JOSÉ DOS CAMPOS;354990401A;SP;Rio comprido;-23,256;-45,941;2018-02-16 22:10:00.0;0,0
SÃO JOSÉ DOS CAMPOS;354990401A;SP;Rio comprido;-23,256;-45,941;2018-02-16 23:10:00.0;0,0
SÃO JOSÉ DOS CAMPOS;354990401A;SP;Rio comprido;-23,256;-45,941;2018-02-17 00:10:00.0;0,0
SÃO JOSÉ DOS CAMPOS;354990401A;SP;Rio comprido;-23,256;-45,941;2018-02-17 01:10:00.0;0,0
SÃO JOSÉ DOS CAMPOS;354990401A;SP;Rio comprido;-23,256;-45,941;2018-02-17 02:10:00.0;0,0
SÃO JOSÉ DOS CAMPOS;354990401A;SP;Rio comprido;-23,256;-45,941;2018-02-17 03:10:00.0;0,0
SÃO JOSÉ DOS CAMPOS;354990401A;SP;Rio comprido;-23,256;-45,941;2018-02-17 04:10:00.0;0,0
SÃO JOSÉ DOS CAMPOS;354990401A;SP;Rio comprido;-23,256;-45,941;2018-02-17 05:10:00.0;0,0
SÃO JOSÉ DOS CAMPOS;354990401A;SP;Rio comprido;-23,256;-45,941;2018-02-17 06:10:00.0;0,0
SÃO JOSÉ DOS CAMPOS;354990401A;SP;Rio comprido;-23,256;-45,941;2018-02-17 07:10:00.0;0,0
SÃO JOSÉ DOS CAMPOS;354990401A;SP;Rio comprido;-23,256;-45,941;2018-02-17 08:10:00.0;0,0
SÃO JOSÉ DOS CAMPOS;354990401A;SP;Rio comprido;-23,256;-45,941;2018-02-17 09:10:00.0;0,0
SÃO JOSÉ DOS CAMPOS;354990401A;SP;Rio comprido;-23,256;-45,941;2018-02-17 10:10:00.0;0,0
SÃO JOSÉ DOS CAMPOS;354990401A;SP;Rio comprido;-23,256;-45,941;2018-02-17 11:10:00.0;0,0
SÃO JOSÉ DOS CAMPOS;354990401A;SP;Rio comprido;-23,256;-45,941;2018-02-17 12:10:00.0;0,0
SÃO JOSÉ DOS CAMPOS;354990401A;SP;Rio comprido;-23,256;-45,941;2018-02-17 13:10:00.0;0,0
SÃO JOSÉ DOS CAMPOS;354990401A;SP;Rio comprido;-23,256;-45,941;2018-02-17 14:10:00.0;0,0
SÃO JOSÉ DOS CAMPOS;354990401A;SP;Rio comprido;-23,256;-45,941;2018-02-17 15:10:00.0;0,0
SÃO JOSÉ DOS CAMPOS;354990401A;SP;Rio comprido;-23,256;-45,941;2018-02-17 16:10:00.0;0,0
SÃO JOSÉ DOS CAMPOS;354990401A;SP;Rio comprido;-23,256;-45,941;2018-02-17 17:10:00.0;0,0
SÃO JOSÉ DOS CAMPOS;354990401A;SP;Rio comprido;-23,256;-45,941;2018-02-17 18:10:00.0;0,0
SÃO JOSÉ DOS CAMPOS;354990401A;SP;Rio comprido;-23,256;-45,941;2018-02-17 19:10:00.0;0,0
SÃO JOSÉ DOS CAMPOS;354990401A;SP;Rio comprido;-23,256;-45,941;2018-02-17 20:10:00.0;0,0
SÃO JOSÉ DOS CAMPOS;354990401A;SP;Rio comprido;-23,256;-45,941;2018-02-17 21:10:00.0;0,0
SÃO JOSÉ DOS CAMPOS;354990401A;SP;Rio comprido;-23,256;-45,941;2018-02-17 22:10:00.0;0,0
SÃO JOSÉ DOS CAMPOS;354990401A;SP;Rio comprido;-23,256;-45,941;2018-02-17 23:10:00.0;0,0
SÃO JOSÉ DOS CAMPOS;354990401A;SP;Rio comprido;-23,256;-45,941;2018-02-18 00:10:00.0;0,0
SÃO JOSÉ DOS CAMPOS;354990401A;SP;Rio comprido;-23,256;-45,941;2018-02-18 01:10:00.0;0,0
SÃO JOSÉ DOS CAMPOS;354990401A;SP;Rio comprido;-23,256;-45,941;2018-02-18 02:10:00.0;0,0
SÃO JOSÉ DOS CAMPOS;354990401A;SP;Rio comprido;-23,256;-45,941;2018-02-18 03:10:00.0;0,0
SÃO JOSÉ DOS CAMPOS;354990401A;SP;Rio comprido;-23,256;-45,941;2018-02-18 04:10:00.0;0,0
SÃO JOSÉ DOS CAMPOS;354990401A;SP;Rio comprido;-23,256;-45,941;2018-02-18 05:10:00.0;0,0
SÃO JOSÉ DOS CAMPOS;354990401A;SP;Rio comprido;-23,256;-45,941;2018-02-18 06:10:00.0;0,0
SÃO JOSÉ DOS CAMPOS;354990401A;SP;Rio comprido;-23,256;-45,941;2018-02-18 07:10:00.0;0,0
SÃO JOSÉ DOS CAMPOS;354990401A;SP;Rio comprido;-23,256;-45,941;2018-02-18 08:10:00.0;0,0
SÃO JOSÉ DOS CAMPOS;354990401A;SP;Rio comprido;-23,256;-45,941;2018-02-18 09:10:00.0;0,0
SÃO JOSÉ DOS CAMPOS;354990401A;SP;Rio comprido;-23,256;-45,941;2018-02-18 10:10:00.0;0,0
SÃO JOSÉ DOS CAMPOS;354990401A;SP;Rio comprido;-23,256;-45,941;2018-02-18 11:10:00.0;0,0
SÃO JOSÉ DOS CAMPOS;354990401A;SP;Rio comprido;-23,256;-45,941;2018-02-18 12:10:00.0;0,0
SÃO JOSÉ DOS CAMPOS;354990401A;SP;Rio comprido;-23,256;-45,941;2018-02-18 13:10:00.0;0,0
SÃO JOSÉ DOS CAMPOS;354990401A;SP;Rio comprido;-23,256;-45,941;2018-02-18 14:10:00.0;0,0
SÃO JOSÉ DOS CAMPOS;354990401A;SP;Rio comprido;-23,256;-45,941;2018-02-18 14:50:00.0;0,2
SÃO JOSÉ DOS CAMPOS;354990401A;SP;Rio comprido;-23,256;-45,941;2018-02-18 15:00:00.0;0,2
SÃO JOSÉ DOS CAMPOS;354990401A;SP;Rio comprido;-23,256;-45,941;2018-02-18 15:10:00.0;0,2
SÃO JOSÉ DOS CAMPOS;354990401A;SP;Rio comprido;-23,256;-45,941;2018-02-18 15:20:00.0;0,39
SÃO JOSÉ DOS CAMPOS;354990401A;SP;Rio comprido;-23,256;-45,941;2018-02-18 15:30:00.0;0,39
SÃO JOSÉ DOS CAMPOS;354990401A;SP;Rio comprido;-23,256;-45,941;2018-02-18 15:40:00.0;0,39
SÃO JOSÉ DOS CAMPOS;354990401A;SP;Rio comprido;-23,256;-45,941;2018-02-18 15:50:00.0;0,39
SÃO JOSÉ DOS CAMPOS;354990401A;SP;Rio comprido;-23,256;-45,941;2018-02-18 16:00:00.0;0,59
SÃO JOSÉ DOS CAMPOS;354990401A;SP;Rio comprido;-23,256;-45,941;2018-02-18 16:10:00.0;0,59
SÃO JOSÉ DOS CAMPOS;354990401A;SP;Rio comprido;-23,256;-45,941;2018-02-18 16:20:00.0;0,39
SÃO JOSÉ DOS CAMPOS;354990401A;SP;Rio comprido;-23,256;-45,941;2018-02-18 16:30:00.0;0,39
SÃO JOSÉ DOS CAMPOS;354990401A;SP;Rio comprido;-23,256;-45,941;2018-02-18 16:50:00.0;0,2
SÃO JOSÉ DOS CAMPOS;354990401A;SP;Rio comprido;-23,256;-45,941;2018-02-18 17:10:00.0;0,0
SÃO JOSÉ DOS CAMPOS;354990401A;SP;Rio comprido;-23,256;-45,941;2018-02-18 18:10:00.0;0,0
SÃO JOSÉ DOS CAMPOS;354990401A;SP;Rio comprido;-23,256;-45,941;2018-02-18 19:10:00.0;0,0
SÃO JOSÉ DOS CAMPOS;354990401A;SP;Rio comprido;-23,256;-45,941;2018-02-18 19:30:00.0;0,2
SÃO JOSÉ DOS CAMPOS;354990401A;SP;Rio comprido;-23,256;-45,941;2018-02-18 20:20:00.0;0,2
SÃO JOSÉ DOS CAMPOS;354990401A;SP;Rio comprido;-23,256;-45,941;2018-02-18 21:10:00.0;0,0
SÃO JOSÉ DOS CAMPOS;354990401A;SP;Rio comprido;-23,256;-45,941;2018-02-18 22:10:00.0;0,0
SÃO JOSÉ DOS CAMPOS;354990401A;SP;Rio comprido;-23,256;-45,941;2018-02-18 23:10:00.0;0,0
SÃO JOSÉ DOS CAMPOS;354990401A;SP;Rio comprido;-23,256;-45,941;2018-02-19 00:10:00.0;0,0
SÃO JOSÉ DOS CAMPOS;354990401A;SP;Rio comprido;-23,256;-45,941;2018-02-19 01:10:00.0;0,0
SÃO JOSÉ DOS CAMPOS;354990401A;SP;Rio comprido;-23,256;-45,941;2018-02-19 02:10:00.0;0,0
SÃO JOSÉ DOS CAMPOS;354990401A;SP;Rio comprido;-23,256;-45,941;2018-02-19 03:10:00.0;0,0
SÃO JOSÉ DOS CAMPOS;354990401A;SP;Rio comprido;-23,256;-45,941;2018-02-19 04:10:00.0;0,0
SÃO JOSÉ DOS CAMPOS;354990401A;SP;Rio comprido;-23,256;-45,941;2018-02-19 05:10:00.0;0,0
SÃO JOSÉ DOS CAMPOS;354990401A;SP;Rio comprido;-23,256;-45,941;2018-02-19 06:10:00.0;0,0
SÃO JOSÉ DOS CAMPOS;354990401A;SP;Rio comprido;-23,256;-45,941;2018-02-19 07:10:00.0;0,0
SÃO JOSÉ DOS CAMPOS;354990401A;SP;Rio comprido;-23,256;-45,941;2018-02-19 08:10:00.0;0,0
SÃO JOSÉ DOS CAMPOS;354990401A;SP;Rio comprido;-23,256;-45,941;2018-02-19 09:10:00.0;0,0
SÃO JOSÉ DOS CAMPOS;354990401A;SP;Rio comprido;-23,256;-45,941;2018-02-19 10:10:00.0;0,0
SÃO JOSÉ DOS CAMPOS;354990401A;SP;Rio comprido;-23,256;-45,941;2018-02-19 11:10:00.0;0,0
SÃO JOSÉ DOS CAMPOS;354990401A;SP;Rio comprido;-23,256;-45,941;2018-02-19 12:10:00.0;0,0
SÃO JOSÉ DOS CAMPOS;354990401A;SP;Rio comprido;-23,256;-45,941;2018-02-19 13:10:00.0;0,0
SÃO JOSÉ DOS CAMPOS;354990401A;SP;Rio comprido;-23,256;-45,941;2018-02-19 14:10:00.0;0,0
SÃO JOSÉ DOS CAMPOS;354990401A;SP;Rio comprido;-23,256;-45,941;2018-02-19 15:10:00.0;0,0
SÃO JOSÉ DOS CAMPOS;354990401A;SP;Rio comprido;-23,256;-45,941;2018-02-19 16:10:00.0;0,0
SÃO JOSÉ DOS CAMPOS;354990401A;SP;Rio comprido;-23,256;-45,941;2018-02-19 17:10:00.0;0,0
SÃO JOSÉ DOS CAMPOS;354990401A;SP;Rio comprido;-23,256;-45,941;2018-02-19 18:10:00.0;0,0
SÃO JOSÉ DOS CAMPOS;354990401A;SP;Rio comprido;-23,256;-45,941;2018-02-19 19:10:00.0;0,0
SÃO JOSÉ DOS CAMPOS;354990401A;SP;Rio comprido;-23,256;-45,941;2018-02-19 20:10:00.0;0,79
SÃO JOSÉ DOS CAMPOS;354990401A;SP;Rio comprido;-23,256;-45,941;2018-02-19 20:20:00.0;0,79
SÃO JOSÉ DOS CAMPOS;354990401A;SP;Rio comprido;-23,256;-45,941;2018-02-19 20:30:00.0;0,59
SÃO JOSÉ DOS CAMPOS;354990401A;SP;Rio comprido;-23,256;-45,941;2018-02-19 20:40:00.0;0,2
SÃO JOSÉ DOS CAMPOS;354990401A;SP;Rio comprido;-23,256;-45,941;2018-02-19 21:10:00.0;0,0
SÃO JOSÉ DOS CAMPOS;354990401A;SP;Rio comprido;-23,256;-45,941;2018-02-19 22:10:00.0;0,0
SÃO JOSÉ DOS CAMPOS;354990401A;SP;Rio comprido;-23,256;-45,941;2018-02-19 23:10:00.0;0,2
SÃO JOSÉ DOS CAMPOS;354990401A;SP;Rio comprido;-23,256;-45,941;2018-02-20 00:10:00.0;0,0
SÃO JOSÉ DOS CAMPOS;354990401A;SP;Rio comprido;-23,256;-45,941;2018-02-20 01:10:00.0;0,0
SÃO JOSÉ DOS CAMPOS;354990401A;SP;Rio comprido;-23,256;-45,941;2018-02-20 02:10:00.0;0,0
SÃO JOSÉ DOS CAMPOS;354990401A;SP;Rio comprido;-23,256;-45,941;2018-02-20 03:10:00.0;0,0
SÃO JOSÉ DOS CAMPOS;354990401A;SP;Rio comprido;-23,256;-45,941;2018-02-20 04:10:00.0;0,0
SÃO JOSÉ DOS CAMPOS;354990401A;SP;Rio comprido;-23,256;-45,941;2018-02-20 05:10:00.0;0,0
SÃO JOSÉ DOS CAMPOS;354990401A;SP;Rio comprido;-23,256;-45,941;2018-02-20 06:10:00.0;0,0
SÃO JOSÉ DOS CAMPOS;354990401A;SP;Rio comprido;-23,256;-45,941;2018-02-20 07:10:00.0;0,0
SÃO JOSÉ DOS CAMPOS;354990401A;SP;Rio comprido;-23,256;-45,941;2018-02-20 08:10:00.0;0,0
SÃO JOSÉ DOS CAMPOS;354990401A;SP;Rio comprido;-23,256;-45,941;2018-02-20 09:10:00.0;0,0
SÃO JOSÉ DOS CAMPOS;354990401A;SP;Rio comprido;-23,256;-45,941;2018-02-20 10:10:00.0;0,0
SÃO JOSÉ DOS CAMPOS;354990401A;SP;Rio comprido;-23,256;-45,941;2018-02-20 11:10:00.0;0,0
SÃO JOSÉ DOS CAMPOS;354990401A;SP;Rio comprido;-23,256;-45,941;2018-02-20 12:10:00.0;0,0
SÃO JOSÉ DOS CAMPOS;354990401A;SP;Rio comprido;-23,256;-45,941;2018-02-20 13:10:00.0;0,0
SÃO JOSÉ DOS CAMPOS;354990401A;SP;Rio comprido;-23,256;-45,941;2018-02-20 14:10:00.0;0,0
SÃO JOSÉ DOS CAMPOS;354990401A;SP;Rio comprido;-23,256;-45,941;2018-02-20 15:10:00.0;0,0
SÃO JOSÉ DOS CAMPOS;354990401A;SP;Rio comprido;-23,256;-45,941;2018-02-20 16:10:00.0;0,0
SÃO JOSÉ DOS CAMPOS;354990401A;SP;Rio comprido;-23,256;-45,941;2018-02-20 17:10:00.0;0,0
SÃO JOSÉ DOS CAMPOS;354990401A;SP;Rio comprido;-23,256;-45,941;2018-02-20 18:10:00.0;0,0
SÃO JOSÉ DOS CAMPOS;354990401A;SP;Rio comprido;-23,256;-45,941;2018-02-20 19:10:00.0;0,0
SÃO JOSÉ DOS CAMPOS;354990401A;SP;Rio comprido;-23,256;-45,941;2018-02-20 20:10:00.0;0,0
SÃO JOSÉ DOS CAMPOS;354990401A;SP;Rio comprido;-23,256;-45,941;2018-02-20 21:10:00.0;0,0
SÃO JOSÉ DOS CAMPOS;354990401A;SP;Rio comprido;-23,256;-45,941;2018-02-20 22:00:00.0;0,2
SÃO JOSÉ DOS CAMPOS;354990401A;SP;Rio comprido;-23,256;-45,941;2018-02-20 22:10:00.0;0,0
SÃO JOSÉ DOS CAMPOS;354990401A;SP;Rio comprido;-23,256;-45,941;2018-02-20 23:10:00.0;0,0
SÃO JOSÉ DOS CAMPOS;354990401A;SP;Rio comprido;-23,256;-45,941;2018-02-21 00:10:00.0;0,0
SÃO JOSÉ DOS CAMPOS;354990401A;SP;Rio comprido;-23,256;-45,941;2018-02-21 01:10:00.0;0,0
SÃO JOSÉ DOS CAMPOS;354990401A;SP;Rio comprido;-23,256;-45,941;2018-02-21 02:10:00.0;0,0
SÃO JOSÉ DOS CAMPOS;354990401A;SP;Rio comprido;-23,256;-45,941;2018-02-21 03:10:00.0;0,0
SÃO JOSÉ DOS CAMPOS;354990401A;SP;Rio comprido;-23,256;-45,941;2018-02-21 03:20:00.0;0,2
SÃO JOSÉ DOS CAMPOS;354990401A;SP;Rio comprido;-23,256;-45,941;2018-02-21 04:10:00.0;0,0
SÃO JOSÉ DOS CAMPOS;354990401A;SP;Rio comprido;-23,256;-45,941;2018-02-21 05:10:00.0;0,0
SÃO JOSÉ DOS CAMPOS;354990401A;SP;Rio comprido;-23,256;-45,941;2018-02-21 06:10:00.0;0,0
SÃO JOSÉ DOS CAMPOS;354990401A;SP;Rio comprido;-23,256;-45,941;2018-02-21 07:10:00.0;0,0
SÃO JOSÉ DOS CAMPOS;354990401A;SP;Rio comprido;-23,256;-45,941;2018-02-21 08:10:00.0;0,0
SÃO JOSÉ DOS CAMPOS;354990401A;SP;Rio comprido;-23,256;-45,941;2018-02-21 09:10:00.0;0,0
SÃO JOSÉ DOS CAMPOS;354990401A;SP;Rio comprido;-23,256;-45,941;2018-02-21 10:10:00.0;0,0
SÃO JOSÉ DOS CAMPOS;354990401A;SP;Rio comprido;-23,256;-45,941;2018-02-21 10:30:00.0;0,2
SÃO JOSÉ DOS CAMPOS;354990401A;SP;Rio comprido;-23,256;-45,941;2018-02-21 11:10:00.0;0,0
SÃO JOSÉ DOS CAMPOS;354990401A;SP;Rio comprido;-23,256;-45,941;2018-02-21 11:20:00.0;0,2
SÃO JOSÉ DOS CAMPOS;354990401A;SP;Rio comprido;-23,256;-45,941;2018-02-21 12:10:00.0;0,0
SÃO JOSÉ DOS CAMPOS;354990401A;SP;Rio comprido;-23,256;-45,941;2018-02-21 13:10:00.0;0,0
SÃO JOSÉ DOS CAMPOS;354990401A;SP;Rio comprido;-23,256;-45,941;2018-02-21 14:10:00.0;0,0
SÃO JOSÉ DOS CAMPOS;354990401A;SP;Rio comprido;-23,256;-45,941;2018-02-21 15:10:00.0;0,0
SÃO JOSÉ DOS CAMPOS;354990401A;SP;Rio comprido;-23,256;-45,941;2018-02-21 16:10:00.0;0,0
SÃO JOSÉ DOS CAMPOS;354990401A;SP;Rio comprido;-23,256;-45,941;2018-02-21 17:10:00.0;0,0
SÃO JOSÉ DOS CAMPOS;354990401A;SP;Rio comprido;-23,256;-45,941;2018-02-21 18:10:00.0;0,0
SÃO JOSÉ DOS CAMPOS;354990401A;SP;Rio comprido;-23,256;-45,941;2018-02-21 19:10:00.0;0,0
SÃO JOSÉ DOS CAMPOS;354990401A;SP;Rio comprido;-23,256;-45,941;2018-02-21 20:10:00.0;0,0
SÃO JOSÉ DOS CAMPOS;354990401A;SP;Rio comprido;-23,256;-45,941;2018-02-21 21:10:00.0;0,0
SÃO JOSÉ DOS CAMPOS;354990401A;SP;Rio comprido;-23,256;-45,941;2018-02-21 22:10:00.0;0,0
SÃO JOSÉ DOS CAMPOS;354990401A;SP;Rio comprido;-23,256;-45,941;2018-02-21 23:10:00.0;0,0
SÃO JOSÉ DOS CAMPOS;354990401A;SP;Rio comprido;-23,256;-45,941;2018-02-22 00:10:00.0;0,0
SÃO JOSÉ DOS CAMPOS;354990401A;SP;Rio comprido;-23,256;-45,941;2018-02-22 01:10:00.0;0,0
SÃO JOSÉ DOS CAMPOS;354990401A;SP;Rio comprido;-23,256;-45,941;2018-02-22 02:10:00.0;0,0
SÃO JOSÉ DOS CAMPOS;354990401A;SP;Rio comprido;-23,256;-45,941;2018-02-22 03:10:00.0;0,0
SÃO JOSÉ DOS CAMPOS;354990401A;SP;Rio comprido;-23,256;-45,941;2018-02-22 04:10:00.0;0,0
SÃO JOSÉ DOS CAMPOS;354990401A;SP;Rio comprido;-23,256;-45,941;2018-02-22 05:10:00.0;0,0
SÃO JOSÉ DOS CAMPOS;354990401A;SP;Rio comprido;-23,256;-45,941;2018-02-22 06:10:00.0;0,0
SÃO JOSÉ DOS CAMPOS;354990401A;SP;Rio comprido;-23,256;-45,941;2018-02-22 07:10:00.0;0,0
SÃO JOSÉ DOS CAMPOS;354990401A;SP;Rio comprido;-23,256;-45,941;2018-02-22 08:10:00.0;0,0
SÃO JOSÉ DOS CAMPOS;354990401A;SP;Rio comprido;-23,256;-45,941;2018-02-22 09:10:00.0;0,0
SÃO JOSÉ DOS CAMPOS;354990401A;SP;Rio comprido;-23,256;-45,941;2018-02-22 10:10:00.0;0,0
SÃO JOSÉ DOS CAMPOS;354990401A;SP;Rio comprido;-23,256;-45,941;2018-02-22 11:10:00.0;0,0
SÃO JOSÉ DOS CAMPOS;354990401A;SP;Rio comprido;-23,256;-45,941;2018-02-22 12:10:00.0;0,0
SÃO JOSÉ DOS CAMPOS;354990401A;SP;Rio comprido;-23,256;-45,941;2018-02-22 13:10:00.0;0,0
SÃO JOSÉ DOS CAMPOS;354990401A;SP;Rio comprido;-23,256;-45,941;2018-02-22 14:10:00.0;0,0
SÃO JOSÉ DOS CAMPOS;354990401A;SP;Rio comprido;-23,256;-45,941;2018-02-22 15:10:00.0;0,0
SÃO JOSÉ DOS CAMPOS;354990401A;SP;Rio comprido;-23,256;-45,941;2018-02-22 16:10:00.0;0,0
SÃO JOSÉ DOS CAMPOS;354990401A;SP;Rio comprido;-23,256;-45,941;2018-02-22 17:10:00.0;0,0
SÃO JOSÉ DOS CAMPOS;354990401A;SP;Rio comprido;-23,256;-45,941;2018-02-22 18:10:00.0;0,0
SÃO JOSÉ DOS CAMPOS;354990401A;SP;Rio comprido;-23,256;-45,941;2018-02-22 19:10:00.0;0,0
SÃO JOSÉ DOS CAMPOS;354990401A;SP;Rio comprido;-23,256;-45,941;2018-02-22 20:10:00.0;0,0
SÃO JOSÉ DOS CAMPOS;354990401A;SP;Rio comprido;-23,256;-45,941;2018-02-22 21:10:00.0;0,0
SÃO JOSÉ DOS CAMPOS;354990401A;SP;Rio comprido;-23,256;-45,941;2018-02-22 22:10:00.0;0,0
SÃO JOSÉ DOS CAMPOS;354990401A;SP;Rio comprido;-23,256;-45,941;2018-02-22 23:10:00.0;0,0
SÃO JOSÉ DOS CAMPOS;354990401A;SP;Rio comprido;-23,256;-45,941;2018-02-23 00:00:00.0;0,39
SÃO JOSÉ DOS CAMPOS;354990401A;SP;Rio comprido;-23,256;-45,941;2018-02-23 00:10:00.0;0,2
SÃO JOSÉ DOS CAMPOS;354990401A;SP;Rio comprido;-23,256;-45,941;2018-02-23 01:10:00.0;0,0
SÃO JOSÉ DOS CAMPOS;354990401A;SP;Rio comprido;-23,256;-45,941;2018-02-23 02:10:00.0;0,0
SÃO JOSÉ DOS CAMPOS;354990401A;SP;Rio comprido;-23,256;-45,941;2018-02-23 03:10:00.0;0,0
SÃO JOSÉ DOS CAMPOS;354990401A;SP;Rio comprido;-23,256;-45,941;2018-02-23 04:10:00.0;0,0
SÃO JOSÉ DOS CAMPOS;354990401A;SP;Rio comprido;-23,256;-45,941;2018-02-23 05:10:00.0;0,0
SÃO JOSÉ DOS CAMPOS;354990401A;SP;Rio comprido;-23,256;-45,941;2018-02-23 07:10:00.0;0,0
SÃO JOSÉ DOS CAMPOS;354990401A;SP;Rio comprido;-23,256;-45,941;2018-02-23 08:10:00.0;0,0
SÃO JOSÉ DOS CAMPOS;354990401A;SP;Rio comprido;-23,256;-45,941;2018-02-23 09:10:00.0;0,0
SÃO JOSÉ DOS CAMPOS;354990401A;SP;Rio comprido;-23,256;-45,941;2018-02-23 10:10:00.0;0,0
SÃO JOSÉ DOS CAMPOS;354990401A;SP;Rio comprido;-23,256;-45,941;2018-02-23 11:10:00.0;0,0
SÃO JOSÉ DOS CAMPOS;354990401A;SP;Rio comprido;-23,256;-45,941;2018-02-23 12:10:00.0;0,0
SÃO JOSÉ DOS CAMPOS;354990401A;SP;Rio comprido;-23,256;-45,941;2018-02-23 13:10:00.0;0,0
SÃO JOSÉ DOS CAMPOS;354990401A;SP;Rio comprido;-23,256;-45,941;2018-02-23 14:10:00.0;0,0
SÃO JOSÉ DOS CAMPOS;354990401A;SP;Rio comprido;-23,256;-45,941;2018-02-23 15:10:00.0;0,0
SÃO JOSÉ DOS CAMPOS;354990401A;SP;Rio comprido;-23,256;-45,941;2018-02-23 16:10:00.0;0,0
SÃO JOSÉ DOS CAMPOS;354990401A;SP;Rio comprido;-23,256;-45,941;2018-02-23 17:10:00.0;0,0
SÃO JOSÉ DOS CAMPOS;354990401A;SP;Rio comprido;-23,256;-45,941;2018-02-23 18:10:00.0;0,0
SÃO JOSÉ DOS CAMPOS;354990401A;SP;Rio comprido;-23,256;-45,941;2018-02-23 19:10:00.0;0,0
SÃO JOSÉ DOS CAMPOS;354990401A;SP;Rio comprido;-23,256;-45,941;2018-02-23 20:10:00.0;0,0
SÃO JOSÉ DOS CAMPOS;354990401A;SP;Rio comprido;-23,256;-45,941;2018-02-23 21:10:00.0;0,0
SÃO JOSÉ DOS CAMPOS;354990401A;SP;Rio comprido;-23,256;-45,941;2018-02-23 22:10:00.0;0,0
SÃO JOSÉ DOS CAMPOS;354990401A;SP;Rio comprido;-23,256;-45,941;2018-02-23 23:10:00.0;0,0
SÃO JOSÉ DOS CAMPOS;354990401A;SP;Rio comprido;-23,256;-45,941;2018-02-24 00:10:00.0;0,0
SÃO JOSÉ DOS CAMPOS;354990401A;SP;Rio comprido;-23,256;-45,941;2018-02-24 01:10:00.0;0,0
SÃO JOSÉ DOS CAMPOS;354990401A;SP;Rio comprido;-23,256;-45,941;2018-02-24 02:10:00.0;0,0
SÃO JOSÉ DOS CAMPOS;354990401A;SP;Rio comprido;-23,256;-45,941;2018-02-24 03:10:00.0;0,0
SÃO JOSÉ DOS CAMPOS;354990401A;SP;Rio comprido;-23,256;-45,941;2018-02-24 04:10:00.0;0,0
SÃO JOSÉ DOS CAMPOS;354990401A;SP;Rio comprido;-23,256;-45,941;2018-02-24 05:10:00.0;0,0
SÃO JOSÉ DOS CAMPOS;354990401A;SP;Rio comprido;-23,256;-45,941;2018-02-24 06:10:00.0;0,0
SÃO JOSÉ DOS CAMPOS;354990401A;SP;Rio comprido;-23,256;-45,941;2018-02-24 07:10:00.0;0,0
SÃO JOSÉ DOS CAMPOS;354990401A;SP;Rio comprido;-23,256;-45,941;2018-02-24 08:10:00.0;0,0
SÃO JOSÉ DOS CAMPOS;354990401A;SP;Rio comprido;-23,256;-45,941;2018-02-24 09:10:00.0;0,0
SÃO JOSÉ DOS CAMPOS;354990401A;SP;Rio comprido;-23,256;-45,941;2018-02-24 10:10:00.0;0,0
SÃO JOSÉ DOS CAMPOS;354990401A;SP;Rio comprido;-23,256;-45,941;2018-02-24 11:10:00.0;0,0
SÃO JOSÉ DOS CAMPOS;354990401A;SP;Rio comprido;-23,256;-45,941;2018-02-24 12:10:00.0;0,0
SÃO JOSÉ DOS CAMPOS;354990401A;SP;Rio comprido;-23,256;-45,941;2018-02-24 13:10:00.0;0,0
SÃO JOSÉ DOS CAMPOS;354990401A;SP;Rio comprido;-23,256;-45,941;2018-02-24 14:10:00.0;0,0
SÃO JOSÉ DOS CAMPOS;354990401A;SP;Rio comprido;-23,256;-45,941;2018-02-24 15:10:00.0;0,0
SÃO JOSÉ DOS CAMPOS;354990401A;SP;Rio comprido;-23,256;-45,941;2018-02-24 16:10:00.0;0,0
SÃO JOSÉ DOS CAMPOS;354990401A;SP;Rio comprido;-23,256;-45,941;2018-02-24 17:10:00.0;0,0
SÃO JOSÉ DOS CAMPOS;354990401A;SP;Rio comprido;-23,256;-45,941;2018-02-24 18:10:00.0;0,0
SÃO JOSÉ DOS CAMPOS;354990401A;SP;Rio comprido;-23,256;-45,941;2018-02-24 19:10:00.0;0,0
SÃO JOSÉ DOS CAMPOS;354990401A;SP;Rio comprido;-23,256;-45,941;2018-02-24 20:10:00.0;0,0
SÃO JOSÉ DOS CAMPOS;354990401A;SP;Rio comprido;-23,256;-45,941;2018-02-24 21:10:00.0;0,0
SÃO JOSÉ DOS CAMPOS;354990401A;SP;Rio comprido;-23,256;-45,941;2018-02-24 22:10:00.0;0,0
SÃO JOSÉ DOS CAMPOS;354990401A;SP;Rio comprido;-23,256;-45,941;2018-02-24 23:10:00.0;0,0
SÃO JOSÉ DOS CAMPOS;354990401A;SP;Rio comprido;-23,256;-45,941;2018-02-25 00:10:00.0;0,0
SÃO JOSÉ DOS CAMPOS;354990401A;SP;Rio comprido;-23,256;-45,941;2018-02-25 01:10:00.0;0,0
SÃO JOSÉ DOS CAMPOS;354990401A;SP;Rio comprido;-23,256;-45,941;2018-02-25 02:10:00.0;0,0
SÃO JOSÉ DOS CAMPOS;354990401A;SP;Rio comprido;-23,256;-45,941;2018-02-25 03:10:00.0;0,0
SÃO JOSÉ DOS CAMPOS;354990401A;SP;Rio comprido;-23,256;-45,941;2018-02-25 04:10:00.0;0,0
SÃO JOSÉ DOS CAMPOS;354990401A;SP;Rio comprido;-23,256;-45,941;2018-02-25 05:10:00.0;0,0
SÃO JOSÉ DOS CAMPOS;354990401A;SP;Rio comprido;-23,256;-45,941;2018-02-25 06:10:00.0;0,0
SÃO JOSÉ DOS CAMPOS;354990401A;SP;Rio comprido;-23,256;-45,941;2018-02-25 07:10:00.0;0,0
SÃO JOSÉ DOS CAMPOS;354990401A;SP;Rio comprido;-23,256;-45,941;2018-02-25 08:10:00.0;0,0
SÃO JOSÉ DOS CAMPOS;354990401A;SP;Rio comprido;-23,256;-45,941;2018-02-25 09:10:00.0;0,0
SÃO JOSÉ DOS CAMPOS;354990401A;SP;Rio comprido;-23,256;-45,941;2018-02-25 10:10:00.0;0,0
SÃO JOSÉ DOS CAMPOS;354990401A;SP;Rio comprido;-23,256;-45,941;2018-02-25 11:10:00.0;0,0
SÃO JOSÉ DOS CAMPOS;354990401A;SP;Rio comprido;-23,256;-45,941;2018-02-25 12:10:00.0;0,0
SÃO JOSÉ DOS CAMPOS;354990401A;SP;Rio comprido;-23,256;-45,941;2018-02-25 13:10:00.0;0,0
SÃO JOSÉ DOS CAMPOS;354990401A;SP;Rio comprido;-23,256;-45,941;2018-02-25 14:10:00.0;0,0
SÃO JOSÉ DOS CAMPOS;354990401A;SP;Rio comprido;-23,256;-45,941;2018-02-25 15:10:00.0;0,0
SÃO JOSÉ DOS CAMPOS;354990401A;SP;Rio comprido;-23,256;-45,941;2018-02-25 16:10:00.0;0,0
SÃO JOSÉ DOS CAMPOS;354990401A;SP;Rio comprido;-23,256;-45,941;2018-02-25 17:10:00.0;0,0
SÃO JOSÉ DOS CAMPOS;354990401A;SP;Rio comprido;-23,256;-45,941;2018-02-25 18:10:00.0;0,0
SÃO JOSÉ DOS CAMPOS;354990401A;SP;Rio comprido;-23,256;-45,941;2018-02-25 19:10:00.0;0,0
SÃO JOSÉ DOS CAMPOS;354990401A;SP;Rio comprido;-23,256;-45,941;2018-02-25 20:10:00.0;0,0
SÃO JOSÉ DOS CAMPOS;354990401A;SP;Rio comprido;-23,256;-45,941;2018-02-25 21:10:00.0;0,0
SÃO JOSÉ DOS CAMPOS;354990401A;SP;Rio comprido;-23,256;-45,941;2018-02-25 22:10:00.0;0,0
SÃO JOSÉ DOS CAMPOS;354990401A;SP;Rio comprido;-23,256;-45,941;2018-02-25 23:10:00.0;0,0
SÃO JOSÉ DOS CAMPOS;354990401A;SP;Rio comprido;-23,256;-45,941;2018-02-26 00:10:00.0;0,0
SÃO JOSÉ DOS CAMPOS;354990401A;SP;Rio comprido;-23,256;-45,941;2018-02-26 01:10:00.0;0,0
SÃO JOSÉ DOS CAMPOS;354990401A;SP;Rio comprido;-23,256;-45,941;2018-02-26 02:10:00.0;0,0
SÃO JOSÉ DOS CAMPOS;354990401A;SP;Rio comprido;-23,256;-45,941;2018-02-26 03:10:00.0;0,0
SÃO JOSÉ DOS CAMPOS;354990401A;SP;Rio comprido;-23,256;-45,941;2018-02-26 04:10:00.0;0,0
SÃO JOSÉ DOS CAMPOS;354990401A;SP;Rio comprido;-23,256;-45,941;2018-02-26 05:10:00.0;0,0
SÃO JOSÉ DOS CAMPOS;354990401A;SP;Rio comprido;-23,256;-45,941;2018-02-26 06:10:00.0;0,0
SÃO JOSÉ DOS CAMPOS;354990401A;SP;Rio comprido;-23,256;-45,941;2018-02-26 07:10:00.0;0,0
SÃO JOSÉ DOS CAMPOS;354990401A;SP;Rio comprido;-23,256;-45,941;2018-02-26 08:10:00.0;0,0
SÃO JOSÉ DOS CAMPOS;354990401A;SP;Rio comprido;-23,256;-45,941;2018-02-26 09:10:00.0;0,0
SÃO JOSÉ DOS CAMPOS;354990401A;SP;Rio comprido;-23,256;-45,941;2018-02-26 10:10:00.0;0,0
SÃO JOSÉ DOS CAMPOS;354990401A;SP;Rio comprido;-23,256;-45,941;2018-02-26 11:10:00.0;0,0
SÃO JOSÉ DOS CAMPOS;354990401A;SP;Rio comprido;-23,256;-45,941;2018-02-26 12:10:00.0;0,0
SÃO JOSÉ DOS CAMPOS;354990401A;SP;Rio comprido;-23,256;-45,941;2018-02-26 13:10:00.0;0,0
SÃO JOSÉ DOS CAMPOS;354990401A;SP;Rio comprido;-23,256;-45,941;2018-02-26 14:10:00.0;0,0
SÃO JOSÉ DOS CAMPOS;354990401A;SP;Rio comprido;-23,256;-45,941;2018-02-26 15:10:00.0;0,0
SÃO JOSÉ DOS CAMPOS;354990401A;SP;Rio comprido;-23,256;-45,941;2018-02-26 16:10:00.0;0,0
SÃO JOSÉ DOS CAMPOS;354990401A;SP;Rio comprido;-23,256;-45,941;2018-02-26 17:10:00.0;0,0
SÃO JOSÉ DOS CAMPOS;354990401A;SP;Rio comprido;-23,256;-45,941;2018-02-26 17:50:00.0;1,77
SÃO JOSÉ DOS CAMPOS;354990401A;SP;Rio comprido;-23,256;-45,941;2018-02-26 18:00:00.0;1,18
SÃO JOSÉ DOS CAMPOS;354990401A;SP;Rio comprido;-23,256;-45,941;2018-02-26 18:10:00.0;0,59
SÃO JOSÉ DOS CAMPOS;354990401A;SP;Rio comprido;-23,256;-45,941;2018-02-26 18:20:00.0;0,79
SÃO JOSÉ DOS CAMPOS;354990401A;SP;Rio comprido;-23,256;-45,941;2018-02-26 18:30:00.0;0,98
SÃO JOSÉ DOS CAMPOS;354990401A;SP;Rio comprido;-23,256;-45,941;2018-02-26 18:40:00.0;0,79
SÃO JOSÉ DOS CAMPOS;354990401A;SP;Rio comprido;-23,256;-45,941;2018-02-26 18:50:00.0;0,59
SÃO JOSÉ DOS CAMPOS;354990401A;SP;Rio comprido;-23,256;-45,941;2018-02-26 19:00:00.0;0,2
SÃO JOSÉ DOS CAMPOS;354990401A;SP;Rio comprido;-23,256;-45,941;2018-02-26 19:10:00.0;0,2
SÃO JOSÉ DOS CAMPOS;354990401A;SP;Rio comprido;-23,256;-45,941;2018-02-26 19:20:00.0;0,2
SÃO JOSÉ DOS CAMPOS;354990401A;SP;Rio comprido;-23,256;-45,941;2018-02-26 19:30:00.0;0,39
SÃO JOSÉ DOS CAMPOS;354990401A;SP;Rio comprido;-23,256;-45,941;2018-02-26 19:40:00.0;0,59
SÃO JOSÉ DOS CAMPOS;354990401A;SP;Rio comprido;-23,256;-45,941;2018-02-26 19:50:00.0;0,39
SÃO JOSÉ DOS CAMPOS;354990401A;SP;Rio comprido;-23,256;-45,941;2018-02-26 20:00:00.0;0,79
SÃO JOSÉ DOS CAMPOS;354990401A;SP;Rio comprido;-23,256;-45,941;2018-02-26 20:10:00.0;0,79
SÃO JOSÉ DOS CAMPOS;354990401A;SP;Rio comprido;-23,256;-45,941;2018-02-26 20:20:00.0;0,59
SÃO JOSÉ DOS CAMPOS;354990401A;SP;Rio comprido;-23,256;-45,941;2018-02-26 20:30:00.0;0,39
SÃO JOSÉ DOS CAMPOS;354990401A;SP;Rio comprido;-23,256;-45,941;2018-02-26 20:40:00.0;0,39
SÃO JOSÉ DOS CAMPOS;354990401A;SP;Rio comprido;-23,256;-45,941;2018-02-26 20:50:00.0;0,98
SÃO JOSÉ DOS CAMPOS;354990401A;SP;Rio comprido;-23,256;-45,941;2018-02-26 21:00:00.0;0,59
SÃO JOSÉ DOS CAMPOS;354990401A;SP;Rio comprido;-23,256;-45,941;2018-02-26 21:10:00.0;0,59
SÃO JOSÉ DOS CAMPOS;354990401A;SP;Rio comprido;-23,256;-45,941;2018-02-26 21:20:00.0;0,59
SÃO JOSÉ DOS CAMPOS;354990401A;SP;Rio comprido;-23,256;-45,941;2018-02-26 21:30:00.0;0,59
SÃO JOSÉ DOS CAMPOS;354990401A;SP;Rio comprido;-23,256;-45,941;2018-02-26 21:40:00.0;0,39
SÃO JOSÉ DOS CAMPOS;354990401A;SP;Rio comprido;-23,256;-45,941;2018-02-26 21:50:00.0;0,2
SÃO JOSÉ DOS CAMPOS;354990401A;SP;Rio comprido;-23,256;-45,941;2018-02-26 22:00:00.0;0,39
SÃO JOSÉ DOS CAMPOS;354990401A;SP;Rio comprido;-23,256;-45,941;2018-02-26 22:10:00.0;0,39
SÃO JOSÉ DOS CAMPOS;354990401A;SP;Rio comprido;-23,256;-45,941;2018-02-26 22:20:00.0;0,2
SÃO JOSÉ DOS CAMPOS;354990401A;SP;Rio comprido;-23,256;-45,941;2018-02-26 22:30:00.0;0,39
SÃO JOSÉ DOS CAMPOS;354990401A;SP;Rio comprido;-23,256;-45,941;2018-02-26 22:50:00.0;0,2
SÃO JOSÉ DOS CAMPOS;354990401A;SP;Rio comprido;-23,256;-45,941;2018-02-26 23:00:00.0;0,2
SÃO JOSÉ DOS CAMPOS;354990401A;SP;Rio comprido;-23,256;-45,941;2018-02-26 23:10:00.0;0,0
SÃO JOSÉ DOS CAMPOS;354990401A;SP;Rio comprido;-23,256;-45,941;2018-02-26 23:30:00.0;0,2
SÃO JOSÉ DOS CAMPOS;354990401A;SP;Rio comprido;-23,256;-45,941;2018-02-27 00:10:00.0;0,0
SÃO JOSÉ DOS CAMPOS;354990401A;SP;Rio comprido;-23,256;-45,941;2018-02-27 01:10:00.0;0,0
SÃO JOSÉ DOS CAMPOS;354990401A;SP;Rio comprido;-23,256;-45,941;2018-02-27 02:10:00.0;0,0
SÃO JOSÉ DOS CAMPOS;354990401A;SP;Rio comprido;-23,256;-45,941;2018-02-27 03:10:00.0;0,0
SÃO JOSÉ DOS CAMPOS;354990401A;SP;Rio comprido;-23,256;-45,941;2018-02-27 03:30:00.0;0,2
SÃO JOSÉ DOS CAMPOS;354990401A;SP;Rio comprido;-23,256;-45,941;2018-02-27 04:10:00.0;0,0
SÃO JOSÉ DOS CAMPOS;354990401A;SP;Rio comprido;-23,256;-45,941;2018-02-27 05:10:00.0;0,0
SÃO JOSÉ DOS CAMPOS;354990401A;SP;Rio comprido;-23,256;-45,941;2018-02-27 06:10:00.0;0,0
SÃO JOSÉ DOS CAMPOS;354990401A;SP;Rio comprido;-23,256;-45,941;2018-02-27 07:10:00.0;0,0
SÃO JOSÉ DOS CAMPOS;354990401A;SP;Rio comprido;-23,256;-45,941;2018-02-27 08:10:00.0;0,0
SÃO JOSÉ DOS CAMPOS;354990401A;SP;Rio comprido;-23,256;-45,941;2018-02-27 09:10:00.0;0,0
SÃO JOSÉ DOS CAMPOS;354990401A;SP;Rio comprido;-23,256;-45,941;2018-02-27 10:10:00.0;0,0
SÃO JOSÉ DOS CAMPOS;354990401A;SP;Rio comprido;-23,256;-45,941;2018-02-27 11:10:00.0;0,0
SÃO JOSÉ DOS CAMPOS;354990401A;SP;Rio comprido;-23,256;-45,941;2018-02-27 12:10:00.0;0,0
SÃO JOSÉ DOS CAMPOS;354990401A;SP;Rio comprido;-23,256;-45,941;2018-02-27 13:10:00.0;0,0
SÃO JOSÉ DOS CAMPOS;354990401A;SP;Rio comprido;-23,256;-45,941;2018-02-27 14:10:00.0;0,0
SÃO JOSÉ DOS CAMPOS;354990401A;SP;Rio comprido;-23,256;-45,941;2018-02-27 15:10:00.0;0,0
SÃO JOSÉ DOS CAMPOS;354990401A;SP;Rio comprido;-23,256;-45,941;2018-02-27 16:10:00.0;0,0
SÃO JOSÉ DOS CAMPOS;354990401A;SP;Rio comprido;-23,256;-45,941;2018-02-27 17:10:00.0;0,0
SÃO JOSÉ DOS CAMPOS;354990401A;SP;Rio comprido;-23,256;-45,941;2018-02-27 18:10:00.0;0,0
SÃO JOSÉ DOS CAMPOS;354990401A;SP;Rio comprido;-23,256;-45,941;2018-02-27 19:10:00.0;0,0
SÃO JOSÉ DOS CAMPOS;354990401A;SP;Rio comprido;-23,256;-45,941;2018-02-27 20:10:00.0;0,0
SÃO JOSÉ DOS CAMPOS;354990401A;SP;Rio comprido;-23,256;-45,941;2018-02-27 21:10:00.0;0,0
SÃO JOSÉ DOS CAMPOS;354990401A;SP;Rio comprido;-23,256;-45,941;2018-02-27 22:10:00.0;0,0
SÃO JOSÉ DOS CAMPOS;354990401A;SP;Rio comprido;-23,256;-45,941;2018-02-27 23:10:00.0;0,0
SÃO JOSÉ DOS CAMPOS;354990401A;SP;Rio comprido;-23,256;-45,941;2018-02-28 00:10:00.0;0,0
SÃO JOSÉ DOS CAMPOS;354990401A;SP;Rio comprido;-23,256;-45,941;2018-02-28 01:10:00.0;0,0
SÃO JOSÉ DOS CAMPOS;354990401A;SP;Rio comprido;-23,256;-45,941;2018-02-28 02:10:00.0;0,0
SÃO JOSÉ DOS CAMPOS;354990401A;SP;Rio comprido;-23,256;-45,941;2018-02-28 03:10:00.0;0,0
SÃO JOSÉ DOS CAMPOS;354990401A;SP;Rio comprido;-23,256;-45,941;2018-02-28 04:10:00.0;0,0
SÃO JOSÉ DOS CAMPOS;354990401A;SP;Rio comprido;-23,256;-45,941;2018-02-28 05:10:00.0;0,0
SÃO JOSÉ DOS CAMPOS;354990401A;SP;Rio comprido;-23,256;-45,941;2018-02-28 06:10:00.0;0,0
SÃO JOSÉ DOS CAMPOS;354990401A;SP;Rio comprido;-23,256;-45,941;2018-02-28 07:10:00.0;0,0
SÃO JOSÉ DOS CAMPOS;354990401A;SP;Rio comprido;-23,256;-45,941;2018-02-28 08:10:00.0;0,0
SÃO JOSÉ DOS CAMPOS;354990401A;SP;Rio comprido;-23,256;-45,941;2018-02-28 09:10:00.0;0,0
SÃO JOSÉ DOS CAMPOS;354990401A;SP;Rio comprido;-23,256;-45,941;2018-02-28 10:10:00.0;0,0
SÃO JOSÉ DOS CAMPOS;354990401A;SP;Rio comprido;-23,256;-45,941;2018-02-28 11:10:00.0;0,0
SÃO JOSÉ DOS CAMPOS;354990401A;SP;Rio comprido;-23,256;-45,941;2018-02-28 12:10:00.0;0,0
SÃO JOSÉ DOS CAMPOS;354990401A;SP;Rio comprido;-23,256;-45,941;2018-02-28 13:10:00.0;0,0
SÃO JOSÉ DOS CAMPOS;354990401A;SP;Rio comprido;-23,256;-45,941;2018-02-28 14:10:00.0;0,0
SÃO JOSÉ DOS CAMPOS;354990401A;SP;Rio comprido;-23,256;-45,941;2018-02-28 15:10:00.0;0,0
SÃO JOSÉ DOS CAMPOS;354990401A;SP;Rio comprido;-23,256;-45,941;2018-02-28 16:10:00.0;0,0
SÃO JOSÉ DOS CAMPOS;354990401A;SP;Rio comprido;-23,256;-45,941;2018-02-28 17:10:00.0;0,0
SÃO JOSÉ DOS CAMPOS;354990401A;SP;Rio comprido;-23,256;-45,941;2018-02-28 18:10:00.0;0,0
SÃO JOSÉ DOS CAMPOS;354990401A;SP;Rio comprido;-23,256;-45,941;2018-02-28 19:10:00.0;0,0
SÃO JOSÉ DOS CAMPOS;354990401A;SP;Rio comprido;-23,256;-45,941;2018-02-28 20:10:00.0;0,0
SÃO JOSÉ DOS CAMPOS;354990401A;SP;Rio comprido;-23,256;-45,941;2018-02-28 21:10:00.0;0,0
SÃO JOSÉ DOS CAMPOS;354990401A;SP;Rio comprido;-23,256;-45,941;2018-02-28 22:10:00.0;0,0
SÃO JOSÉ DOS CAMPOS;354990401A;SP;Rio comprido;-23,256;-45,941;2018-02-28 23:10:00.0;0,0
SÃO JOSÉ DOS CAMPOS;354990403A;SP;Jardim Santa Matilde;-23,14;-45,903;2018-02-01 00:10:00.0;0,2
SÃO JOSÉ DOS CAMPOS;354990403A;SP;Jardim Santa Matilde;-23,14;-45,903;2018-02-01 00:20:00.0;0,2
SÃO JOSÉ DOS CAMPOS;354990403A;SP;Jardim Santa Matilde;-23,14;-45,903;2018-02-01 00:30:00.0;0,2
SÃO JOSÉ DOS CAMPOS;354990403A;SP;Jardim Santa Matilde;-23,14;-45,903;2018-02-01 00:50:00.0;0,2
SÃO JOSÉ DOS CAMPOS;354990403A;SP;Jardim Santa Matilde;-23,14;-45,903;2018-02-01 01:00:00.0;0,2
SÃO JOSÉ DOS CAMPOS;354990403A;SP;Jardim Santa Matilde;-23,14;-45,903;2018-02-01 01:10:00.0;0,2
SÃO JOSÉ DOS CAMPOS;354990403A;SP;Jardim Santa Matilde;-23,14;-45,903;2018-02-01 01:30:00.0;0,2
SÃO JOSÉ DOS CAMPOS;354990403A;SP;Jardim Santa Matilde;-23,14;-45,903;2018-02-01 01:40:00.0;0,2
SÃO JOSÉ DOS CAMPOS;354990403A;SP;Jardim Santa Matilde;-23,14;-45,903;2018-02-01 02:00:00.0;0,2
SÃO JOSÉ DOS CAMPOS;354990403A;SP;Jardim Santa Matilde;-23,14;-45,903;2018-02-01 02:10:00.0;0,2
SÃO JOSÉ DOS CAMPOS;354990403A;SP;Jardim Santa Matilde;-23,14;-45,903;2018-02-01 02:20:00.0;0,2
SÃO JOSÉ DOS CAMPOS;354990403A;SP;Jardim Santa Matilde;-23,14;-45,903;2018-02-01 02:40:00.0;0,2
SÃO JOSÉ DOS CAMPOS;354990403A;SP;Jardim Santa Matilde;-23,14;-45,903;2018-02-01 02:50:00.0;0,2
SÃO JOSÉ DOS CAMPOS;354990403A;SP;Jardim Santa Matilde;-23,14;-45,903;2018-02-01 03:00:00.0;0,2
SÃO JOSÉ DOS CAMPOS;354990403A;SP;Jardim Santa Matilde;-23,14;-45,903;2018-02-01 03:10:00.0;0,0
SÃO JOSÉ DOS CAMPOS;354990403A;SP;Jardim Santa Matilde;-23,14;-45,903;2018-02-01 03:20:00.0;0,2
SÃO JOSÉ DOS CAMPOS;354990403A;SP;Jardim Santa Matilde;-23,14;-45,903;2018-02-01 03:30:00.0;0,2
SÃO JOSÉ DOS CAMPOS;354990403A;SP;Jardim Santa Matilde;-23,14;-45,903;2018-02-01 03:50:00.0;0,2
SÃO JOSÉ DOS CAMPOS;354990403A;SP;Jardim Santa Matilde;-23,14;-45,903;2018-02-01 04:00:00.0;0,2
SÃO JOSÉ DOS CAMPOS;354990403A;SP;Jardim Santa Matilde;-23,14;-45,903;2018-02-01 04:10:00.0;0,2
SÃO JOSÉ DOS CAMPOS;354990403A;SP;Jardim Santa Matilde;-23,14;-45,903;2018-02-01 04:30:00.0;0,2
SÃO JOSÉ DOS CAMPOS;354990403A;SP;Jardim Santa Matilde;-23,14;-45,903;2018-02-01 04:40:00.0;0,2
SÃO JOSÉ DOS CAMPOS;354990403A;SP;Jardim Santa Matilde;-23,14;-45,903;2018-02-01 04:50:00.0;0,2
SÃO JOSÉ DOS CAMPOS;354990403A;SP;Jardim Santa Matilde;-23,14;-45,903;2018-02-01 05:10:00.0;0,2
SÃO JOSÉ DOS CAMPOS;354990403A;SP;Jardim Santa Matilde;-23,14;-45,903;2018-02-01 05:20:00.0;0,2
SÃO JOSÉ DOS CAMPOS;354990403A;SP;Jardim Santa Matilde;-23,14;-45,903;2018-02-01 05:40:00.0;0,2
SÃO JOSÉ DOS CAMPOS;354990403A;SP;Jardim Santa Matilde;-23,14;-45,903;2018-02-01 10:30:00.0;3,95
SÃO JOSÉ DOS CAMPOS;354990403A;SP;Jardim Santa Matilde;-23,14;-45,903;2018-02-01 10:40:00.0;0,2
SÃO JOSÉ DOS CAMPOS;354990403A;SP;Jardim Santa Matilde;-23,14;-45,903;2018-02-01 11:00:00.0;0,2
SÃO JOSÉ DOS CAMPOS;354990403A;SP;Jardim Santa Matilde;-23,14;-45,903;2018-02-01 11:10:00.0;0,2
SÃO JOSÉ DOS CAMPOS;354990403A;SP;Jardim Santa Matilde;-23,14;-45,903;2018-02-01 11:20:00.0;0,2
SÃO JOSÉ DOS CAMPOS;354990403A;SP;Jardim Santa Matilde;-23,14;-45,903;2018-02-01 11:40:00.0;0,2
SÃO JOSÉ DOS CAMPOS;354990403A;SP;Jardim Santa Matilde;-23,14;-45,903;2018-02-01 11:50:00.0;0,2
SÃO JOSÉ DOS CAMPOS;354990403A;SP;Jardim Santa Matilde;-23,14;-45,903;2018-02-01 12:10:00.0;0,2
SÃO JOSÉ DOS CAMPOS;354990403A;SP;Jardim Santa Matilde;-23,14;-45,903;2018-02-01 12:20:00.0;0,2
SÃO JOSÉ DOS CAMPOS;354990403A;SP;Jardim Santa Matilde;-23,14;-45,903;2018-02-01 12:30:00.0;0,2
SÃO JOSÉ DOS CAMPOS;354990403A;SP;Jardim Santa Matilde;-23,14;-45,903;2018-02-01 12:50:00.0;0,2
SÃO JOSÉ DOS CAMPOS;354990403A;SP;Jardim Santa Matilde;-23,14;-45,903;2018-02-01 13:00:00.0;0,2
SÃO JOSÉ DOS CAMPOS;354990403A;SP;Jardim Santa Matilde;-23,14;-45,903;2018-02-01 13:10:00.0;0,0
SÃO JOSÉ DOS CAMPOS;354990403A;SP;Jardim Santa Matilde;-23,14;-45,903;2018-02-01 13:20:00.0;0,2
SÃO JOSÉ DOS CAMPOS;354990403A;SP;Jardim Santa Matilde;-23,14;-45,903;2018-02-01 13:30:00.0;0,2
SÃO JOSÉ DOS CAMPOS;354990403A;SP;Jardim Santa Matilde;-23,14;-45,903;2018-02-01 13:50:00.0;0,2
SÃO JOSÉ DOS CAMPOS;354990403A;SP;Jardim Santa Matilde;-23,14;-45,903;2018-02-01 14:10:00.0;0,2
SÃO JOSÉ DOS CAMPOS;354990403A;SP;Jardim Santa Matilde;-23,14;-45,903;2018-02-01 14:30:00.0;0,2
SÃO JOSÉ DOS CAMPOS;354990403A;SP;Jardim Santa Matilde;-23,14;-45,903;2018-02-01 14:50:00.0;0,2
SÃO JOSÉ DOS CAMPOS;354990403A;SP;Jardim Santa Matilde;-23,14;-45,903;2018-02-01 15:00:00.0;0,2
SÃO JOSÉ DOS CAMPOS;354990403A;SP;Jardim Santa Matilde;-23,14;-45,903;2018-02-01 15:10:00.0;0,0
SÃO JOSÉ DOS CAMPOS;354990403A;SP;Jardim Santa Matilde;-23,14;-45,903;2018-02-01 15:20:00.0;0,2
SÃO JOSÉ DOS CAMPOS;354990403A;SP;Jardim Santa Matilde;-23,14;-45,903;2018-02-01 15:40:00.0;0,2
SÃO JOSÉ DOS CAMPOS;354990403A;SP;Jardim Santa Matilde;-23,14;-45,903;2018-02-01 16:00:00.0;0,2
SÃO JOSÉ DOS CAMPOS;354990403A;SP;Jardim Santa Matilde;-23,14;-45,903;2018-02-01 16:10:00.0;0,0
SÃO JOSÉ DOS CAMPOS;354990403A;SP;Jardim Santa Matilde;-23,14;-45,903;2018-02-01 16:20:00.0;0,2
SÃO JOSÉ DOS CAMPOS;354990403A;SP;Jardim Santa Matilde;-23,14;-45,903;2018-02-01 16:40:00.0;0,2
SÃO JOSÉ DOS CAMPOS;354990403A;SP;Jardim Santa Matilde;-23,14;-45,903;2018-02-01 17:00:00.0;0,2
SÃO JOSÉ DOS CAMPOS;354990403A;SP;Jardim Santa Matilde;-23,14;-45,903;2018-02-01 17:10:00.0;0,0
SÃO JOSÉ DOS CAMPOS;354990403A;SP;Jardim Santa Matilde;-23,14;-45,903;2018-02-01 17:20:00.0;0,2
SÃO JOSÉ DOS CAMPOS;354990403A;SP;Jardim Santa Matilde;-23,14;-45,903;2018-02-01 17:40:00.0;0,2
SÃO JOSÉ DOS CAMPOS;354990403A;SP;Jardim Santa Matilde;-23,14;-45,903;2018-02-01 18:00:00.0;0,2
SÃO JOSÉ DOS CAMPOS;354990403A;SP;Jardim Santa Matilde;-23,14;-45,903;2018-02-01 18:10:00.0;0,0
SÃO JOSÉ DOS CAMPOS;354990403A;SP;Jardim Santa Matilde;-23,14;-45,903;2018-02-01 18:20:00.0;0,2
SÃO JOSÉ DOS CAMPOS;354990403A;SP;Jardim Santa Matilde;-23,14;-45,903;2018-02-01 18:40:00.0;0,2
SÃO JOSÉ DOS CAMPOS;354990403A;SP;Jardim Santa Matilde;-23,14;-45,903;2018-02-01 18:50:00.0;0,2
SÃO JOSÉ DOS CAMPOS;354990403A;SP;Jardim Santa Matilde;-23,14;-45,903;2018-02-01 19:10:00.0;0,2
SÃO JOSÉ DOS CAMPOS;354990403A;SP;Jardim Santa Matilde;-23,14;-45,903;2018-02-01 19:30:00.0;0,2
SÃO JOSÉ DOS CAMPOS;354990403A;SP;Jardim Santa Matilde;-23,14;-45,903;2018-02-01 19:50:00.0;0,2
SÃO JOSÉ DOS CAMPOS;354990403A;SP;Jardim Santa Matilde;-23,14;-45,903;2018-02-01 20:00:00.0;0,2
SÃO JOSÉ DOS CAMPOS;354990403A;SP;Jardim Santa Matilde;-23,14;-45,903;2018-02-01 20:20:00.0;0,2
SÃO JOSÉ DOS CAMPOS;354990403A;SP;Jardim Santa Matilde;-23,14;-45,903;2018-02-01 20:40:00.0;0,2
SÃO JOSÉ DOS CAMPOS;354990403A;SP;Jardim Santa Matilde;-23,14;-45,903;2018-02-01 21:00:00.0;0,2
SÃO JOSÉ DOS CAMPOS;354990403A;SP;Jardim Santa Matilde;-23,14;-45,903;2018-02-01 21:10:00.0;0,0
SÃO JOSÉ DOS CAMPOS;354990403A;SP;Jardim Santa Matilde;-23,14;-45,903;2018-02-01 21:20:00.0;0,2
SÃO JOSÉ DOS CAMPOS;354990403A;SP;Jardim Santa Matilde;-23,14;-45,903;2018-02-01 21:40:00.0;0,2
SÃO JOSÉ DOS CAMPOS;354990403A;SP;Jardim Santa Matilde;-23,14;-45,903;2018-02-01 22:00:00.0;0,2
SÃO JOSÉ DOS CAMPOS;354990403A;SP;Jardim Santa Matilde;-23,14;-45,903;2018-02-01 22:10:00.0;0,0
SÃO JOSÉ DOS CAMPOS;354990403A;SP;Jardim Santa Matilde;-23,14;-45,903;2018-02-01 22:20:00.0;0,2
SÃO JOSÉ DOS CAMPOS;354990403A;SP;Jardim Santa Matilde;-23,14;-45,903;2018-02-01 22:40:00.0;0,2
SÃO JOSÉ DOS CAMPOS;354990403A;SP;Jardim Santa Matilde;-23,14;-45,903;2018-02-01 23:00:00.0;0,2
SÃO JOSÉ DOS CAMPOS;354990403A;SP;Jardim Santa Matilde;-23,14;-45,903;2018-02-01 23:10:00.0;0,0
SÃO JOSÉ DOS CAMPOS;354990403A;SP;Jardim Santa Matilde;-23,14;-45,903;2018-02-01 23:20:00.0;0,2
SÃO JOSÉ DOS CAMPOS;354990403A;SP;Jardim Santa Matilde;-23,14;-45,903;2018-02-01 23:40:00.0;0,2
SÃO JOSÉ DOS CAMPOS;354990403A;SP;Jardim Santa Matilde;-23,14;-45,903;2018-02-02 00:00:00.0;0,2
SÃO JOSÉ DOS CAMPOS;354990403A;SP;Jardim Santa Matilde;-23,14;-45,903;2018-02-02 00:10:00.0;0,0
SÃO JOSÉ DOS CAMPOS;354990403A;SP;Jardim Santa Matilde;-23,14;-45,903;2018-02-02 00:30:00.0;0,2
SÃO JOSÉ DOS CAMPOS;354990403A;SP;Jardim Santa Matilde;-23,14;-45,903;2018-02-02 00:50:00.0;0,2
SÃO JOSÉ DOS CAMPOS;354990403A;SP;Jardim Santa Matilde;-23,14;-45,903;2018-02-02 01:10:00.0;0,0
SÃO JOSÉ DOS CAMPOS;354990403A;SP;Jardim Santa Matilde;-23,14;-45,903;2018-02-02 01:20:00.0;0,2
SÃO JOSÉ DOS CAMPOS;354990403A;SP;Jardim Santa Matilde;-23,14;-45,903;2018-02-02 01:40:00.0;0,2
SÃO JOSÉ DOS CAMPOS;354990403A;SP;Jardim Santa Matilde;-23,14;-45,903;2018-02-02 02:10:00.0;0,2
SÃO JOSÉ DOS CAMPOS;354990403A;SP;Jardim Santa Matilde;-23,14;-45,903;2018-02-02 02:30:00.0;0,2
SÃO JOSÉ DOS CAMPOS;354990403A;SP;Jardim Santa Matilde;-23,14;-45,903;2018-02-02 03:00:00.0;0,2
SÃO JOSÉ DOS CAMPOS;354990403A;SP;Jardim Santa Matilde;-23,14;-45,903;2018-02-02 03:10:00.0;0,0
SÃO JOSÉ DOS CAMPOS;354990403A;SP;Jardim Santa Matilde;-23,14;-45,903;2018-02-02 03:20:00.0;0,2
SÃO JOSÉ DOS CAMPOS;354990403A;SP;Jardim Santa Matilde;-23,14;-45,903;2018-02-02 03:50:00.0;0,2
SÃO JOSÉ DOS CAMPOS;354990403A;SP;Jardim Santa Matilde;-23,14;-45,903;2018-02-02 04:10:00.0;0,0
SÃO JOSÉ DOS CAMPOS;354990403A;SP;Jardim Santa Matilde;-23,14;-45,903;2018-02-02 04:20:00.0;0,2
SÃO JOSÉ DOS CAMPOS;354990403A;SP;Jardim Santa Matilde;-23,14;-45,903;2018-02-02 04:50:00.0;0,2
SÃO JOSÉ DOS CAMPOS;354990403A;SP;Jardim Santa Matilde;-23,14;-45,903;2018-02-02 05:10:00.0;0,0
SÃO JOSÉ DOS CAMPOS;354990403A;SP;Jardim Santa Matilde;-23,14;-45,903;2018-02-02 05:20:00.0;0,2
SÃO JOSÉ DOS CAMPOS;354990403A;SP;Jardim Santa Matilde;-23,14;-45,903;2018-02-02 05:50:00.0;0,2
SÃO JOSÉ DOS CAMPOS;354990403A;SP;Jardim Santa Matilde;-23,14;-45,903;2018-02-02 06:10:00.0;0,0
SÃO JOSÉ DOS CAMPOS;354990403A;SP;Jardim Santa Matilde;-23,14;-45,903;2018-02-02 07:10:00.0;0,0
SÃO JOSÉ DOS CAMPOS;354990403A;SP;Jardim Santa Matilde;-23,14;-45,903;2018-02-02 07:40:00.0;0,2
SÃO JOSÉ DOS CAMPOS;354990403A;SP;Jardim Santa Matilde;-23,14;-45,903;2018-02-02 08:10:00.0;0,0
SÃO JOSÉ DOS CAMPOS;354990403A;SP;Jardim Santa Matilde;-23,14;-45,903;2018-02-02 09:40:00.0;0,0
SÃO JOSÉ DOS CAMPOS;354990403A;SP;Jardim Santa Matilde;-23,14;-45,903;2018-02-02 10:10:00.0;0,0
SÃO JOSÉ DOS CAMPOS;354990403A;SP;Jardim Santa Matilde;-23,14;-45,903;2018-02-02 11:10:00.0;0,0
SÃO JOSÉ DOS CAMPOS;354990403A;SP;Jardim Santa Matilde;-23,14;-45,903;2018-02-02 12:10:00.0;0,0
SÃO JOSÉ DOS CAMPOS;354990403A;SP;Jardim Santa Matilde;-23,14;-45,903;2018-02-02 13:10:00.0;0,0
SÃO JOSÉ DOS CAMPOS;354990403A;SP;Jardim Santa Matilde;-23,14;-45,903;2018-02-02 14:10:00.0;0,0
SÃO JOSÉ DOS CAMPOS;354990403A;SP;Jardim Santa Matilde;-23,14;-45,903;2018-02-02 15:10:00.0;0,0
SÃO JOSÉ DOS CAMPOS;354990403A;SP;Jardim Santa Matilde;-23,14;-45,903;2018-02-02 16:10:00.0;0,0
SÃO JOSÉ DOS CAMPOS;354990403A;SP;Jardim Santa Matilde;-23,14;-45,903;2018-02-02 17:10:00.0;0,0
SÃO JOSÉ DOS CAMPOS;354990403A;SP;Jardim Santa Matilde;-23,14;-45,903;2018-02-02 18:10:00.0;0,0
SÃO JOSÉ DOS CAMPOS;354990403A;SP;Jardim Santa Matilde;-23,14;-45,903;2018-02-02 19:10:00.0;0,0
SÃO JOSÉ DOS CAMPOS;354990403A;SP;Jardim Santa Matilde;-23,14;-45,903;2018-02-02 20:10:00.0;0,0
SÃO JOSÉ DOS CAMPOS;354990403A;SP;Jardim Santa Matilde;-23,14;-45,903;2018-02-02 21:10:00.0;0,0
SÃO JOSÉ DOS CAMPOS;354990403A;SP;Jardim Santa Matilde;-23,14;-45,903;2018-02-02 22:10:00.0;0,0
SÃO JOSÉ DOS CAMPOS;354990403A;SP;Jardim Santa Matilde;-23,14;-45,903;2018-02-02 23:10:00.0;0,0
SÃO JOSÉ DOS CAMPOS;354990403A;SP;Jardim Santa Matilde;-23,14;-45,903;2018-02-03 00:10:00.0;0,0
SÃO JOSÉ DOS CAMPOS;354990403A;SP;Jardim Santa Matilde;-23,14;-45,903;2018-02-03 01:10:00.0;0,0
SÃO JOSÉ DOS CAMPOS;354990403A;SP;Jardim Santa Matilde;-23,14;-45,903;2018-02-03 02:10:00.0;0,0
SÃO JOSÉ DOS CAMPOS;354990403A;SP;Jardim Santa Matilde;-23,14;-45,903;2018-02-03 03:10:00.0;0,0
SÃO JOSÉ DOS CAMPOS;354990403A;SP;Jardim Santa Matilde;-23,14;-45,903;2018-02-03 04:10:00.0;0,0
SÃO JOSÉ DOS CAMPOS;354990403A;SP;Jardim Santa Matilde;-23,14;-45,903;2018-02-03 05:10:00.0;0,0
SÃO JOSÉ DOS CAMPOS;354990403A;SP;Jardim Santa Matilde;-23,14;-45,903;2018-02-03 06:10:00.0;0,0
SÃO JOSÉ DOS CAMPOS;354990403A;SP;Jardim Santa Matilde;-23,14;-45,903;2018-02-03 07:10:00.0;0,0
SÃO JOSÉ DOS CAMPOS;354990403A;SP;Jardim Santa Matilde;-23,14;-45,903;2018-02-03 10:10:00.0;0,0
SÃO JOSÉ DOS CAMPOS;354990403A;SP;Jardim Santa Matilde;-23,14;-45,903;2018-02-03 11:10:00.0;0,0
SÃO JOSÉ DOS CAMPOS;354990403A;SP;Jardim Santa Matilde;-23,14;-45,903;2018-02-03 12:10:00.0;0,0
SÃO JOSÉ DOS CAMPOS;354990403A;SP;Jardim Santa Matilde;-23,14;-45,903;2018-02-03 13:10:00.0;0,0
SÃO JOSÉ DOS CAMPOS;354990403A;SP;Jardim Santa Matilde;-23,14;-45,903;2018-02-03 14:10:00.0;0,0
SÃO JOSÉ DOS CAMPOS;354990403A;SP;Jardim Santa Matilde;-23,14;-45,903;2018-02-03 15:10:00.0;0,0
SÃO JOSÉ DOS CAMPOS;354990403A;SP;Jardim Santa Matilde;-23,14;-45,903;2018-02-03 16:10:00.0;0,0
SÃO JOSÉ DOS CAMPOS;354990403A;SP;Jardim Santa Matilde;-23,14;-45,903;2018-02-03 17:10:00.0;0,0
SÃO JOSÉ DOS CAMPOS;354990403A;SP;Jardim Santa Matilde;-23,14;-45,903;2018-02-03 18:10:00.0;0,0
SÃO JOSÉ DOS CAMPOS;354990403A;SP;Jardim Santa Matilde;-23,14;-45,903;2018-02-03 19:10:00.0;0,0
SÃO JOSÉ DOS CAMPOS;354990403A;SP;Jardim Santa Matilde;-23,14;-45,903;2018-02-03 20:10:00.0;0,0
SÃO JOSÉ DOS CAMPOS;354990403A;SP;Jardim Santa Matilde;-23,14;-45,903;2018-02-03 21:10:00.0;0,0
SÃO JOSÉ DOS CAMPOS;354990403A;SP;Jardim Santa Matilde;-23,14;-45,903;2018-02-03 22:10:00.0;0,0
SÃO JOSÉ DOS CAMPOS;354990403A;SP;Jardim Santa Matilde;-23,14;-45,903;2018-02-03 23:10:00.0;0,0
SÃO JOSÉ DOS CAMPOS;354990403A;SP;Jardim Santa Matilde;-23,14;-45,903;2018-02-04 00:10:00.0;0,0
SÃO JOSÉ DOS CAMPOS;354990403A;SP;Jardim Santa Matilde;-23,14;-45,903;2018-02-04 01:10:00.0;0,0
SÃO JOSÉ DOS CAMPOS;354990403A;SP;Jardim Santa Matilde;-23,14;-45,903;2018-02-04 02:10:00.0;0,0
SÃO JOSÉ DOS CAMPOS;354990403A;SP;Jardim Santa Matilde;-23,14;-45,903;2018-02-04 03:10:00.0;0,0
SÃO JOSÉ DOS CAMPOS;354990403A;SP;Jardim Santa Matilde;-23,14;-45,903;2018-02-04 04:10:00.0;0,0
SÃO JOSÉ DOS CAMPOS;354990403A;SP;Jardim Santa Matilde;-23,14;-45,903;2018-02-04 05:10:00.0;0,0
SÃO JOSÉ DOS CAMPOS;354990403A;SP;Jardim Santa Matilde;-23,14;-45,903;2018-02-04 10:20:00.0;0,0
SÃO JOSÉ DOS CAMPOS;354990403A;SP;Jardim Santa Matilde;-23,14;-45,903;2018-02-04 11:10:00.0;0,0
SÃO JOSÉ DOS CAMPOS;354990403A;SP;Jardim Santa Matilde;-23,14;-45,903;2018-02-04 12:10:00.0;0,0
SÃO JOSÉ DOS CAMPOS;354990403A;SP;Jardim Santa Matilde;-23,14;-45,903;2018-02-04 13:10:00.0;0,0
SÃO JOSÉ DOS CAMPOS;354990403A;SP;Jardim Santa Matilde;-23,14;-45,903;2018-02-04 14:10:00.0;0,0
SÃO JOSÉ DOS CAMPOS;354990403A;SP;Jardim Santa Matilde;-23,14;-45,903;2018-02-04 15:10:00.0;0,0
SÃO JOSÉ DOS CAMPOS;354990403A;SP;Jardim Santa Matilde;-23,14;-45,903;2018-02-04 16:10:00.0;0,0
SÃO JOSÉ DOS CAMPOS;354990403A;SP;Jardim Santa Matilde;-23,14;-45,903;2018-02-04 17:10:00.0;0,0
SÃO JOSÉ DOS CAMPOS;354990403A;SP;Jardim Santa Matilde;-23,14;-45,903;2018-02-04 18:10:00.0;0,0
SÃO JOSÉ DOS CAMPOS;354990403A;SP;Jardim Santa Matilde;-23,14;-45,903;2018-02-04 19:10:00.0;0,0
SÃO JOSÉ DOS CAMPOS;354990403A;SP;Jardim Santa Matilde;-23,14;-45,903;2018-02-04 20:10:00.0;0,0
SÃO JOSÉ DOS CAMPOS;354990403A;SP;Jardim Santa Matilde;-23,14;-45,903;2018-02-04 21:10:00.0;0,0
SÃO JOSÉ DOS CAMPOS;354990403A;SP;Jardim Santa Matilde;-23,14;-45,903;2018-02-04 22:10:00.0;0,0
SÃO JOSÉ DOS CAMPOS;354990403A;SP;Jardim Santa Matilde;-23,14;-45,903;2018-02-04 23:10:00.0;0,0
SÃO JOSÉ DOS CAMPOS;354990403A;SP;Jardim Santa Matilde;-23,14;-45,903;2018-02-05 00:10:00.0;0,0
SÃO JOSÉ DOS CAMPOS;354990403A;SP;Jardim Santa Matilde;-23,14;-45,903;2018-02-05 01:10:00.0;0,0
SÃO JOSÉ DOS CAMPOS;354990403A;SP;Jardim Santa Matilde;-23,14;-45,903;2018-02-05 02:10:00.0;0,0
SÃO JOSÉ DOS CAMPOS;354990403A;SP;Jardim Santa Matilde;-23,14;-45,903;2018-02-05 03:10:00.0;0,0
SÃO JOSÉ DOS CAMPOS;354990403A;SP;Jardim Santa Matilde;-23,14;-45,903;2018-02-05 04:10:00.0;0,0
SÃO JOSÉ DOS CAMPOS;354990403A;SP;Jardim Santa Matilde;-23,14;-45,903;2018-02-05 10:30:00.0;0,0
SÃO JOSÉ DOS CAMPOS;354990403A;SP;Jardim Santa Matilde;-23,14;-45,903;2018-02-05 11:10:00.0;0,0
SÃO JOSÉ DOS CAMPOS;354990403A;SP;Jardim Santa Matilde;-23,14;-45,903;2018-02-05 12:10:00.0;0,0
SÃO JOSÉ DOS CAMPOS;354990403A;SP;Jardim Santa Matilde;-23,14;-45,903;2018-02-05 13:10:00.0;0,0
SÃO JOSÉ DOS CAMPOS;354990403A;SP;Jardim Santa Matilde;-23,14;-45,903;2018-02-05 14:10:00.0;0,0
SÃO JOSÉ DOS CAMPOS;354990403A;SP;Jardim Santa Matilde;-23,14;-45,903;2018-02-05 15:10:00.0;0,0
SÃO JOSÉ DOS CAMPOS;354990403A;SP;Jardim Santa Matilde;-23,14;-45,903;2018-02-05 16:10:00.0;0,0
SÃO JOSÉ DOS CAMPOS;354990403A;SP;Jardim Santa Matilde;-23,14;-45,903;2018-02-05 17:10:00.0;0,0
SÃO JOSÉ DOS CAMPOS;354990403A;SP;Jardim Santa Matilde;-23,14;-45,903;2018-02-05 18:10:00.0;0,0
SÃO JOSÉ DOS CAMPOS;354990403A;SP;Jardim Santa Matilde;-23,14;-45,903;2018-02-05 19:10:00.0;0,0
SÃO JOSÉ DOS CAMPOS;354990403A;SP;Jardim Santa Matilde;-23,14;-45,903;2018-02-05 20:10:00.0;0,0
SÃO JOSÉ DOS CAMPOS;354990403A;SP;Jardim Santa Matilde;-23,14;-45,903;2018-02-05 21:00:00.0;0,2
SÃO JOSÉ DOS CAMPOS;354990403A;SP;Jardim Santa Matilde;-23,14;-45,903;2018-02-05 21:10:00.0;0,39
SÃO JOSÉ DOS CAMPOS;354990403A;SP;Jardim Santa Matilde;-23,14;-45,903;2018-02-05 21:30:00.0;0,2
SÃO JOSÉ DOS CAMPOS;354990403A;SP;Jardim Santa Matilde;-23,14;-45,903;2018-02-05 21:40:00.0;0,2
SÃO JOSÉ DOS CAMPOS;354990403A;SP;Jardim Santa Matilde;-23,14;-45,903;2018-02-05 22:10:00.0;0,0
SÃO JOSÉ DOS CAMPOS;354990403A;SP;Jardim Santa Matilde;-23,14;-45,903;2018-02-05 23:10:00.0;0,0
SÃO JOSÉ DOS CAMPOS;354990403A;SP;Jardim Santa Matilde;-23,14;-45,903;2018-02-06 00:10:00.0;0,0
SÃO JOSÉ DOS CAMPOS;354990403A;SP;Jardim Santa Matilde;-23,14;-45,903;2018-02-06 01:10:00.0;0,0
SÃO JOSÉ DOS CAMPOS;354990403A;SP;Jardim Santa Matilde;-23,14;-45,903;2018-02-06 02:10:00.0;0,0
SÃO JOSÉ DOS CAMPOS;354990403A;SP;Jardim Santa Matilde;-23,14;-45,903;2018-02-06 03:10:00.0;0,0
SÃO JOSÉ DOS CAMPOS;354990403A;SP;Jardim Santa Matilde;-23,14;-45,903;2018-02-06 04:10:00.0;0,0
SÃO JOSÉ DOS CAMPOS;354990403A;SP;Jardim Santa Matilde;-23,14;-45,903;2018-02-06 05:10:00.0;0,0
SÃO JOSÉ DOS CAMPOS;354990403A;SP;Jardim Santa Matilde;-23,14;-45,903;2018-02-06 10:40:00.0;0,0
SÃO JOSÉ DOS CAMPOS;354990403A;SP;Jardim Santa Matilde;-23,14;-45,903;2018-02-06 11:10:00.0;0,0
SÃO JOSÉ DOS CAMPOS;354990403A;SP;Jardim Santa Matilde;-23,14;-45,903;2018-02-06 12:10:00.0;0,0
SÃO JOSÉ DOS CAMPOS;354990403A;SP;Jardim Santa Matilde;-23,14;-45,903;2018-02-06 13:10:00.0;0,0
SÃO JOSÉ DOS CAMPOS;354990403A;SP;Jardim Santa Matilde;-23,14;-45,903;2018-02-06 14:10:00.0;0,0
SÃO JOSÉ DOS CAMPOS;354990403A;SP;Jardim Santa Matilde;-23,14;-45,903;2018-02-06 15:10:00.0;0,0
SÃO JOSÉ DOS CAMPOS;354990403A;SP;Jardim Santa Matilde;-23,14;-45,903;2018-02-06 16:10:00.0;0,0
SÃO JOSÉ DOS CAMPOS;354990403A;SP;Jardim Santa Matilde;-23,14;-45,903;2018-02-06 17:10:00.0;0,0
SÃO JOSÉ DOS CAMPOS;354990403A;SP;Jardim Santa Matilde;-23,14;-45,903;2018-02-06 18:10:00.0;0,0
SÃO JOSÉ DOS CAMPOS;354990403A;SP;Jardim Santa Matilde;-23,14;-45,903;2018-02-06 19:10:00.0;0,0
SÃO JOSÉ DOS CAMPOS;354990403A;SP;Jardim Santa Matilde;-23,14;-45,903;2018-02-06 20:10:00.0;0,0
SÃO JOSÉ DOS CAMPOS;354990403A;SP;Jardim Santa Matilde;-23,14;-45,903;2018-02-06 20:20:00.0;0,2
SÃO JOSÉ DOS CAMPOS;354990403A;SP;Jardim Santa Matilde;-23,14;-45,903;2018-02-06 20:40:00.0;0,2
SÃO JOSÉ DOS CAMPOS;354990403A;SP;Jardim Santa Matilde;-23,14;-45,903;2018-02-06 21:00:00.0;0,2
SÃO JOSÉ DOS CAMPOS;354990403A;SP;Jardim Santa Matilde;-23,14;-45,903;2018-02-06 21:10:00.0;0,0
SÃO JOSÉ DOS CAMPOS;354990403A;SP;Jardim Santa Matilde;-23,14;-45,903;2018-02-06 22:10:00.0;0,0
SÃO JOSÉ DOS CAMPOS;354990403A;SP;Jardim Santa Matilde;-23,14;-45,903;2018-02-06 23:10:00.0;0,0
SÃO JOSÉ DOS CAMPOS;354990403A;SP;Jardim Santa Matilde;-23,14;-45,903;2018-02-07 00:10:00.0;0,0
SÃO JOSÉ DOS CAMPOS;354990403A;SP;Jardim Santa Matilde;-23,14;-45,903;2018-02-07 01:10:00.0;0,0
SÃO JOSÉ DOS CAMPOS;354990403A;SP;Jardim Santa Matilde;-23,14;-45,903;2018-02-07 02:10:00.0;0,0
SÃO JOSÉ DOS CAMPOS;354990403A;SP;Jardim Santa Matilde;-23,14;-45,903;2018-02-07 03:10:00.0;0,0
SÃO JOSÉ DOS CAMPOS;354990403A;SP;Jardim Santa Matilde;-23,14;-45,903;2018-02-07 04:10:00.0;0,0
SÃO JOSÉ DOS CAMPOS;354990403A;SP;Jardim Santa Matilde;-23,14;-45,903;2018-02-07 05:10:00.0;0,0
SÃO JOSÉ DOS CAMPOS;354990403A;SP;Jardim Santa Matilde;-23,14;-45,903;2018-02-07 06:10:00.0;0,0
SÃO JOSÉ DOS CAMPOS;354990403A;SP;Jardim Santa Matilde;-23,14;-45,903;2018-02-07 10:50:00.0;0,0
SÃO JOSÉ DOS CAMPOS;354990403A;SP;Jardim Santa Matilde;-23,14;-45,903;2018-02-07 11:10:00.0;0,0
SÃO JOSÉ DOS CAMPOS;354990403A;SP;Jardim Santa Matilde;-23,14;-45,903;2018-02-07 12:10:00.0;0,0
SÃO JOSÉ DOS CAMPOS;354990403A;SP;Jardim Santa Matilde;-23,14;-45,903;2018-02-07 13:10:00.0;0,0
SÃO JOSÉ DOS CAMPOS;354990403A;SP;Jardim Santa Matilde;-23,14;-45,903;2018-02-07 14:10:00.0;0,0
SÃO JOSÉ DOS CAMPOS;354990403A;SP;Jardim Santa Matilde;-23,14;-45,903;2018-02-07 15:10:00.0;0,0
SÃO JOSÉ DOS CAMPOS;354990403A;SP;Jardim Santa Matilde;-23,14;-45,903;2018-02-07 16:10:00.0;0,0
SÃO JOSÉ DOS CAMPOS;354990403A;SP;Jardim Santa Matilde;-23,14;-45,903;2018-02-07 17:10:00.0;0,0
SÃO JOSÉ DOS CAMPOS;354990403A;SP;Jardim Santa Matilde;-23,14;-45,903;2018-02-07 18:10:00.0;0,0
SÃO JOSÉ DOS CAMPOS;354990403A;SP;Jardim Santa Matilde;-23,14;-45,903;2018-02-07 19:10:00.0;0,0
SÃO JOSÉ DOS CAMPOS;354990403A;SP;Jardim Santa Matilde;-23,14;-45,903;2018-02-07 20:10:00.0;0,0
SÃO JOSÉ DOS CAMPOS;354990403A;SP;Jardim Santa Matilde;-23,14;-45,903;2018-02-07 21:10:00.0;0,0
SÃO JOSÉ DOS CAMPOS;354990403A;SP;Jardim Santa Matilde;-23,14;-45,903;2018-02-07 22:10:00.0;0,0
SÃO JOSÉ DOS CAMPOS;354990403A;SP;Jardim Santa Matilde;-23,14;-45,903;2018-02-07 23:10:00.0;0,0
SÃO JOSÉ DOS CAMPOS;354990403A;SP;Jardim Santa Matilde;-23,14;-45,903;2018-02-08 00:10:00.0;0,0
SÃO JOSÉ DOS CAMPOS;354990403A;SP;Jardim Santa Matilde;-23,14;-45,903;2018-02-08 01:10:00.0;0,0
SÃO JOSÉ DOS CAMPOS;354990403A;SP;Jardim Santa Matilde;-23,14;-45,903;2018-02-08 02:10:00.0;0,0
SÃO JOSÉ DOS CAMPOS;354990403A;SP;Jardim Santa Matilde;-23,14;-45,903;2018-02-08 11:00:00.0;0,0
SÃO JOSÉ DOS CAMPOS;354990403A;SP;Jardim Santa Matilde;-23,14;-45,903;2018-02-08 11:10:00.0;0,0
SÃO JOSÉ DOS CAMPOS;354990403A;SP;Jardim Santa Matilde;-23,14;-45,903;2018-02-08 12:10:00.0;0,0
SÃO JOSÉ DOS CAMPOS;354990403A;SP;Jardim Santa Matilde;-23,14;-45,903;2018-02-08 13:10:00.0;0,0
SÃO JOSÉ DOS CAMPOS;354990403A;SP;Jardim Santa Matilde;-23,14;-45,903;2018-02-08 14:10:00.0;0,0
SÃO JOSÉ DOS CAMPOS;354990403A;SP;Jardim Santa Matilde;-23,14;-45,903;2018-02-08 15:10:00.0;0,0
SÃO JOSÉ DOS CAMPOS;354990403A;SP;Jardim Santa Matilde;-23,14;-45,903;2018-02-08 16:10:00.0;0,0
SÃO JOSÉ DOS CAMPOS;354990403A;SP;Jardim Santa Matilde;-23,14;-45,903;2018-02-08 17:10:00.0;0,0
SÃO JOSÉ DOS CAMPOS;354990403A;SP;Jardim Santa Matilde;-23,14;-45,903;2018-02-08 18:10:00.0;0,0
SÃO JOSÉ DOS CAMPOS;354990403A;SP;Jardim Santa Matilde;-23,14;-45,903;2018-02-08 19:10:00.0;0,0
SÃO JOSÉ DOS CAMPOS;354990403A;SP;Jardim Santa Matilde;-23,14;-45,903;2018-02-08 20:10:00.0;0,0
SÃO JOSÉ DOS CAMPOS;354990403A;SP;Jardim Santa Matilde;-23,14;-45,903;2018-02-08 21:10:00.0;0,0
SÃO JOSÉ DOS CAMPOS;354990403A;SP;Jardim Santa Matilde;-23,14;-45,903;2018-02-08 22:10:00.0;0,0
SÃO JOSÉ DOS CAMPOS;354990403A;SP;Jardim Santa Matilde;-23,14;-45,903;2018-02-08 23:10:00.0;0,0
SÃO JOSÉ DOS CAMPOS;354990403A;SP;Jardim Santa Matilde;-23,14;-45,903;2018-02-09 00:10:00.0;0,0
SÃO JOSÉ DOS CAMPOS;354990403A;SP;Jardim Santa Matilde;-23,14;-45,903;2018-02-09 01:10:00.0;0,0
SÃO JOSÉ DOS CAMPOS;354990403A;SP;Jardim Santa Matilde;-23,14;-45,903;2018-02-09 02:10:00.0;0,0
SÃO JOSÉ DOS CAMPOS;354990403A;SP;Jardim Santa Matilde;-23,14;-45,903;2018-02-09 03:10:00.0;0,0
SÃO JOSÉ DOS CAMPOS;354990403A;SP;Jardim Santa Matilde;-23,14;-45,903;2018-02-09 04:10:00.0;0,0
SÃO JOSÉ DOS CAMPOS;354990403A;SP;Jardim Santa Matilde;-23,14;-45,903;2018-02-09 10:20:00.0;0,0
SÃO JOSÉ DOS CAMPOS;354990403A;SP;Jardim Santa Matilde;-23,14;-45,903;2018-02-09 11:10:00.0;0,0
SÃO JOSÉ DOS CAMPOS;354990403A;SP;Jardim Santa Matilde;-23,14;-45,903;2018-02-09 12:10:00.0;0,0
SÃO JOSÉ DOS CAMPOS;354990403A;SP;Jardim Santa Matilde;-23,14;-45,903;2018-02-09 13:10:00.0;0,0
SÃO JOSÉ DOS CAMPOS;354990403A;SP;Jardim Santa Matilde;-23,14;-45,903;2018-02-09 14:10:00.0;0,0
SÃO JOSÉ DOS CAMPOS;354990403A;SP;Jardim Santa Matilde;-23,14;-45,903;2018-02-09 15:10:00.0;0,0
SÃO JOSÉ DOS CAMPOS;354990403A;SP;Jardim Santa Matilde;-23,14;-45,903;2018-02-09 16:10:00.0;0,0
SÃO JOSÉ DOS CAMPOS;354990403A;SP;Jardim Santa Matilde;-23,14;-45,903;2018-02-09 17:10:00.0;0,0
SÃO JOSÉ DOS CAMPOS;354990403A;SP;Jardim Santa Matilde;-23,14;-45,903;2018-02-09 18:10:00.0;0,0
SÃO JOSÉ DOS CAMPOS;354990403A;SP;Jardim Santa Matilde;-23,14;-45,903;2018-02-09 19:10:00.0;0,0
SÃO JOSÉ DOS CAMPOS;354990403A;SP;Jardim Santa Matilde;-23,14;-45,903;2018-02-09 20:10:00.0;0,0
SÃO JOSÉ DOS CAMPOS;354990403A;SP;Jardim Santa Matilde;-23,14;-45,903;2018-02-09 21:10:00.0;0,0
SÃO JOSÉ DOS CAMPOS;354990403A;SP;Jardim Santa Matilde;-23,14;-45,903;2018-02-09 22:10:00.0;0,0
SÃO JOSÉ DOS CAMPOS;354990403A;SP;Jardim Santa Matilde;-23,14;-45,903;2018-02-09 23:10:00.0;0,0
SÃO JOSÉ DOS CAMPOS;354990403A;SP;Jardim Santa Matilde;-23,14;-45,903;2018-02-10 00:10:00.0;0,0
SÃO JOSÉ DOS CAMPOS;354990403A;SP;Jardim Santa Matilde;-23,14;-45,903;2018-02-10 01:10:00.0;0,0
SÃO JOSÉ DOS CAMPOS;354990403A;SP;Jardim Santa Matilde;-23,14;-45,903;2018-02-10 02:10:00.0;0,0
SÃO JOSÉ DOS CAMPOS;354990403A;SP;Jardim Santa Matilde;-23,14;-45,903;2018-02-10 03:10:00.0;0,0
SÃO JOSÉ DOS CAMPOS;354990403A;SP;Jardim Santa Matilde;-23,14;-45,903;2018-02-10 04:10:00.0;0,0
SÃO JOSÉ DOS CAMPOS;354990403A;SP;Jardim Santa Matilde;-23,14;-45,903;2018-02-10 05:10:00.0;0,0
SÃO JOSÉ DOS CAMPOS;354990403A;SP;Jardim Santa Matilde;-23,14;-45,903;2018-02-10 06:10:00.0;0,0
SÃO JOSÉ DOS CAMPOS;354990403A;SP;Jardim Santa Matilde;-23,14;-45,903;2018-02-10 07:10:00.0;0,0
SÃO JOSÉ DOS CAMPOS;354990403A;SP;Jardim Santa Matilde;-23,14;-45,903;2018-02-10 09:40:00.0;0,0
SÃO JOSÉ DOS CAMPOS;354990403A;SP;Jardim Santa Matilde;-23,14;-45,903;2018-02-10 10:10:00.0;0,0
SÃO JOSÉ DOS CAMPOS;354990403A;SP;Jardim Santa Matilde;-23,14;-45,903;2018-02-10 11:10:00.0;0,0
SÃO JOSÉ DOS CAMPOS;354990403A;SP;Jardim Santa Matilde;-23,14;-45,903;2018-02-10 12:10:00.0;0,0
SÃO JOSÉ DOS CAMPOS;354990403A;SP;Jardim Santa Matilde;-23,14;-45,903;2018-02-10 13:10:00.0;0,0
SÃO JOSÉ DOS CAMPOS;354990403A;SP;Jardim Santa Matilde;-23,14;-45,903;2018-02-10 14:10:00.0;0,0
SÃO JOSÉ DOS CAMPOS;354990403A;SP;Jardim Santa Matilde;-23,14;-45,903;2018-02-10 15:10:00.0;0,0
SÃO JOSÉ DOS CAMPOS;354990403A;SP;Jardim Santa Matilde;-23,14;-45,903;2018-02-10 16:10:00.0;0,0
SÃO JOSÉ DOS CAMPOS;354990403A;SP;Jardim Santa Matilde;-23,14;-45,903;2018-02-10 17:10:00.0;0,2
SÃO JOSÉ DOS CAMPOS;354990403A;SP;Jardim Santa Matilde;-23,14;-45,903;2018-02-10 17:50:00.0;0,2
SÃO JOSÉ DOS CAMPOS;354990403A;SP;Jardim Santa Matilde;-23,14;-45,903;2018-02-10 18:10:00.0;0,0
SÃO JOSÉ DOS CAMPOS;354990403A;SP;Jardim Santa Matilde;-23,14;-45,903;2018-02-10 18:50:00.0;0,2
SÃO JOSÉ DOS CAMPOS;354990403A;SP;Jardim Santa Matilde;-23,14;-45,903;2018-02-10 20:10:00.0;0,0
SÃO JOSÉ DOS CAMPOS;354990403A;SP;Jardim Santa Matilde;-23,14;-45,903;2018-02-10 21:10:00.0;0,0
SÃO JOSÉ DOS CAMPOS;354990403A;SP;Jardim Santa Matilde;-23,14;-45,903;2018-02-10 21:20:00.0;0,2
SÃO JOSÉ DOS CAMPOS;354990403A;SP;Jardim Santa Matilde;-23,14;-45,903;2018-02-10 22:10:00.0;0,2
SÃO JOSÉ DOS CAMPOS;354990403A;SP;Jardim Santa Matilde;-23,14;-45,903;2018-02-10 23:10:00.0;0,0
SÃO JOSÉ DOS CAMPOS;354990403A;SP;Jardim Santa Matilde;-23,14;-45,903;2018-02-11 00:10:00.0;0,0
SÃO JOSÉ DOS CAMPOS;354990403A;SP;Jardim Santa Matilde;-23,14;-45,903;2018-02-11 01:10:00.0;0,0
SÃO JOSÉ DOS CAMPOS;354990403A;SP;Jardim Santa Matilde;-23,14;-45,903;2018-02-11 02:10:00.0;0,0
SÃO JOSÉ DOS CAMPOS;354990403A;SP;Jardim Santa Matilde;-23,14;-45,903;2018-02-11 03:10:00.0;0,0
SÃO JOSÉ DOS CAMPOS;354990403A;SP;Jardim Santa Matilde;-23,14;-45,903;2018-02-11 04:10:00.0;0,0
SÃO JOSÉ DOS CAMPOS;354990403A;SP;Jardim Santa Matilde;-23,14;-45,903;2018-02-11 05:10:00.0;0,0
SÃO JOSÉ DOS CAMPOS;354990403A;SP;Jardim Santa Matilde;-23,14;-45,903;2018-02-11 06:10:00.0;0,0
SÃO JOSÉ DOS CAMPOS;354990403A;SP;Jardim Santa Matilde;-23,14;-45,903;2018-02-11 07:10:00.0;0,0
SÃO JOSÉ DOS CAMPOS;354990403A;SP;Jardim Santa Matilde;-23,14;-45,903;2018-02-11 08:10:00.0;0,0
SÃO JOSÉ DOS CAMPOS;354990403A;SP;Jardim Santa Matilde;-23,14;-45,903;2018-02-11 09:10:00.0;0,0
SÃO JOSÉ DOS CAMPOS;354990403A;SP;Jardim Santa Matilde;-23,14;-45,903;2018-02-11 10:10:00.0;0,0
SÃO JOSÉ DOS CAMPOS;354990403A;SP;Jardim Santa Matilde;-23,14;-45,903;2018-02-11 11:10:00.0;0,0
SÃO JOSÉ DOS CAMPOS;354990403A;SP;Jardim Santa Matilde;-23,14;-45,903;2018-02-11 12:10:00.0;0,0
SÃO JOSÉ DOS CAMPOS;354990403A;SP;Jardim Santa Matilde;-23,14;-45,903;2018-02-11 13:10:00.0;0,0
SÃO JOSÉ DOS CAMPOS;354990403A;SP;Jardim Santa Matilde;-23,14;-45,903;2018-02-11 14:10:00.0;0,0
SÃO JOSÉ DOS CAMPOS;354990403A;SP;Jardim Santa Matilde;-23,14;-45,903;2018-02-11 15:10:00.0;0,0
SÃO JOSÉ DOS CAMPOS;354990403A;SP;Jardim Santa Matilde;-23,14;-45,903;2018-02-11 16:10:00.0;0,0
SÃO JOSÉ DOS CAMPOS;354990403A;SP;Jardim Santa Matilde;-23,14;-45,903;2018-02-11 17:10:00.0;0,0
SÃO JOSÉ DOS CAMPOS;354990403A;SP;Jardim Santa Matilde;-23,14;-45,903;2018-02-11 18:10:00.0;0,0
SÃO JOSÉ DOS CAMPOS;354990403A;SP;Jardim Santa Matilde;-23,14;-45,903;2018-02-11 19:10:00.0;0,0
SÃO JOSÉ DOS CAMPOS;354990403A;SP;Jardim Santa Matilde;-23,14;-45,903;2018-02-11 20:10:00.0;0,0
SÃO JOSÉ DOS CAMPOS;354990403A;SP;Jardim Santa Matilde;-23,14;-45,903;2018-02-11 21:10:00.0;0,0
SÃO JOSÉ DOS CAMPOS;354990403A;SP;Jardim Santa Matilde;-23,14;-45,903;2018-02-11 22:10:00.0;0,0
SÃO JOSÉ DOS CAMPOS;354990403A;SP;Jardim Santa Matilde;-23,14;-45,903;2018-02-11 23:10:00.0;0,0
SÃO JOSÉ DOS CAMPOS;354990403A;SP;Jardim Santa Matilde;-23,14;-45,903;2018-02-12 00:10:00.0;0,0
SÃO JOSÉ DOS CAMPOS;354990403A;SP;Jardim Santa Matilde;-23,14;-45,903;2018-02-12 01:10:00.0;0,0
SÃO JOSÉ DOS CAMPOS;354990403A;SP;Jardim Santa Matilde;-23,14;-45,903;2018-02-12 02:10:00.0;0,0
SÃO JOSÉ DOS CAMPOS;354990403A;SP;Jardim Santa Matilde;-23,14;-45,903;2018-02-12 03:10:00.0;0,0
SÃO JOSÉ DOS CAMPOS;354990403A;SP;Jardim Santa Matilde;-23,14;-45,903;2018-02-12 04:10:00.0;0,0
SÃO JOSÉ DOS CAMPOS;354990403A;SP;Jardim Santa Matilde;-23,14;-45,903;2018-02-12 05:10:00.0;0,0
SÃO JOSÉ DOS CAMPOS;354990403A;SP;Jardim Santa Matilde;-23,14;-45,903;2018-02-12 06:10:00.0;0,0
SÃO JOSÉ DOS CAMPOS;354990403A;SP;Jardim Santa Matilde;-23,14;-45,903;2018-02-12 07:10:00.0;0,0
SÃO JOSÉ DOS CAMPOS;354990403A;SP;Jardim Santa Matilde;-23,14;-45,903;2018-02-12 08:10:00.0;0,0
SÃO JOSÉ DOS CAMPOS;354990403A;SP;Jardim Santa Matilde;-23,14;-45,903;2018-02-12 09:10:00.0;0,0
SÃO JOSÉ DOS CAMPOS;354990403A;SP;Jardim Santa Matilde;-23,14;-45,903;2018-02-12 10:10:00.0;0,0
SÃO JOSÉ DOS CAMPOS;354990403A;SP;Jardim Santa Matilde;-23,14;-45,903;2018-02-12 11:10:00.0;0,0
SÃO JOSÉ DOS CAMPOS;354990403A;SP;Jardim Santa Matilde;-23,14;-45,903;2018-02-12 12:10:00.0;0,0
SÃO JOSÉ DOS CAMPOS;354990403A;SP;Jardim Santa Matilde;-23,14;-45,903;2018-02-12 13:10:00.0;0,0
SÃO JOSÉ DOS CAMPOS;354990403A;SP;Jardim Santa Matilde;-23,14;-45,903;2018-02-12 14:10:00.0;0,0
SÃO JOSÉ DOS CAMPOS;354990403A;SP;Jardim Santa Matilde;-23,14;-45,903;2018-02-12 15:10:00.0;0,0
SÃO JOSÉ DOS CAMPOS;354990403A;SP;Jardim Santa Matilde;-23,14;-45,903;2018-02-12 16:10:00.0;0,0
SÃO JOSÉ DOS CAMPOS;354990403A;SP;Jardim Santa Matilde;-23,14;-45,903;2018-02-12 17:10:00.0;0,0
SÃO JOSÉ DOS CAMPOS;354990403A;SP;Jardim Santa Matilde;-23,14;-45,903;2018-02-12 18:10:00.0;0,0
SÃO JOSÉ DOS CAMPOS;354990403A;SP;Jardim Santa Matilde;-23,14;-45,903;2018-02-12 19:10:00.0;0,0
SÃO JOSÉ DOS CAMPOS;354990403A;SP;Jardim Santa Matilde;-23,14;-45,903;2018-02-12 20:10:00.0;0,0
SÃO JOSÉ DOS CAMPOS;354990403A;SP;Jardim Santa Matilde;-23,14;-45,903;2018-02-12 20:20:00.0;0,2
SÃO JOSÉ DOS CAMPOS;354990403A;SP;Jardim Santa Matilde;-23,14;-45,903;2018-02-12 20:30:00.0;0,59
SÃO JOSÉ DOS CAMPOS;354990403A;SP;Jardim Santa Matilde;-23,14;-45,903;2018-02-12 20:40:00.0;0,39
SÃO JOSÉ DOS CAMPOS;354990403A;SP;Jardim Santa Matilde;-23,14;-45,903;2018-02-12 20:50:00.0;0,2
SÃO JOSÉ DOS CAMPOS;354990403A;SP;Jardim Santa Matilde;-23,14;-45,903;2018-02-12 21:00:00.0;0,2
SÃO JOSÉ DOS CAMPOS;354990403A;SP;Jardim Santa Matilde;-23,14;-45,903;2018-02-12 21:10:00.0;0,2
SÃO JOSÉ DOS CAMPOS;354990403A;SP;Jardim Santa Matilde;-23,14;-45,903;2018-02-12 21:20:00.0;0,2
SÃO JOSÉ DOS CAMPOS;354990403A;SP;Jardim Santa Matilde;-23,14;-45,903;2018-02-12 21:40:00.0;0,2
SÃO JOSÉ DOS CAMPOS;354990403A;SP;Jardim Santa Matilde;-23,14;-45,903;2018-02-12 21:50:00.0;0,2
SÃO JOSÉ DOS CAMPOS;354990403A;SP;Jardim Santa Matilde;-23,14;-45,903;2018-02-12 22:10:00.0;0,2
SÃO JOSÉ DOS CAMPOS;354990403A;SP;Jardim Santa Matilde;-23,14;-45,903;2018-02-12 22:40:00.0;0,2
SÃO JOSÉ DOS CAMPOS;354990403A;SP;Jardim Santa Matilde;-23,14;-45,903;2018-02-12 23:10:00.0;0,2
SÃO JOSÉ DOS CAMPOS;354990403A;SP;Jardim Santa Matilde;-23,14;-45,903;2018-02-12 23:40:00.0;0,2
SÃO JOSÉ DOS CAMPOS;354990403A;SP;Jardim Santa Matilde;-23,14;-45,903;2018-02-13 00:10:00.0;0,2
SÃO JOSÉ DOS CAMPOS;354990403A;SP;Jardim Santa Matilde;-23,14;-45,903;2018-02-13 00:40:00.0;0,2
SÃO JOSÉ DOS CAMPOS;354990403A;SP;Jardim Santa Matilde;-23,14;-45,903;2018-02-13 01:10:00.0;0,2
SÃO JOSÉ DOS CAMPOS;354990403A;SP;Jardim Santa Matilde;-23,14;-45,903;2018-02-13 01:40:00.0;0,2
SÃO JOSÉ DOS CAMPOS;354990403A;SP;Jardim Santa Matilde;-23,14;-45,903;2018-02-13 02:00:00.0;0,2
SÃO JOSÉ DOS CAMPOS;354990403A;SP;Jardim Santa Matilde;-23,14;-45,903;2018-02-13 02:10:00.0;0,0
SÃO JOSÉ DOS CAMPOS;354990403A;SP;Jardim Santa Matilde;-23,14;-45,903;2018-02-13 02:30:00.0;0,2
SÃO JOSÉ DOS CAMPOS;354990403A;SP;Jardim Santa Matilde;-23,14;-45,903;2018-02-13 03:10:00.0;0,2
SÃO JOSÉ DOS CAMPOS;354990403A;SP;Jardim Santa Matilde;-23,14;-45,903;2018-02-13 03:50:00.0;0,2
SÃO JOSÉ DOS CAMPOS;354990403A;SP;Jardim Santa Matilde;-23,14;-45,903;2018-02-13 04:10:00.0;0,0
SÃO JOSÉ DOS CAMPOS;354990403A;SP;Jardim Santa Matilde;-23,14;-45,903;2018-02-13 04:30:00.0;0,2
SÃO JOSÉ DOS CAMPOS;354990403A;SP;Jardim Santa Matilde;-23,14;-45,903;2018-02-13 05:10:00.0;0,2
SÃO JOSÉ DOS CAMPOS;354990403A;SP;Jardim Santa Matilde;-23,14;-45,903;2018-02-13 05:50:00.0;0,2
SÃO JOSÉ DOS CAMPOS;354990403A;SP;Jardim Santa Matilde;-23,14;-45,903;2018-02-13 06:10:00.0;0,0
SÃO JOSÉ DOS CAMPOS;354990403A;SP;Jardim Santa Matilde;-23,14;-45,903;2018-02-13 06:30:00.0;0,2
SÃO JOSÉ DOS CAMPOS;354990403A;SP;Jardim Santa Matilde;-23,14;-45,903;2018-02-13 07:00:00.0;0,2
SÃO JOSÉ DOS CAMPOS;354990403A;SP;Jardim Santa Matilde;-23,14;-45,903;2018-02-13 07:10:00.0;0,0
SÃO JOSÉ DOS CAMPOS;354990403A;SP;Jardim Santa Matilde;-23,14;-45,903;2018-02-13 07:30:00.0;0,2
SÃO JOSÉ DOS CAMPOS;354990403A;SP;Jardim Santa Matilde;-23,14;-45,903;2018-02-13 08:00:00.0;0,2
SÃO JOSÉ DOS CAMPOS;354990403A;SP;Jardim Santa Matilde;-23,14;-45,903;2018-02-13 08:10:00.0;0,0
SÃO JOSÉ DOS CAMPOS;354990403A;SP;Jardim Santa Matilde;-23,14;-45,903;2018-02-13 08:30:00.0;0,2
SÃO JOSÉ DOS CAMPOS;354990403A;SP;Jardim Santa Matilde;-23,14;-45,903;2018-02-13 08:50:00.0;0,2
SÃO JOSÉ DOS CAMPOS;354990403A;SP;Jardim Santa Matilde;-23,14;-45,903;2018-02-13 09:10:00.0;0,0
SÃO JOSÉ DOS CAMPOS;354990403A;SP;Jardim Santa Matilde;-23,14;-45,903;2018-02-13 09:30:00.0;0,2
SÃO JOSÉ DOS CAMPOS;354990403A;SP;Jardim Santa Matilde;-23,14;-45,903;2018-02-13 10:10:00.0;0,2
SÃO JOSÉ DOS CAMPOS;354990403A;SP;Jardim Santa Matilde;-23,14;-45,903;2018-02-13 10:20:00.0;0,0
SÃO JOSÉ DOS CAMPOS;354990403A;SP;Jardim Santa Matilde;-23,14;-45,903;2018-02-13 10:40:00.0;0,2
SÃO JOSÉ DOS CAMPOS;354990403A;SP;Jardim Santa Matilde;-23,14;-45,903;2018-02-13 11:10:00.0;0,0
SÃO JOSÉ DOS CAMPOS;354990403A;SP;Jardim Santa Matilde;-23,14;-45,903;2018-02-13 11:30:00.0;0,2
SÃO JOSÉ DOS CAMPOS;354990403A;SP;Jardim Santa Matilde;-23,14;-45,903;2018-02-13 12:10:00.0;0,2
SÃO JOSÉ DOS CAMPOS;354990403A;SP;Jardim Santa Matilde;-23,14;-45,903;2018-02-13 12:40:00.0;0,2
SÃO JOSÉ DOS CAMPOS;354990403A;SP;Jardim Santa Matilde;-23,14;-45,903;2018-02-13 13:10:00.0;0,2
SÃO JOSÉ DOS CAMPOS;354990403A;SP;Jardim Santa Matilde;-23,14;-45,903;2018-02-13 13:50:00.0;0,2
SÃO JOSÉ DOS CAMPOS;354990403A;SP;Jardim Santa Matilde;-23,14;-45,903;2018-02-13 14:10:00.0;0,0
SÃO JOSÉ DOS CAMPOS;354990403A;SP;Jardim Santa Matilde;-23,14;-45,903;2018-02-13 14:30:00.0;0,2
SÃO JOSÉ DOS CAMPOS;354990403A;SP;Jardim Santa Matilde;-23,14;-45,903;2018-02-13 15:10:00.0;0,0
SÃO JOSÉ DOS CAMPOS;354990403A;SP;Jardim Santa Matilde;-23,14;-45,903;2018-02-13 15:20:00.0;0,2
SÃO JOSÉ DOS CAMPOS;354990403A;SP;Jardim Santa Matilde;-23,14;-45,903;2018-02-13 16:00:00.0;0,2
SÃO JOSÉ DOS CAMPOS;354990403A;SP;Jardim Santa Matilde;-23,14;-45,903;2018-02-13 16:10:00.0;0,0
SÃO JOSÉ DOS CAMPOS;354990403A;SP;Jardim Santa Matilde;-23,14;-45,903;2018-02-13 16:50:00.0;0,2
SÃO JOSÉ DOS CAMPOS;354990403A;SP;Jardim Santa Matilde;-23,14;-45,903;2018-02-13 17:10:00.0;0,0
SÃO JOSÉ DOS CAMPOS;354990403A;SP;Jardim Santa Matilde;-23,14;-45,903;2018-02-13 17:30:00.0;0,2
SÃO JOSÉ DOS CAMPOS;354990403A;SP;Jardim Santa Matilde;-23,14;-45,903;2018-02-13 18:10:00.0;0,2
SÃO JOSÉ DOS CAMPOS;354990403A;SP;Jardim Santa Matilde;-23,14;-45,903;2018-02-13 18:50:00.0;0,2
SÃO JOSÉ DOS CAMPOS;354990403A;SP;Jardim Santa Matilde;-23,14;-45,903;2018-02-13 19:10:00.0;0,0
SÃO JOSÉ DOS CAMPOS;354990403A;SP;Jardim Santa Matilde;-23,14;-45,903;2018-02-13 19:30:00.0;0,2
SÃO JOSÉ DOS CAMPOS;354990403A;SP;Jardim Santa Matilde;-23,14;-45,903;2018-02-13 20:00:00.0;0,2
SÃO JOSÉ DOS CAMPOS;354990403A;SP;Jardim Santa Matilde;-23,14;-45,903;2018-02-13 20:10:00.0;0,0
SÃO JOSÉ DOS CAMPOS;354990403A;SP;Jardim Santa Matilde;-23,14;-45,903;2018-02-13 20:20:00.0;0,2
SÃO JOSÉ DOS CAMPOS;354990403A;SP;Jardim Santa Matilde;-23,14;-45,903;2018-02-13 20:50:00.0;0,2
SÃO JOSÉ DOS CAMPOS;354990403A;SP;Jardim Santa Matilde;-23,14;-45,903;2018-02-13 21:20:00.0;0,2
SÃO JOSÉ DOS CAMPOS;354990403A;SP;Jardim Santa Matilde;-23,14;-45,903;2018-02-13 22:00:00.0;0,2
SÃO JOSÉ DOS CAMPOS;354990403A;SP;Jardim Santa Matilde;-23,14;-45,903;2018-02-13 22:10:00.0;0,0
SÃO JOSÉ DOS CAMPOS;354990403A;SP;Jardim Santa Matilde;-23,14;-45,903;2018-02-13 22:20:00.0;0,2
SÃO JOSÉ DOS CAMPOS;354990403A;SP;Jardim Santa Matilde;-23,14;-45,903;2018-02-13 22:50:00.0;0,2
SÃO JOSÉ DOS CAMPOS;354990403A;SP;Jardim Santa Matilde;-23,14;-45,903;2018-02-13 23:10:00.0;0,0
SÃO JOSÉ DOS CAMPOS;354990403A;SP;Jardim Santa Matilde;-23,14;-45,903;2018-02-13 23:20:00.0;0,2
SÃO JOSÉ DOS CAMPOS;354990403A;SP;Jardim Santa Matilde;-23,14;-45,903;2018-02-13 23:40:00.0;0,2
SÃO JOSÉ DOS CAMPOS;354990403A;SP;Jardim Santa Matilde;-23,14;-45,903;2018-02-14 00:10:00.0;0,2
SÃO JOSÉ DOS CAMPOS;354990403A;SP;Jardim Santa Matilde;-23,14;-45,903;2018-02-14 00:30:00.0;0,2
SÃO JOSÉ DOS CAMPOS;354990403A;SP;Jardim Santa Matilde;-23,14;-45,903;2018-02-14 00:50:00.0;0,2
SÃO JOSÉ DOS CAMPOS;354990403A;SP;Jardim Santa Matilde;-23,14;-45,903;2018-02-14 01:00:00.0;0,2
SÃO JOSÉ DOS CAMPOS;354990403A;SP;Jardim Santa Matilde;-23,14;-45,903;2018-02-14 01:10:00.0;0,0
SÃO JOSÉ DOS CAMPOS;354990403A;SP;Jardim Santa Matilde;-23,14;-45,903;2018-02-14 01:20:00.0;0,2
SÃO JOSÉ DOS CAMPOS;354990403A;SP;Jardim Santa Matilde;-23,14;-45,903;2018-02-14 01:40:00.0;0,2
SÃO JOSÉ DOS CAMPOS;354990403A;SP;Jardim Santa Matilde;-23,14;-45,903;2018-02-14 01:50:00.0;0,2
SÃO JOSÉ DOS CAMPOS;354990403A;SP;Jardim Santa Matilde;-23,14;-45,903;2018-02-14 02:10:00.0;0,2
SÃO JOSÉ DOS CAMPOS;354990403A;SP;Jardim Santa Matilde;-23,14;-45,903;2018-02-14 02:30:00.0;0,2
SÃO JOSÉ DOS CAMPOS;354990403A;SP;Jardim Santa Matilde;-23,14;-45,903;2018-02-14 02:40:00.0;0,2
SÃO JOSÉ DOS CAMPOS;354990403A;SP;Jardim Santa Matilde;-23,14;-45,903;2018-02-14 03:00:00.0;0,2
SÃO JOSÉ DOS CAMPOS;354990403A;SP;Jardim Santa Matilde;-23,14;-45,903;2018-02-14 03:10:00.0;0,2
SÃO JOSÉ DOS CAMPOS;354990403A;SP;Jardim Santa Matilde;-23,14;-45,903;2018-02-14 03:30:00.0;0,2
SÃO JOSÉ DOS CAMPOS;354990403A;SP;Jardim Santa Matilde;-23,14;-45,903;2018-02-14 03:40:00.0;0,2
SÃO JOSÉ DOS CAMPOS;354990403A;SP;Jardim Santa Matilde;-23,14;-45,903;2018-02-14 04:00:00.0;0,2
SÃO JOSÉ DOS CAMPOS;354990403A;SP;Jardim Santa Matilde;-23,14;-45,903;2018-02-14 04:10:00.0;0,2
SÃO JOSÉ DOS CAMPOS;354990403A;SP;Jardim Santa Matilde;-23,14;-45,903;2018-02-14 04:30:00.0;0,2
SÃO JOSÉ DOS CAMPOS;354990403A;SP;Jardim Santa Matilde;-23,14;-45,903;2018-02-14 04:40:00.0;0,2
SÃO JOSÉ DOS CAMPOS;354990403A;SP;Jardim Santa Matilde;-23,14;-45,903;2018-02-14 04:50:00.0;0,2
SÃO JOSÉ DOS CAMPOS;354990403A;SP;Jardim Santa Matilde;-23,14;-45,903;2018-02-14 05:00:00.0;0,2
SÃO JOSÉ DOS CAMPOS;354990403A;SP;Jardim Santa Matilde;-23,14;-45,903;2018-02-14 05:10:00.0;0,2
SÃO JOSÉ DOS CAMPOS;354990403A;SP;Jardim Santa Matilde;-23,14;-45,903;2018-02-14 05:20:00.0;0,2
SÃO JOSÉ DOS CAMPOS;354990403A;SP;Jardim Santa Matilde;-23,14;-45,903;2018-02-14 10:50:00.0;6,49
SÃO JOSÉ DOS CAMPOS;354990403A;SP;Jardim Santa Matilde;-23,14;-45,903;2018-02-14 11:00:00.0;0,2
SÃO JOSÉ DOS CAMPOS;354990403A;SP;Jardim Santa Matilde;-23,14;-45,903;2018-02-14 11:10:00.0;0,2
SÃO JOSÉ DOS CAMPOS;354990403A;SP;Jardim Santa Matilde;-23,14;-45,903;2018-02-14 11:20:00.0;0,2
SÃO JOSÉ DOS CAMPOS;354990403A;SP;Jardim Santa Matilde;-23,14;-45,903;2018-02-14 11:30:00.0;0,2
SÃO JOSÉ DOS CAMPOS;354990403A;SP;Jardim Santa Matilde;-23,14;-45,903;2018-02-14 11:40:00.0;0,2
SÃO JOSÉ DOS CAMPOS;354990403A;SP;Jardim Santa Matilde;-23,14;-45,903;2018-02-14 11:50:00.0;0,2
SÃO JOSÉ DOS CAMPOS;354990403A;SP;Jardim Santa Matilde;-23,14;-45,903;2018-02-14 12:00:00.0;0,2
SÃO JOSÉ DOS CAMPOS;354990403A;SP;Jardim Santa Matilde;-23,14;-45,903;2018-02-14 12:10:00.0;0,2
SÃO JOSÉ DOS CAMPOS;354990403A;SP;Jardim Santa Matilde;-23,14;-45,903;2018-02-14 12:20:00.0;0,2
SÃO JOSÉ DOS CAMPOS;354990403A;SP;Jardim Santa Matilde;-23,14;-45,903;2018-02-14 12:30:00.0;0,2
SÃO JOSÉ DOS CAMPOS;354990403A;SP;Jardim Santa Matilde;-23,14;-45,903;2018-02-14 12:40:00.0;0,2
SÃO JOSÉ DOS CAMPOS;354990403A;SP;Jardim Santa Matilde;-23,14;-45,903;2018-02-14 12:50:00.0;0,2
SÃO JOSÉ DOS CAMPOS;354990403A;SP;Jardim Santa Matilde;-23,14;-45,903;2018-02-14 13:00:00.0;0,2
SÃO JOSÉ DOS CAMPOS;354990403A;SP;Jardim Santa Matilde;-23,14;-45,903;2018-02-14 13:10:00.0;0,39
SÃO JOSÉ DOS CAMPOS;354990403A;SP;Jardim Santa Matilde;-23,14;-45,903;2018-02-14 13:20:00.0;0,2
SÃO JOSÉ DOS CAMPOS;354990403A;SP;Jardim Santa Matilde;-23,14;-45,903;2018-02-14 13:30:00.0;0,2
SÃO JOSÉ DOS CAMPOS;354990403A;SP;Jardim Santa Matilde;-23,14;-45,903;2018-02-14 13:40:00.0;0,2
SÃO JOSÉ DOS CAMPOS;354990403A;SP;Jardim Santa Matilde;-23,14;-45,903;2018-02-14 14:00:00.0;0,2
SÃO JOSÉ DOS CAMPOS;354990403A;SP;Jardim Santa Matilde;-23,14;-45,903;2018-02-14 14:10:00.0;0,2
SÃO JOSÉ DOS CAMPOS;354990403A;SP;Jardim Santa Matilde;-23,14;-45,903;2018-02-14 14:20:00.0;0,2
SÃO JOSÉ DOS CAMPOS;354990403A;SP;Jardim Santa Matilde;-23,14;-45,903;2018-02-14 14:40:00.0;0,2
SÃO JOSÉ DOS CAMPOS;354990403A;SP;Jardim Santa Matilde;-23,14;-45,903;2018-02-14 14:50:00.0;0,2
SÃO JOSÉ DOS CAMPOS;354990403A;SP;Jardim Santa Matilde;-23,14;-45,903;2018-02-14 15:00:00.0;0,2
SÃO JOSÉ DOS CAMPOS;354990403A;SP;Jardim Santa Matilde;-23,14;-45,903;2018-02-14 15:10:00.0;0,0
SÃO JOSÉ DOS CAMPOS;354990403A;SP;Jardim Santa Matilde;-23,14;-45,903;2018-02-14 15:20:00.0;0,2
SÃO JOSÉ DOS CAMPOS;354990403A;SP;Jardim Santa Matilde;-23,14;-45,903;2018-02-14 15:30:00.0;0,2
SÃO JOSÉ DOS CAMPOS;354990403A;SP;Jardim Santa Matilde;-23,14;-45,903;2018-02-14 15:40:00.0;0,2
SÃO JOSÉ DOS CAMPOS;354990403A;SP;Jardim Santa Matilde;-23,14;-45,903;2018-02-14 16:00:00.0;0,2
SÃO JOSÉ DOS CAMPOS;354990403A;SP;Jardim Santa Matilde;-23,14;-45,903;2018-02-14 16:10:00.0;0,0
SÃO JOSÉ DOS CAMPOS;354990403A;SP;Jardim Santa Matilde;-23,14;-45,903;2018-02-14 16:20:00.0;0,2
SÃO JOSÉ DOS CAMPOS;354990403A;SP;Jardim Santa Matilde;-23,14;-45,903;2018-02-14 16:30:00.0;0,2
SÃO JOSÉ DOS CAMPOS;354990403A;SP;Jardim Santa Matilde;-23,14;-45,903;2018-02-14 16:50:00.0;0,2
SÃO JOSÉ DOS CAMPOS;354990403A;SP;Jardim Santa Matilde;-23,14;-45,903;2018-02-14 17:10:00.0;0,2
SÃO JOSÉ DOS CAMPOS;354990403A;SP;Jardim Santa Matilde;-23,14;-45,903;2018-02-14 17:20:00.0;0,2
SÃO JOSÉ DOS CAMPOS;354990403A;SP;Jardim Santa Matilde;-23,14;-45,903;2018-02-14 17:40:00.0;0,2
SÃO JOSÉ DOS CAMPOS;354990403A;SP;Jardim Santa Matilde;-23,14;-45,903;2018-02-14 18:00:00.0;0,2
SÃO JOSÉ DOS CAMPOS;354990403A;SP;Jardim Santa Matilde;-23,14;-45,903;2018-02-14 18:10:00.0;0,2
SÃO JOSÉ DOS CAMPOS;354990403A;SP;Jardim Santa Matilde;-23,14;-45,903;2018-02-14 18:30:00.0;0,2
SÃO JOSÉ DOS CAMPOS;354990403A;SP;Jardim Santa Matilde;-23,14;-45,903;2018-02-14 18:50:00.0;0,2
SÃO JOSÉ DOS CAMPOS;354990403A;SP;Jardim Santa Matilde;-23,14;-45,903;2018-02-14 19:00:00.0;0,2
SÃO JOSÉ DOS CAMPOS;354990403A;SP;Jardim Santa Matilde;-23,14;-45,903;2018-02-14 19:10:00.0;0,0
SÃO JOSÉ DOS CAMPOS;354990403A;SP;Jardim Santa Matilde;-23,14;-45,903;2018-02-14 19:20:00.0;0,2
SÃO JOSÉ DOS CAMPOS;354990403A;SP;Jardim Santa Matilde;-23,14;-45,903;2018-02-14 19:40:00.0;0,2
SÃO JOSÉ DOS CAMPOS;354990403A;SP;Jardim Santa Matilde;-23,14;-45,903;2018-02-14 20:00:00.0;0,2
SÃO JOSÉ DOS CAMPOS;354990403A;SP;Jardim Santa Matilde;-23,14;-45,903;2018-02-14 20:10:00.0;0,0
SÃO JOSÉ DOS CAMPOS;354990403A;SP;Jardim Santa Matilde;-23,14;-45,903;2018-02-14 20:20:00.0;0,2
SÃO JOSÉ DOS CAMPOS;354990403A;SP;Jardim Santa Matilde;-23,14;-45,903;2018-02-14 20:50:00.0;0,2
SÃO JOSÉ DOS CAMPOS;354990403A;SP;Jardim Santa Matilde;-23,14;-45,903;2018-02-14 21:10:00.0;0,2
SÃO JOSÉ DOS CAMPOS;354990403A;SP;Jardim Santa Matilde;-23,14;-45,903;2018-02-14 21:40:00.0;0,2
SÃO JOSÉ DOS CAMPOS;354990403A;SP;Jardim Santa Matilde;-23,14;-45,903;2018-02-14 22:00:00.0;0,2
SÃO JOSÉ DOS CAMPOS;354990403A;SP;Jardim Santa Matilde;-23,14;-45,903;2018-02-14 22:10:00.0;0,0
SÃO JOSÉ DOS CAMPOS;354990403A;SP;Jardim Santa Matilde;-23,14;-45,903;2018-02-14 22:30:00.0;0,2
SÃO JOSÉ DOS CAMPOS;354990403A;SP;Jardim Santa Matilde;-23,14;-45,903;2018-02-14 23:00:00.0;0,2
SÃO JOSÉ DOS CAMPOS;354990403A;SP;Jardim Santa Matilde;-23,14;-45,903;2018-02-14 23:10:00.0;0,0
SÃO JOSÉ DOS CAMPOS;354990403A;SP;Jardim Santa Matilde;-23,14;-45,903;2018-02-14 23:30:00.0;0,2
SÃO JOSÉ DOS CAMPOS;354990403A;SP;Jardim Santa Matilde;-23,14;-45,903;2018-02-15 00:10:00.0;0,2
SÃO JOSÉ DOS CAMPOS;354990403A;SP;Jardim Santa Matilde;-23,14;-45,903;2018-02-15 00:40:00.0;0,2
SÃO JOSÉ DOS CAMPOS;354990403A;SP;Jardim Santa Matilde;-23,14;-45,903;2018-02-15 01:00:00.0;0,2
SÃO JOSÉ DOS CAMPOS;354990403A;SP;Jardim Santa Matilde;-23,14;-45,903;2018-02-15 01:10:00.0;0,0
SÃO JOSÉ DOS CAMPOS;354990403A;SP;Jardim Santa Matilde;-23,14;-45,903;2018-02-15 01:20:00.0;0,2
SÃO JOSÉ DOS CAMPOS;354990403A;SP;Jardim Santa Matilde;-23,14;-45,903;2018-02-15 01:50:00.0;0,2
SÃO JOSÉ DOS CAMPOS;354990403A;SP;Jardim Santa Matilde;-23,14;-45,903;2018-02-15 02:10:00.0;0,2
SÃO JOSÉ DOS CAMPOS;354990403A;SP;Jardim Santa Matilde;-23,14;-45,903;2018-02-15 02:30:00.0;0,2
SÃO JOSÉ DOS CAMPOS;354990403A;SP;Jardim Santa Matilde;-23,14;-45,903;2018-02-15 02:50:00.0;0,2
SÃO JOSÉ DOS CAMPOS;354990403A;SP;Jardim Santa Matilde;-23,14;-45,903;2018-02-15 03:10:00.0;0,2
SÃO JOSÉ DOS CAMPOS;354990403A;SP;Jardim Santa Matilde;-23,14;-45,903;2018-02-15 03:30:00.0;0,2
SÃO JOSÉ DOS CAMPOS;354990403A;SP;Jardim Santa Matilde;-23,14;-45,903;2018-02-15 04:00:00.0;0,2
SÃO JOSÉ DOS CAMPOS;354990403A;SP;Jardim Santa Matilde;-23,14;-45,903;2018-02-15 04:20:00.0;0,2
SÃO JOSÉ DOS CAMPOS;354990403A;SP;Jardim Santa Matilde;-23,14;-45,903;2018-02-15 04:40:00.0;0,2
SÃO JOSÉ DOS CAMPOS;354990403A;SP;Jardim Santa Matilde;-23,14;-45,903;2018-02-15 05:10:00.0;0,2
SÃO JOSÉ DOS CAMPOS;354990403A;SP;Jardim Santa Matilde;-23,14;-45,903;2018-02-15 05:20:00.0;0,2
SÃO JOSÉ DOS CAMPOS;354990403A;SP;Jardim Santa Matilde;-23,14;-45,903;2018-02-15 12:10:00.0;3,55
SÃO JOSÉ DOS CAMPOS;354990403A;SP;Jardim Santa Matilde;-23,14;-45,903;2018-02-15 12:20:00.0;0,2
SÃO JOSÉ DOS CAMPOS;354990403A;SP;Jardim Santa Matilde;-23,14;-45,903;2018-02-15 12:40:00.0;0,2
SÃO JOSÉ DOS CAMPOS;354990403A;SP;Jardim Santa Matilde;-23,14;-45,903;2018-02-15 13:00:00.0;0,2
SÃO JOSÉ DOS CAMPOS;354990403A;SP;Jardim Santa Matilde;-23,14;-45,903;2018-02-15 13:10:00.0;0,0
SÃO JOSÉ DOS CAMPOS;354990403A;SP;Jardim Santa Matilde;-23,14;-45,903;2018-02-15 13:20:00.0;0,2
SÃO JOSÉ DOS CAMPOS;354990403A;SP;Jardim Santa Matilde;-23,14;-45,903;2018-02-15 13:40:00.0;0,2
SÃO JOSÉ DOS CAMPOS;354990403A;SP;Jardim Santa Matilde;-23,14;-45,903;2018-02-15 14:00:00.0;0,2
SÃO JOSÉ DOS CAMPOS;354990403A;SP;Jardim Santa Matilde;-23,14;-45,903;2018-02-15 14:10:00.0;0,2
SÃO JOSÉ DOS CAMPOS;354990403A;SP;Jardim Santa Matilde;-23,14;-45,903;2018-02-15 14:30:00.0;0,2
SÃO JOSÉ DOS CAMPOS;354990403A;SP;Jardim Santa Matilde;-23,14;-45,903;2018-02-15 14:50:00.0;0,2
SÃO JOSÉ DOS CAMPOS;354990403A;SP;Jardim Santa Matilde;-23,14;-45,903;2018-02-15 15:00:00.0;0,2
SÃO JOSÉ DOS CAMPOS;354990403A;SP;Jardim Santa Matilde;-23,14;-45,903;2018-02-15 15:10:00.0;0,0
SÃO JOSÉ DOS CAMPOS;354990403A;SP;Jardim Santa Matilde;-23,14;-45,903;2018-02-15 15:20:00.0;0,2
SÃO JOSÉ DOS CAMPOS;354990403A;SP;Jardim Santa Matilde;-23,14;-45,903;2018-02-15 15:40:00.0;0,2
SÃO JOSÉ DOS CAMPOS;354990403A;SP;Jardim Santa Matilde;-23,14;-45,903;2018-02-15 15:50:00.0;0,2
SÃO JOSÉ DOS CAMPOS;354990403A;SP;Jardim Santa Matilde;-23,14;-45,903;2018-02-15 16:10:00.0;0,2
SÃO JOSÉ DOS CAMPOS;354990403A;SP;Jardim Santa Matilde;-23,14;-45,903;2018-02-15 16:30:00.0;0,2
SÃO JOSÉ DOS CAMPOS;354990403A;SP;Jardim Santa Matilde;-23,14;-45,903;2018-02-15 16:50:00.0;0,2
SÃO JOSÉ DOS CAMPOS;354990403A;SP;Jardim Santa Matilde;-23,14;-45,903;2018-02-15 17:10:00.0;0,2
SÃO JOSÉ DOS CAMPOS;354990403A;SP;Jardim Santa Matilde;-23,14;-45,903;2018-02-15 17:30:00.0;0,2
SÃO JOSÉ DOS CAMPOS;354990403A;SP;Jardim Santa Matilde;-23,14;-45,903;2018-02-15 17:40:00.0;0,2
SÃO JOSÉ DOS CAMPOS;354990403A;SP;Jardim Santa Matilde;-23,14;-45,903;2018-02-15 18:00:00.0;0,2
SÃO JOSÉ DOS CAMPOS;354990403A;SP;Jardim Santa Matilde;-23,14;-45,903;2018-02-15 18:10:00.0;0,0
SÃO JOSÉ DOS CAMPOS;354990403A;SP;Jardim Santa Matilde;-23,14;-45,903;2018-02-15 18:20:00.0;0,2
SÃO JOSÉ DOS CAMPOS;354990403A;SP;Jardim Santa Matilde;-23,14;-45,903;2018-02-15 18:40:00.0;0,2
SÃO JOSÉ DOS CAMPOS;354990403A;SP;Jardim Santa Matilde;-23,14;-45,903;2018-02-15 19:00:00.0;0,2
SÃO JOSÉ DOS CAMPOS;354990403A;SP;Jardim Santa Matilde;-23,14;-45,903;2018-02-15 19:10:00.0;0,2
SÃO JOSÉ DOS CAMPOS;354990403A;SP;Jardim Santa Matilde;-23,14;-45,903;2018-02-15 19:30:00.0;0,2
SÃO JOSÉ DOS CAMPOS;354990403A;SP;Jardim Santa Matilde;-23,14;-45,903;2018-02-15 19:50:00.0;0,2
SÃO JOSÉ DOS CAMPOS;354990403A;SP;Jardim Santa Matilde;-23,14;-45,903;2018-02-15 20:10:00.0;0,2
SÃO JOSÉ DOS CAMPOS;354990403A;SP;Jardim Santa Matilde;-23,14;-45,903;2018-02-15 20:30:00.0;0,2
SÃO JOSÉ DOS CAMPOS;354990403A;SP;Jardim Santa Matilde;-23,14;-45,903;2018-02-15 21:10:00.0;0,0
SÃO JOSÉ DOS CAMPOS;354990403A;SP;Jardim Santa Matilde;-23,14;-45,903;2018-02-15 21:20:00.0;0,2
SÃO JOSÉ DOS CAMPOS;354990403A;SP;Jardim Santa Matilde;-23,14;-45,903;2018-02-15 22:10:00.0;0,0
SÃO JOSÉ DOS CAMPOS;354990403A;SP;Jardim Santa Matilde;-23,14;-45,903;2018-02-15 22:30:00.0;0,2
SÃO JOSÉ DOS CAMPOS;354990403A;SP;Jardim Santa Matilde;-23,14;-45,903;2018-02-15 23:10:00.0;0,0
SÃO JOSÉ DOS CAMPOS;354990403A;SP;Jardim Santa Matilde;-23,14;-45,903;2018-02-15 23:40:00.0;0,2
SÃO JOSÉ DOS CAMPOS;354990403A;SP;Jardim Santa Matilde;-23,14;-45,903;2018-02-16 00:10:00.0;0,0
SÃO JOSÉ DOS CAMPOS;354990403A;SP;Jardim Santa Matilde;-23,14;-45,903;2018-02-16 00:50:00.0;0,2
SÃO JOSÉ DOS CAMPOS;354990403A;SP;Jardim Santa Matilde;-23,14;-45,903;2018-02-16 01:10:00.0;0,0
SÃO JOSÉ DOS CAMPOS;354990403A;SP;Jardim Santa Matilde;-23,14;-45,903;2018-02-16 02:00:00.0;0,2
SÃO JOSÉ DOS CAMPOS;354990403A;SP;Jardim Santa Matilde;-23,14;-45,903;2018-02-16 02:10:00.0;0,0
SÃO JOSÉ DOS CAMPOS;354990403A;SP;Jardim Santa Matilde;-23,14;-45,903;2018-02-16 03:10:00.0;0,2
SÃO JOSÉ DOS CAMPOS;354990403A;SP;Jardim Santa Matilde;-23,14;-45,903;2018-02-16 04:10:00.0;0,0
SÃO JOSÉ DOS CAMPOS;354990403A;SP;Jardim Santa Matilde;-23,14;-45,903;2018-02-16 04:20:00.0;0,2
SÃO JOSÉ DOS CAMPOS;354990403A;SP;Jardim Santa Matilde;-23,14;-45,903;2018-02-16 05:10:00.0;0,0
SÃO JOSÉ DOS CAMPOS;354990403A;SP;Jardim Santa Matilde;-23,14;-45,903;2018-02-16 05:30:00.0;0,2
SÃO JOSÉ DOS CAMPOS;354990403A;SP;Jardim Santa Matilde;-23,14;-45,903;2018-02-16 06:10:00.0;0,0
SÃO JOSÉ DOS CAMPOS;354990403A;SP;Jardim Santa Matilde;-23,14;-45,903;2018-02-16 06:40:00.0;0,2
SÃO JOSÉ DOS CAMPOS;354990403A;SP;Jardim Santa Matilde;-23,14;-45,903;2018-02-16 09:50:00.0;0,59
SÃO JOSÉ DOS CAMPOS;354990403A;SP;Jardim Santa Matilde;-23,14;-45,903;2018-02-16 10:00:00.0;0,0
SÃO JOSÉ DOS CAMPOS;354990403A;SP;Jardim Santa Matilde;-23,14;-45,903;2018-02-16 10:10:00.0;0,0
SÃO JOSÉ DOS CAMPOS;354990403A;SP;Jardim Santa Matilde;-23,14;-45,903;2018-02-16 10:50:00.0;0,2
SÃO JOSÉ DOS CAMPOS;354990403A;SP;Jardim Santa Matilde;-23,14;-45,903;2018-02-16 11:10:00.0;0,0
SÃO JOSÉ DOS CAMPOS;354990403A;SP;Jardim Santa Matilde;-23,14;-45,903;2018-02-16 11:50:00.0;0,2
SÃO JOSÉ DOS CAMPOS;354990403A;SP;Jardim Santa Matilde;-23,14;-45,903;2018-02-16 12:10:00.0;0,0
SÃO JOSÉ DOS CAMPOS;354990403A;SP;Jardim Santa Matilde;-23,14;-45,903;2018-02-16 12:30:00.0;0,2
SÃO JOSÉ DOS CAMPOS;354990403A;SP;Jardim Santa Matilde;-23,14;-45,903;2018-02-16 13:00:00.0;0,2
SÃO JOSÉ DOS CAMPOS;354990403A;SP;Jardim Santa Matilde;-23,14;-45,903;2018-02-16 13:10:00.0;0,0
SÃO JOSÉ DOS CAMPOS;354990403A;SP;Jardim Santa Matilde;-23,14;-45,903;2018-02-16 13:30:00.0;0,2
SÃO JOSÉ DOS CAMPOS;354990403A;SP;Jardim Santa Matilde;-23,14;-45,903;2018-02-16 14:10:00.0;0,2
SÃO JOSÉ DOS CAMPOS;354990403A;SP;Jardim Santa Matilde;-23,14;-45,903;2018-02-16 14:50:00.0;0,2
SÃO JOSÉ DOS CAMPOS;354990403A;SP;Jardim Santa Matilde;-23,14;-45,903;2018-02-16 15:10:00.0;0,0
SÃO JOSÉ DOS CAMPOS;354990403A;SP;Jardim Santa Matilde;-23,14;-45,903;2018-02-16 15:30:00.0;0,2
SÃO JOSÉ DOS CAMPOS;354990403A;SP;Jardim Santa Matilde;-23,14;-45,903;2018-02-16 16:10:00.0;0,0
SÃO JOSÉ DOS CAMPOS;354990403A;SP;Jardim Santa Matilde;-23,14;-45,903;2018-02-16 16:20:00.0;0,2
SÃO JOSÉ DOS CAMPOS;354990403A;SP;Jardim Santa Matilde;-23,14;-45,903;2018-02-16 17:00:00.0;0,2
SÃO JOSÉ DOS CAMPOS;354990403A;SP;Jardim Santa Matilde;-23,14;-45,903;2018-02-16 17:10:00.0;0,0
SÃO JOSÉ DOS CAMPOS;354990403A;SP;Jardim Santa Matilde;-23,14;-45,903;2018-02-16 17:50:00.0;0,2
SÃO JOSÉ DOS CAMPOS;354990403A;SP;Jardim Santa Matilde;-23,14;-45,903;2018-02-16 18:10:00.0;0,0
SÃO JOSÉ DOS CAMPOS;354990403A;SP;Jardim Santa Matilde;-23,14;-45,903;2018-02-16 18:40:00.0;0,2
SÃO JOSÉ DOS CAMPOS;354990403A;SP;Jardim Santa Matilde;-23,14;-45,903;2018-02-16 19:10:00.0;0,0
SÃO JOSÉ DOS CAMPOS;354990403A;SP;Jardim Santa Matilde;-23,14;-45,903;2018-02-16 19:30:00.0;0,2
SÃO JOSÉ DOS CAMPOS;354990403A;SP;Jardim Santa Matilde;-23,14;-45,903;2018-02-16 20:10:00.0;0,0
SÃO JOSÉ DOS CAMPOS;354990403A;SP;Jardim Santa Matilde;-23,14;-45,903;2018-02-16 20:20:00.0;0,2
SÃO JOSÉ DOS CAMPOS;354990403A;SP;Jardim Santa Matilde;-23,14;-45,903;2018-02-16 21:10:00.0;0,0
SÃO JOSÉ DOS CAMPOS;354990403A;SP;Jardim Santa Matilde;-23,14;-45,903;2018-02-16 21:50:00.0;0,2
SÃO JOSÉ DOS CAMPOS;354990403A;SP;Jardim Santa Matilde;-23,14;-45,903;2018-02-16 22:10:00.0;0,0
SÃO JOSÉ DOS CAMPOS;354990403A;SP;Jardim Santa Matilde;-23,14;-45,903;2018-02-16 23:10:00.0;0,0
SÃO JOSÉ DOS CAMPOS;354990403A;SP;Jardim Santa Matilde;-23,14;-45,903;2018-02-16 23:20:00.0;0,2
SÃO JOSÉ DOS CAMPOS;354990403A;SP;Jardim Santa Matilde;-23,14;-45,903;2018-02-17 00:10:00.0;0,0
SÃO JOSÉ DOS CAMPOS;354990403A;SP;Jardim Santa Matilde;-23,14;-45,903;2018-02-17 00:50:00.0;0,2
SÃO JOSÉ DOS CAMPOS;354990403A;SP;Jardim Santa Matilde;-23,14;-45,903;2018-02-17 01:10:00.0;0,0
SÃO JOSÉ DOS CAMPOS;354990403A;SP;Jardim Santa Matilde;-23,14;-45,903;2018-02-17 02:10:00.0;0,2
SÃO JOSÉ DOS CAMPOS;354990403A;SP;Jardim Santa Matilde;-23,14;-45,903;2018-02-17 03:10:00.0;0,0
SÃO JOSÉ DOS CAMPOS;354990403A;SP;Jardim Santa Matilde;-23,14;-45,903;2018-02-17 10:20:00.0;1,18
SÃO JOSÉ DOS CAMPOS;354990403A;SP;Jardim Santa Matilde;-23,14;-45,903;2018-02-17 10:30:00.0;0,0
SÃO JOSÉ DOS CAMPOS;354990403A;SP;Jardim Santa Matilde;-23,14;-45,903;2018-02-17 11:00:00.0;0,2
SÃO JOSÉ DOS CAMPOS;354990403A;SP;Jardim Santa Matilde;-23,14;-45,903;2018-02-17 11:10:00.0;0,0
SÃO JOSÉ DOS CAMPOS;354990403A;SP;Jardim Santa Matilde;-23,14;-45,903;2018-02-17 12:00:00.0;0,2
SÃO JOSÉ DOS CAMPOS;354990403A;SP;Jardim Santa Matilde;-23,14;-45,903;2018-02-17 12:10:00.0;0,0
SÃO JOSÉ DOS CAMPOS;354990403A;SP;Jardim Santa Matilde;-23,14;-45,903;2018-02-17 13:00:00.0;0,2
SÃO JOSÉ DOS CAMPOS;354990403A;SP;Jardim Santa Matilde;-23,14;-45,903;2018-02-17 13:10:00.0;0,0
SÃO JOSÉ DOS CAMPOS;354990403A;SP;Jardim Santa Matilde;-23,14;-45,903;2018-02-17 13:50:00.0;0,2
SÃO JOSÉ DOS CAMPOS;354990403A;SP;Jardim Santa Matilde;-23,14;-45,903;2018-02-17 14:10:00.0;0,0
SÃO JOSÉ DOS CAMPOS;354990403A;SP;Jardim Santa Matilde;-23,14;-45,903;2018-02-17 14:50:00.0;0,2
SÃO JOSÉ DOS CAMPOS;354990403A;SP;Jardim Santa Matilde;-23,14;-45,903;2018-02-17 15:10:00.0;0,0
SÃO JOSÉ DOS CAMPOS;354990403A;SP;Jardim Santa Matilde;-23,14;-45,903;2018-02-17 16:10:00.0;0,2
SÃO JOSÉ DOS CAMPOS;354990403A;SP;Jardim Santa Matilde;-23,14;-45,903;2018-02-17 17:10:00.0;0,0
SÃO JOSÉ DOS CAMPOS;354990403A;SP;Jardim Santa Matilde;-23,14;-45,903;2018-02-17 17:40:00.0;0,2
SÃO JOSÉ DOS CAMPOS;354990403A;SP;Jardim Santa Matilde;-23,14;-45,903;2018-02-17 18:10:00.0;0,0
SÃO JOSÉ DOS CAMPOS;354990403A;SP;Jardim Santa Matilde;-23,14;-45,903;2018-02-17 19:10:00.0;0,0
SÃO JOSÉ DOS CAMPOS;354990403A;SP;Jardim Santa Matilde;-23,14;-45,903;2018-02-17 20:10:00.0;0,2
SÃO JOSÉ DOS CAMPOS;354990403A;SP;Jardim Santa Matilde;-23,14;-45,903;2018-02-17 21:10:00.0;0,0
SÃO JOSÉ DOS CAMPOS;354990403A;SP;Jardim Santa Matilde;-23,14;-45,903;2018-02-17 22:10:00.0;0,0
SÃO JOSÉ DOS CAMPOS;354990403A;SP;Jardim Santa Matilde;-23,14;-45,903;2018-02-17 22:50:00.0;0,2
SÃO JOSÉ DOS CAMPOS;354990403A;SP;Jardim Santa Matilde;-23,14;-45,903;2018-02-17 23:10:00.0;0,0
SÃO JOSÉ DOS CAMPOS;354990403A;SP;Jardim Santa Matilde;-23,14;-45,903;2018-02-18 00:10:00.0;0,0
SÃO JOSÉ DOS CAMPOS;354990403A;SP;Jardim Santa Matilde;-23,14;-45,903;2018-02-18 00:50:00.0;0,2
SÃO JOSÉ DOS CAMPOS;354990403A;SP;Jardim Santa Matilde;-23,14;-45,903;2018-02-18 01:10:00.0;0,0
SÃO JOSÉ DOS CAMPOS;354990403A;SP;Jardim Santa Matilde;-23,14;-45,903;2018-02-18 02:10:00.0;0,0
SÃO JOSÉ DOS CAMPOS;354990403A;SP;Jardim Santa Matilde;-23,14;-45,903;2018-02-18 02:50:00.0;0,2
SÃO JOSÉ DOS CAMPOS;354990403A;SP;Jardim Santa Matilde;-23,14;-45,903;2018-02-18 03:10:00.0;0,0
SÃO JOSÉ DOS CAMPOS;354990403A;SP;Jardim Santa Matilde;-23,14;-45,903;2018-02-18 04:10:00.0;0,0
SÃO JOSÉ DOS CAMPOS;354990403A;SP;Jardim Santa Matilde;-23,14;-45,903;2018-02-18 11:00:00.0;0,79
SÃO JOSÉ DOS CAMPOS;354990403A;SP;Jardim Santa Matilde;-23,14;-45,903;2018-02-18 11:10:00.0;0,0
SÃO JOSÉ DOS CAMPOS;354990403A;SP;Jardim Santa Matilde;-23,14;-45,903;2018-02-18 11:40:00.0;0,2
SÃO JOSÉ DOS CAMPOS;354990403A;SP;Jardim Santa Matilde;-23,14;-45,903;2018-02-18 12:10:00.0;0,0
SÃO JOSÉ DOS CAMPOS;354990403A;SP;Jardim Santa Matilde;-23,14;-45,903;2018-02-18 13:10:00.0;0,2
SÃO JOSÉ DOS CAMPOS;354990403A;SP;Jardim Santa Matilde;-23,14;-45,903;2018-02-18 14:10:00.0;0,0
SÃO JOSÉ DOS CAMPOS;354990403A;SP;Jardim Santa Matilde;-23,14;-45,903;2018-02-18 14:40:00.0;0,2
SÃO JOSÉ DOS CAMPOS;354990403A;SP;Jardim Santa Matilde;-23,14;-45,903;2018-02-18 15:10:00.0;0,0
SÃO JOSÉ DOS CAMPOS;354990403A;SP;Jardim Santa Matilde;-23,14;-45,903;2018-02-18 16:10:00.0;0,0
SÃO JOSÉ DOS CAMPOS;354990403A;SP;Jardim Santa Matilde;-23,14;-45,903;2018-02-18 16:30:00.0;0,2
SÃO JOSÉ DOS CAMPOS;354990403A;SP;Jardim Santa Matilde;-23,14;-45,903;2018-02-18 17:10:00.0;0,0
SÃO JOSÉ DOS CAMPOS;354990403A;SP;Jardim Santa Matilde;-23,14;-45,903;2018-02-18 17:30:00.0;0,2
SÃO JOSÉ DOS CAMPOS;354990403A;SP;Jardim Santa Matilde;-23,14;-45,903;2018-02-18 18:10:00.0;0,0
SÃO JOSÉ DOS CAMPOS;354990403A;SP;Jardim Santa Matilde;-23,14;-45,903;2018-02-18 18:20:00.0;0,2
SÃO JOSÉ DOS CAMPOS;354990403A;SP;Jardim Santa Matilde;-23,14;-45,903;2018-02-18 19:10:00.0;0,2
SÃO JOSÉ DOS CAMPOS;354990403A;SP;Jardim Santa Matilde;-23,14;-45,903;2018-02-18 19:20:00.0;0,0
SÃO JOSÉ DOS CAMPOS;354990403A;SP;Jardim Santa Matilde;-23,14;-45,903;2018-02-18 19:50:00.0;0,2
SÃO JOSÉ DOS CAMPOS;354990403A;SP;Jardim Santa Matilde;-23,14;-45,903;2018-02-18 20:30:00.0;0,2
SÃO JOSÉ DOS CAMPOS;354990403A;SP;Jardim Santa Matilde;-23,14;-45,903;2018-02-18 21:10:00.0;0,2
SÃO JOSÉ DOS CAMPOS;354990403A;SP;Jardim Santa Matilde;-23,14;-45,903;2018-02-18 22:00:00.0;0,2
SÃO JOSÉ DOS CAMPOS;354990403A;SP;Jardim Santa Matilde;-23,14;-45,903;2018-02-18 22:10:00.0;0,0
SÃO JOSÉ DOS CAMPOS;354990403A;SP;Jardim Santa Matilde;-23,14;-45,903;2018-02-18 22:50:00.0;0,2
SÃO JOSÉ DOS CAMPOS;354990403A;SP;Jardim Santa Matilde;-23,14;-45,903;2018-02-18 23:10:00.0;0,0
SÃO JOSÉ DOS CAMPOS;354990403A;SP;Jardim Santa Matilde;-23,14;-45,903;2018-02-18 23:40:00.0;0,2
SÃO JOSÉ DOS CAMPOS;354990403A;SP;Jardim Santa Matilde;-23,14;-45,903;2018-02-19 00:10:00.0;0,0
SÃO JOSÉ DOS CAMPOS;354990403A;SP;Jardim Santa Matilde;-23,14;-45,903;2018-02-19 11:00:00.0;2,16
SÃO JOSÉ DOS CAMPOS;354990403A;SP;Jardim Santa Matilde;-23,14;-45,903;2018-02-19 11:20:00.0;0,2
SÃO JOSÉ DOS CAMPOS;354990403A;SP;Jardim Santa Matilde;-23,14;-45,903;2018-02-19 12:10:00.0;0,2
SÃO JOSÉ DOS CAMPOS;354990403A;SP;Jardim Santa Matilde;-23,14;-45,903;2018-02-19 12:50:00.0;0,2
SÃO JOSÉ DOS CAMPOS;354990403A;SP;Jardim Santa Matilde;-23,14;-45,903;2018-02-19 13:10:00.0;0,0
SÃO JOSÉ DOS CAMPOS;354990403A;SP;Jardim Santa Matilde;-23,14;-45,903;2018-02-19 13:30:00.0;0,2
SÃO JOSÉ DOS CAMPOS;354990403A;SP;Jardim Santa Matilde;-23,14;-45,903;2018-02-19 14:10:00.0;0,0
SÃO JOSÉ DOS CAMPOS;354990403A;SP;Jardim Santa Matilde;-23,14;-45,903;2018-02-19 14:30:00.0;0,2
SÃO JOSÉ DOS CAMPOS;354990403A;SP;Jardim Santa Matilde;-23,14;-45,903;2018-02-19 15:10:00.0;0,0
SÃO JOSÉ DOS CAMPOS;354990403A;SP;Jardim Santa Matilde;-23,14;-45,903;2018-02-19 15:20:00.0;0,2
SÃO JOSÉ DOS CAMPOS;354990403A;SP;Jardim Santa Matilde;-23,14;-45,903;2018-02-19 16:10:00.0;0,2
SÃO JOSÉ DOS CAMPOS;354990403A;SP;Jardim Santa Matilde;-23,14;-45,903;2018-02-19 17:00:00.0;0,2
SÃO JOSÉ DOS CAMPOS;354990403A;SP;Jardim Santa Matilde;-23,14;-45,903;2018-02-19 17:40:00.0;0,2
SÃO JOSÉ DOS CAMPOS;354990403A;SP;Jardim Santa Matilde;-23,14;-45,903;2018-02-19 18:10:00.0;0,0
SÃO JOSÉ DOS CAMPOS;354990403A;SP;Jardim Santa Matilde;-23,14;-45,903;2018-02-19 18:40:00.0;0,2
SÃO JOSÉ DOS CAMPOS;354990403A;SP;Jardim Santa Matilde;-23,14;-45,903;2018-02-19 19:10:00.0;0,0
SÃO JOSÉ DOS CAMPOS;354990403A;SP;Jardim Santa Matilde;-23,14;-45,903;2018-02-19 19:30:00.0;0,2
SÃO JOSÉ DOS CAMPOS;354990403A;SP;Jardim Santa Matilde;-23,14;-45,903;2018-02-19 20:10:00.0;0,0
SÃO JOSÉ DOS CAMPOS;354990403A;SP;Jardim Santa Matilde;-23,14;-45,903;2018-02-19 21:10:00.0;0,0
SÃO JOSÉ DOS CAMPOS;354990403A;SP;Jardim Santa Matilde;-23,14;-45,903;2018-02-19 21:40:00.0;0,2
SÃO JOSÉ DOS CAMPOS;354990403A;SP;Jardim Santa Matilde;-23,14;-45,903;2018-02-19 22:10:00.0;0,0
SÃO JOSÉ DOS CAMPOS;354990403A;SP;Jardim Santa Matilde;-23,14;-45,903;2018-02-19 23:10:00.0;0,0
SÃO JOSÉ DOS CAMPOS;354990403A;SP;Jardim Santa Matilde;-23,14;-45,903;2018-02-19 23:20:00.0;0,2
SÃO JOSÉ DOS CAMPOS;354990403A;SP;Jardim Santa Matilde;-23,14;-45,903;2018-02-20 00:10:00.0;0,0
SÃO JOSÉ DOS CAMPOS;354990403A;SP;Jardim Santa Matilde;-23,14;-45,903;2018-02-20 00:50:00.0;0,2
SÃO JOSÉ DOS CAMPOS;354990403A;SP;Jardim Santa Matilde;-23,14;-45,903;2018-02-20 01:10:00.0;0,0
SÃO JOSÉ DOS CAMPOS;354990403A;SP;Jardim Santa Matilde;-23,14;-45,903;2018-02-20 02:10:00.0;0,0
SÃO JOSÉ DOS CAMPOS;354990403A;SP;Jardim Santa Matilde;-23,14;-45,903;2018-02-20 02:30:00.0;0,2
SÃO JOSÉ DOS CAMPOS;354990403A;SP;Jardim Santa Matilde;-23,14;-45,903;2018-02-20 03:10:00.0;0,0
SÃO JOSÉ DOS CAMPOS;354990403A;SP;Jardim Santa Matilde;-23,14;-45,903;2018-02-20 04:00:00.0;0,2
SÃO JOSÉ DOS CAMPOS;354990403A;SP;Jardim Santa Matilde;-23,14;-45,903;2018-02-20 04:10:00.0;0,0
SÃO JOSÉ DOS CAMPOS;354990403A;SP;Jardim Santa Matilde;-23,14;-45,903;2018-02-20 05:10:00.0;0,0
SÃO JOSÉ DOS CAMPOS;354990403A;SP;Jardim Santa Matilde;-23,14;-45,903;2018-02-20 05:30:00.0;0,2
SÃO JOSÉ DOS CAMPOS;354990403A;SP;Jardim Santa Matilde;-23,14;-45,903;2018-02-20 06:10:00.0;0,0
SÃO JOSÉ DOS CAMPOS;354990403A;SP;Jardim Santa Matilde;-23,14;-45,903;2018-02-20 07:10:00.0;0,2
SÃO JOSÉ DOS CAMPOS;354990403A;SP;Jardim Santa Matilde;-23,14;-45,903;2018-02-20 08:10:00.0;0,0
SÃO JOSÉ DOS CAMPOS;354990403A;SP;Jardim Santa Matilde;-23,14;-45,903;2018-02-20 08:30:00.0;0,2
SÃO JOSÉ DOS CAMPOS;354990403A;SP;Jardim Santa Matilde;-23,14;-45,903;2018-02-20 09:10:00.0;0,0
SÃO JOSÉ DOS CAMPOS;354990403A;SP;Jardim Santa Matilde;-23,14;-45,903;2018-02-20 09:50:00.0;0,2
SÃO JOSÉ DOS CAMPOS;354990403A;SP;Jardim Santa Matilde;-23,14;-45,903;2018-02-20 10:10:00.0;0,0
SÃO JOSÉ DOS CAMPOS;354990403A;SP;Jardim Santa Matilde;-23,14;-45,903;2018-02-20 11:10:00.0;0,2
SÃO JOSÉ DOS CAMPOS;354990403A;SP;Jardim Santa Matilde;-23,14;-45,903;2018-02-20 12:10:00.0;0,2
SÃO JOSÉ DOS CAMPOS;354990403A;SP;Jardim Santa Matilde;-23,14;-45,903;2018-02-20 13:10:00.0;0,0
SÃO JOSÉ DOS CAMPOS;354990403A;SP;Jardim Santa Matilde;-23,14;-45,903;2018-02-20 13:30:00.0;0,2
SÃO JOSÉ DOS CAMPOS;354990403A;SP;Jardim Santa Matilde;-23,14;-45,903;2018-02-20 14:10:00.0;0,0
SÃO JOSÉ DOS CAMPOS;354990403A;SP;Jardim Santa Matilde;-23,14;-45,903;2018-02-20 15:10:00.0;0,2
SÃO JOSÉ DOS CAMPOS;354990403A;SP;Jardim Santa Matilde;-23,14;-45,903;2018-02-20 16:10:00.0;0,0
SÃO JOSÉ DOS CAMPOS;354990403A;SP;Jardim Santa Matilde;-23,14;-45,903;2018-02-20 16:50:00.0;0,2
SÃO JOSÉ DOS CAMPOS;354990403A;SP;Jardim Santa Matilde;-23,14;-45,903;2018-02-20 17:10:00.0;0,0
SÃO JOSÉ DOS CAMPOS;354990403A;SP;Jardim Santa Matilde;-23,14;-45,903;2018-02-20 18:10:00.0;0,0
SÃO JOSÉ DOS CAMPOS;354990403A;SP;Jardim Santa Matilde;-23,14;-45,903;2018-02-20 18:50:00.0;0,2
SÃO JOSÉ DOS CAMPOS;354990403A;SP;Jardim Santa Matilde;-23,14;-45,903;2018-02-20 19:10:00.0;0,0
SÃO JOSÉ DOS CAMPOS;354990403A;SP;Jardim Santa Matilde;-23,14;-45,903;2018-02-20 20:10:00.0;0,0
SÃO JOSÉ DOS CAMPOS;354990403A;SP;Jardim Santa Matilde;-23,14;-45,903;2018-02-20 21:10:00.0;0,2
SÃO JOSÉ DOS CAMPOS;354990403A;SP;Jardim Santa Matilde;-23,14;-45,903;2018-02-20 22:10:00.0;0,0
SÃO JOSÉ DOS CAMPOS;354990403A;SP;Jardim Santa Matilde;-23,14;-45,903;2018-02-20 23:10:00.0;0,0
SÃO JOSÉ DOS CAMPOS;354990403A;SP;Jardim Santa Matilde;-23,14;-45,903;2018-02-20 23:50:00.0;0,2
SÃO JOSÉ DOS CAMPOS;354990403A;SP;Jardim Santa Matilde;-23,14;-45,903;2018-02-21 00:10:00.0;0,0
SÃO JOSÉ DOS CAMPOS;354990403A;SP;Jardim Santa Matilde;-23,14;-45,903;2018-02-21 01:10:00.0;0,0
SÃO JOSÉ DOS CAMPOS;354990403A;SP;Jardim Santa Matilde;-23,14;-45,903;2018-02-21 01:20:00.0;0,2
SÃO JOSÉ DOS CAMPOS;354990403A;SP;Jardim Santa Matilde;-23,14;-45,903;2018-02-21 02:10:00.0;0,0
SÃO JOSÉ DOS CAMPOS;354990403A;SP;Jardim Santa Matilde;-23,14;-45,903;2018-02-21 03:10:00.0;0,0
SÃO JOSÉ DOS CAMPOS;354990403A;SP;Jardim Santa Matilde;-23,14;-45,903;2018-02-21 03:20:00.0;0,2
SÃO JOSÉ DOS CAMPOS;354990403A;SP;Jardim Santa Matilde;-23,14;-45,903;2018-02-21 04:10:00.0;0,0
SÃO JOSÉ DOS CAMPOS;354990403A;SP;Jardim Santa Matilde;-23,14;-45,903;2018-02-21 05:10:00.0;0,2
SÃO JOSÉ DOS CAMPOS;354990403A;SP;Jardim Santa Matilde;-23,14;-45,903;2018-02-21 06:10:00.0;0,0
SÃO JOSÉ DOS CAMPOS;354990403A;SP;Jardim Santa Matilde;-23,14;-45,903;2018-02-21 06:40:00.0;0,2
SÃO JOSÉ DOS CAMPOS;354990403A;SP;Jardim Santa Matilde;-23,14;-45,903;2018-02-21 07:10:00.0;0,0
SÃO JOSÉ DOS CAMPOS;354990403A;SP;Jardim Santa Matilde;-23,14;-45,903;2018-02-21 08:00:00.0;0,2
SÃO JOSÉ DOS CAMPOS;354990403A;SP;Jardim Santa Matilde;-23,14;-45,903;2018-02-21 08:10:00.0;0,0
SÃO JOSÉ DOS CAMPOS;354990403A;SP;Jardim Santa Matilde;-23,14;-45,903;2018-02-21 09:00:00.0;0,2
SÃO JOSÉ DOS CAMPOS;354990403A;SP;Jardim Santa Matilde;-23,14;-45,903;2018-02-21 09:10:00.0;0,0
SÃO JOSÉ DOS CAMPOS;354990403A;SP;Jardim Santa Matilde;-23,14;-45,903;2018-02-21 10:10:00.0;0,2
SÃO JOSÉ DOS CAMPOS;354990403A;SP;Jardim Santa Matilde;-23,14;-45,903;2018-02-21 11:10:00.0;0,2
SÃO JOSÉ DOS CAMPOS;354990403A;SP;Jardim Santa Matilde;-23,14;-45,903;2018-02-21 12:10:00.0;0,2
SÃO JOSÉ DOS CAMPOS;354990403A;SP;Jardim Santa Matilde;-23,14;-45,903;2018-02-21 13:00:00.0;0,2
SÃO JOSÉ DOS CAMPOS;354990403A;SP;Jardim Santa Matilde;-23,14;-45,903;2018-02-21 13:10:00.0;0,0
SÃO JOSÉ DOS CAMPOS;354990403A;SP;Jardim Santa Matilde;-23,14;-45,903;2018-02-21 14:00:00.0;0,2
SÃO JOSÉ DOS CAMPOS;354990403A;SP;Jardim Santa Matilde;-23,14;-45,903;2018-02-21 14:10:00.0;0,0
SÃO JOSÉ DOS CAMPOS;354990403A;SP;Jardim Santa Matilde;-23,14;-45,903;2018-02-21 15:10:00.0;0,2
SÃO JOSÉ DOS CAMPOS;354990403A;SP;Jardim Santa Matilde;-23,14;-45,903;2018-02-21 16:10:00.0;0,2
SÃO JOSÉ DOS CAMPOS;354990403A;SP;Jardim Santa Matilde;-23,14;-45,903;2018-02-21 17:10:00.0;0,0
SÃO JOSÉ DOS CAMPOS;354990403A;SP;Jardim Santa Matilde;-23,14;-45,903;2018-02-21 17:20:00.0;0,2
SÃO JOSÉ DOS CAMPOS;354990403A;SP;Jardim Santa Matilde;-23,14;-45,903;2018-02-21 18:10:00.0;0,0
SÃO JOSÉ DOS CAMPOS;354990403A;SP;Jardim Santa Matilde;-23,14;-45,903;2018-02-21 18:50:00.0;0,2
SÃO JOSÉ DOS CAMPOS;354990403A;SP;Jardim Santa Matilde;-23,14;-45,903;2018-02-21 19:10:00.0;0,0
SÃO JOSÉ DOS CAMPOS;354990403A;SP;Jardim Santa Matilde;-23,14;-45,903;2018-02-21 20:10:00.0;0,0
SÃO JOSÉ DOS CAMPOS;354990403A;SP;Jardim Santa Matilde;-23,14;-45,903;2018-02-21 20:20:00.0;0,2
SÃO JOSÉ DOS CAMPOS;354990403A;SP;Jardim Santa Matilde;-23,14;-45,903;2018-02-21 21:10:00.0;0,0
SÃO JOSÉ DOS CAMPOS;354990403A;SP;Jardim Santa Matilde;-23,14;-45,903;2018-02-21 21:50:00.0;0,2
SÃO JOSÉ DOS CAMPOS;354990403A;SP;Jardim Santa Matilde;-23,14;-45,903;2018-02-21 22:10:00.0;0,0
SÃO JOSÉ DOS CAMPOS;354990403A;SP;Jardim Santa Matilde;-23,14;-45,903;2018-02-21 23:10:00.0;0,0
SÃO JOSÉ DOS CAMPOS;354990403A;SP;Jardim Santa Matilde;-23,14;-45,903;2018-02-21 23:30:00.0;0,2
SÃO JOSÉ DOS CAMPOS;354990403A;SP;Jardim Santa Matilde;-23,14;-45,903;2018-02-22 00:10:00.0;0,0
SÃO JOSÉ DOS CAMPOS;354990403A;SP;Jardim Santa Matilde;-23,14;-45,903;2018-02-22 00:40:00.0;0,2
SÃO JOSÉ DOS CAMPOS;354990403A;SP;Jardim Santa Matilde;-23,14;-45,903;2018-02-22 01:10:00.0;0,0
SÃO JOSÉ DOS CAMPOS;354990403A;SP;Jardim Santa Matilde;-23,14;-45,903;2018-02-22 01:50:00.0;0,2
SÃO JOSÉ DOS CAMPOS;354990403A;SP;Jardim Santa Matilde;-23,14;-45,903;2018-02-22 02:10:00.0;0,0
SÃO JOSÉ DOS CAMPOS;354990403A;SP;Jardim Santa Matilde;-23,14;-45,903;2018-02-22 02:50:00.0;0,2
SÃO JOSÉ DOS CAMPOS;354990403A;SP;Jardim Santa Matilde;-23,14;-45,903;2018-02-22 03:10:00.0;0,0
SÃO JOSÉ DOS CAMPOS;354990403A;SP;Jardim Santa Matilde;-23,14;-45,903;2018-02-22 04:00:00.0;0,2
SÃO JOSÉ DOS CAMPOS;354990403A;SP;Jardim Santa Matilde;-23,14;-45,903;2018-02-22 04:10:00.0;0,0
SÃO JOSÉ DOS CAMPOS;354990403A;SP;Jardim Santa Matilde;-23,14;-45,903;2018-02-22 05:10:00.0;0,0
SÃO JOSÉ DOS CAMPOS;354990403A;SP;Jardim Santa Matilde;-23,14;-45,903;2018-02-22 05:20:00.0;0,2
SÃO JOSÉ DOS CAMPOS;354990403A;SP;Jardim Santa Matilde;-23,14;-45,903;2018-02-22 06:10:00.0;0,0
SÃO JOSÉ DOS CAMPOS;354990403A;SP;Jardim Santa Matilde;-23,14;-45,903;2018-02-22 06:20:00.0;0,2
SÃO JOSÉ DOS CAMPOS;354990403A;SP;Jardim Santa Matilde;-23,14;-45,903;2018-02-22 07:10:00.0;0,0
SÃO JOSÉ DOS CAMPOS;354990403A;SP;Jardim Santa Matilde;-23,14;-45,903;2018-02-22 07:20:00.0;0,2
SÃO JOSÉ DOS CAMPOS;354990403A;SP;Jardim Santa Matilde;-23,14;-45,903;2018-02-22 08:10:00.0;0,2
SÃO JOSÉ DOS CAMPOS;354990403A;SP;Jardim Santa Matilde;-23,14;-45,903;2018-02-22 09:10:00.0;0,2
SÃO JOSÉ DOS CAMPOS;354990403A;SP;Jardim Santa Matilde;-23,14;-45,903;2018-02-22 10:00:00.0;0,2
SÃO JOSÉ DOS CAMPOS;354990403A;SP;Jardim Santa Matilde;-23,14;-45,903;2018-02-22 10:10:00.0;0,0
SÃO JOSÉ DOS CAMPOS;354990403A;SP;Jardim Santa Matilde;-23,14;-45,903;2018-02-22 10:50:00.0;0,2
SÃO JOSÉ DOS CAMPOS;354990403A;SP;Jardim Santa Matilde;-23,14;-45,903;2018-02-22 11:10:00.0;0,0
SÃO JOSÉ DOS CAMPOS;354990403A;SP;Jardim Santa Matilde;-23,14;-45,903;2018-02-22 11:30:00.0;0,2
SÃO JOSÉ DOS CAMPOS;354990403A;SP;Jardim Santa Matilde;-23,14;-45,903;2018-02-22 12:10:00.0;0,0
SÃO JOSÉ DOS CAMPOS;354990403A;SP;Jardim Santa Matilde;-23,14;-45,903;2018-02-22 12:20:00.0;0,2
SÃO JOSÉ DOS CAMPOS;354990403A;SP;Jardim Santa Matilde;-23,14;-45,903;2018-02-22 13:00:00.0;0,2
SÃO JOSÉ DOS CAMPOS;354990403A;SP;Jardim Santa Matilde;-23,14;-45,903;2018-02-22 13:10:00.0;0,0
SÃO JOSÉ DOS CAMPOS;354990403A;SP;Jardim Santa Matilde;-23,14;-45,903;2018-02-22 13:40:00.0;0,2
SÃO JOSÉ DOS CAMPOS;354990403A;SP;Jardim Santa Matilde;-23,14;-45,903;2018-02-22 14:10:00.0;0,0
SÃO JOSÉ DOS CAMPOS;354990403A;SP;Jardim Santa Matilde;-23,14;-45,903;2018-02-22 14:20:00.0;0,2
SÃO JOSÉ DOS CAMPOS;354990403A;SP;Jardim Santa Matilde;-23,14;-45,903;2018-02-22 15:10:00.0;0,2
SÃO JOSÉ DOS CAMPOS;354990403A;SP;Jardim Santa Matilde;-23,14;-45,903;2018-02-22 16:00:00.0;0,2
SÃO JOSÉ DOS CAMPOS;354990403A;SP;Jardim Santa Matilde;-23,14;-45,903;2018-02-22 16:10:00.0;0,0
SÃO JOSÉ DOS CAMPOS;354990403A;SP;Jardim Santa Matilde;-23,14;-45,903;2018-02-22 17:10:00.0;0,0
SÃO JOSÉ DOS CAMPOS;354990403A;SP;Jardim Santa Matilde;-23,14;-45,903;2018-02-22 17:20:00.0;0,2
SÃO JOSÉ DOS CAMPOS;354990403A;SP;Jardim Santa Matilde;-23,14;-45,903;2018-02-22 18:10:00.0;0,0
SÃO JOSÉ DOS CAMPOS;354990403A;SP;Jardim Santa Matilde;-23,14;-45,903;2018-02-22 19:10:00.0;0,0
SÃO JOSÉ DOS CAMPOS;354990403A;SP;Jardim Santa Matilde;-23,14;-45,903;2018-02-22 19:30:00.0;0,2
SÃO JOSÉ DOS CAMPOS;354990403A;SP;Jardim Santa Matilde;-23,14;-45,903;2018-02-22 20:10:00.0;0,0
SÃO JOSÉ DOS CAMPOS;354990403A;SP;Jardim Santa Matilde;-23,14;-45,903;2018-02-22 21:10:00.0;0,0
SÃO JOSÉ DOS CAMPOS;354990403A;SP;Jardim Santa Matilde;-23,14;-45,903;2018-02-22 21:50:00.0;0,2
SÃO JOSÉ DOS CAMPOS;354990403A;SP;Jardim Santa Matilde;-23,14;-45,903;2018-02-22 22:10:00.0;0,0
SÃO JOSÉ DOS CAMPOS;354990403A;SP;Jardim Santa Matilde;-23,14;-45,903;2018-02-22 23:10:00.0;0,0
SÃO JOSÉ DOS CAMPOS;354990403A;SP;Jardim Santa Matilde;-23,14;-45,903;2018-02-23 00:00:00.0;0,2
SÃO JOSÉ DOS CAMPOS;354990403A;SP;Jardim Santa Matilde;-23,14;-45,903;2018-02-23 00:10:00.0;0,0
SÃO JOSÉ DOS CAMPOS;354990403A;SP;Jardim Santa Matilde;-23,14;-45,903;2018-02-23 01:10:00.0;0,0
SÃO JOSÉ DOS CAMPOS;354990403A;SP;Jardim Santa Matilde;-23,14;-45,903;2018-02-23 02:10:00.0;0,0
SÃO JOSÉ DOS CAMPOS;354990403A;SP;Jardim Santa Matilde;-23,14;-45,903;2018-02-23 02:30:00.0;0,2
SÃO JOSÉ DOS CAMPOS;354990403A;SP;Jardim Santa Matilde;-23,14;-45,903;2018-02-23 03:10:00.0;0,0
SÃO JOSÉ DOS CAMPOS;354990403A;SP;Jardim Santa Matilde;-23,14;-45,903;2018-02-23 04:10:00.0;0,0
SÃO JOSÉ DOS CAMPOS;354990403A;SP;Jardim Santa Matilde;-23,14;-45,903;2018-02-23 04:20:00.0;0,2
SÃO JOSÉ DOS CAMPOS;354990403A;SP;Jardim Santa Matilde;-23,14;-45,903;2018-02-23 05:10:00.0;0,0
SÃO JOSÉ DOS CAMPOS;354990403A;SP;Jardim Santa Matilde;-23,14;-45,903;2018-02-23 06:10:00.0;0,2
SÃO JOSÉ DOS CAMPOS;354990403A;SP;Jardim Santa Matilde;-23,14;-45,903;2018-02-23 07:10:00.0;0,0
SÃO JOSÉ DOS CAMPOS;354990403A;SP;Jardim Santa Matilde;-23,14;-45,903;2018-02-23 07:50:00.0;0,2
SÃO JOSÉ DOS CAMPOS;354990403A;SP;Jardim Santa Matilde;-23,14;-45,903;2018-02-23 08:10:00.0;0,0
SÃO JOSÉ DOS CAMPOS;354990403A;SP;Jardim Santa Matilde;-23,14;-45,903;2018-02-23 09:10:00.0;0,0
SÃO JOSÉ DOS CAMPOS;354990403A;SP;Jardim Santa Matilde;-23,14;-45,903;2018-02-23 09:20:00.0;0,2
SÃO JOSÉ DOS CAMPOS;354990403A;SP;Jardim Santa Matilde;-23,14;-45,903;2018-02-23 10:10:00.0;0,0
SÃO JOSÉ DOS CAMPOS;354990403A;SP;Jardim Santa Matilde;-23,14;-45,903;2018-02-23 10:20:00.0;0,2
SÃO JOSÉ DOS CAMPOS;354990403A;SP;Jardim Santa Matilde;-23,14;-45,903;2018-02-23 11:10:00.0;0,0
SÃO JOSÉ DOS CAMPOS;354990403A;SP;Jardim Santa Matilde;-23,14;-45,903;2018-02-23 11:20:00.0;0,2
SÃO JOSÉ DOS CAMPOS;354990403A;SP;Jardim Santa Matilde;-23,14;-45,903;2018-02-23 12:10:00.0;0,2
SÃO JOSÉ DOS CAMPOS;354990403A;SP;Jardim Santa Matilde;-23,14;-45,903;2018-02-23 12:50:00.0;0,2
SÃO JOSÉ DOS CAMPOS;354990403A;SP;Jardim Santa Matilde;-23,14;-45,903;2018-02-23 13:10:00.0;0,0
SÃO JOSÉ DOS CAMPOS;354990403A;SP;Jardim Santa Matilde;-23,14;-45,903;2018-02-23 13:30:00.0;0,2
SÃO JOSÉ DOS CAMPOS;354990403A;SP;Jardim Santa Matilde;-23,14;-45,903;2018-02-23 14:10:00.0;0,0
SÃO JOSÉ DOS CAMPOS;354990403A;SP;Jardim Santa Matilde;-23,14;-45,903;2018-02-23 14:20:00.0;0,2
SÃO JOSÉ DOS CAMPOS;354990403A;SP;Jardim Santa Matilde;-23,14;-45,903;2018-02-23 15:10:00.0;0,2
SÃO JOSÉ DOS CAMPOS;354990403A;SP;Jardim Santa Matilde;-23,14;-45,903;2018-02-23 16:00:00.0;0,2
SÃO JOSÉ DOS CAMPOS;354990403A;SP;Jardim Santa Matilde;-23,14;-45,903;2018-02-23 16:10:00.0;0,0
SÃO JOSÉ DOS CAMPOS;354990403A;SP;Jardim Santa Matilde;-23,14;-45,903;2018-02-23 16:50:00.0;0,2
SÃO JOSÉ DOS CAMPOS;354990403A;SP;Jardim Santa Matilde;-23,14;-45,903;2018-02-23 17:10:00.0;0,0
SÃO JOSÉ DOS CAMPOS;354990403A;SP;Jardim Santa Matilde;-23,14;-45,903;2018-02-23 18:10:00.0;0,2
SÃO JOSÉ DOS CAMPOS;354990403A;SP;Jardim Santa Matilde;-23,14;-45,903;2018-02-23 19:10:00.0;0,0
SÃO JOSÉ DOS CAMPOS;354990403A;SP;Jardim Santa Matilde;-23,14;-45,903;2018-02-23 19:40:00.0;0,2
SÃO JOSÉ DOS CAMPOS;354990403A;SP;Jardim Santa Matilde;-23,14;-45,903;2018-02-23 20:10:00.0;0,0
SÃO JOSÉ DOS CAMPOS;354990403A;SP;Jardim Santa Matilde;-23,14;-45,903;2018-02-23 20:50:00.0;0,2
SÃO JOSÉ DOS CAMPOS;354990403A;SP;Jardim Santa Matilde;-23,14;-45,903;2018-02-23 21:10:00.0;0,0
SÃO JOSÉ DOS CAMPOS;354990403A;SP;Jardim Santa Matilde;-23,14;-45,903;2018-02-23 21:50:00.0;0,2
SÃO JOSÉ DOS CAMPOS;354990403A;SP;Jardim Santa Matilde;-23,14;-45,903;2018-02-23 22:10:00.0;0,0
SÃO JOSÉ DOS CAMPOS;354990403A;SP;Jardim Santa Matilde;-23,14;-45,903;2018-02-23 22:40:00.0;0,2
SÃO JOSÉ DOS CAMPOS;354990403A;SP;Jardim Santa Matilde;-23,14;-45,903;2018-02-23 23:10:00.0;0,0
SÃO JOSÉ DOS CAMPOS;354990403A;SP;Jardim Santa Matilde;-23,14;-45,903;2018-02-23 23:40:00.0;0,2
SÃO JOSÉ DOS CAMPOS;354990403A;SP;Jardim Santa Matilde;-23,14;-45,903;2018-02-24 00:10:00.0;0,0
SÃO JOSÉ DOS CAMPOS;354990403A;SP;Jardim Santa Matilde;-23,14;-45,903;2018-02-24 00:50:00.0;0,2
SÃO JOSÉ DOS CAMPOS;354990403A;SP;Jardim Santa Matilde;-23,14;-45,903;2018-02-24 01:10:00.0;0,0
SÃO JOSÉ DOS CAMPOS;354990403A;SP;Jardim Santa Matilde;-23,14;-45,903;2018-02-24 01:50:00.0;0,2
SÃO JOSÉ DOS CAMPOS;354990403A;SP;Jardim Santa Matilde;-23,14;-45,903;2018-02-24 03:10:00.0;0,2
SÃO JOSÉ DOS CAMPOS;354990403A;SP;Jardim Santa Matilde;-23,14;-45,903;2018-02-24 04:10:00.0;0,0
SÃO JOSÉ DOS CAMPOS;354990403A;SP;Jardim Santa Matilde;-23,14;-45,903;2018-02-24 04:30:00.0;0,2
SÃO JOSÉ DOS CAMPOS;354990403A;SP;Jardim Santa Matilde;-23,14;-45,903;2018-02-24 05:10:00.0;0,0
SÃO JOSÉ DOS CAMPOS;354990403A;SP;Jardim Santa Matilde;-23,14;-45,903;2018-02-24 05:40:00.0;0,2
SÃO JOSÉ DOS CAMPOS;354990403A;SP;Jardim Santa Matilde;-23,14;-45,903;2018-02-24 06:10:00.0;0,0
SÃO JOSÉ DOS CAMPOS;354990403A;SP;Jardim Santa Matilde;-23,14;-45,903;2018-02-24 07:00:00.0;0,2
SÃO JOSÉ DOS CAMPOS;354990403A;SP;Jardim Santa Matilde;-23,14;-45,903;2018-02-24 07:10:00.0;0,0
SÃO JOSÉ DOS CAMPOS;354990403A;SP;Jardim Santa Matilde;-23,14;-45,903;2018-02-24 08:10:00.0;0,2
SÃO JOSÉ DOS CAMPOS;354990403A;SP;Jardim Santa Matilde;-23,14;-45,903;2018-02-24 09:10:00.0;0,0
SÃO JOSÉ DOS CAMPOS;354990403A;SP;Jardim Santa Matilde;-23,14;-45,903;2018-02-24 09:30:00.0;0,2
SÃO JOSÉ DOS CAMPOS;354990403A;SP;Jardim Santa Matilde;-23,14;-45,903;2018-02-24 10:10:00.0;0,0
SÃO JOSÉ DOS CAMPOS;354990403A;SP;Jardim Santa Matilde;-23,14;-45,903;2018-02-24 11:00:00.0;0,2
SÃO JOSÉ DOS CAMPOS;354990403A;SP;Jardim Santa Matilde;-23,14;-45,903;2018-02-24 11:10:00.0;0,0
SÃO JOSÉ DOS CAMPOS;354990403A;SP;Jardim Santa Matilde;-23,14;-45,903;2018-02-24 12:10:00.0;0,0
SÃO JOSÉ DOS CAMPOS;354990403A;SP;Jardim Santa Matilde;-23,14;-45,903;2018-02-24 12:20:00.0;0,2
SÃO JOSÉ DOS CAMPOS;354990403A;SP;Jardim Santa Matilde;-23,14;-45,903;2018-02-24 13:10:00.0;0,0
SÃO JOSÉ DOS CAMPOS;354990403A;SP;Jardim Santa Matilde;-23,14;-45,903;2018-02-24 14:10:00.0;0,2
SÃO JOSÉ DOS CAMPOS;354990403A;SP;Jardim Santa Matilde;-23,14;-45,903;2018-02-24 15:10:00.0;0,0
SÃO JOSÉ DOS CAMPOS;354990403A;SP;Jardim Santa Matilde;-23,14;-45,903;2018-02-24 16:10:00.0;0,0
SÃO JOSÉ DOS CAMPOS;354990403A;SP;Jardim Santa Matilde;-23,14;-45,903;2018-02-24 16:30:00.0;0,2
SÃO JOSÉ DOS CAMPOS;354990403A;SP;Jardim Santa Matilde;-23,14;-45,903;2018-02-24 17:10:00.0;0,0
SÃO JOSÉ DOS CAMPOS;354990403A;SP;Jardim Santa Matilde;-23,14;-45,903;2018-02-24 18:10:00.0;0,0
SÃO JOSÉ DOS CAMPOS;354990403A;SP;Jardim Santa Matilde;-23,14;-45,903;2018-02-24 18:30:00.0;0,2
SÃO JOSÉ DOS CAMPOS;354990403A;SP;Jardim Santa Matilde;-23,14;-45,903;2018-02-24 19:10:00.0;0,0
SÃO JOSÉ DOS CAMPOS;354990403A;SP;Jardim Santa Matilde;-23,14;-45,903;2018-02-24 20:10:00.0;0,0
SÃO JOSÉ DOS CAMPOS;354990403A;SP;Jardim Santa Matilde;-23,14;-45,903;2018-02-24 21:10:00.0;0,0
SÃO JOSÉ DOS CAMPOS;354990403A;SP;Jardim Santa Matilde;-23,14;-45,903;2018-02-24 22:10:00.0;0,0
SÃO JOSÉ DOS CAMPOS;354990403A;SP;Jardim Santa Matilde;-23,14;-45,903;2018-02-24 23:10:00.0;0,0
SÃO JOSÉ DOS CAMPOS;354990403A;SP;Jardim Santa Matilde;-23,14;-45,903;2018-02-25 00:10:00.0;0,0
SÃO JOSÉ DOS CAMPOS;354990403A;SP;Jardim Santa Matilde;-23,14;-45,903;2018-02-25 01:10:00.0;0,0
SÃO JOSÉ DOS CAMPOS;354990403A;SP;Jardim Santa Matilde;-23,14;-45,903;2018-02-25 02:10:00.0;0,0
SÃO JOSÉ DOS CAMPOS;354990403A;SP;Jardim Santa Matilde;-23,14;-45,903;2018-02-25 03:10:00.0;0,0
SÃO JOSÉ DOS CAMPOS;354990403A;SP;Jardim Santa Matilde;-23,14;-45,903;2018-02-25 04:10:00.0;0,0
SÃO JOSÉ DOS CAMPOS;354990403A;SP;Jardim Santa Matilde;-23,14;-45,903;2018-02-25 10:20:00.0;0,0
SÃO JOSÉ DOS CAMPOS;354990403A;SP;Jardim Santa Matilde;-23,14;-45,903;2018-02-25 11:10:00.0;0,0
SÃO JOSÉ DOS CAMPOS;354990403A;SP;Jardim Santa Matilde;-23,14;-45,903;2018-02-25 12:10:00.0;0,0
SÃO JOSÉ DOS CAMPOS;354990403A;SP;Jardim Santa Matilde;-23,14;-45,903;2018-02-25 13:10:00.0;0,0
SÃO JOSÉ DOS CAMPOS;354990403A;SP;Jardim Santa Matilde;-23,14;-45,903;2018-02-25 14:10:00.0;0,0
SÃO JOSÉ DOS CAMPOS;354990403A;SP;Jardim Santa Matilde;-23,14;-45,903;2018-02-25 15:10:00.0;0,0
SÃO JOSÉ DOS CAMPOS;354990403A;SP;Jardim Santa Matilde;-23,14;-45,903;2018-02-25 16:10:00.0;0,0
SÃO JOSÉ DOS CAMPOS;354990403A;SP;Jardim Santa Matilde;-23,14;-45,903;2018-02-25 17:10:00.0;0,0
SÃO JOSÉ DOS CAMPOS;354990403A;SP;Jardim Santa Matilde;-23,14;-45,903;2018-02-25 18:10:00.0;0,0
SÃO JOSÉ DOS CAMPOS;354990403A;SP;Jardim Santa Matilde;-23,14;-45,903;2018-02-25 19:10:00.0;0,0
SÃO JOSÉ DOS CAMPOS;354990403A;SP;Jardim Santa Matilde;-23,14;-45,903;2018-02-25 20:10:00.0;0,0
SÃO JOSÉ DOS CAMPOS;354990403A;SP;Jardim Santa Matilde;-23,14;-45,903;2018-02-25 21:10:00.0;0,0
SÃO JOSÉ DOS CAMPOS;354990403A;SP;Jardim Santa Matilde;-23,14;-45,903;2018-02-25 22:10:00.0;0,0
SÃO JOSÉ DOS CAMPOS;354990403A;SP;Jardim Santa Matilde;-23,14;-45,903;2018-02-25 23:10:00.0;0,0
SÃO JOSÉ DOS CAMPOS;354990403A;SP;Jardim Santa Matilde;-23,14;-45,903;2018-02-26 00:10:00.0;0,0
SÃO JOSÉ DOS CAMPOS;354990403A;SP;Jardim Santa Matilde;-23,14;-45,903;2018-02-26 01:10:00.0;0,0
SÃO JOSÉ DOS CAMPOS;354990403A;SP;Jardim Santa Matilde;-23,14;-45,903;2018-02-26 01:30:00.0;0,2
SÃO JOSÉ DOS CAMPOS;354990403A;SP;Jardim Santa Matilde;-23,14;-45,903;2018-02-26 02:10:00.0;0,0
SÃO JOSÉ DOS CAMPOS;354990403A;SP;Jardim Santa Matilde;-23,14;-45,903;2018-02-26 03:10:00.0;0,0
SÃO JOSÉ DOS CAMPOS;354990403A;SP;Jardim Santa Matilde;-23,14;-45,903;2018-02-26 04:10:00.0;0,0
SÃO JOSÉ DOS CAMPOS;354990403A;SP;Jardim Santa Matilde;-23,14;-45,903;2018-02-26 04:40:00.0;0,2
SÃO JOSÉ DOS CAMPOS;354990403A;SP;Jardim Santa Matilde;-23,14;-45,903;2018-02-26 05:10:00.0;0,0
SÃO JOSÉ DOS CAMPOS;354990403A;SP;Jardim Santa Matilde;-23,14;-45,903;2018-02-26 06:10:00.0;0,0
SÃO JOSÉ DOS CAMPOS;354990403A;SP;Jardim Santa Matilde;-23,14;-45,903;2018-02-26 07:10:00.0;0,0
SÃO JOSÉ DOS CAMPOS;354990403A;SP;Jardim Santa Matilde;-23,14;-45,903;2018-02-26 08:10:00.0;0,0
SÃO JOSÉ DOS CAMPOS;354990403A;SP;Jardim Santa Matilde;-23,14;-45,903;2018-02-26 09:10:00.0;0,0
SÃO JOSÉ DOS CAMPOS;354990403A;SP;Jardim Santa Matilde;-23,14;-45,903;2018-02-26 10:10:00.0;0,0
SÃO JOSÉ DOS CAMPOS;354990403A;SP;Jardim Santa Matilde;-23,14;-45,903;2018-02-26 11:10:00.0;0,0
SÃO JOSÉ DOS CAMPOS;354990403A;SP;Jardim Santa Matilde;-23,14;-45,903;2018-02-26 12:10:00.0;0,0
SÃO JOSÉ DOS CAMPOS;354990403A;SP;Jardim Santa Matilde;-23,14;-45,903;2018-02-26 13:10:00.0;0,0
SÃO JOSÉ DOS CAMPOS;354990403A;SP;Jardim Santa Matilde;-23,14;-45,903;2018-02-26 14:10:00.0;0,0
SÃO JOSÉ DOS CAMPOS;354990403A;SP;Jardim Santa Matilde;-23,14;-45,903;2018-02-26 15:10:00.0;0,0
SÃO JOSÉ DOS CAMPOS;354990403A;SP;Jardim Santa Matilde;-23,14;-45,903;2018-02-26 16:10:00.0;0,0
SÃO JOSÉ DOS CAMPOS;354990403A;SP;Jardim Santa Matilde;-23,14;-45,903;2018-02-26 17:10:00.0;0,0
SÃO JOSÉ DOS CAMPOS;354990403A;SP;Jardim Santa Matilde;-23,14;-45,903;2018-02-26 18:10:00.0;0,0
SÃO JOSÉ DOS CAMPOS;354990403A;SP;Jardim Santa Matilde;-23,14;-45,903;2018-02-26 18:30:00.0;0,39
SÃO JOSÉ DOS CAMPOS;354990403A;SP;Jardim Santa Matilde;-23,14;-45,903;2018-02-26 18:40:00.0;0,39
SÃO JOSÉ DOS CAMPOS;354990403A;SP;Jardim Santa Matilde;-23,14;-45,903;2018-02-26 18:50:00.0;0,39
SÃO JOSÉ DOS CAMPOS;354990403A;SP;Jardim Santa Matilde;-23,14;-45,903;2018-02-26 19:00:00.0;0,39
SÃO JOSÉ DOS CAMPOS;354990403A;SP;Jardim Santa Matilde;-23,14;-45,903;2018-02-26 19:10:00.0;0,2
SÃO JOSÉ DOS CAMPOS;354990403A;SP;Jardim Santa Matilde;-23,14;-45,903;2018-02-26 19:20:00.0;0,2
SÃO JOSÉ DOS CAMPOS;354990403A;SP;Jardim Santa Matilde;-23,14;-45,903;2018-02-26 19:30:00.0;0,39
SÃO JOSÉ DOS CAMPOS;354990403A;SP;Jardim Santa Matilde;-23,14;-45,903;2018-02-26 19:40:00.0;0,2
SÃO JOSÉ DOS CAMPOS;354990403A;SP;Jardim Santa Matilde;-23,14;-45,903;2018-02-26 19:50:00.0;0,2
SÃO JOSÉ DOS CAMPOS;354990403A;SP;Jardim Santa Matilde;-23,14;-45,903;2018-02-26 20:00:00.0;0,2
SÃO JOSÉ DOS CAMPOS;354990403A;SP;Jardim Santa Matilde;-23,14;-45,903;2018-02-26 20:10:00.0;0,2
SÃO JOSÉ DOS CAMPOS;354990403A;SP;Jardim Santa Matilde;-23,14;-45,903;2018-02-26 20:20:00.0;0,2
SÃO JOSÉ DOS CAMPOS;354990403A;SP;Jardim Santa Matilde;-23,14;-45,903;2018-02-26 20:30:00.0;0,2
SÃO JOSÉ DOS CAMPOS;354990403A;SP;Jardim Santa Matilde;-23,14;-45,903;2018-02-26 20:40:00.0;0,2
SÃO JOSÉ DOS CAMPOS;354990403A;SP;Jardim Santa Matilde;-23,14;-45,903;2018-02-26 20:50:00.0;0,2
SÃO JOSÉ DOS CAMPOS;354990403A;SP;Jardim Santa Matilde;-23,14;-45,903;2018-02-26 21:00:00.0;0,2
SÃO JOSÉ DOS CAMPOS;354990403A;SP;Jardim Santa Matilde;-23,14;-45,903;2018-02-26 21:10:00.0;0,0
SÃO JOSÉ DOS CAMPOS;354990403A;SP;Jardim Santa Matilde;-23,14;-45,903;2018-02-26 21:20:00.0;0,2
SÃO JOSÉ DOS CAMPOS;354990403A;SP;Jardim Santa Matilde;-23,14;-45,903;2018-02-26 21:30:00.0;0,2
SÃO JOSÉ DOS CAMPOS;354990403A;SP;Jardim Santa Matilde;-23,14;-45,903;2018-02-26 22:00:00.0;0,2
SÃO JOSÉ DOS CAMPOS;354990403A;SP;Jardim Santa Matilde;-23,14;-45,903;2018-02-26 22:10:00.0;0,0
SÃO JOSÉ DOS CAMPOS;354990403A;SP;Jardim Santa Matilde;-23,14;-45,903;2018-02-26 22:20:00.0;0,2
SÃO JOSÉ DOS CAMPOS;354990403A;SP;Jardim Santa Matilde;-23,14;-45,903;2018-02-26 22:50:00.0;0,2
SÃO JOSÉ DOS CAMPOS;354990403A;SP;Jardim Santa Matilde;-23,14;-45,903;2018-02-26 23:10:00.0;0,0
SÃO JOSÉ DOS CAMPOS;354990403A;SP;Jardim Santa Matilde;-23,14;-45,903;2018-02-26 23:20:00.0;0,2
SÃO JOSÉ DOS CAMPOS;354990403A;SP;Jardim Santa Matilde;-23,14;-45,903;2018-02-26 23:50:00.0;0,2
SÃO JOSÉ DOS CAMPOS;354990403A;SP;Jardim Santa Matilde;-23,14;-45,903;2018-02-27 00:10:00.0;0,0
SÃO JOSÉ DOS CAMPOS;354990403A;SP;Jardim Santa Matilde;-23,14;-45,903;2018-02-27 00:30:00.0;0,2
SÃO JOSÉ DOS CAMPOS;354990403A;SP;Jardim Santa Matilde;-23,14;-45,903;2018-02-27 01:10:00.0;0,2
SÃO JOSÉ DOS CAMPOS;354990403A;SP;Jardim Santa Matilde;-23,14;-45,903;2018-02-27 01:50:00.0;0,2
SÃO JOSÉ DOS CAMPOS;354990403A;SP;Jardim Santa Matilde;-23,14;-45,903;2018-02-27 02:10:00.0;0,0
SÃO JOSÉ DOS CAMPOS;354990403A;SP;Jardim Santa Matilde;-23,14;-45,903;2018-02-27 03:30:00.0;0,39
SÃO JOSÉ DOS CAMPOS;354990403A;SP;Jardim Santa Matilde;-23,14;-45,903;2018-02-27 03:40:00.0;0,0
SÃO JOSÉ DOS CAMPOS;354990403A;SP;Jardim Santa Matilde;-23,14;-45,903;2018-02-27 04:10:00.0;0,2
SÃO JOSÉ DOS CAMPOS;354990403A;SP;Jardim Santa Matilde;-23,14;-45,903;2018-02-27 05:00:00.0;0,2
SÃO JOSÉ DOS CAMPOS;354990403A;SP;Jardim Santa Matilde;-23,14;-45,903;2018-02-27 05:10:00.0;0,0
SÃO JOSÉ DOS CAMPOS;354990403A;SP;Jardim Santa Matilde;-23,14;-45,903;2018-02-27 06:00:00.0;0,2
SÃO JOSÉ DOS CAMPOS;354990403A;SP;Jardim Santa Matilde;-23,14;-45,903;2018-02-27 07:10:00.0;0,2
SÃO JOSÉ DOS CAMPOS;354990403A;SP;Jardim Santa Matilde;-23,14;-45,903;2018-02-27 07:20:00.0;0,0
SÃO JOSÉ DOS CAMPOS;354990403A;SP;Jardim Santa Matilde;-23,14;-45,903;2018-02-27 08:10:00.0;0,2
SÃO JOSÉ DOS CAMPOS;354990403A;SP;Jardim Santa Matilde;-23,14;-45,903;2018-02-27 08:20:00.0;0,0
SÃO JOSÉ DOS CAMPOS;354990403A;SP;Jardim Santa Matilde;-23,14;-45,903;2018-02-27 09:10:00.0;0,2
SÃO JOSÉ DOS CAMPOS;354990403A;SP;Jardim Santa Matilde;-23,14;-45,903;2018-02-27 09:20:00.0;0,2
SÃO JOSÉ DOS CAMPOS;354990403A;SP;Jardim Santa Matilde;-23,14;-45,903;2018-02-27 10:10:00.0;0,2
SÃO JOSÉ DOS CAMPOS;354990403A;SP;Jardim Santa Matilde;-23,14;-45,903;2018-02-27 10:20:00.0;0,0
SÃO JOSÉ DOS CAMPOS;354990403A;SP;Jardim Santa Matilde;-23,14;-45,903;2018-02-27 10:50:00.0;0,2
SÃO JOSÉ DOS CAMPOS;354990403A;SP;Jardim Santa Matilde;-23,14;-45,903;2018-02-27 11:10:00.0;0,0
SÃO JOSÉ DOS CAMPOS;354990403A;SP;Jardim Santa Matilde;-23,14;-45,903;2018-02-27 11:50:00.0;0,2
SÃO JOSÉ DOS CAMPOS;354990403A;SP;Jardim Santa Matilde;-23,14;-45,903;2018-02-27 12:10:00.0;0,0
SÃO JOSÉ DOS CAMPOS;354990403A;SP;Jardim Santa Matilde;-23,14;-45,903;2018-02-27 13:10:00.0;0,2
SÃO JOSÉ DOS CAMPOS;354990403A;SP;Jardim Santa Matilde;-23,14;-45,903;2018-02-27 14:10:00.0;0,0
SÃO JOSÉ DOS CAMPOS;354990403A;SP;Jardim Santa Matilde;-23,14;-45,903;2018-02-27 14:40:00.0;0,2
SÃO JOSÉ DOS CAMPOS;354990403A;SP;Jardim Santa Matilde;-23,14;-45,903;2018-02-27 15:10:00.0;0,0
SÃO JOSÉ DOS CAMPOS;354990403A;SP;Jardim Santa Matilde;-23,14;-45,903;2018-02-27 16:10:00.0;0,0
SÃO JOSÉ DOS CAMPOS;354990403A;SP;Jardim Santa Matilde;-23,14;-45,903;2018-02-27 16:20:00.0;0,2
SÃO JOSÉ DOS CAMPOS;354990403A;SP;Jardim Santa Matilde;-23,14;-45,903;2018-02-27 17:10:00.0;0,0
SÃO JOSÉ DOS CAMPOS;354990403A;SP;Jardim Santa Matilde;-23,14;-45,903;2018-02-27 18:10:00.0;0,0
SÃO JOSÉ DOS CAMPOS;354990403A;SP;Jardim Santa Matilde;-23,14;-45,903;2018-02-27 19:10:00.0;0,0
SÃO JOSÉ DOS CAMPOS;354990403A;SP;Jardim Santa Matilde;-23,14;-45,903;2018-02-27 19:40:00.0;0,2
SÃO JOSÉ DOS CAMPOS;354990403A;SP;Jardim Santa Matilde;-23,14;-45,903;2018-02-27 20:10:00.0;0,0
SÃO JOSÉ DOS CAMPOS;354990403A;SP;Jardim Santa Matilde;-23,14;-45,903;2018-02-27 21:10:00.0;0,0
SÃO JOSÉ DOS CAMPOS;354990403A;SP;Jardim Santa Matilde;-23,14;-45,903;2018-02-27 22:00:00.0;0,2
SÃO JOSÉ DOS CAMPOS;354990403A;SP;Jardim Santa Matilde;-23,14;-45,903;2018-02-27 22:20:00.0;0,0
SÃO JOSÉ DOS CAMPOS;354990403A;SP;Jardim Santa Matilde;-23,14;-45,903;2018-02-27 23:10:00.0;0,0
SÃO JOSÉ DOS CAMPOS;354990403A;SP;Jardim Santa Matilde;-23,14;-45,903;2018-02-27 23:40:00.0;0,2
SÃO JOSÉ DOS CAMPOS;354990403A;SP;Jardim Santa Matilde;-23,14;-45,903;2018-02-28 00:10:00.0;0,0
SÃO JOSÉ DOS CAMPOS;354990403A;SP;Jardim Santa Matilde;-23,14;-45,903;2018-02-28 00:50:00.0;0,2
SÃO JOSÉ DOS CAMPOS;354990403A;SP;Jardim Santa Matilde;-23,14;-45,903;2018-02-28 02:10:00.0;0,2
SÃO JOSÉ DOS CAMPOS;354990403A;SP;Jardim Santa Matilde;-23,14;-45,903;2018-02-28 03:10:00.0;0,2
SÃO JOSÉ DOS CAMPOS;354990403A;SP;Jardim Santa Matilde;-23,14;-45,903;2018-02-28 04:00:00.0;0,2
SÃO JOSÉ DOS CAMPOS;354990403A;SP;Jardim Santa Matilde;-23,14;-45,903;2018-02-28 04:20:00.0;0,0
SÃO JOSÉ DOS CAMPOS;354990403A;SP;Jardim Santa Matilde;-23,14;-45,903;2018-02-28 05:10:00.0;0,2
SÃO JOSÉ DOS CAMPOS;354990403A;SP;Jardim Santa Matilde;-23,14;-45,903;2018-02-28 06:10:00.0;0,0
SÃO JOSÉ DOS CAMPOS;354990403A;SP;Jardim Santa Matilde;-23,14;-45,903;2018-02-28 06:50:00.0;0,2
SÃO JOSÉ DOS CAMPOS;354990403A;SP;Jardim Santa Matilde;-23,14;-45,903;2018-02-28 07:10:00.0;0,0
SÃO JOSÉ DOS CAMPOS;354990403A;SP;Jardim Santa Matilde;-23,14;-45,903;2018-02-28 10:10:00.0;0,39
SÃO JOSÉ DOS CAMPOS;354990403A;SP;Jardim Santa Matilde;-23,14;-45,903;2018-02-28 10:20:00.0;0,0
SÃO JOSÉ DOS CAMPOS;354990403A;SP;Jardim Santa Matilde;-23,14;-45,903;2018-02-28 11:10:00.0;0,0
SÃO JOSÉ DOS CAMPOS;354990403A;SP;Jardim Santa Matilde;-23,14;-45,903;2018-02-28 12:10:00.0;0,0
SÃO JOSÉ DOS CAMPOS;354990403A;SP;Jardim Santa Matilde;-23,14;-45,903;2018-02-28 13:10:00.0;0,0
SÃO JOSÉ DOS CAMPOS;354990403A;SP;Jardim Santa Matilde;-23,14;-45,903;2018-02-28 14:10:00.0;0,0
SÃO JOSÉ DOS CAMPOS;354990403A;SP;Jardim Santa Matilde;-23,14;-45,903;2018-02-28 15:10:00.0;0,0
SÃO JOSÉ DOS CAMPOS;354990403A;SP;Jardim Santa Matilde;-23,14;-45,903;2018-02-28 16:10:00.0;0,0
SÃO JOSÉ DOS CAMPOS;354990403A;SP;Jardim Santa Matilde;-23,14;-45,903;2018-02-28 17:10:00.0;0,0
SÃO JOSÉ DOS CAMPOS;354990403A;SP;Jardim Santa Matilde;-23,14;-45,903;2018-02-28 18:10:00.0;0,0
SÃO JOSÉ DOS CAMPOS;354990403A;SP;Jardim Santa Matilde;-23,14;-45,903;2018-02-28 19:10:00.0;0,0
SÃO JOSÉ DOS CAMPOS;354990403A;SP;Jardim Santa Matilde;-23,14;-45,903;2018-02-28 19:20:00.0;0,39
SÃO JOSÉ DOS CAMPOS;354990403A;SP;Jardim Santa Matilde;-23,14;-45,903;2018-02-28 19:30:00.0;0,39
SÃO JOSÉ DOS CAMPOS;354990403A;SP;Jardim Santa Matilde;-23,14;-45,903;2018-02-28 19:40:00.0;0,2
SÃO JOSÉ DOS CAMPOS;354990403A;SP;Jardim Santa Matilde;-23,14;-45,903;2018-02-28 19:50:00.0;0,2
SÃO JOSÉ DOS CAMPOS;354990403A;SP;Jardim Santa Matilde;-23,14;-45,903;2018-02-28 20:10:00.0;0,2
SÃO JOSÉ DOS CAMPOS;354990403A;SP;Jardim Santa Matilde;-23,14;-45,903;2018-02-28 20:20:00.0;0,0
SÃO JOSÉ DOS CAMPOS;354990403A;SP;Jardim Santa Matilde;-23,14;-45,903;2018-02-28 20:30:00.0;0,2
SÃO JOSÉ DOS CAMPOS;354990403A;SP;Jardim Santa Matilde;-23,14;-45,903;2018-02-28 21:00:00.0;0,2
SÃO JOSÉ DOS CAMPOS;354990403A;SP;Jardim Santa Matilde;-23,14;-45,903;2018-02-28 21:10:00.0;0,0
SÃO JOSÉ DOS CAMPOS;354990403A;SP;Jardim Santa Matilde;-23,14;-45,903;2018-02-28 21:40:00.0;0,2
SÃO JOSÉ DOS CAMPOS;354990403A;SP;Jardim Santa Matilde;-23,14;-45,903;2018-02-28 22:10:00.0;0,0
SÃO JOSÉ DOS CAMPOS;354990403A;SP;Jardim Santa Matilde;-23,14;-45,903;2018-02-28 22:30:00.0;0,2
SÃO JOSÉ DOS CAMPOS;354990403A;SP;Jardim Santa Matilde;-23,14;-45,903;2018-02-28 23:10:00.0;0,0
SÃO JOSÉ DOS CAMPOS;354990403A;SP;Jardim Santa Matilde;-23,14;-45,903;2018-02-28 23:50:00.0;0,2
SÃO JOSÉ DOS CAMPOS;354990404A;SP;Jardim Juçara;-23,187;-45,869;2018-02-01 00:10:00.0;0,0
SÃO JOSÉ DOS CAMPOS;354990404A;SP;Jardim Juçara;-23,187;-45,869;2018-02-01 01:10:00.0;0,0
SÃO JOSÉ DOS CAMPOS;354990404A;SP;Jardim Juçara;-23,187;-45,869;2018-02-01 02:10:00.0;0,0
SÃO JOSÉ DOS CAMPOS;354990404A;SP;Jardim Juçara;-23,187;-45,869;2018-02-01 03:10:00.0;0,0
SÃO JOSÉ DOS CAMPOS;354990404A;SP;Jardim Juçara;-23,187;-45,869;2018-02-01 04:10:00.0;0,0
SÃO JOSÉ DOS CAMPOS;354990404A;SP;Jardim Juçara;-23,187;-45,869;2018-02-01 05:10:00.0;0,0
SÃO JOSÉ DOS CAMPOS;354990404A;SP;Jardim Juçara;-23,187;-45,869;2018-02-01 06:10:00.0;0,0
SÃO JOSÉ DOS CAMPOS;354990404A;SP;Jardim Juçara;-23,187;-45,869;2018-02-01 07:10:00.0;0,0
SÃO JOSÉ DOS CAMPOS;354990404A;SP;Jardim Juçara;-23,187;-45,869;2018-02-01 08:10:00.0;0,0
SÃO JOSÉ DOS CAMPOS;354990404A;SP;Jardim Juçara;-23,187;-45,869;2018-02-01 09:10:00.0;0,0
SÃO JOSÉ DOS CAMPOS;354990404A;SP;Jardim Juçara;-23,187;-45,869;2018-02-01 10:10:00.0;0,0
SÃO JOSÉ DOS CAMPOS;354990404A;SP;Jardim Juçara;-23,187;-45,869;2018-02-01 11:10:00.0;0,0
SÃO JOSÉ DOS CAMPOS;354990404A;SP;Jardim Juçara;-23,187;-45,869;2018-02-01 12:10:00.0;0,0
SÃO JOSÉ DOS CAMPOS;354990404A;SP;Jardim Juçara;-23,187;-45,869;2018-02-01 13:10:00.0;0,0
SÃO JOSÉ DOS CAMPOS;354990404A;SP;Jardim Juçara;-23,187;-45,869;2018-02-01 13:30:00.0;0,2
SÃO JOSÉ DOS CAMPOS;354990404A;SP;Jardim Juçara;-23,187;-45,869;2018-02-01 14:10:00.0;0,0
SÃO JOSÉ DOS CAMPOS;354990404A;SP;Jardim Juçara;-23,187;-45,869;2018-02-01 15:10:00.0;0,0
SÃO JOSÉ DOS CAMPOS;354990404A;SP;Jardim Juçara;-23,187;-45,869;2018-02-01 16:10:00.0;0,0
SÃO JOSÉ DOS CAMPOS;354990404A;SP;Jardim Juçara;-23,187;-45,869;2018-02-01 17:10:00.0;0,0
SÃO JOSÉ DOS CAMPOS;354990404A;SP;Jardim Juçara;-23,187;-45,869;2018-02-01 18:10:00.0;0,0
SÃO JOSÉ DOS CAMPOS;354990404A;SP;Jardim Juçara;-23,187;-45,869;2018-02-01 19:10:00.0;0,0
SÃO JOSÉ DOS CAMPOS;354990404A;SP;Jardim Juçara;-23,187;-45,869;2018-02-01 20:10:00.0;0,0
SÃO JOSÉ DOS CAMPOS;354990404A;SP;Jardim Juçara;-23,187;-45,869;2018-02-01 21:10:00.0;0,0
SÃO JOSÉ DOS CAMPOS;354990404A;SP;Jardim Juçara;-23,187;-45,869;2018-02-01 22:10:00.0;0,0
SÃO JOSÉ DOS CAMPOS;354990404A;SP;Jardim Juçara;-23,187;-45,869;2018-02-01 23:10:00.0;0,0
SÃO JOSÉ DOS CAMPOS;354990404A;SP;Jardim Juçara;-23,187;-45,869;2018-02-02 00:10:00.0;0,0
SÃO JOSÉ DOS CAMPOS;354990404A;SP;Jardim Juçara;-23,187;-45,869;2018-02-02 01:10:00.0;0,0
SÃO JOSÉ DOS CAMPOS;354990404A;SP;Jardim Juçara;-23,187;-45,869;2018-02-02 02:10:00.0;0,0
SÃO JOSÉ DOS CAMPOS;354990404A;SP;Jardim Juçara;-23,187;-45,869;2018-02-02 03:10:00.0;0,0
SÃO JOSÉ DOS CAMPOS;354990404A;SP;Jardim Juçara;-23,187;-45,869;2018-02-02 04:10:00.0;0,0
SÃO JOSÉ DOS CAMPOS;354990404A;SP;Jardim Juçara;-23,187;-45,869;2018-02-02 05:10:00.0;0,0
SÃO JOSÉ DOS CAMPOS;354990404A;SP;Jardim Juçara;-23,187;-45,869;2018-02-02 06:10:00.0;0,0
SÃO JOSÉ DOS CAMPOS;354990404A;SP;Jardim Juçara;-23,187;-45,869;2018-02-02 07:10:00.0;0,0
SÃO JOSÉ DOS CAMPOS;354990404A;SP;Jardim Juçara;-23,187;-45,869;2018-02-02 08:10:00.0;0,0
SÃO JOSÉ DOS CAMPOS;354990404A;SP;Jardim Juçara;-23,187;-45,869;2018-02-02 09:10:00.0;0,0
SÃO JOSÉ DOS CAMPOS;354990404A;SP;Jardim Juçara;-23,187;-45,869;2018-02-02 10:10:00.0;0,0
SÃO JOSÉ DOS CAMPOS;354990404A;SP;Jardim Juçara;-23,187;-45,869;2018-02-02 11:10:00.0;0,0
SÃO JOSÉ DOS CAMPOS;354990404A;SP;Jardim Juçara;-23,187;-45,869;2018-02-02 12:10:00.0;0,0
SÃO JOSÉ DOS CAMPOS;354990404A;SP;Jardim Juçara;-23,187;-45,869;2018-02-02 13:10:00.0;0,0
SÃO JOSÉ DOS CAMPOS;354990404A;SP;Jardim Juçara;-23,187;-45,869;2018-02-02 14:10:00.0;0,0
SÃO JOSÉ DOS CAMPOS;354990404A;SP;Jardim Juçara;-23,187;-45,869;2018-02-02 15:10:00.0;0,0
SÃO JOSÉ DOS CAMPOS;354990404A;SP;Jardim Juçara;-23,187;-45,869;2018-02-02 16:10:00.0;0,0
SÃO JOSÉ DOS CAMPOS;354990404A;SP;Jardim Juçara;-23,187;-45,869;2018-02-02 17:10:00.0;0,0
SÃO JOSÉ DOS CAMPOS;354990404A;SP;Jardim Juçara;-23,187;-45,869;2018-02-02 18:10:00.0;0,0
SÃO JOSÉ DOS CAMPOS;354990404A;SP;Jardim Juçara;-23,187;-45,869;2018-02-02 19:10:00.0;0,0
SÃO JOSÉ DOS CAMPOS;354990404A;SP;Jardim Juçara;-23,187;-45,869;2018-02-02 20:10:00.0;0,0
SÃO JOSÉ DOS CAMPOS;354990404A;SP;Jardim Juçara;-23,187;-45,869;2018-02-02 21:10:00.0;0,0
SÃO JOSÉ DOS CAMPOS;354990404A;SP;Jardim Juçara;-23,187;-45,869;2018-02-02 22:10:00.0;0,0
SÃO JOSÉ DOS CAMPOS;354990404A;SP;Jardim Juçara;-23,187;-45,869;2018-02-02 23:10:00.0;0,0
SÃO JOSÉ DOS CAMPOS;354990404A;SP;Jardim Juçara;-23,187;-45,869;2018-02-03 00:10:00.0;0,0
SÃO JOSÉ DOS CAMPOS;354990404A;SP;Jardim Juçara;-23,187;-45,869;2018-02-03 01:10:00.0;0,0
SÃO JOSÉ DOS CAMPOS;354990404A;SP;Jardim Juçara;-23,187;-45,869;2018-02-03 02:10:00.0;0,0
SÃO JOSÉ DOS CAMPOS;354990404A;SP;Jardim Juçara;-23,187;-45,869;2018-02-03 03:10:00.0;0,0
SÃO JOSÉ DOS CAMPOS;354990404A;SP;Jardim Juçara;-23,187;-45,869;2018-02-03 04:10:00.0;0,0
SÃO JOSÉ DOS CAMPOS;354990404A;SP;Jardim Juçara;-23,187;-45,869;2018-02-03 05:10:00.0;0,0
SÃO JOSÉ DOS CAMPOS;354990404A;SP;Jardim Juçara;-23,187;-45,869;2018-02-03 06:10:00.0;0,0
SÃO JOSÉ DOS CAMPOS;354990404A;SP;Jardim Juçara;-23,187;-45,869;2018-02-03 07:10:00.0;0,0
SÃO JOSÉ DOS CAMPOS;354990404A;SP;Jardim Juçara;-23,187;-45,869;2018-02-03 08:10:00.0;0,0
SÃO JOSÉ DOS CAMPOS;354990404A;SP;Jardim Juçara;-23,187;-45,869;2018-02-03 09:10:00.0;0,0
SÃO JOSÉ DOS CAMPOS;354990404A;SP;Jardim Juçara;-23,187;-45,869;2018-02-03 10:10:00.0;0,0
SÃO JOSÉ DOS CAMPOS;354990404A;SP;Jardim Juçara;-23,187;-45,869;2018-02-03 11:10:00.0;0,0
SÃO JOSÉ DOS CAMPOS;354990404A;SP;Jardim Juçara;-23,187;-45,869;2018-02-03 12:10:00.0;0,0
SÃO JOSÉ DOS CAMPOS;354990404A;SP;Jardim Juçara;-23,187;-45,869;2018-02-03 13:10:00.0;0,0
SÃO JOSÉ DOS CAMPOS;354990404A;SP;Jardim Juçara;-23,187;-45,869;2018-02-03 14:10:00.0;0,0
SÃO JOSÉ DOS CAMPOS;354990404A;SP;Jardim Juçara;-23,187;-45,869;2018-02-03 15:10:00.0;0,0
SÃO JOSÉ DOS CAMPOS;354990404A;SP;Jardim Juçara;-23,187;-45,869;2018-02-03 16:10:00.0;0,0
SÃO JOSÉ DOS CAMPOS;354990404A;SP;Jardim Juçara;-23,187;-45,869;2018-02-03 17:10:00.0;0,0
SÃO JOSÉ DOS CAMPOS;354990404A;SP;Jardim Juçara;-23,187;-45,869;2018-02-03 18:10:00.0;0,0
SÃO JOSÉ DOS CAMPOS;354990404A;SP;Jardim Juçara;-23,187;-45,869;2018-02-03 19:10:00.0;0,0
SÃO JOSÉ DOS CAMPOS;354990404A;SP;Jardim Juçara;-23,187;-45,869;2018-02-03 20:10:00.0;0,0
SÃO JOSÉ DOS CAMPOS;354990404A;SP;Jardim Juçara;-23,187;-45,869;2018-02-03 21:10:00.0;0,0
SÃO JOSÉ DOS CAMPOS;354990404A;SP;Jardim Juçara;-23,187;-45,869;2018-02-03 22:10:00.0;0,0
SÃO JOSÉ DOS CAMPOS;354990404A;SP;Jardim Juçara;-23,187;-45,869;2018-02-03 23:10:00.0;0,0
SÃO JOSÉ DOS CAMPOS;354990404A;SP;Jardim Juçara;-23,187;-45,869;2018-02-04 00:10:00.0;0,0
SÃO JOSÉ DOS CAMPOS;354990404A;SP;Jardim Juçara;-23,187;-45,869;2018-02-04 01:10:00.0;0,0
SÃO JOSÉ DOS CAMPOS;354990404A;SP;Jardim Juçara;-23,187;-45,869;2018-02-04 02:10:00.0;0,0
SÃO JOSÉ DOS CAMPOS;354990404A;SP;Jardim Juçara;-23,187;-45,869;2018-02-04 03:10:00.0;0,0
SÃO JOSÉ DOS CAMPOS;354990404A;SP;Jardim Juçara;-23,187;-45,869;2018-02-04 04:10:00.0;0,0
SÃO JOSÉ DOS CAMPOS;354990404A;SP;Jardim Juçara;-23,187;-45,869;2018-02-04 05:10:00.0;0,0
SÃO JOSÉ DOS CAMPOS;354990404A;SP;Jardim Juçara;-23,187;-45,869;2018-02-04 06:10:00.0;0,0
SÃO JOSÉ DOS CAMPOS;354990404A;SP;Jardim Juçara;-23,187;-45,869;2018-02-04 07:10:00.0;0,0
SÃO JOSÉ DOS CAMPOS;354990404A;SP;Jardim Juçara;-23,187;-45,869;2018-02-04 08:10:00.0;0,0
SÃO JOSÉ DOS CAMPOS;354990404A;SP;Jardim Juçara;-23,187;-45,869;2018-02-04 09:10:00.0;0,0
SÃO JOSÉ DOS CAMPOS;354990404A;SP;Jardim Juçara;-23,187;-45,869;2018-02-04 10:10:00.0;0,0
SÃO JOSÉ DOS CAMPOS;354990404A;SP;Jardim Juçara;-23,187;-45,869;2018-02-04 11:10:00.0;0,0
SÃO JOSÉ DOS CAMPOS;354990404A;SP;Jardim Juçara;-23,187;-45,869;2018-02-04 12:10:00.0;0,0
SÃO JOSÉ DOS CAMPOS;354990404A;SP;Jardim Juçara;-23,187;-45,869;2018-02-04 13:10:00.0;0,0
SÃO JOSÉ DOS CAMPOS;354990404A;SP;Jardim Juçara;-23,187;-45,869;2018-02-04 14:10:00.0;0,0
SÃO JOSÉ DOS CAMPOS;354990404A;SP;Jardim Juçara;-23,187;-45,869;2018-02-04 15:10:00.0;0,0
SÃO JOSÉ DOS CAMPOS;354990404A;SP;Jardim Juçara;-23,187;-45,869;2018-02-04 16:10:00.0;0,0
SÃO JOSÉ DOS CAMPOS;354990404A;SP;Jardim Juçara;-23,187;-45,869;2018-02-04 17:10:00.0;0,0
SÃO JOSÉ DOS CAMPOS;354990404A;SP;Jardim Juçara;-23,187;-45,869;2018-02-04 18:10:00.0;0,0
SÃO JOSÉ DOS CAMPOS;354990404A;SP;Jardim Juçara;-23,187;-45,869;2018-02-04 19:10:00.0;0,0
SÃO JOSÉ DOS CAMPOS;354990404A;SP;Jardim Juçara;-23,187;-45,869;2018-02-04 20:10:00.0;0,0
SÃO JOSÉ DOS CAMPOS;354990404A;SP;Jardim Juçara;-23,187;-45,869;2018-02-04 21:10:00.0;0,0
SÃO JOSÉ DOS CAMPOS;354990404A;SP;Jardim Juçara;-23,187;-45,869;2018-02-04 22:10:00.0;0,0
SÃO JOSÉ DOS CAMPOS;354990404A;SP;Jardim Juçara;-23,187;-45,869;2018-02-04 23:10:00.0;0,0
SÃO JOSÉ DOS CAMPOS;354990404A;SP;Jardim Juçara;-23,187;-45,869;2018-02-05 00:10:00.0;0,0
SÃO JOSÉ DOS CAMPOS;354990404A;SP;Jardim Juçara;-23,187;-45,869;2018-02-05 01:10:00.0;0,0
SÃO JOSÉ DOS CAMPOS;354990404A;SP;Jardim Juçara;-23,187;-45,869;2018-02-05 02:10:00.0;0,0
SÃO JOSÉ DOS CAMPOS;354990404A;SP;Jardim Juçara;-23,187;-45,869;2018-02-05 03:10:00.0;0,0
SÃO JOSÉ DOS CAMPOS;354990404A;SP;Jardim Juçara;-23,187;-45,869;2018-02-05 04:10:00.0;0,0
SÃO JOSÉ DOS CAMPOS;354990404A;SP;Jardim Juçara;-23,187;-45,869;2018-02-05 05:10:00.0;0,0
SÃO JOSÉ DOS CAMPOS;354990404A;SP;Jardim Juçara;-23,187;-45,869;2018-02-05 06:10:00.0;0,0
SÃO JOSÉ DOS CAMPOS;354990404A;SP;Jardim Juçara;-23,187;-45,869;2018-02-05 07:10:00.0;0,0
SÃO JOSÉ DOS CAMPOS;354990404A;SP;Jardim Juçara;-23,187;-45,869;2018-02-05 08:10:00.0;0,0
SÃO JOSÉ DOS CAMPOS;354990404A;SP;Jardim Juçara;-23,187;-45,869;2018-02-05 09:10:00.0;0,0
SÃO JOSÉ DOS CAMPOS;354990404A;SP;Jardim Juçara;-23,187;-45,869;2018-02-05 10:10:00.0;0,0
SÃO JOSÉ DOS CAMPOS;354990404A;SP;Jardim Juçara;-23,187;-45,869;2018-02-05 11:10:00.0;0,0
SÃO JOSÉ DOS CAMPOS;354990404A;SP;Jardim Juçara;-23,187;-45,869;2018-02-05 12:10:00.0;0,0
SÃO JOSÉ DOS CAMPOS;354990404A;SP;Jardim Juçara;-23,187;-45,869;2018-02-05 13:10:00.0;0,0
SÃO JOSÉ DOS CAMPOS;354990404A;SP;Jardim Juçara;-23,187;-45,869;2018-02-05 14:10:00.0;0,0
SÃO JOSÉ DOS CAMPOS;354990404A;SP;Jardim Juçara;-23,187;-45,869;2018-02-05 15:10:00.0;0,0
SÃO JOSÉ DOS CAMPOS;354990404A;SP;Jardim Juçara;-23,187;-45,869;2018-02-05 16:10:00.0;0,0
SÃO JOSÉ DOS CAMPOS;354990404A;SP;Jardim Juçara;-23,187;-45,869;2018-02-05 17:10:00.0;0,0
SÃO JOSÉ DOS CAMPOS;354990404A;SP;Jardim Juçara;-23,187;-45,869;2018-02-05 18:10:00.0;0,0
SÃO JOSÉ DOS CAMPOS;354990404A;SP;Jardim Juçara;-23,187;-45,869;2018-02-05 19:10:00.0;0,0
SÃO JOSÉ DOS CAMPOS;354990404A;SP;Jardim Juçara;-23,187;-45,869;2018-02-05 20:10:00.0;0,0
SÃO JOSÉ DOS CAMPOS;354990404A;SP;Jardim Juçara;-23,187;-45,869;2018-02-05 21:10:00.0;0,0
SÃO JOSÉ DOS CAMPOS;354990404A;SP;Jardim Juçara;-23,187;-45,869;2018-02-05 22:10:00.0;0,0
SÃO JOSÉ DOS CAMPOS;354990404A;SP;Jardim Juçara;-23,187;-45,869;2018-02-05 23:10:00.0;0,0
SÃO JOSÉ DOS CAMPOS;354990404A;SP;Jardim Juçara;-23,187;-45,869;2018-02-06 00:10:00.0;0,0
SÃO JOSÉ DOS CAMPOS;354990404A;SP;Jardim Juçara;-23,187;-45,869;2018-02-06 01:10:00.0;0,0
SÃO JOSÉ DOS CAMPOS;354990404A;SP;Jardim Juçara;-23,187;-45,869;2018-02-06 02:10:00.0;0,0
SÃO JOSÉ DOS CAMPOS;354990404A;SP;Jardim Juçara;-23,187;-45,869;2018-02-06 03:10:00.0;0,0
SÃO JOSÉ DOS CAMPOS;354990404A;SP;Jardim Juçara;-23,187;-45,869;2018-02-06 04:10:00.0;0,0
SÃO JOSÉ DOS CAMPOS;354990404A;SP;Jardim Juçara;-23,187;-45,869;2018-02-06 05:10:00.0;0,0
SÃO JOSÉ DOS CAMPOS;354990404A;SP;Jardim Juçara;-23,187;-45,869;2018-02-06 06:10:00.0;0,0
SÃO JOSÉ DOS CAMPOS;354990404A;SP;Jardim Juçara;-23,187;-45,869;2018-02-06 07:10:00.0;0,0
SÃO JOSÉ DOS CAMPOS;354990404A;SP;Jardim Juçara;-23,187;-45,869;2018-02-06 08:10:00.0;0,0
SÃO JOSÉ DOS CAMPOS;354990404A;SP;Jardim Juçara;-23,187;-45,869;2018-02-06 09:10:00.0;0,0
SÃO JOSÉ DOS CAMPOS;354990404A;SP;Jardim Juçara;-23,187;-45,869;2018-02-06 10:10:00.0;0,0
SÃO JOSÉ DOS CAMPOS;354990404A;SP;Jardim Juçara;-23,187;-45,869;2018-02-06 11:10:00.0;0,0
SÃO JOSÉ DOS CAMPOS;354990404A;SP;Jardim Juçara;-23,187;-45,869;2018-02-06 12:10:00.0;0,0
SÃO JOSÉ DOS CAMPOS;354990404A;SP;Jardim Juçara;-23,187;-45,869;2018-02-06 13:10:00.0;0,0
SÃO JOSÉ DOS CAMPOS;354990404A;SP;Jardim Juçara;-23,187;-45,869;2018-02-06 14:10:00.0;0,0
SÃO JOSÉ DOS CAMPOS;354990404A;SP;Jardim Juçara;-23,187;-45,869;2018-02-06 15:10:00.0;0,0
SÃO JOSÉ DOS CAMPOS;354990404A;SP;Jardim Juçara;-23,187;-45,869;2018-02-06 16:10:00.0;0,0
SÃO JOSÉ DOS CAMPOS;354990404A;SP;Jardim Juçara;-23,187;-45,869;2018-02-06 17:10:00.0;0,0
SÃO JOSÉ DOS CAMPOS;354990404A;SP;Jardim Juçara;-23,187;-45,869;2018-02-06 18:10:00.0;0,0
SÃO JOSÉ DOS CAMPOS;354990404A;SP;Jardim Juçara;-23,187;-45,869;2018-02-06 19:10:00.0;0,0
SÃO JOSÉ DOS CAMPOS;354990404A;SP;Jardim Juçara;-23,187;-45,869;2018-02-06 20:10:00.0;0,0
SÃO JOSÉ DOS CAMPOS;354990404A;SP;Jardim Juçara;-23,187;-45,869;2018-02-06 21:10:00.0;0,0
SÃO JOSÉ DOS CAMPOS;354990404A;SP;Jardim Juçara;-23,187;-45,869;2018-02-06 22:10:00.0;0,0
SÃO JOSÉ DOS CAMPOS;354990404A;SP;Jardim Juçara;-23,187;-45,869;2018-02-06 23:10:00.0;0,0
SÃO JOSÉ DOS CAMPOS;354990404A;SP;Jardim Juçara;-23,187;-45,869;2018-02-07 00:10:00.0;0,0
SÃO JOSÉ DOS CAMPOS;354990404A;SP;Jardim Juçara;-23,187;-45,869;2018-02-07 01:10:00.0;0,0
SÃO JOSÉ DOS CAMPOS;354990404A;SP;Jardim Juçara;-23,187;-45,869;2018-02-07 02:10:00.0;0,0
SÃO JOSÉ DOS CAMPOS;354990404A;SP;Jardim Juçara;-23,187;-45,869;2018-02-07 03:10:00.0;0,0
SÃO JOSÉ DOS CAMPOS;354990404A;SP;Jardim Juçara;-23,187;-45,869;2018-02-07 04:10:00.0;0,0
SÃO JOSÉ DOS CAMPOS;354990404A;SP;Jardim Juçara;-23,187;-45,869;2018-02-07 05:10:00.0;0,0
SÃO JOSÉ DOS CAMPOS;354990404A;SP;Jardim Juçara;-23,187;-45,869;2018-02-07 06:10:00.0;0,0
SÃO JOSÉ DOS CAMPOS;354990404A;SP;Jardim Juçara;-23,187;-45,869;2018-02-07 07:10:00.0;0,0
SÃO JOSÉ DOS CAMPOS;354990404A;SP;Jardim Juçara;-23,187;-45,869;2018-02-07 08:10:00.0;0,0
SÃO JOSÉ DOS CAMPOS;354990404A;SP;Jardim Juçara;-23,187;-45,869;2018-02-07 09:10:00.0;0,0
SÃO JOSÉ DOS CAMPOS;354990404A;SP;Jardim Juçara;-23,187;-45,869;2018-02-07 10:10:00.0;0,0
SÃO JOSÉ DOS CAMPOS;354990404A;SP;Jardim Juçara;-23,187;-45,869;2018-02-07 11:10:00.0;0,0
SÃO JOSÉ DOS CAMPOS;354990404A;SP;Jardim Juçara;-23,187;-45,869;2018-02-07 12:10:00.0;0,0
SÃO JOSÉ DOS CAMPOS;354990404A;SP;Jardim Juçara;-23,187;-45,869;2018-02-07 12:20:00.0;0,2
SÃO JOSÉ DOS CAMPOS;354990404A;SP;Jardim Juçara;-23,187;-45,869;2018-02-07 13:10:00.0;0,0
SÃO JOSÉ DOS CAMPOS;354990404A;SP;Jardim Juçara;-23,187;-45,869;2018-02-07 14:10:00.0;0,0
SÃO JOSÉ DOS CAMPOS;354990404A;SP;Jardim Juçara;-23,187;-45,869;2018-02-07 15:10:00.0;0,0
SÃO JOSÉ DOS CAMPOS;354990404A;SP;Jardim Juçara;-23,187;-45,869;2018-02-07 16:10:00.0;0,0
SÃO JOSÉ DOS CAMPOS;354990404A;SP;Jardim Juçara;-23,187;-45,869;2018-02-07 17:10:00.0;0,0
SÃO JOSÉ DOS CAMPOS;354990404A;SP;Jardim Juçara;-23,187;-45,869;2018-02-07 18:10:00.0;0,0
SÃO JOSÉ DOS CAMPOS;354990404A;SP;Jardim Juçara;-23,187;-45,869;2018-02-07 19:10:00.0;0,0
SÃO JOSÉ DOS CAMPOS;354990404A;SP;Jardim Juçara;-23,187;-45,869;2018-02-07 20:10:00.0;0,0
SÃO JOSÉ DOS CAMPOS;354990404A;SP;Jardim Juçara;-23,187;-45,869;2018-02-07 21:10:00.0;0,0
SÃO JOSÉ DOS CAMPOS;354990404A;SP;Jardim Juçara;-23,187;-45,869;2018-02-07 22:10:00.0;0,0
SÃO JOSÉ DOS CAMPOS;354990404A;SP;Jardim Juçara;-23,187;-45,869;2018-02-07 23:10:00.0;0,0
SÃO JOSÉ DOS CAMPOS;354990404A;SP;Jardim Juçara;-23,187;-45,869;2018-02-08 00:10:00.0;0,0
SÃO JOSÉ DOS CAMPOS;354990404A;SP;Jardim Juçara;-23,187;-45,869;2018-02-08 01:10:00.0;0,0
SÃO JOSÉ DOS CAMPOS;354990404A;SP;Jardim Juçara;-23,187;-45,869;2018-02-08 02:10:00.0;0,0
SÃO JOSÉ DOS CAMPOS;354990404A;SP;Jardim Juçara;-23,187;-45,869;2018-02-08 03:10:00.0;0,0
SÃO JOSÉ DOS CAMPOS;354990404A;SP;Jardim Juçara;-23,187;-45,869;2018-02-08 04:10:00.0;0,0
SÃO JOSÉ DOS CAMPOS;354990404A;SP;Jardim Juçara;-23,187;-45,869;2018-02-08 05:10:00.0;0,0
SÃO JOSÉ DOS CAMPOS;354990404A;SP;Jardim Juçara;-23,187;-45,869;2018-02-08 06:10:00.0;0,0
SÃO JOSÉ DOS CAMPOS;354990404A;SP;Jardim Juçara;-23,187;-45,869;2018-02-08 07:10:00.0;0,0
SÃO JOSÉ DOS CAMPOS;354990404A;SP;Jardim Juçara;-23,187;-45,869;2018-02-08 08:10:00.0;0,0
SÃO JOSÉ DOS CAMPOS;354990404A;SP;Jardim Juçara;-23,187;-45,869;2018-02-08 09:10:00.0;0,0
SÃO JOSÉ DOS CAMPOS;354990404A;SP;Jardim Juçara;-23,187;-45,869;2018-02-08 10:10:00.0;0,0
SÃO JOSÉ DOS CAMPOS;354990404A;SP;Jardim Juçara;-23,187;-45,869;2018-02-08 11:10:00.0;0,0
SÃO JOSÉ DOS CAMPOS;354990404A;SP;Jardim Juçara;-23,187;-45,869;2018-02-08 12:10:00.0;0,0
SÃO JOSÉ DOS CAMPOS;354990404A;SP;Jardim Juçara;-23,187;-45,869;2018-02-08 13:10:00.0;0,0
SÃO JOSÉ DOS CAMPOS;354990404A;SP;Jardim Juçara;-23,187;-45,869;2018-02-08 14:10:00.0;0,0
SÃO JOSÉ DOS CAMPOS;354990404A;SP;Jardim Juçara;-23,187;-45,869;2018-02-08 15:10:00.0;0,0
SÃO JOSÉ DOS CAMPOS;354990404A;SP;Jardim Juçara;-23,187;-45,869;2018-02-08 16:10:00.0;0,0
SÃO JOSÉ DOS CAMPOS;354990404A;SP;Jardim Juçara;-23,187;-45,869;2018-02-08 17:10:00.0;0,0
SÃO JOSÉ DOS CAMPOS;354990404A;SP;Jardim Juçara;-23,187;-45,869;2018-02-08 18:10:00.0;0,0
SÃO JOSÉ DOS CAMPOS;354990404A;SP;Jardim Juçara;-23,187;-45,869;2018-02-08 19:10:00.0;0,0
SÃO JOSÉ DOS CAMPOS;354990404A;SP;Jardim Juçara;-23,187;-45,869;2018-02-08 20:10:00.0;0,0
SÃO JOSÉ DOS CAMPOS;354990404A;SP;Jardim Juçara;-23,187;-45,869;2018-02-08 21:10:00.0;0,0
SÃO JOSÉ DOS CAMPOS;354990404A;SP;Jardim Juçara;-23,187;-45,869;2018-02-08 22:10:00.0;0,0
SÃO JOSÉ DOS CAMPOS;354990404A;SP;Jardim Juçara;-23,187;-45,869;2018-02-08 23:10:00.0;0,0
SÃO JOSÉ DOS CAMPOS;354990404A;SP;Jardim Juçara;-23,187;-45,869;2018-02-09 00:10:00.0;0,0
SÃO JOSÉ DOS CAMPOS;354990404A;SP;Jardim Juçara;-23,187;-45,869;2018-02-09 01:10:00.0;0,0
SÃO JOSÉ DOS CAMPOS;354990404A;SP;Jardim Juçara;-23,187;-45,869;2018-02-09 02:10:00.0;0,0
SÃO JOSÉ DOS CAMPOS;354990404A;SP;Jardim Juçara;-23,187;-45,869;2018-02-09 03:10:00.0;0,0
SÃO JOSÉ DOS CAMPOS;354990404A;SP;Jardim Juçara;-23,187;-45,869;2018-02-09 04:10:00.0;0,0
SÃO JOSÉ DOS CAMPOS;354990404A;SP;Jardim Juçara;-23,187;-45,869;2018-02-09 05:10:00.0;0,0
SÃO JOSÉ DOS CAMPOS;354990404A;SP;Jardim Juçara;-23,187;-45,869;2018-02-09 06:10:00.0;0,0
SÃO JOSÉ DOS CAMPOS;354990404A;SP;Jardim Juçara;-23,187;-45,869;2018-02-09 07:10:00.0;0,0
SÃO JOSÉ DOS CAMPOS;354990404A;SP;Jardim Juçara;-23,187;-45,869;2018-02-09 08:10:00.0;0,0
SÃO JOSÉ DOS CAMPOS;354990404A;SP;Jardim Juçara;-23,187;-45,869;2018-02-09 09:10:00.0;0,0
SÃO JOSÉ DOS CAMPOS;354990404A;SP;Jardim Juçara;-23,187;-45,869;2018-02-09 10:10:00.0;0,0
SÃO JOSÉ DOS CAMPOS;354990404A;SP;Jardim Juçara;-23,187;-45,869;2018-02-09 11:10:00.0;0,0
SÃO JOSÉ DOS CAMPOS;354990404A;SP;Jardim Juçara;-23,187;-45,869;2018-02-09 12:10:00.0;0,0
SÃO JOSÉ DOS CAMPOS;354990404A;SP;Jardim Juçara;-23,187;-45,869;2018-02-09 13:10:00.0;0,0
SÃO JOSÉ DOS CAMPOS;354990404A;SP;Jardim Juçara;-23,187;-45,869;2018-02-09 14:10:00.0;0,0
SÃO JOSÉ DOS CAMPOS;354990404A;SP;Jardim Juçara;-23,187;-45,869;2018-02-09 15:10:00.0;0,0
SÃO JOSÉ DOS CAMPOS;354990404A;SP;Jardim Juçara;-23,187;-45,869;2018-02-09 16:10:00.0;0,0
SÃO JOSÉ DOS CAMPOS;354990404A;SP;Jardim Juçara;-23,187;-45,869;2018-02-09 17:10:00.0;0,0
SÃO JOSÉ DOS CAMPOS;354990404A;SP;Jardim Juçara;-23,187;-45,869;2018-02-09 18:10:00.0;0,0
SÃO JOSÉ DOS CAMPOS;354990404A;SP;Jardim Juçara;-23,187;-45,869;2018-02-09 19:10:00.0;0,0
SÃO JOSÉ DOS CAMPOS;354990404A;SP;Jardim Juçara;-23,187;-45,869;2018-02-09 20:10:00.0;0,0
SÃO JOSÉ DOS CAMPOS;354990404A;SP;Jardim Juçara;-23,187;-45,869;2018-02-09 21:10:00.0;0,0
SÃO JOSÉ DOS CAMPOS;354990404A;SP;Jardim Juçara;-23,187;-45,869;2018-02-09 22:10:00.0;0,0
SÃO JOSÉ DOS CAMPOS;354990404A;SP;Jardim Juçara;-23,187;-45,869;2018-02-09 23:10:00.0;0,0
SÃO JOSÉ DOS CAMPOS;354990404A;SP;Jardim Juçara;-23,187;-45,869;2018-02-10 00:10:00.0;0,0
SÃO JOSÉ DOS CAMPOS;354990404A;SP;Jardim Juçara;-23,187;-45,869;2018-02-10 01:10:00.0;0,0
SÃO JOSÉ DOS CAMPOS;354990404A;SP;Jardim Juçara;-23,187;-45,869;2018-02-10 02:10:00.0;0,0
SÃO JOSÉ DOS CAMPOS;354990404A;SP;Jardim Juçara;-23,187;-45,869;2018-02-10 03:10:00.0;0,0
SÃO JOSÉ DOS CAMPOS;354990404A;SP;Jardim Juçara;-23,187;-45,869;2018-02-10 04:10:00.0;0,0
SÃO JOSÉ DOS CAMPOS;354990404A;SP;Jardim Juçara;-23,187;-45,869;2018-02-10 05:10:00.0;0,0
SÃO JOSÉ DOS CAMPOS;354990404A;SP;Jardim Juçara;-23,187;-45,869;2018-02-10 06:10:00.0;0,0
SÃO JOSÉ DOS CAMPOS;354990404A;SP;Jardim Juçara;-23,187;-45,869;2018-02-10 07:10:00.0;0,0
SÃO JOSÉ DOS CAMPOS;354990404A;SP;Jardim Juçara;-23,187;-45,869;2018-02-10 08:10:00.0;0,0
SÃO JOSÉ DOS CAMPOS;354990404A;SP;Jardim Juçara;-23,187;-45,869;2018-02-10 09:10:00.0;0,0
SÃO JOSÉ DOS CAMPOS;354990404A;SP;Jardim Juçara;-23,187;-45,869;2018-02-10 10:10:00.0;0,0
SÃO JOSÉ DOS CAMPOS;354990404A;SP;Jardim Juçara;-23,187;-45,869;2018-02-10 11:10:00.0;0,0
SÃO JOSÉ DOS CAMPOS;354990404A;SP;Jardim Juçara;-23,187;-45,869;2018-02-10 12:10:00.0;0,0
SÃO JOSÉ DOS CAMPOS;354990404A;SP;Jardim Juçara;-23,187;-45,869;2018-02-10 13:10:00.0;0,0
SÃO JOSÉ DOS CAMPOS;354990404A;SP;Jardim Juçara;-23,187;-45,869;2018-02-10 14:10:00.0;0,0
SÃO JOSÉ DOS CAMPOS;354990404A;SP;Jardim Juçara;-23,187;-45,869;2018-02-10 15:10:00.0;0,0
SÃO JOSÉ DOS CAMPOS;354990404A;SP;Jardim Juçara;-23,187;-45,869;2018-02-10 16:10:00.0;0,0
SÃO JOSÉ DOS CAMPOS;354990404A;SP;Jardim Juçara;-23,187;-45,869;2018-02-10 17:10:00.0;0,0
SÃO JOSÉ DOS CAMPOS;354990404A;SP;Jardim Juçara;-23,187;-45,869;2018-02-10 18:10:00.0;0,0
SÃO JOSÉ DOS CAMPOS;354990404A;SP;Jardim Juçara;-23,187;-45,869;2018-02-10 19:10:00.0;0,0
SÃO JOSÉ DOS CAMPOS;354990404A;SP;Jardim Juçara;-23,187;-45,869;2018-02-10 20:10:00.0;0,0
SÃO JOSÉ DOS CAMPOS;354990404A;SP;Jardim Juçara;-23,187;-45,869;2018-02-10 21:10:00.0;0,0
SÃO JOSÉ DOS CAMPOS;354990404A;SP;Jardim Juçara;-23,187;-45,869;2018-02-10 22:10:00.0;0,0
SÃO JOSÉ DOS CAMPOS;354990404A;SP;Jardim Juçara;-23,187;-45,869;2018-02-10 23:10:00.0;0,0
SÃO JOSÉ DOS CAMPOS;354990404A;SP;Jardim Juçara;-23,187;-45,869;2018-02-11 00:10:00.0;0,0
SÃO JOSÉ DOS CAMPOS;354990404A;SP;Jardim Juçara;-23,187;-45,869;2018-02-11 01:10:00.0;0,0
SÃO JOSÉ DOS CAMPOS;354990404A;SP;Jardim Juçara;-23,187;-45,869;2018-02-11 02:10:00.0;0,0
SÃO JOSÉ DOS CAMPOS;354990404A;SP;Jardim Juçara;-23,187;-45,869;2018-02-11 03:10:00.0;0,0
SÃO JOSÉ DOS CAMPOS;354990404A;SP;Jardim Juçara;-23,187;-45,869;2018-02-11 04:10:00.0;0,0
SÃO JOSÉ DOS CAMPOS;354990404A;SP;Jardim Juçara;-23,187;-45,869;2018-02-11 05:10:00.0;0,0
SÃO JOSÉ DOS CAMPOS;354990404A;SP;Jardim Juçara;-23,187;-45,869;2018-02-11 06:10:00.0;0,0
SÃO JOSÉ DOS CAMPOS;354990404A;SP;Jardim Juçara;-23,187;-45,869;2018-02-11 07:10:00.0;0,0
SÃO JOSÉ DOS CAMPOS;354990404A;SP;Jardim Juçara;-23,187;-45,869;2018-02-11 08:10:00.0;0,0
SÃO JOSÉ DOS CAMPOS;354990404A;SP;Jardim Juçara;-23,187;-45,869;2018-02-11 09:10:00.0;0,0
SÃO JOSÉ DOS CAMPOS;354990404A;SP;Jardim Juçara;-23,187;-45,869;2018-02-11 10:10:00.0;0,0
SÃO JOSÉ DOS CAMPOS;354990404A;SP;Jardim Juçara;-23,187;-45,869;2018-02-11 11:10:00.0;0,0
SÃO JOSÉ DOS CAMPOS;354990404A;SP;Jardim Juçara;-23,187;-45,869;2018-02-11 12:10:00.0;0,0
SÃO JOSÉ DOS CAMPOS;354990404A;SP;Jardim Juçara;-23,187;-45,869;2018-02-11 13:10:00.0;0,0
SÃO JOSÉ DOS CAMPOS;354990404A;SP;Jardim Juçara;-23,187;-45,869;2018-02-11 14:10:00.0;0,0
SÃO JOSÉ DOS CAMPOS;354990404A;SP;Jardim Juçara;-23,187;-45,869;2018-02-11 15:10:00.0;0,0
SÃO JOSÉ DOS CAMPOS;354990404A;SP;Jardim Juçara;-23,187;-45,869;2018-02-11 16:10:00.0;0,0
SÃO JOSÉ DOS CAMPOS;354990404A;SP;Jardim Juçara;-23,187;-45,869;2018-02-11 17:10:00.0;0,0
SÃO JOSÉ DOS CAMPOS;354990404A;SP;Jardim Juçara;-23,187;-45,869;2018-02-11 18:10:00.0;0,0
SÃO JOSÉ DOS CAMPOS;354990404A;SP;Jardim Juçara;-23,187;-45,869;2018-02-11 19:10:00.0;0,0
SÃO JOSÉ DOS CAMPOS;354990404A;SP;Jardim Juçara;-23,187;-45,869;2018-02-11 20:10:00.0;0,0
SÃO JOSÉ DOS CAMPOS;354990404A;SP;Jardim Juçara;-23,187;-45,869;2018-02-11 21:10:00.0;0,0
SÃO JOSÉ DOS CAMPOS;354990404A;SP;Jardim Juçara;-23,187;-45,869;2018-02-11 22:10:00.0;0,0
SÃO JOSÉ DOS CAMPOS;354990404A;SP;Jardim Juçara;-23,187;-45,869;2018-02-11 23:10:00.0;0,0
SÃO JOSÉ DOS CAMPOS;354990404A;SP;Jardim Juçara;-23,187;-45,869;2018-02-12 00:10:00.0;0,0
SÃO JOSÉ DOS CAMPOS;354990404A;SP;Jardim Juçara;-23,187;-45,869;2018-02-12 01:10:00.0;0,0
SÃO JOSÉ DOS CAMPOS;354990404A;SP;Jardim Juçara;-23,187;-45,869;2018-02-12 02:10:00.0;0,0
SÃO JOSÉ DOS CAMPOS;354990404A;SP;Jardim Juçara;-23,187;-45,869;2018-02-12 03:10:00.0;0,0
SÃO JOSÉ DOS CAMPOS;354990404A;SP;Jardim Juçara;-23,187;-45,869;2018-02-12 04:10:00.0;0,0
SÃO JOSÉ DOS CAMPOS;354990404A;SP;Jardim Juçara;-23,187;-45,869;2018-02-12 05:10:00.0;0,0
SÃO JOSÉ DOS CAMPOS;354990404A;SP;Jardim Juçara;-23,187;-45,869;2018-02-12 06:10:00.0;0,0
SÃO JOSÉ DOS CAMPOS;354990404A;SP;Jardim Juçara;-23,187;-45,869;2018-02-12 07:10:00.0;0,0
SÃO JOSÉ DOS CAMPOS;354990404A;SP;Jardim Juçara;-23,187;-45,869;2018-02-12 08:10:00.0;0,0
SÃO JOSÉ DOS CAMPOS;354990404A;SP;Jardim Juçara;-23,187;-45,869;2018-02-12 09:10:00.0;0,0
SÃO JOSÉ DOS CAMPOS;354990404A;SP;Jardim Juçara;-23,187;-45,869;2018-02-12 10:10:00.0;0,0
SÃO JOSÉ DOS CAMPOS;354990404A;SP;Jardim Juçara;-23,187;-45,869;2018-02-12 11:10:00.0;0,0
SÃO JOSÉ DOS CAMPOS;354990404A;SP;Jardim Juçara;-23,187;-45,869;2018-02-12 12:10:00.0;0,0
SÃO JOSÉ DOS CAMPOS;354990404A;SP;Jardim Juçara;-23,187;-45,869;2018-02-12 13:10:00.0;0,0
SÃO JOSÉ DOS CAMPOS;354990404A;SP;Jardim Juçara;-23,187;-45,869;2018-02-12 14:10:00.0;0,0
SÃO JOSÉ DOS CAMPOS;354990404A;SP;Jardim Juçara;-23,187;-45,869;2018-02-12 15:10:00.0;0,0
SÃO JOSÉ DOS CAMPOS;354990404A;SP;Jardim Juçara;-23,187;-45,869;2018-02-12 16:10:00.0;0,0
SÃO JOSÉ DOS CAMPOS;354990404A;SP;Jardim Juçara;-23,187;-45,869;2018-02-12 17:10:00.0;0,0
SÃO JOSÉ DOS CAMPOS;354990404A;SP;Jardim Juçara;-23,187;-45,869;2018-02-12 18:10:00.0;0,0
SÃO JOSÉ DOS CAMPOS;354990404A;SP;Jardim Juçara;-23,187;-45,869;2018-02-12 19:10:00.0;0,0
SÃO JOSÉ DOS CAMPOS;354990404A;SP;Jardim Juçara;-23,187;-45,869;2018-02-12 20:10:00.0;0,0
SÃO JOSÉ DOS CAMPOS;354990404A;SP;Jardim Juçara;-23,187;-45,869;2018-02-12 21:10:00.0;0,0
SÃO JOSÉ DOS CAMPOS;354990404A;SP;Jardim Juçara;-23,187;-45,869;2018-02-12 22:10:00.0;0,0
SÃO JOSÉ DOS CAMPOS;354990404A;SP;Jardim Juçara;-23,187;-45,869;2018-02-12 23:10:00.0;0,0
SÃO JOSÉ DOS CAMPOS;354990404A;SP;Jardim Juçara;-23,187;-45,869;2018-02-13 00:10:00.0;0,0
SÃO JOSÉ DOS CAMPOS;354990404A;SP;Jardim Juçara;-23,187;-45,869;2018-02-13 01:10:00.0;0,0
SÃO JOSÉ DOS CAMPOS;354990404A;SP;Jardim Juçara;-23,187;-45,869;2018-02-13 02:10:00.0;0,0
SÃO JOSÉ DOS CAMPOS;354990404A;SP;Jardim Juçara;-23,187;-45,869;2018-02-13 03:10:00.0;0,0
SÃO JOSÉ DOS CAMPOS;354990404A;SP;Jardim Juçara;-23,187;-45,869;2018-02-13 04:10:00.0;0,0
SÃO JOSÉ DOS CAMPOS;354990404A;SP;Jardim Juçara;-23,187;-45,869;2018-02-13 05:10:00.0;0,0
SÃO JOSÉ DOS CAMPOS;354990404A;SP;Jardim Juçara;-23,187;-45,869;2018-02-13 06:10:00.0;0,0
SÃO JOSÉ DOS CAMPOS;354990404A;SP;Jardim Juçara;-23,187;-45,869;2018-02-13 07:10:00.0;0,0
SÃO JOSÉ DOS CAMPOS;354990404A;SP;Jardim Juçara;-23,187;-45,869;2018-02-13 08:10:00.0;0,0
SÃO JOSÉ DOS CAMPOS;354990404A;SP;Jardim Juçara;-23,187;-45,869;2018-02-13 09:10:00.0;0,0
SÃO JOSÉ DOS CAMPOS;354990404A;SP;Jardim Juçara;-23,187;-45,869;2018-02-13 10:10:00.0;0,0
SÃO JOSÉ DOS CAMPOS;354990404A;SP;Jardim Juçara;-23,187;-45,869;2018-02-13 11:10:00.0;0,0
SÃO JOSÉ DOS CAMPOS;354990404A;SP;Jardim Juçara;-23,187;-45,869;2018-02-13 12:10:00.0;0,0
SÃO JOSÉ DOS CAMPOS;354990404A;SP;Jardim Juçara;-23,187;-45,869;2018-02-13 13:10:00.0;0,0
SÃO JOSÉ DOS CAMPOS;354990404A;SP;Jardim Juçara;-23,187;-45,869;2018-02-13 14:10:00.0;0,0
SÃO JOSÉ DOS CAMPOS;354990404A;SP;Jardim Juçara;-23,187;-45,869;2018-02-13 15:10:00.0;0,0
SÃO JOSÉ DOS CAMPOS;354990404A;SP;Jardim Juçara;-23,187;-45,869;2018-02-13 16:10:00.0;0,0
SÃO JOSÉ DOS CAMPOS;354990404A;SP;Jardim Juçara;-23,187;-45,869;2018-02-13 17:10:00.0;0,0
SÃO JOSÉ DOS CAMPOS;354990404A;SP;Jardim Juçara;-23,187;-45,869;2018-02-13 18:10:00.0;0,0
SÃO JOSÉ DOS CAMPOS;354990404A;SP;Jardim Juçara;-23,187;-45,869;2018-02-13 19:10:00.0;0,0
SÃO JOSÉ DOS CAMPOS;354990404A;SP;Jardim Juçara;-23,187;-45,869;2018-02-13 20:10:00.0;0,0
SÃO JOSÉ DOS CAMPOS;354990404A;SP;Jardim Juçara;-23,187;-45,869;2018-02-13 21:10:00.0;0,0
SÃO JOSÉ DOS CAMPOS;354990404A;SP;Jardim Juçara;-23,187;-45,869;2018-02-13 22:10:00.0;0,0
SÃO JOSÉ DOS CAMPOS;354990404A;SP;Jardim Juçara;-23,187;-45,869;2018-02-13 23:10:00.0;0,0
SÃO JOSÉ DOS CAMPOS;354990404A;SP;Jardim Juçara;-23,187;-45,869;2018-02-14 00:10:00.0;0,0
SÃO JOSÉ DOS CAMPOS;354990404A;SP;Jardim Juçara;-23,187;-45,869;2018-02-14 01:10:00.0;0,0
SÃO JOSÉ DOS CAMPOS;354990404A;SP;Jardim Juçara;-23,187;-45,869;2018-02-14 02:10:00.0;0,0
SÃO JOSÉ DOS CAMPOS;354990404A;SP;Jardim Juçara;-23,187;-45,869;2018-02-14 03:10:00.0;0,0
SÃO JOSÉ DOS CAMPOS;354990404A;SP;Jardim Juçara;-23,187;-45,869;2018-02-14 04:10:00.0;0,0
SÃO JOSÉ DOS CAMPOS;354990404A;SP;Jardim Juçara;-23,187;-45,869;2018-02-14 05:10:00.0;0,0
SÃO JOSÉ DOS CAMPOS;354990404A;SP;Jardim Juçara;-23,187;-45,869;2018-02-14 06:10:00.0;0,0
SÃO JOSÉ DOS CAMPOS;354990404A;SP;Jardim Juçara;-23,187;-45,869;2018-02-14 07:10:00.0;0,0
SÃO JOSÉ DOS CAMPOS;354990404A;SP;Jardim Juçara;-23,187;-45,869;2018-02-14 08:10:00.0;0,0
SÃO JOSÉ DOS CAMPOS;354990404A;SP;Jardim Juçara;-23,187;-45,869;2018-02-14 09:10:00.0;0,0
SÃO JOSÉ DOS CAMPOS;354990404A;SP;Jardim Juçara;-23,187;-45,869;2018-02-14 10:10:00.0;0,0
SÃO JOSÉ DOS CAMPOS;354990404A;SP;Jardim Juçara;-23,187;-45,869;2018-02-14 11:10:00.0;0,0
SÃO JOSÉ DOS CAMPOS;354990404A;SP;Jardim Juçara;-23,187;-45,869;2018-02-14 12:10:00.0;0,0
SÃO JOSÉ DOS CAMPOS;354990404A;SP;Jardim Juçara;-23,187;-45,869;2018-02-14 13:10:00.0;0,0
SÃO JOSÉ DOS CAMPOS;354990404A;SP;Jardim Juçara;-23,187;-45,869;2018-02-14 14:10:00.0;0,0
SÃO JOSÉ DOS CAMPOS;354990404A;SP;Jardim Juçara;-23,187;-45,869;2018-02-14 15:10:00.0;0,0
SÃO JOSÉ DOS CAMPOS;354990404A;SP;Jardim Juçara;-23,187;-45,869;2018-02-14 16:10:00.0;0,0
SÃO JOSÉ DOS CAMPOS;354990404A;SP;Jardim Juçara;-23,187;-45,869;2018-02-14 17:10:00.0;0,0
SÃO JOSÉ DOS CAMPOS;354990404A;SP;Jardim Juçara;-23,187;-45,869;2018-02-14 18:10:00.0;0,0
SÃO JOSÉ DOS CAMPOS;354990404A;SP;Jardim Juçara;-23,187;-45,869;2018-02-14 19:10:00.0;0,0
SÃO JOSÉ DOS CAMPOS;354990404A;SP;Jardim Juçara;-23,187;-45,869;2018-02-14 20:10:00.0;0,0
SÃO JOSÉ DOS CAMPOS;354990404A;SP;Jardim Juçara;-23,187;-45,869;2018-02-14 21:10:00.0;0,0
SÃO JOSÉ DOS CAMPOS;354990404A;SP;Jardim Juçara;-23,187;-45,869;2018-02-14 22:10:00.0;0,0
SÃO JOSÉ DOS CAMPOS;354990404A;SP;Jardim Juçara;-23,187;-45,869;2018-02-14 23:10:00.0;0,0
SÃO JOSÉ DOS CAMPOS;354990404A;SP;Jardim Juçara;-23,187;-45,869;2018-02-15 00:10:00.0;0,0
SÃO JOSÉ DOS CAMPOS;354990404A;SP;Jardim Juçara;-23,187;-45,869;2018-02-15 01:10:00.0;0,0
SÃO JOSÉ DOS CAMPOS;354990404A;SP;Jardim Juçara;-23,187;-45,869;2018-02-15 02:10:00.0;0,0
SÃO JOSÉ DOS CAMPOS;354990404A;SP;Jardim Juçara;-23,187;-45,869;2018-02-15 03:10:00.0;0,0
SÃO JOSÉ DOS CAMPOS;354990404A;SP;Jardim Juçara;-23,187;-45,869;2018-02-15 04:10:00.0;0,0
SÃO JOSÉ DOS CAMPOS;354990404A;SP;Jardim Juçara;-23,187;-45,869;2018-02-15 05:10:00.0;0,0
SÃO JOSÉ DOS CAMPOS;354990404A;SP;Jardim Juçara;-23,187;-45,869;2018-02-15 06:10:00.0;0,0
SÃO JOSÉ DOS CAMPOS;354990404A;SP;Jardim Juçara;-23,187;-45,869;2018-02-15 07:10:00.0;0,0
SÃO JOSÉ DOS CAMPOS;354990404A;SP;Jardim Juçara;-23,187;-45,869;2018-02-15 08:10:00.0;0,0
SÃO JOSÉ DOS CAMPOS;354990404A;SP;Jardim Juçara;-23,187;-45,869;2018-02-15 09:10:00.0;0,0
SÃO JOSÉ DOS CAMPOS;354990404A;SP;Jardim Juçara;-23,187;-45,869;2018-02-15 10:10:00.0;0,0
SÃO JOSÉ DOS CAMPOS;354990404A;SP;Jardim Juçara;-23,187;-45,869;2018-02-15 11:10:00.0;0,0
SÃO JOSÉ DOS CAMPOS;354990404A;SP;Jardim Juçara;-23,187;-45,869;2018-02-15 12:10:00.0;0,0
SÃO JOSÉ DOS CAMPOS;354990404A;SP;Jardim Juçara;-23,187;-45,869;2018-02-15 13:10:00.0;0,0
SÃO JOSÉ DOS CAMPOS;354990404A;SP;Jardim Juçara;-23,187;-45,869;2018-02-15 14:10:00.0;0,0
SÃO JOSÉ DOS CAMPOS;354990404A;SP;Jardim Juçara;-23,187;-45,869;2018-02-15 15:10:00.0;0,0
SÃO JOSÉ DOS CAMPOS;354990404A;SP;Jardim Juçara;-23,187;-45,869;2018-02-15 15:30:00.0;0,2
SÃO JOSÉ DOS CAMPOS;354990404A;SP;Jardim Juçara;-23,187;-45,869;2018-02-15 16:10:00.0;0,0
SÃO JOSÉ DOS CAMPOS;354990404A;SP;Jardim Juçara;-23,187;-45,869;2018-02-15 17:10:00.0;0,0
SÃO JOSÉ DOS CAMPOS;354990404A;SP;Jardim Juçara;-23,187;-45,869;2018-02-15 18:10:00.0;0,0
SÃO JOSÉ DOS CAMPOS;354990404A;SP;Jardim Juçara;-23,187;-45,869;2018-02-15 19:10:00.0;0,0
SÃO JOSÉ DOS CAMPOS;354990404A;SP;Jardim Juçara;-23,187;-45,869;2018-02-15 20:10:00.0;0,0
SÃO JOSÉ DOS CAMPOS;354990404A;SP;Jardim Juçara;-23,187;-45,869;2018-02-15 21:10:00.0;0,0
SÃO JOSÉ DOS CAMPOS;354990404A;SP;Jardim Juçara;-23,187;-45,869;2018-02-15 22:10:00.0;0,0
SÃO JOSÉ DOS CAMPOS;354990404A;SP;Jardim Juçara;-23,187;-45,869;2018-02-15 23:10:00.0;0,0
SÃO JOSÉ DOS CAMPOS;354990404A;SP;Jardim Juçara;-23,187;-45,869;2018-02-16 00:10:00.0;0,0
SÃO JOSÉ DOS CAMPOS;354990404A;SP;Jardim Juçara;-23,187;-45,869;2018-02-16 01:10:00.0;0,0
SÃO JOSÉ DOS CAMPOS;354990404A;SP;Jardim Juçara;-23,187;-45,869;2018-02-16 02:10:00.0;0,0
SÃO JOSÉ DOS CAMPOS;354990404A;SP;Jardim Juçara;-23,187;-45,869;2018-02-16 03:10:00.0;0,0
SÃO JOSÉ DOS CAMPOS;354990404A;SP;Jardim Juçara;-23,187;-45,869;2018-02-16 04:10:00.0;0,0
SÃO JOSÉ DOS CAMPOS;354990404A;SP;Jardim Juçara;-23,187;-45,869;2018-02-16 05:10:00.0;0,0
SÃO JOSÉ DOS CAMPOS;354990404A;SP;Jardim Juçara;-23,187;-45,869;2018-02-16 06:10:00.0;0,0
SÃO JOSÉ DOS CAMPOS;354990404A;SP;Jardim Juçara;-23,187;-45,869;2018-02-16 07:10:00.0;0,0
SÃO JOSÉ DOS CAMPOS;354990404A;SP;Jardim Juçara;-23,187;-45,869;2018-02-16 08:10:00.0;0,0
SÃO JOSÉ DOS CAMPOS;354990404A;SP;Jardim Juçara;-23,187;-45,869;2018-02-16 09:10:00.0;0,0
SÃO JOSÉ DOS CAMPOS;354990404A;SP;Jardim Juçara;-23,187;-45,869;2018-02-16 10:10:00.0;0,0
SÃO JOSÉ DOS CAMPOS;354990404A;SP;Jardim Juçara;-23,187;-45,869;2018-02-16 11:10:00.0;0,0
SÃO JOSÉ DOS CAMPOS;354990404A;SP;Jardim Juçara;-23,187;-45,869;2018-02-16 12:10:00.0;0,0
SÃO JOSÉ DOS CAMPOS;354990404A;SP;Jardim Juçara;-23,187;-45,869;2018-02-16 13:10:00.0;0,0
SÃO JOSÉ DOS CAMPOS;354990404A;SP;Jardim Juçara;-23,187;-45,869;2018-02-16 14:10:00.0;0,0
SÃO JOSÉ DOS CAMPOS;354990404A;SP;Jardim Juçara;-23,187;-45,869;2018-02-16 15:10:00.0;0,0
SÃO JOSÉ DOS CAMPOS;354990404A;SP;Jardim Juçara;-23,187;-45,869;2018-02-16 16:10:00.0;0,0
SÃO JOSÉ DOS CAMPOS;354990404A;SP;Jardim Juçara;-23,187;-45,869;2018-02-16 17:10:00.0;0,0
SÃO JOSÉ DOS CAMPOS;354990404A;SP;Jardim Juçara;-23,187;-45,869;2018-02-16 18:10:00.0;0,0
SÃO JOSÉ DOS CAMPOS;354990404A;SP;Jardim Juçara;-23,187;-45,869;2018-02-16 19:10:00.0;0,0
SÃO JOSÉ DOS CAMPOS;354990404A;SP;Jardim Juçara;-23,187;-45,869;2018-02-16 20:10:00.0;0,0
SÃO JOSÉ DOS CAMPOS;354990404A;SP;Jardim Juçara;-23,187;-45,869;2018-02-16 21:10:00.0;0,0
SÃO JOSÉ DOS CAMPOS;354990404A;SP;Jardim Juçara;-23,187;-45,869;2018-02-16 22:10:00.0;0,0
SÃO JOSÉ DOS CAMPOS;354990404A;SP;Jardim Juçara;-23,187;-45,869;2018-02-16 23:10:00.0;0,0
SÃO JOSÉ DOS CAMPOS;354990404A;SP;Jardim Juçara;-23,187;-45,869;2018-02-17 00:10:00.0;0,0
SÃO JOSÉ DOS CAMPOS;354990404A;SP;Jardim Juçara;-23,187;-45,869;2018-02-17 01:10:00.0;0,0
SÃO JOSÉ DOS CAMPOS;354990404A;SP;Jardim Juçara;-23,187;-45,869;2018-02-17 02:10:00.0;0,0
SÃO JOSÉ DOS CAMPOS;354990404A;SP;Jardim Juçara;-23,187;-45,869;2018-02-17 03:10:00.0;0,0
SÃO JOSÉ DOS CAMPOS;354990404A;SP;Jardim Juçara;-23,187;-45,869;2018-02-17 04:10:00.0;0,0
SÃO JOSÉ DOS CAMPOS;354990404A;SP;Jardim Juçara;-23,187;-45,869;2018-02-17 05:10:00.0;0,0
SÃO JOSÉ DOS CAMPOS;354990404A;SP;Jardim Juçara;-23,187;-45,869;2018-02-17 06:10:00.0;0,0
SÃO JOSÉ DOS CAMPOS;354990404A;SP;Jardim Juçara;-23,187;-45,869;2018-02-17 07:10:00.0;0,0
SÃO JOSÉ DOS CAMPOS;354990404A;SP;Jardim Juçara;-23,187;-45,869;2018-02-17 08:10:00.0;0,0
SÃO JOSÉ DOS CAMPOS;354990404A;SP;Jardim Juçara;-23,187;-45,869;2018-02-17 09:10:00.0;0,0
SÃO JOSÉ DOS CAMPOS;354990404A;SP;Jardim Juçara;-23,187;-45,869;2018-02-17 10:10:00.0;0,0
SÃO JOSÉ DOS CAMPOS;354990404A;SP;Jardim Juçara;-23,187;-45,869;2018-02-17 11:10:00.0;0,0
SÃO JOSÉ DOS CAMPOS;354990404A;SP;Jardim Juçara;-23,187;-45,869;2018-02-17 12:10:00.0;0,0
SÃO JOSÉ DOS CAMPOS;354990404A;SP;Jardim Juçara;-23,187;-45,869;2018-02-17 13:10:00.0;0,0
SÃO JOSÉ DOS CAMPOS;354990404A;SP;Jardim Juçara;-23,187;-45,869;2018-02-17 14:10:00.0;0,0
SÃO JOSÉ DOS CAMPOS;354990404A;SP;Jardim Juçara;-23,187;-45,869;2018-02-17 15:10:00.0;0,0
SÃO JOSÉ DOS CAMPOS;354990404A;SP;Jardim Juçara;-23,187;-45,869;2018-02-17 16:10:00.0;0,0
SÃO JOSÉ DOS CAMPOS;354990404A;SP;Jardim Juçara;-23,187;-45,869;2018-02-17 17:10:00.0;0,0
SÃO JOSÉ DOS CAMPOS;354990404A;SP;Jardim Juçara;-23,187;-45,869;2018-02-17 18:10:00.0;0,0
SÃO JOSÉ DOS CAMPOS;354990404A;SP;Jardim Juçara;-23,187;-45,869;2018-02-17 19:10:00.0;0,0
SÃO JOSÉ DOS CAMPOS;354990404A;SP;Jardim Juçara;-23,187;-45,869;2018-02-17 20:10:00.0;0,0
SÃO JOSÉ DOS CAMPOS;354990404A;SP;Jardim Juçara;-23,187;-45,869;2018-02-17 21:10:00.0;0,0
SÃO JOSÉ DOS CAMPOS;354990404A;SP;Jardim Juçara;-23,187;-45,869;2018-02-17 22:10:00.0;0,0
SÃO JOSÉ DOS CAMPOS;354990404A;SP;Jardim Juçara;-23,187;-45,869;2018-02-17 23:10:00.0;0,0
SÃO JOSÉ DOS CAMPOS;354990404A;SP;Jardim Juçara;-23,187;-45,869;2018-02-18 00:10:00.0;0,0
SÃO JOSÉ DOS CAMPOS;354990404A;SP;Jardim Juçara;-23,187;-45,869;2018-02-18 01:10:00.0;0,0
SÃO JOSÉ DOS CAMPOS;354990404A;SP;Jardim Juçara;-23,187;-45,869;2018-02-18 02:10:00.0;0,0
SÃO JOSÉ DOS CAMPOS;354990404A;SP;Jardim Juçara;-23,187;-45,869;2018-02-18 03:10:00.0;0,0
SÃO JOSÉ DOS CAMPOS;354990404A;SP;Jardim Juçara;-23,187;-45,869;2018-02-18 04:10:00.0;0,0
SÃO JOSÉ DOS CAMPOS;354990404A;SP;Jardim Juçara;-23,187;-45,869;2018-02-18 05:10:00.0;0,0
SÃO JOSÉ DOS CAMPOS;354990404A;SP;Jardim Juçara;-23,187;-45,869;2018-02-18 06:10:00.0;0,0
SÃO JOSÉ DOS CAMPOS;354990404A;SP;Jardim Juçara;-23,187;-45,869;2018-02-18 07:10:00.0;0,0
SÃO JOSÉ DOS CAMPOS;354990404A;SP;Jardim Juçara;-23,187;-45,869;2018-02-18 08:10:00.0;0,0
SÃO JOSÉ DOS CAMPOS;354990404A;SP;Jardim Juçara;-23,187;-45,869;2018-02-18 09:10:00.0;0,0
SÃO JOSÉ DOS CAMPOS;354990404A;SP;Jardim Juçara;-23,187;-45,869;2018-02-18 10:10:00.0;0,0
SÃO JOSÉ DOS CAMPOS;354990404A;SP;Jardim Juçara;-23,187;-45,869;2018-02-18 11:10:00.0;0,0
SÃO JOSÉ DOS CAMPOS;354990404A;SP;Jardim Juçara;-23,187;-45,869;2018-02-18 12:10:00.0;0,0
SÃO JOSÉ DOS CAMPOS;354990404A;SP;Jardim Juçara;-23,187;-45,869;2018-02-18 13:10:00.0;0,0
SÃO JOSÉ DOS CAMPOS;354990404A;SP;Jardim Juçara;-23,187;-45,869;2018-02-18 14:10:00.0;0,0
SÃO JOSÉ DOS CAMPOS;354990404A;SP;Jardim Juçara;-23,187;-45,869;2018-02-18 15:10:00.0;0,0
SÃO JOSÉ DOS CAMPOS;354990404A;SP;Jardim Juçara;-23,187;-45,869;2018-02-18 16:10:00.0;0,0
SÃO JOSÉ DOS CAMPOS;354990404A;SP;Jardim Juçara;-23,187;-45,869;2018-02-18 17:10:00.0;0,0
SÃO JOSÉ DOS CAMPOS;354990404A;SP;Jardim Juçara;-23,187;-45,869;2018-02-18 18:10:00.0;0,0
SÃO JOSÉ DOS CAMPOS;354990404A;SP;Jardim Juçara;-23,187;-45,869;2018-02-18 19:10:00.0;0,0
SÃO JOSÉ DOS CAMPOS;354990404A;SP;Jardim Juçara;-23,187;-45,869;2018-02-18 20:40:00.0;0,0
SÃO JOSÉ DOS CAMPOS;354990404A;SP;Jardim Juçara;-23,187;-45,869;2018-02-18 21:10:00.0;0,0
SÃO JOSÉ DOS CAMPOS;354990404A;SP;Jardim Juçara;-23,187;-45,869;2018-02-18 22:10:00.0;0,0
SÃO JOSÉ DOS CAMPOS;354990404A;SP;Jardim Juçara;-23,187;-45,869;2018-02-18 23:10:00.0;0,0
SÃO JOSÉ DOS CAMPOS;354990404A;SP;Jardim Juçara;-23,187;-45,869;2018-02-19 00:10:00.0;0,0
SÃO JOSÉ DOS CAMPOS;354990404A;SP;Jardim Juçara;-23,187;-45,869;2018-02-19 01:10:00.0;0,0
SÃO JOSÉ DOS CAMPOS;354990404A;SP;Jardim Juçara;-23,187;-45,869;2018-02-19 02:10:00.0;0,0
SÃO JOSÉ DOS CAMPOS;354990404A;SP;Jardim Juçara;-23,187;-45,869;2018-02-19 02:50:00.0;0,2
SÃO JOSÉ DOS CAMPOS;354990404A;SP;Jardim Juçara;-23,187;-45,869;2018-02-19 03:10:00.0;0,0
SÃO JOSÉ DOS CAMPOS;354990404A;SP;Jardim Juçara;-23,187;-45,869;2018-02-19 04:10:00.0;0,0
SÃO JOSÉ DOS CAMPOS;354990404A;SP;Jardim Juçara;-23,187;-45,869;2018-02-19 05:10:00.0;0,0
SÃO JOSÉ DOS CAMPOS;354990404A;SP;Jardim Juçara;-23,187;-45,869;2018-02-19 06:10:00.0;0,0
SÃO JOSÉ DOS CAMPOS;354990404A;SP;Jardim Juçara;-23,187;-45,869;2018-02-19 07:10:00.0;0,0
SÃO JOSÉ DOS CAMPOS;354990404A;SP;Jardim Juçara;-23,187;-45,869;2018-02-19 08:10:00.0;0,0
SÃO JOSÉ DOS CAMPOS;354990404A;SP;Jardim Juçara;-23,187;-45,869;2018-02-19 09:10:00.0;0,0
SÃO JOSÉ DOS CAMPOS;354990404A;SP;Jardim Juçara;-23,187;-45,869;2018-02-19 10:10:00.0;0,0
SÃO JOSÉ DOS CAMPOS;354990404A;SP;Jardim Juçara;-23,187;-45,869;2018-02-19 11:10:00.0;0,0
SÃO JOSÉ DOS CAMPOS;354990404A;SP;Jardim Juçara;-23,187;-45,869;2018-02-19 12:10:00.0;0,0
SÃO JOSÉ DOS CAMPOS;354990404A;SP;Jardim Juçara;-23,187;-45,869;2018-02-19 13:10:00.0;0,0
SÃO JOSÉ DOS CAMPOS;354990404A;SP;Jardim Juçara;-23,187;-45,869;2018-02-19 14:10:00.0;0,0
SÃO JOSÉ DOS CAMPOS;354990404A;SP;Jardim Juçara;-23,187;-45,869;2018-02-19 15:10:00.0;0,0
SÃO JOSÉ DOS CAMPOS;354990404A;SP;Jardim Juçara;-23,187;-45,869;2018-02-19 16:10:00.0;0,0
SÃO JOSÉ DOS CAMPOS;354990404A;SP;Jardim Juçara;-23,187;-45,869;2018-02-19 17:10:00.0;0,0
SÃO JOSÉ DOS CAMPOS;354990404A;SP;Jardim Juçara;-23,187;-45,869;2018-02-19 18:10:00.0;0,0
SÃO JOSÉ DOS CAMPOS;354990404A;SP;Jardim Juçara;-23,187;-45,869;2018-02-19 19:10:00.0;0,0
SÃO JOSÉ DOS CAMPOS;354990404A;SP;Jardim Juçara;-23,187;-45,869;2018-02-19 20:10:00.0;0,0
SÃO JOSÉ DOS CAMPOS;354990404A;SP;Jardim Juçara;-23,187;-45,869;2018-02-19 21:10:00.0;0,0
SÃO JOSÉ DOS CAMPOS;354990404A;SP;Jardim Juçara;-23,187;-45,869;2018-02-19 22:10:00.0;0,0
SÃO JOSÉ DOS CAMPOS;354990404A;SP;Jardim Juçara;-23,187;-45,869;2018-02-19 23:10:00.0;0,0
SÃO JOSÉ DOS CAMPOS;354990404A;SP;Jardim Juçara;-23,187;-45,869;2018-02-20 00:10:00.0;0,0
SÃO JOSÉ DOS CAMPOS;354990404A;SP;Jardim Juçara;-23,187;-45,869;2018-02-20 01:10:00.0;0,0
SÃO JOSÉ DOS CAMPOS;354990404A;SP;Jardim Juçara;-23,187;-45,869;2018-02-20 02:10:00.0;0,0
SÃO JOSÉ DOS CAMPOS;354990404A;SP;Jardim Juçara;-23,187;-45,869;2018-02-20 03:10:00.0;0,0
SÃO JOSÉ DOS CAMPOS;354990404A;SP;Jardim Juçara;-23,187;-45,869;2018-02-20 04:10:00.0;0,0
SÃO JOSÉ DOS CAMPOS;354990404A;SP;Jardim Juçara;-23,187;-45,869;2018-02-20 05:10:00.0;0,0
SÃO JOSÉ DOS CAMPOS;354990404A;SP;Jardim Juçara;-23,187;-45,869;2018-02-20 06:10:00.0;0,0
SÃO JOSÉ DOS CAMPOS;354990404A;SP;Jardim Juçara;-23,187;-45,869;2018-02-20 07:10:00.0;0,0
SÃO JOSÉ DOS CAMPOS;354990404A;SP;Jardim Juçara;-23,187;-45,869;2018-02-20 08:10:00.0;0,0
SÃO JOSÉ DOS CAMPOS;354990404A;SP;Jardim Juçara;-23,187;-45,869;2018-02-20 09:10:00.0;0,0
SÃO JOSÉ DOS CAMPOS;354990404A;SP;Jardim Juçara;-23,187;-45,869;2018-02-20 10:10:00.0;0,0
SÃO JOSÉ DOS CAMPOS;354990404A;SP;Jardim Juçara;-23,187;-45,869;2018-02-20 11:10:00.0;0,0
SÃO JOSÉ DOS CAMPOS;354990404A;SP;Jardim Juçara;-23,187;-45,869;2018-02-20 12:10:00.0;0,0
SÃO JOSÉ DOS CAMPOS;354990404A;SP;Jardim Juçara;-23,187;-45,869;2018-02-20 13:10:00.0;0,0
SÃO JOSÉ DOS CAMPOS;354990404A;SP;Jardim Juçara;-23,187;-45,869;2018-02-20 14:10:00.0;0,0
SÃO JOSÉ DOS CAMPOS;354990404A;SP;Jardim Juçara;-23,187;-45,869;2018-02-20 15:10:00.0;0,0
SÃO JOSÉ DOS CAMPOS;354990404A;SP;Jardim Juçara;-23,187;-45,869;2018-02-20 16:10:00.0;0,0
SÃO JOSÉ DOS CAMPOS;354990404A;SP;Jardim Juçara;-23,187;-45,869;2018-02-20 17:10:00.0;0,0
SÃO JOSÉ DOS CAMPOS;354990404A;SP;Jardim Juçara;-23,187;-45,869;2018-02-20 18:10:00.0;0,0
SÃO JOSÉ DOS CAMPOS;354990404A;SP;Jardim Juçara;-23,187;-45,869;2018-02-20 19:10:00.0;0,0
SÃO JOSÉ DOS CAMPOS;354990404A;SP;Jardim Juçara;-23,187;-45,869;2018-02-20 20:10:00.0;0,0
SÃO JOSÉ DOS CAMPOS;354990404A;SP;Jardim Juçara;-23,187;-45,869;2018-02-20 21:10:00.0;0,0
SÃO JOSÉ DOS CAMPOS;354990404A;SP;Jardim Juçara;-23,187;-45,869;2018-02-20 22:10:00.0;0,0
SÃO JOSÉ DOS CAMPOS;354990404A;SP;Jardim Juçara;-23,187;-45,869;2018-02-20 23:10:00.0;0,0
SÃO JOSÉ DOS CAMPOS;354990404A;SP;Jardim Juçara;-23,187;-45,869;2018-02-21 00:10:00.0;0,0
SÃO JOSÉ DOS CAMPOS;354990404A;SP;Jardim Juçara;-23,187;-45,869;2018-02-21 01:10:00.0;0,0
SÃO JOSÉ DOS CAMPOS;354990404A;SP;Jardim Juçara;-23,187;-45,869;2018-02-21 02:10:00.0;0,0
SÃO JOSÉ DOS CAMPOS;354990404A;SP;Jardim Juçara;-23,187;-45,869;2018-02-21 03:10:00.0;0,0
SÃO JOSÉ DOS CAMPOS;354990404A;SP;Jardim Juçara;-23,187;-45,869;2018-02-21 04:10:00.0;0,0
SÃO JOSÉ DOS CAMPOS;354990404A;SP;Jardim Juçara;-23,187;-45,869;2018-02-21 05:10:00.0;0,0
SÃO JOSÉ DOS CAMPOS;354990404A;SP;Jardim Juçara;-23,187;-45,869;2018-02-21 06:10:00.0;0,0
SÃO JOSÉ DOS CAMPOS;354990404A;SP;Jardim Juçara;-23,187;-45,869;2018-02-21 07:10:00.0;0,0
SÃO JOSÉ DOS CAMPOS;354990404A;SP;Jardim Juçara;-23,187;-45,869;2018-02-21 08:10:00.0;0,0
SÃO JOSÉ DOS CAMPOS;354990404A;SP;Jardim Juçara;-23,187;-45,869;2018-02-21 09:10:00.0;0,0
SÃO JOSÉ DOS CAMPOS;354990404A;SP;Jardim Juçara;-23,187;-45,869;2018-02-21 10:10:00.0;0,0
SÃO JOSÉ DOS CAMPOS;354990404A;SP;Jardim Juçara;-23,187;-45,869;2018-02-21 11:10:00.0;0,0
SÃO JOSÉ DOS CAMPOS;354990404A;SP;Jardim Juçara;-23,187;-45,869;2018-02-21 12:10:00.0;0,0
SÃO JOSÉ DOS CAMPOS;354990404A;SP;Jardim Juçara;-23,187;-45,869;2018-02-21 13:10:00.0;0,0
SÃO JOSÉ DOS CAMPOS;354990404A;SP;Jardim Juçara;-23,187;-45,869;2018-02-21 14:10:00.0;0,0
SÃO JOSÉ DOS CAMPOS;354990404A;SP;Jardim Juçara;-23,187;-45,869;2018-02-21 15:10:00.0;0,0
SÃO JOSÉ DOS CAMPOS;354990404A;SP;Jardim Juçara;-23,187;-45,869;2018-02-21 16:10:00.0;0,0
SÃO JOSÉ DOS CAMPOS;354990404A;SP;Jardim Juçara;-23,187;-45,869;2018-02-21 17:10:00.0;0,0
SÃO JOSÉ DOS CAMPOS;354990404A;SP;Jardim Juçara;-23,187;-45,869;2018-02-21 18:10:00.0;0,0
SÃO JOSÉ DOS CAMPOS;354990404A;SP;Jardim Juçara;-23,187;-45,869;2018-02-21 19:10:00.0;0,0
SÃO JOSÉ DOS CAMPOS;354990404A;SP;Jardim Juçara;-23,187;-45,869;2018-02-21 20:10:00.0;0,0
SÃO JOSÉ DOS CAMPOS;354990404A;SP;Jardim Juçara;-23,187;-45,869;2018-02-21 21:10:00.0;0,0
SÃO JOSÉ DOS CAMPOS;354990404A;SP;Jardim Juçara;-23,187;-45,869;2018-02-21 22:10:00.0;0,0
SÃO JOSÉ DOS CAMPOS;354990404A;SP;Jardim Juçara;-23,187;-45,869;2018-02-21 23:10:00.0;0,0
SÃO JOSÉ DOS CAMPOS;354990404A;SP;Jardim Juçara;-23,187;-45,869;2018-02-22 00:10:00.0;0,0
SÃO JOSÉ DOS CAMPOS;354990404A;SP;Jardim Juçara;-23,187;-45,869;2018-02-22 01:10:00.0;0,0
SÃO JOSÉ DOS CAMPOS;354990404A;SP;Jardim Juçara;-23,187;-45,869;2018-02-22 02:10:00.0;0,0
SÃO JOSÉ DOS CAMPOS;354990404A;SP;Jardim Juçara;-23,187;-45,869;2018-02-22 03:10:00.0;0,0
SÃO JOSÉ DOS CAMPOS;354990404A;SP;Jardim Juçara;-23,187;-45,869;2018-02-22 04:10:00.0;0,0
SÃO JOSÉ DOS CAMPOS;354990404A;SP;Jardim Juçara;-23,187;-45,869;2018-02-22 05:10:00.0;0,0
SÃO JOSÉ DOS CAMPOS;354990404A;SP;Jardim Juçara;-23,187;-45,869;2018-02-22 06:10:00.0;0,0
SÃO JOSÉ DOS CAMPOS;354990404A;SP;Jardim Juçara;-23,187;-45,869;2018-02-22 07:10:00.0;0,0
SÃO JOSÉ DOS CAMPOS;354990404A;SP;Jardim Juçara;-23,187;-45,869;2018-02-22 08:10:00.0;0,0
SÃO JOSÉ DOS CAMPOS;354990404A;SP;Jardim Juçara;-23,187;-45,869;2018-02-22 09:10:00.0;0,0
SÃO JOSÉ DOS CAMPOS;354990404A;SP;Jardim Juçara;-23,187;-45,869;2018-02-22 10:10:00.0;0,0
SÃO JOSÉ DOS CAMPOS;354990404A;SP;Jardim Juçara;-23,187;-45,869;2018-02-22 11:10:00.0;0,0
SÃO JOSÉ DOS CAMPOS;354990404A;SP;Jardim Juçara;-23,187;-45,869;2018-02-22 12:10:00.0;0,0
SÃO JOSÉ DOS CAMPOS;354990404A;SP;Jardim Juçara;-23,187;-45,869;2018-02-22 13:10:00.0;0,0
SÃO JOSÉ DOS CAMPOS;354990404A;SP;Jardim Juçara;-23,187;-45,869;2018-02-22 14:10:00.0;0,0
SÃO JOSÉ DOS CAMPOS;354990404A;SP;Jardim Juçara;-23,187;-45,869;2018-02-22 15:10:00.0;0,0
SÃO JOSÉ DOS CAMPOS;354990404A;SP;Jardim Juçara;-23,187;-45,869;2018-02-22 16:10:00.0;0,0
SÃO JOSÉ DOS CAMPOS;354990404A;SP;Jardim Juçara;-23,187;-45,869;2018-02-22 17:10:00.0;0,0
SÃO JOSÉ DOS CAMPOS;354990404A;SP;Jardim Juçara;-23,187;-45,869;2018-02-22 18:10:00.0;0,0
SÃO JOSÉ DOS CAMPOS;354990404A;SP;Jardim Juçara;-23,187;-45,869;2018-02-22 19:10:00.0;0,0
SÃO JOSÉ DOS CAMPOS;354990404A;SP;Jardim Juçara;-23,187;-45,869;2018-02-22 20:10:00.0;0,0
SÃO JOSÉ DOS CAMPOS;354990404A;SP;Jardim Juçara;-23,187;-45,869;2018-02-22 21:10:00.0;0,0
SÃO JOSÉ DOS CAMPOS;354990404A;SP;Jardim Juçara;-23,187;-45,869;2018-02-22 22:10:00.0;0,0
SÃO JOSÉ DOS CAMPOS;354990404A;SP;Jardim Juçara;-23,187;-45,869;2018-02-22 23:10:00.0;0,0
SÃO JOSÉ DOS CAMPOS;354990404A;SP;Jardim Juçara;-23,187;-45,869;2018-02-23 00:10:00.0;0,0
SÃO JOSÉ DOS CAMPOS;354990404A;SP;Jardim Juçara;-23,187;-45,869;2018-02-23 01:10:00.0;0,0
SÃO JOSÉ DOS CAMPOS;354990404A;SP;Jardim Juçara;-23,187;-45,869;2018-02-23 02:10:00.0;0,0
SÃO JOSÉ DOS CAMPOS;354990404A;SP;Jardim Juçara;-23,187;-45,869;2018-02-23 03:10:00.0;0,0
SÃO JOSÉ DOS CAMPOS;354990404A;SP;Jardim Juçara;-23,187;-45,869;2018-02-23 04:10:00.0;0,0
SÃO JOSÉ DOS CAMPOS;354990404A;SP;Jardim Juçara;-23,187;-45,869;2018-02-23 05:10:00.0;0,0
SÃO JOSÉ DOS CAMPOS;354990404A;SP;Jardim Juçara;-23,187;-45,869;2018-02-23 06:10:00.0;0,0
SÃO JOSÉ DOS CAMPOS;354990404A;SP;Jardim Juçara;-23,187;-45,869;2018-02-23 07:10:00.0;0,0
SÃO JOSÉ DOS CAMPOS;354990404A;SP;Jardim Juçara;-23,187;-45,869;2018-02-23 08:10:00.0;0,0
SÃO JOSÉ DOS CAMPOS;354990404A;SP;Jardim Juçara;-23,187;-45,869;2018-02-23 09:10:00.0;0,0
SÃO JOSÉ DOS CAMPOS;354990404A;SP;Jardim Juçara;-23,187;-45,869;2018-02-23 10:10:00.0;0,0
SÃO JOSÉ DOS CAMPOS;354990404A;SP;Jardim Juçara;-23,187;-45,869;2018-02-23 11:10:00.0;0,0
SÃO JOSÉ DOS CAMPOS;354990404A;SP;Jardim Juçara;-23,187;-45,869;2018-02-23 12:10:00.0;0,0
SÃO JOSÉ DOS CAMPOS;354990404A;SP;Jardim Juçara;-23,187;-45,869;2018-02-23 13:10:00.0;0,0
SÃO JOSÉ DOS CAMPOS;354990404A;SP;Jardim Juçara;-23,187;-45,869;2018-02-23 14:10:00.0;0,0
SÃO JOSÉ DOS CAMPOS;354990404A;SP;Jardim Juçara;-23,187;-45,869;2018-02-23 15:10:00.0;0,0
SÃO JOSÉ DOS CAMPOS;354990404A;SP;Jardim Juçara;-23,187;-45,869;2018-02-23 16:10:00.0;0,0
SÃO JOSÉ DOS CAMPOS;354990404A;SP;Jardim Juçara;-23,187;-45,869;2018-02-23 17:10:00.0;0,0
SÃO JOSÉ DOS CAMPOS;354990404A;SP;Jardim Juçara;-23,187;-45,869;2018-02-23 18:10:00.0;0,0
SÃO JOSÉ DOS CAMPOS;354990404A;SP;Jardim Juçara;-23,187;-45,869;2018-02-23 19:10:00.0;0,0
SÃO JOSÉ DOS CAMPOS;354990404A;SP;Jardim Juçara;-23,187;-45,869;2018-02-23 20:10:00.0;0,0
SÃO JOSÉ DOS CAMPOS;354990404A;SP;Jardim Juçara;-23,187;-45,869;2018-02-23 21:10:00.0;0,0
SÃO JOSÉ DOS CAMPOS;354990404A;SP;Jardim Juçara;-23,187;-45,869;2018-02-23 22:10:00.0;0,0
SÃO JOSÉ DOS CAMPOS;354990404A;SP;Jardim Juçara;-23,187;-45,869;2018-02-23 23:10:00.0;0,0
SÃO JOSÉ DOS CAMPOS;354990404A;SP;Jardim Juçara;-23,187;-45,869;2018-02-24 00:10:00.0;0,0
SÃO JOSÉ DOS CAMPOS;354990404A;SP;Jardim Juçara;-23,187;-45,869;2018-02-24 01:10:00.0;0,0
SÃO JOSÉ DOS CAMPOS;354990404A;SP;Jardim Juçara;-23,187;-45,869;2018-02-24 02:10:00.0;0,0
SÃO JOSÉ DOS CAMPOS;354990404A;SP;Jardim Juçara;-23,187;-45,869;2018-02-24 03:10:00.0;0,0
SÃO JOSÉ DOS CAMPOS;354990404A;SP;Jardim Juçara;-23,187;-45,869;2018-02-24 04:10:00.0;0,0
SÃO JOSÉ DOS CAMPOS;354990404A;SP;Jardim Juçara;-23,187;-45,869;2018-02-24 05:10:00.0;0,0
SÃO JOSÉ DOS CAMPOS;354990404A;SP;Jardim Juçara;-23,187;-45,869;2018-02-24 06:10:00.0;0,0
SÃO JOSÉ DOS CAMPOS;354990404A;SP;Jardim Juçara;-23,187;-45,869;2018-02-24 07:10:00.0;0,0
SÃO JOSÉ DOS CAMPOS;354990404A;SP;Jardim Juçara;-23,187;-45,869;2018-02-24 08:10:00.0;0,0
SÃO JOSÉ DOS CAMPOS;354990404A;SP;Jardim Juçara;-23,187;-45,869;2018-02-24 09:10:00.0;0,0
SÃO JOSÉ DOS CAMPOS;354990404A;SP;Jardim Juçara;-23,187;-45,869;2018-02-24 10:10:00.0;0,0
SÃO JOSÉ DOS CAMPOS;354990404A;SP;Jardim Juçara;-23,187;-45,869;2018-02-24 11:10:00.0;0,0
SÃO JOSÉ DOS CAMPOS;354990404A;SP;Jardim Juçara;-23,187;-45,869;2018-02-24 12:10:00.0;0,0
SÃO JOSÉ DOS CAMPOS;354990404A;SP;Jardim Juçara;-23,187;-45,869;2018-02-24 13:10:00.0;0,0
SÃO JOSÉ DOS CAMPOS;354990404A;SP;Jardim Juçara;-23,187;-45,869;2018-02-24 14:10:00.0;0,0
SÃO JOSÉ DOS CAMPOS;354990404A;SP;Jardim Juçara;-23,187;-45,869;2018-02-24 15:10:00.0;0,0
SÃO JOSÉ DOS CAMPOS;354990404A;SP;Jardim Juçara;-23,187;-45,869;2018-02-24 16:10:00.0;0,0
SÃO JOSÉ DOS CAMPOS;354990404A;SP;Jardim Juçara;-23,187;-45,869;2018-02-24 17:10:00.0;0,0
SÃO JOSÉ DOS CAMPOS;354990404A;SP;Jardim Juçara;-23,187;-45,869;2018-02-24 18:10:00.0;0,0
SÃO JOSÉ DOS CAMPOS;354990404A;SP;Jardim Juçara;-23,187;-45,869;2018-02-24 19:10:00.0;0,0
SÃO JOSÉ DOS CAMPOS;354990404A;SP;Jardim Juçara;-23,187;-45,869;2018-02-24 20:10:00.0;0,0
SÃO JOSÉ DOS CAMPOS;354990404A;SP;Jardim Juçara;-23,187;-45,869;2018-02-24 21:10:00.0;0,0
SÃO JOSÉ DOS CAMPOS;354990404A;SP;Jardim Juçara;-23,187;-45,869;2018-02-24 22:10:00.0;0,0
SÃO JOSÉ DOS CAMPOS;354990404A;SP;Jardim Juçara;-23,187;-45,869;2018-02-24 23:10:00.0;0,0
SÃO JOSÉ DOS CAMPOS;354990404A;SP;Jardim Juçara;-23,187;-45,869;2018-02-25 00:10:00.0;0,0
SÃO JOSÉ DOS CAMPOS;354990404A;SP;Jardim Juçara;-23,187;-45,869;2018-02-25 01:10:00.0;0,0
SÃO JOSÉ DOS CAMPOS;354990404A;SP;Jardim Juçara;-23,187;-45,869;2018-02-25 02:10:00.0;0,0
SÃO JOSÉ DOS CAMPOS;354990404A;SP;Jardim Juçara;-23,187;-45,869;2018-02-25 03:10:00.0;0,0
SÃO JOSÉ DOS CAMPOS;354990404A;SP;Jardim Juçara;-23,187;-45,869;2018-02-25 04:10:00.0;0,0
SÃO JOSÉ DOS CAMPOS;354990404A;SP;Jardim Juçara;-23,187;-45,869;2018-02-25 05:10:00.0;0,0
SÃO JOSÉ DOS CAMPOS;354990404A;SP;Jardim Juçara;-23,187;-45,869;2018-02-25 06:10:00.0;0,0
SÃO JOSÉ DOS CAMPOS;354990404A;SP;Jardim Juçara;-23,187;-45,869;2018-02-25 07:10:00.0;0,0
SÃO JOSÉ DOS CAMPOS;354990404A;SP;Jardim Juçara;-23,187;-45,869;2018-02-25 08:10:00.0;0,0
SÃO JOSÉ DOS CAMPOS;354990404A;SP;Jardim Juçara;-23,187;-45,869;2018-02-25 09:10:00.0;0,0
SÃO JOSÉ DOS CAMPOS;354990404A;SP;Jardim Juçara;-23,187;-45,869;2018-02-25 10:10:00.0;0,0
SÃO JOSÉ DOS CAMPOS;354990404A;SP;Jardim Juçara;-23,187;-45,869;2018-02-25 11:10:00.0;0,0
SÃO JOSÉ DOS CAMPOS;354990404A;SP;Jardim Juçara;-23,187;-45,869;2018-02-25 12:10:00.0;0,0
SÃO JOSÉ DOS CAMPOS;354990404A;SP;Jardim Juçara;-23,187;-45,869;2018-02-25 13:10:00.0;0,0
SÃO JOSÉ DOS CAMPOS;354990404A;SP;Jardim Juçara;-23,187;-45,869;2018-02-25 14:10:00.0;0,0
SÃO JOSÉ DOS CAMPOS;354990404A;SP;Jardim Juçara;-23,187;-45,869;2018-02-25 15:10:00.0;0,0
SÃO JOSÉ DOS CAMPOS;354990404A;SP;Jardim Juçara;-23,187;-45,869;2018-02-25 16:10:00.0;0,0
SÃO JOSÉ DOS CAMPOS;354990404A;SP;Jardim Juçara;-23,187;-45,869;2018-02-25 17:10:00.0;0,0
SÃO JOSÉ DOS CAMPOS;354990404A;SP;Jardim Juçara;-23,187;-45,869;2018-02-25 18:10:00.0;0,0
SÃO JOSÉ DOS CAMPOS;354990404A;SP;Jardim Juçara;-23,187;-45,869;2018-02-25 19:10:00.0;0,0
SÃO JOSÉ DOS CAMPOS;354990404A;SP;Jardim Juçara;-23,187;-45,869;2018-02-25 20:10:00.0;0,0
SÃO JOSÉ DOS CAMPOS;354990404A;SP;Jardim Juçara;-23,187;-45,869;2018-02-25 21:10:00.0;0,0
SÃO JOSÉ DOS CAMPOS;354990404A;SP;Jardim Juçara;-23,187;-45,869;2018-02-25 22:10:00.0;0,0
SÃO JOSÉ DOS CAMPOS;354990404A;SP;Jardim Juçara;-23,187;-45,869;2018-02-25 23:10:00.0;0,0
SÃO JOSÉ DOS CAMPOS;354990404A;SP;Jardim Juçara;-23,187;-45,869;2018-02-26 00:10:00.0;0,0
SÃO JOSÉ DOS CAMPOS;354990404A;SP;Jardim Juçara;-23,187;-45,869;2018-02-26 01:10:00.0;0,0
SÃO JOSÉ DOS CAMPOS;354990404A;SP;Jardim Juçara;-23,187;-45,869;2018-02-26 02:10:00.0;0,0
SÃO JOSÉ DOS CAMPOS;354990404A;SP;Jardim Juçara;-23,187;-45,869;2018-02-26 03:10:00.0;0,0
SÃO JOSÉ DOS CAMPOS;354990404A;SP;Jardim Juçara;-23,187;-45,869;2018-02-26 04:10:00.0;0,0
SÃO JOSÉ DOS CAMPOS;354990404A;SP;Jardim Juçara;-23,187;-45,869;2018-02-26 05:10:00.0;0,0
SÃO JOSÉ DOS CAMPOS;354990404A;SP;Jardim Juçara;-23,187;-45,869;2018-02-26 06:10:00.0;0,0
SÃO JOSÉ DOS CAMPOS;354990404A;SP;Jardim Juçara;-23,187;-45,869;2018-02-26 07:10:00.0;0,0
SÃO JOSÉ DOS CAMPOS;354990404A;SP;Jardim Juçara;-23,187;-45,869;2018-02-26 08:10:00.0;0,0
SÃO JOSÉ DOS CAMPOS;354990404A;SP;Jardim Juçara;-23,187;-45,869;2018-02-26 09:10:00.0;0,0
SÃO JOSÉ DOS CAMPOS;354990404A;SP;Jardim Juçara;-23,187;-45,869;2018-02-26 10:10:00.0;0,0
SÃO JOSÉ DOS CAMPOS;354990404A;SP;Jardim Juçara;-23,187;-45,869;2018-02-26 11:10:00.0;0,0
SÃO JOSÉ DOS CAMPOS;354990404A;SP;Jardim Juçara;-23,187;-45,869;2018-02-26 12:10:00.0;0,0
SÃO JOSÉ DOS CAMPOS;354990404A;SP;Jardim Juçara;-23,187;-45,869;2018-02-26 13:10:00.0;0,0
SÃO JOSÉ DOS CAMPOS;354990404A;SP;Jardim Juçara;-23,187;-45,869;2018-02-26 14:10:00.0;0,0
SÃO JOSÉ DOS CAMPOS;354990404A;SP;Jardim Juçara;-23,187;-45,869;2018-02-26 15:10:00.0;0,0
SÃO JOSÉ DOS CAMPOS;354990404A;SP;Jardim Juçara;-23,187;-45,869;2018-02-26 16:10:00.0;0,0
SÃO JOSÉ DOS CAMPOS;354990404A;SP;Jardim Juçara;-23,187;-45,869;2018-02-26 17:10:00.0;0,0
SÃO JOSÉ DOS CAMPOS;354990404A;SP;Jardim Juçara;-23,187;-45,869;2018-02-26 18:10:00.0;0,0
SÃO JOSÉ DOS CAMPOS;354990404A;SP;Jardim Juçara;-23,187;-45,869;2018-02-26 19:10:00.0;0,0
SÃO JOSÉ DOS CAMPOS;354990404A;SP;Jardim Juçara;-23,187;-45,869;2018-02-26 20:10:00.0;0,0
SÃO JOSÉ DOS CAMPOS;354990404A;SP;Jardim Juçara;-23,187;-45,869;2018-02-26 21:10:00.0;0,0
SÃO JOSÉ DOS CAMPOS;354990404A;SP;Jardim Juçara;-23,187;-45,869;2018-02-26 22:10:00.0;0,0
SÃO JOSÉ DOS CAMPOS;354990404A;SP;Jardim Juçara;-23,187;-45,869;2018-02-26 23:10:00.0;0,0
SÃO JOSÉ DOS CAMPOS;354990404A;SP;Jardim Juçara;-23,187;-45,869;2018-02-27 00:10:00.0;0,0
SÃO JOSÉ DOS CAMPOS;354990404A;SP;Jardim Juçara;-23,187;-45,869;2018-02-27 01:10:00.0;0,0
SÃO JOSÉ DOS CAMPOS;354990404A;SP;Jardim Juçara;-23,187;-45,869;2018-02-27 02:10:00.0;0,0
SÃO JOSÉ DOS CAMPOS;354990404A;SP;Jardim Juçara;-23,187;-45,869;2018-02-27 03:10:00.0;0,0
SÃO JOSÉ DOS CAMPOS;354990404A;SP;Jardim Juçara;-23,187;-45,869;2018-02-27 04:10:00.0;0,0
SÃO JOSÉ DOS CAMPOS;354990404A;SP;Jardim Juçara;-23,187;-45,869;2018-02-27 05:10:00.0;0,0
SÃO JOSÉ DOS CAMPOS;354990404A;SP;Jardim Juçara;-23,187;-45,869;2018-02-27 06:10:00.0;0,0
SÃO JOSÉ DOS CAMPOS;354990404A;SP;Jardim Juçara;-23,187;-45,869;2018-02-27 07:10:00.0;0,0
SÃO JOSÉ DOS CAMPOS;354990404A;SP;Jardim Juçara;-23,187;-45,869;2018-02-27 08:10:00.0;0,0
SÃO JOSÉ DOS CAMPOS;354990404A;SP;Jardim Juçara;-23,187;-45,869;2018-02-27 09:10:00.0;0,0
SÃO JOSÉ DOS CAMPOS;354990404A;SP;Jardim Juçara;-23,187;-45,869;2018-02-27 10:10:00.0;0,0
SÃO JOSÉ DOS CAMPOS;354990404A;SP;Jardim Juçara;-23,187;-45,869;2018-02-27 11:10:00.0;0,0
SÃO JOSÉ DOS CAMPOS;354990404A;SP;Jardim Juçara;-23,187;-45,869;2018-02-27 12:10:00.0;0,0
SÃO JOSÉ DOS CAMPOS;354990404A;SP;Jardim Juçara;-23,187;-45,869;2018-02-27 13:10:00.0;0,0
SÃO JOSÉ DOS CAMPOS;354990404A;SP;Jardim Juçara;-23,187;-45,869;2018-02-27 14:10:00.0;0,0
SÃO JOSÉ DOS CAMPOS;354990404A;SP;Jardim Juçara;-23,187;-45,869;2018-02-27 15:10:00.0;0,0
SÃO JOSÉ DOS CAMPOS;354990404A;SP;Jardim Juçara;-23,187;-45,869;2018-02-27 16:10:00.0;0,0
SÃO JOSÉ DOS CAMPOS;354990404A;SP;Jardim Juçara;-23,187;-45,869;2018-02-27 17:10:00.0;0,0
SÃO JOSÉ DOS CAMPOS;354990404A;SP;Jardim Juçara;-23,187;-45,869;2018-02-27 18:10:00.0;0,0
SÃO JOSÉ DOS CAMPOS;354990404A;SP;Jardim Juçara;-23,187;-45,869;2018-02-27 19:10:00.0;0,0
SÃO JOSÉ DOS CAMPOS;354990404A;SP;Jardim Juçara;-23,187;-45,869;2018-02-27 20:10:00.0;0,0
SÃO JOSÉ DOS CAMPOS;354990404A;SP;Jardim Juçara;-23,187;-45,869;2018-02-27 21:10:00.0;0,0
SÃO JOSÉ DOS CAMPOS;354990404A;SP;Jardim Juçara;-23,187;-45,869;2018-02-27 22:10:00.0;0,0
SÃO JOSÉ DOS CAMPOS;354990404A;SP;Jardim Juçara;-23,187;-45,869;2018-02-27 23:10:00.0;0,0
SÃO JOSÉ DOS CAMPOS;354990404A;SP;Jardim Juçara;-23,187;-45,869;2018-02-28 00:10:00.0;0,0
SÃO JOSÉ DOS CAMPOS;354990404A;SP;Jardim Juçara;-23,187;-45,869;2018-02-28 01:10:00.0;0,0
SÃO JOSÉ DOS CAMPOS;354990404A;SP;Jardim Juçara;-23,187;-45,869;2018-02-28 02:10:00.0;0,0
SÃO JOSÉ DOS CAMPOS;354990404A;SP;Jardim Juçara;-23,187;-45,869;2018-02-28 03:10:00.0;0,0
SÃO JOSÉ DOS CAMPOS;354990404A;SP;Jardim Juçara;-23,187;-45,869;2018-02-28 04:10:00.0;0,0
SÃO JOSÉ DOS CAMPOS;354990404A;SP;Jardim Juçara;-23,187;-45,869;2018-02-28 05:10:00.0;0,0
SÃO JOSÉ DOS CAMPOS;354990404A;SP;Jardim Juçara;-23,187;-45,869;2018-02-28 06:10:00.0;0,0
SÃO JOSÉ DOS CAMPOS;354990404A;SP;Jardim Juçara;-23,187;-45,869;2018-02-28 07:10:00.0;0,0
SÃO JOSÉ DOS CAMPOS;354990404A;SP;Jardim Juçara;-23,187;-45,869;2018-02-28 08:10:00.0;0,0
SÃO JOSÉ DOS CAMPOS;354990404A;SP;Jardim Juçara;-23,187;-45,869;2018-02-28 09:10:00.0;0,0
SÃO JOSÉ DOS CAMPOS;354990404A;SP;Jardim Juçara;-23,187;-45,869;2018-02-28 10:10:00.0;0,2
SÃO JOSÉ DOS CAMPOS;354990404A;SP;Jardim Juçara;-23,187;-45,869;2018-02-28 11:10:00.0;0,0
SÃO JOSÉ DOS CAMPOS;354990404A;SP;Jardim Juçara;-23,187;-45,869;2018-02-28 12:10:00.0;0,0
SÃO JOSÉ DOS CAMPOS;354990404A;SP;Jardim Juçara;-23,187;-45,869;2018-02-28 13:10:00.0;0,0
SÃO JOSÉ DOS CAMPOS;354990404A;SP;Jardim Juçara;-23,187;-45,869;2018-02-28 14:10:00.0;0,0
SÃO JOSÉ DOS CAMPOS;354990404A;SP;Jardim Juçara;-23,187;-45,869;2018-02-28 15:10:00.0;0,0
SÃO JOSÉ DOS CAMPOS;354990404A;SP;Jardim Juçara;-23,187;-45,869;2018-02-28 16:10:00.0;0,0
SÃO JOSÉ DOS CAMPOS;354990404A;SP;Jardim Juçara;-23,187;-45,869;2018-02-28 17:10:00.0;0,0
SÃO JOSÉ DOS CAMPOS;354990404A;SP;Jardim Juçara;-23,187;-45,869;2018-02-28 18:10:00.0;0,0
SÃO JOSÉ DOS CAMPOS;354990404A;SP;Jardim Juçara;-23,187;-45,869;2018-02-28 19:10:00.0;0,0
SÃO JOSÉ DOS CAMPOS;354990404A;SP;Jardim Juçara;-23,187;-45,869;2018-02-28 20:10:00.0;0,0
SÃO JOSÉ DOS CAMPOS;354990404A;SP;Jardim Juçara;-23,187;-45,869;2018-02-28 21:10:00.0;0,0
SÃO JOSÉ DOS CAMPOS;354990404A;SP;Jardim Juçara;-23,187;-45,869;2018-02-28 22:10:00.0;0,0
SÃO JOSÉ DOS CAMPOS;354990404A;SP;Jardim Juçara;-23,187;-45,869;2018-02-28 23:10:00.0;0,0
SÃO JOSÉ DOS CAMPOS;354990405A;SP;Chacara Boa Vista;-23,087;-45,931;2018-02-01 00:10:00.0;0,2
SÃO JOSÉ DOS CAMPOS;354990405A;SP;Chacara Boa Vista;-23,087;-45,931;2018-02-01 00:30:00.0;0,2
SÃO JOSÉ DOS CAMPOS;354990405A;SP;Chacara Boa Vista;-23,087;-45,931;2018-02-01 00:40:00.0;0,2
SÃO JOSÉ DOS CAMPOS;354990405A;SP;Chacara Boa Vista;-23,087;-45,931;2018-02-01 01:00:00.0;0,2
SÃO JOSÉ DOS CAMPOS;354990405A;SP;Chacara Boa Vista;-23,087;-45,931;2018-02-01 01:10:00.0;0,0
SÃO JOSÉ DOS CAMPOS;354990405A;SP;Chacara Boa Vista;-23,087;-45,931;2018-02-01 01:20:00.0;0,2
SÃO JOSÉ DOS CAMPOS;354990405A;SP;Chacara Boa Vista;-23,087;-45,931;2018-02-01 01:30:00.0;0,2
SÃO JOSÉ DOS CAMPOS;354990405A;SP;Chacara Boa Vista;-23,087;-45,931;2018-02-01 01:50:00.0;0,2
SÃO JOSÉ DOS CAMPOS;354990405A;SP;Chacara Boa Vista;-23,087;-45,931;2018-02-01 02:00:00.0;0,2
SÃO JOSÉ DOS CAMPOS;354990405A;SP;Chacara Boa Vista;-23,087;-45,931;2018-02-01 02:10:00.0;0,0
SÃO JOSÉ DOS CAMPOS;354990405A;SP;Chacara Boa Vista;-23,087;-45,931;2018-02-01 02:20:00.0;0,2
SÃO JOSÉ DOS CAMPOS;354990405A;SP;Chacara Boa Vista;-23,087;-45,931;2018-02-01 02:40:00.0;0,2
SÃO JOSÉ DOS CAMPOS;354990405A;SP;Chacara Boa Vista;-23,087;-45,931;2018-02-01 03:00:00.0;0,2
SÃO JOSÉ DOS CAMPOS;354990405A;SP;Chacara Boa Vista;-23,087;-45,931;2018-02-01 03:10:00.0;0,0
SÃO JOSÉ DOS CAMPOS;354990405A;SP;Chacara Boa Vista;-23,087;-45,931;2018-02-01 03:20:00.0;0,2
SÃO JOSÉ DOS CAMPOS;354990405A;SP;Chacara Boa Vista;-23,087;-45,931;2018-02-01 03:30:00.0;0,2
SÃO JOSÉ DOS CAMPOS;354990405A;SP;Chacara Boa Vista;-23,087;-45,931;2018-02-01 03:50:00.0;0,2
SÃO JOSÉ DOS CAMPOS;354990405A;SP;Chacara Boa Vista;-23,087;-45,931;2018-02-01 04:10:00.0;0,2
SÃO JOSÉ DOS CAMPOS;354990405A;SP;Chacara Boa Vista;-23,087;-45,931;2018-02-01 04:30:00.0;0,2
SÃO JOSÉ DOS CAMPOS;354990405A;SP;Chacara Boa Vista;-23,087;-45,931;2018-02-01 04:50:00.0;0,2
SÃO JOSÉ DOS CAMPOS;354990405A;SP;Chacara Boa Vista;-23,087;-45,931;2018-02-01 05:10:00.0;0,2
SÃO JOSÉ DOS CAMPOS;354990405A;SP;Chacara Boa Vista;-23,087;-45,931;2018-02-01 05:30:00.0;0,2
SÃO JOSÉ DOS CAMPOS;354990405A;SP;Chacara Boa Vista;-23,087;-45,931;2018-02-01 05:50:00.0;0,2
SÃO JOSÉ DOS CAMPOS;354990405A;SP;Chacara Boa Vista;-23,087;-45,931;2018-02-01 06:00:00.0;0,2
SÃO JOSÉ DOS CAMPOS;354990405A;SP;Chacara Boa Vista;-23,087;-45,931;2018-02-01 06:20:00.0;0,2
SÃO JOSÉ DOS CAMPOS;354990405A;SP;Chacara Boa Vista;-23,087;-45,931;2018-02-01 06:40:00.0;0,2
SÃO JOSÉ DOS CAMPOS;354990405A;SP;Chacara Boa Vista;-23,087;-45,931;2018-02-01 07:00:00.0;0,2
SÃO JOSÉ DOS CAMPOS;354990405A;SP;Chacara Boa Vista;-23,087;-45,931;2018-02-01 07:10:00.0;0,0
SÃO JOSÉ DOS CAMPOS;354990405A;SP;Chacara Boa Vista;-23,087;-45,931;2018-02-01 07:20:00.0;0,2
SÃO JOSÉ DOS CAMPOS;354990405A;SP;Chacara Boa Vista;-23,087;-45,931;2018-02-01 07:40:00.0;0,2
SÃO JOSÉ DOS CAMPOS;354990405A;SP;Chacara Boa Vista;-23,087;-45,931;2018-02-01 08:00:00.0;0,2
SÃO JOSÉ DOS CAMPOS;354990405A;SP;Chacara Boa Vista;-23,087;-45,931;2018-02-01 08:10:00.0;0,0
SÃO JOSÉ DOS CAMPOS;354990405A;SP;Chacara Boa Vista;-23,087;-45,931;2018-02-01 08:20:00.0;0,2
SÃO JOSÉ DOS CAMPOS;354990405A;SP;Chacara Boa Vista;-23,087;-45,931;2018-02-01 08:50:00.0;0,2
SÃO JOSÉ DOS CAMPOS;354990405A;SP;Chacara Boa Vista;-23,087;-45,931;2018-02-01 09:10:00.0;0,2
SÃO JOSÉ DOS CAMPOS;354990405A;SP;Chacara Boa Vista;-23,087;-45,931;2018-02-01 09:30:00.0;0,2
SÃO JOSÉ DOS CAMPOS;354990405A;SP;Chacara Boa Vista;-23,087;-45,931;2018-02-01 10:00:00.0;0,2
SÃO JOSÉ DOS CAMPOS;354990405A;SP;Chacara Boa Vista;-23,087;-45,931;2018-02-01 10:10:00.0;0,0
SÃO JOSÉ DOS CAMPOS;354990405A;SP;Chacara Boa Vista;-23,087;-45,931;2018-02-01 10:20:00.0;0,2
SÃO JOSÉ DOS CAMPOS;354990405A;SP;Chacara Boa Vista;-23,087;-45,931;2018-02-01 10:40:00.0;0,2
SÃO JOSÉ DOS CAMPOS;354990405A;SP;Chacara Boa Vista;-23,087;-45,931;2018-02-01 11:00:00.0;0,2
SÃO JOSÉ DOS CAMPOS;354990405A;SP;Chacara Boa Vista;-23,087;-45,931;2018-02-01 11:20:00.0;0,0
SÃO JOSÉ DOS CAMPOS;354990405A;SP;Chacara Boa Vista;-23,087;-45,931;2018-02-01 11:30:00.0;0,2
SÃO JOSÉ DOS CAMPOS;354990405A;SP;Chacara Boa Vista;-23,087;-45,931;2018-02-01 11:50:00.0;0,2
SÃO JOSÉ DOS CAMPOS;354990405A;SP;Chacara Boa Vista;-23,087;-45,931;2018-02-01 12:10:00.0;0,2
SÃO JOSÉ DOS CAMPOS;354990405A;SP;Chacara Boa Vista;-23,087;-45,931;2018-02-01 12:40:00.0;0,2
SÃO JOSÉ DOS CAMPOS;354990405A;SP;Chacara Boa Vista;-23,087;-45,931;2018-02-01 13:00:00.0;0,2
SÃO JOSÉ DOS CAMPOS;354990405A;SP;Chacara Boa Vista;-23,087;-45,931;2018-02-01 13:10:00.0;0,0
SÃO JOSÉ DOS CAMPOS;354990405A;SP;Chacara Boa Vista;-23,087;-45,931;2018-02-01 13:40:00.0;0,2
SÃO JOSÉ DOS CAMPOS;354990405A;SP;Chacara Boa Vista;-23,087;-45,931;2018-02-01 14:10:00.0;0,0
SÃO JOSÉ DOS CAMPOS;354990405A;SP;Chacara Boa Vista;-23,087;-45,931;2018-02-01 14:20:00.0;0,2
SÃO JOSÉ DOS CAMPOS;354990405A;SP;Chacara Boa Vista;-23,087;-45,931;2018-02-01 15:10:00.0;0,0
SÃO JOSÉ DOS CAMPOS;354990405A;SP;Chacara Boa Vista;-23,087;-45,931;2018-02-01 16:10:00.0;0,0
SÃO JOSÉ DOS CAMPOS;354990405A;SP;Chacara Boa Vista;-23,087;-45,931;2018-02-01 17:10:00.0;0,0
SÃO JOSÉ DOS CAMPOS;354990405A;SP;Chacara Boa Vista;-23,087;-45,931;2018-02-01 18:10:00.0;0,0
SÃO JOSÉ DOS CAMPOS;354990405A;SP;Chacara Boa Vista;-23,087;-45,931;2018-02-01 19:10:00.0;0,0
SÃO JOSÉ DOS CAMPOS;354990405A;SP;Chacara Boa Vista;-23,087;-45,931;2018-02-01 20:10:00.0;0,0
SÃO JOSÉ DOS CAMPOS;354990405A;SP;Chacara Boa Vista;-23,087;-45,931;2018-02-01 21:10:00.0;0,0
SÃO JOSÉ DOS CAMPOS;354990405A;SP;Chacara Boa Vista;-23,087;-45,931;2018-02-01 22:10:00.0;0,0
SÃO JOSÉ DOS CAMPOS;354990405A;SP;Chacara Boa Vista;-23,087;-45,931;2018-02-01 23:10:00.0;0,0
SÃO JOSÉ DOS CAMPOS;354990405A;SP;Chacara Boa Vista;-23,087;-45,931;2018-02-02 00:10:00.0;0,0
SÃO JOSÉ DOS CAMPOS;354990405A;SP;Chacara Boa Vista;-23,087;-45,931;2018-02-02 01:10:00.0;0,0
SÃO JOSÉ DOS CAMPOS;354990405A;SP;Chacara Boa Vista;-23,087;-45,931;2018-02-02 02:10:00.0;0,0
SÃO JOSÉ DOS CAMPOS;354990405A;SP;Chacara Boa Vista;-23,087;-45,931;2018-02-02 03:10:00.0;0,0
SÃO JOSÉ DOS CAMPOS;354990405A;SP;Chacara Boa Vista;-23,087;-45,931;2018-02-02 04:10:00.0;0,0
SÃO JOSÉ DOS CAMPOS;354990405A;SP;Chacara Boa Vista;-23,087;-45,931;2018-02-02 05:10:00.0;0,0
SÃO JOSÉ DOS CAMPOS;354990405A;SP;Chacara Boa Vista;-23,087;-45,931;2018-02-02 06:10:00.0;0,0
SÃO JOSÉ DOS CAMPOS;354990405A;SP;Chacara Boa Vista;-23,087;-45,931;2018-02-02 07:10:00.0;0,0
SÃO JOSÉ DOS CAMPOS;354990405A;SP;Chacara Boa Vista;-23,087;-45,931;2018-02-02 08:10:00.0;0,0
SÃO JOSÉ DOS CAMPOS;354990405A;SP;Chacara Boa Vista;-23,087;-45,931;2018-02-02 09:10:00.0;0,0
SÃO JOSÉ DOS CAMPOS;354990405A;SP;Chacara Boa Vista;-23,087;-45,931;2018-02-02 10:10:00.0;0,0
SÃO JOSÉ DOS CAMPOS;354990405A;SP;Chacara Boa Vista;-23,087;-45,931;2018-02-02 11:10:00.0;0,0
SÃO JOSÉ DOS CAMPOS;354990405A;SP;Chacara Boa Vista;-23,087;-45,931;2018-02-02 12:10:00.0;0,0
SÃO JOSÉ DOS CAMPOS;354990405A;SP;Chacara Boa Vista;-23,087;-45,931;2018-02-02 13:10:00.0;0,0
SÃO JOSÉ DOS CAMPOS;354990405A;SP;Chacara Boa Vista;-23,087;-45,931;2018-02-02 14:10:00.0;0,0
SÃO JOSÉ DOS CAMPOS;354990405A;SP;Chacara Boa Vista;-23,087;-45,931;2018-02-02 15:10:00.0;0,0
SÃO JOSÉ DOS CAMPOS;354990405A;SP;Chacara Boa Vista;-23,087;-45,931;2018-02-02 16:10:00.0;0,0
SÃO JOSÉ DOS CAMPOS;354990405A;SP;Chacara Boa Vista;-23,087;-45,931;2018-02-02 17:10:00.0;0,0
SÃO JOSÉ DOS CAMPOS;354990405A;SP;Chacara Boa Vista;-23,087;-45,931;2018-02-02 18:10:00.0;0,0
SÃO JOSÉ DOS CAMPOS;354990405A;SP;Chacara Boa Vista;-23,087;-45,931;2018-02-02 19:10:00.0;0,0
SÃO JOSÉ DOS CAMPOS;354990405A;SP;Chacara Boa Vista;-23,087;-45,931;2018-02-02 20:10:00.0;0,0
SÃO JOSÉ DOS CAMPOS;354990405A;SP;Chacara Boa Vista;-23,087;-45,931;2018-02-02 21:10:00.0;0,2
SÃO JOSÉ DOS CAMPOS;354990405A;SP;Chacara Boa Vista;-23,087;-45,931;2018-02-02 22:10:00.0;0,0
SÃO JOSÉ DOS CAMPOS;354990405A;SP;Chacara Boa Vista;-23,087;-45,931;2018-02-02 23:10:00.0;0,0
SÃO JOSÉ DOS CAMPOS;354990405A;SP;Chacara Boa Vista;-23,087;-45,931;2018-02-03 00:10:00.0;0,0
SÃO JOSÉ DOS CAMPOS;354990405A;SP;Chacara Boa Vista;-23,087;-45,931;2018-02-03 01:10:00.0;0,0
SÃO JOSÉ DOS CAMPOS;354990405A;SP;Chacara Boa Vista;-23,087;-45,931;2018-02-03 02:10:00.0;0,0
SÃO JOSÉ DOS CAMPOS;354990405A;SP;Chacara Boa Vista;-23,087;-45,931;2018-02-03 03:10:00.0;0,0
SÃO JOSÉ DOS CAMPOS;354990405A;SP;Chacara Boa Vista;-23,087;-45,931;2018-02-03 04:10:00.0;0,0
SÃO JOSÉ DOS CAMPOS;354990405A;SP;Chacara Boa Vista;-23,087;-45,931;2018-02-03 05:10:00.0;0,0
SÃO JOSÉ DOS CAMPOS;354990405A;SP;Chacara Boa Vista;-23,087;-45,931;2018-02-03 06:10:00.0;0,0
SÃO JOSÉ DOS CAMPOS;354990405A;SP;Chacara Boa Vista;-23,087;-45,931;2018-02-03 07:10:00.0;0,0
SÃO JOSÉ DOS CAMPOS;354990405A;SP;Chacara Boa Vista;-23,087;-45,931;2018-02-03 08:10:00.0;0,0
SÃO JOSÉ DOS CAMPOS;354990405A;SP;Chacara Boa Vista;-23,087;-45,931;2018-02-03 09:10:00.0;0,0
SÃO JOSÉ DOS CAMPOS;354990405A;SP;Chacara Boa Vista;-23,087;-45,931;2018-02-03 10:10:00.0;0,0
SÃO JOSÉ DOS CAMPOS;354990405A;SP;Chacara Boa Vista;-23,087;-45,931;2018-02-03 11:10:00.0;0,0
SÃO JOSÉ DOS CAMPOS;354990405A;SP;Chacara Boa Vista;-23,087;-45,931;2018-02-03 12:10:00.0;0,0
SÃO JOSÉ DOS CAMPOS;354990405A;SP;Chacara Boa Vista;-23,087;-45,931;2018-02-03 13:10:00.0;0,0
SÃO JOSÉ DOS CAMPOS;354990405A;SP;Chacara Boa Vista;-23,087;-45,931;2018-02-03 14:10:00.0;0,0
SÃO JOSÉ DOS CAMPOS;354990405A;SP;Chacara Boa Vista;-23,087;-45,931;2018-02-03 15:10:00.0;0,0
SÃO JOSÉ DOS CAMPOS;354990405A;SP;Chacara Boa Vista;-23,087;-45,931;2018-02-03 16:10:00.0;0,0
SÃO JOSÉ DOS CAMPOS;354990405A;SP;Chacara Boa Vista;-23,087;-45,931;2018-02-03 17:10:00.0;0,0
SÃO JOSÉ DOS CAMPOS;354990405A;SP;Chacara Boa Vista;-23,087;-45,931;2018-02-03 18:10:00.0;0,0
SÃO JOSÉ DOS CAMPOS;354990405A;SP;Chacara Boa Vista;-23,087;-45,931;2018-02-03 19:10:00.0;0,0
SÃO JOSÉ DOS CAMPOS;354990405A;SP;Chacara Boa Vista;-23,087;-45,931;2018-02-03 20:10:00.0;0,0
SÃO JOSÉ DOS CAMPOS;354990405A;SP;Chacara Boa Vista;-23,087;-45,931;2018-02-03 21:10:00.0;0,0
SÃO JOSÉ DOS CAMPOS;354990405A;SP;Chacara Boa Vista;-23,087;-45,931;2018-02-03 22:10:00.0;0,0
SÃO JOSÉ DOS CAMPOS;354990405A;SP;Chacara Boa Vista;-23,087;-45,931;2018-02-03 23:10:00.0;0,0
SÃO JOSÉ DOS CAMPOS;354990405A;SP;Chacara Boa Vista;-23,087;-45,931;2018-02-04 00:10:00.0;0,0
SÃO JOSÉ DOS CAMPOS;354990405A;SP;Chacara Boa Vista;-23,087;-45,931;2018-02-04 01:10:00.0;0,0
SÃO JOSÉ DOS CAMPOS;354990405A;SP;Chacara Boa Vista;-23,087;-45,931;2018-02-04 02:10:00.0;0,0
SÃO JOSÉ DOS CAMPOS;354990405A;SP;Chacara Boa Vista;-23,087;-45,931;2018-02-04 03:10:00.0;0,0
SÃO JOSÉ DOS CAMPOS;354990405A;SP;Chacara Boa Vista;-23,087;-45,931;2018-02-04 04:10:00.0;0,0
SÃO JOSÉ DOS CAMPOS;354990405A;SP;Chacara Boa Vista;-23,087;-45,931;2018-02-04 05:10:00.0;0,0
SÃO JOSÉ DOS CAMPOS;354990405A;SP;Chacara Boa Vista;-23,087;-45,931;2018-02-04 06:10:00.0;0,0
SÃO JOSÉ DOS CAMPOS;354990405A;SP;Chacara Boa Vista;-23,087;-45,931;2018-02-04 07:10:00.0;0,0
SÃO JOSÉ DOS CAMPOS;354990405A;SP;Chacara Boa Vista;-23,087;-45,931;2018-02-04 08:10:00.0;0,0
SÃO JOSÉ DOS CAMPOS;354990405A;SP;Chacara Boa Vista;-23,087;-45,931;2018-02-04 09:10:00.0;0,0
SÃO JOSÉ DOS CAMPOS;354990405A;SP;Chacara Boa Vista;-23,087;-45,931;2018-02-04 10:10:00.0;0,0
SÃO JOSÉ DOS CAMPOS;354990405A;SP;Chacara Boa Vista;-23,087;-45,931;2018-02-04 11:10:00.0;0,0
SÃO JOSÉ DOS CAMPOS;354990405A;SP;Chacara Boa Vista;-23,087;-45,931;2018-02-04 12:10:00.0;0,0
SÃO JOSÉ DOS CAMPOS;354990405A;SP;Chacara Boa Vista;-23,087;-45,931;2018-02-04 13:10:00.0;0,0
SÃO JOSÉ DOS CAMPOS;354990405A;SP;Chacara Boa Vista;-23,087;-45,931;2018-02-04 14:10:00.0;0,0
SÃO JOSÉ DOS CAMPOS;354990405A;SP;Chacara Boa Vista;-23,087;-45,931;2018-02-04 15:10:00.0;0,0
SÃO JOSÉ DOS CAMPOS;354990405A;SP;Chacara Boa Vista;-23,087;-45,931;2018-02-04 17:10:00.0;0,0
SÃO JOSÉ DOS CAMPOS;354990405A;SP;Chacara Boa Vista;-23,087;-45,931;2018-02-04 18:10:00.0;0,0
SÃO JOSÉ DOS CAMPOS;354990405A;SP;Chacara Boa Vista;-23,087;-45,931;2018-02-04 19:10:00.0;0,0
SÃO JOSÉ DOS CAMPOS;354990405A;SP;Chacara Boa Vista;-23,087;-45,931;2018-02-04 20:10:00.0;0,0
SÃO JOSÉ DOS CAMPOS;354990405A;SP;Chacara Boa Vista;-23,087;-45,931;2018-02-04 21:10:00.0;0,0
SÃO JOSÉ DOS CAMPOS;354990405A;SP;Chacara Boa Vista;-23,087;-45,931;2018-02-04 22:10:00.0;0,0
SÃO JOSÉ DOS CAMPOS;354990405A;SP;Chacara Boa Vista;-23,087;-45,931;2018-02-04 23:10:00.0;0,0
SÃO JOSÉ DOS CAMPOS;354990405A;SP;Chacara Boa Vista;-23,087;-45,931;2018-02-05 00:10:00.0;0,0
SÃO JOSÉ DOS CAMPOS;354990405A;SP;Chacara Boa Vista;-23,087;-45,931;2018-02-05 01:10:00.0;0,0
SÃO JOSÉ DOS CAMPOS;354990405A;SP;Chacara Boa Vista;-23,087;-45,931;2018-02-05 02:10:00.0;0,0
SÃO JOSÉ DOS CAMPOS;354990405A;SP;Chacara Boa Vista;-23,087;-45,931;2018-02-05 03:10:00.0;0,0
SÃO JOSÉ DOS CAMPOS;354990405A;SP;Chacara Boa Vista;-23,087;-45,931;2018-02-05 04:10:00.0;0,0
SÃO JOSÉ DOS CAMPOS;354990405A;SP;Chacara Boa Vista;-23,087;-45,931;2018-02-05 05:10:00.0;0,0
SÃO JOSÉ DOS CAMPOS;354990405A;SP;Chacara Boa Vista;-23,087;-45,931;2018-02-05 06:10:00.0;0,0
SÃO JOSÉ DOS CAMPOS;354990405A;SP;Chacara Boa Vista;-23,087;-45,931;2018-02-05 07:10:00.0;0,0
SÃO JOSÉ DOS CAMPOS;354990405A;SP;Chacara Boa Vista;-23,087;-45,931;2018-02-05 08:10:00.0;0,0
SÃO JOSÉ DOS CAMPOS;354990405A;SP;Chacara Boa Vista;-23,087;-45,931;2018-02-05 09:10:00.0;0,0
SÃO JOSÉ DOS CAMPOS;354990405A;SP;Chacara Boa Vista;-23,087;-45,931;2018-02-05 10:10:00.0;0,0
SÃO JOSÉ DOS CAMPOS;354990405A;SP;Chacara Boa Vista;-23,087;-45,931;2018-02-05 11:10:00.0;0,0
SÃO JOSÉ DOS CAMPOS;354990405A;SP;Chacara Boa Vista;-23,087;-45,931;2018-02-05 12:10:00.0;0,0
SÃO JOSÉ DOS CAMPOS;354990405A;SP;Chacara Boa Vista;-23,087;-45,931;2018-02-05 13:10:00.0;0,0
SÃO JOSÉ DOS CAMPOS;354990405A;SP;Chacara Boa Vista;-23,087;-45,931;2018-02-05 14:10:00.0;0,0
SÃO JOSÉ DOS CAMPOS;354990405A;SP;Chacara Boa Vista;-23,087;-45,931;2018-02-05 15:10:00.0;0,0
SÃO JOSÉ DOS CAMPOS;354990405A;SP;Chacara Boa Vista;-23,087;-45,931;2018-02-05 16:10:00.0;0,0
SÃO JOSÉ DOS CAMPOS;354990405A;SP;Chacara Boa Vista;-23,087;-45,931;2018-02-05 17:10:00.0;0,0
SÃO JOSÉ DOS CAMPOS;354990405A;SP;Chacara Boa Vista;-23,087;-45,931;2018-02-05 18:10:00.0;0,0
SÃO JOSÉ DOS CAMPOS;354990405A;SP;Chacara Boa Vista;-23,087;-45,931;2018-02-05 19:10:00.0;0,0
SÃO JOSÉ DOS CAMPOS;354990405A;SP;Chacara Boa Vista;-23,087;-45,931;2018-02-05 20:10:00.0;0,0
SÃO JOSÉ DOS CAMPOS;354990405A;SP;Chacara Boa Vista;-23,087;-45,931;2018-02-05 21:10:00.0;0,0
SÃO JOSÉ DOS CAMPOS;354990405A;SP;Chacara Boa Vista;-23,087;-45,931;2018-02-05 22:00:00.0;0,2
SÃO JOSÉ DOS CAMPOS;354990405A;SP;Chacara Boa Vista;-23,087;-45,931;2018-02-05 22:10:00.0;0,2
SÃO JOSÉ DOS CAMPOS;354990405A;SP;Chacara Boa Vista;-23,087;-45,931;2018-02-05 23:10:00.0;0,0
SÃO JOSÉ DOS CAMPOS;354990405A;SP;Chacara Boa Vista;-23,087;-45,931;2018-02-06 00:10:00.0;0,0
SÃO JOSÉ DOS CAMPOS;354990405A;SP;Chacara Boa Vista;-23,087;-45,931;2018-02-06 01:10:00.0;0,0
SÃO JOSÉ DOS CAMPOS;354990405A;SP;Chacara Boa Vista;-23,087;-45,931;2018-02-06 02:10:00.0;0,0
SÃO JOSÉ DOS CAMPOS;354990405A;SP;Chacara Boa Vista;-23,087;-45,931;2018-02-06 03:10:00.0;0,0
SÃO JOSÉ DOS CAMPOS;354990405A;SP;Chacara Boa Vista;-23,087;-45,931;2018-02-06 04:10:00.0;0,0
SÃO JOSÉ DOS CAMPOS;354990405A;SP;Chacara Boa Vista;-23,087;-45,931;2018-02-06 05:10:00.0;0,0
SÃO JOSÉ DOS CAMPOS;354990405A;SP;Chacara Boa Vista;-23,087;-45,931;2018-02-06 06:10:00.0;0,0
SÃO JOSÉ DOS CAMPOS;354990405A;SP;Chacara Boa Vista;-23,087;-45,931;2018-02-06 07:10:00.0;0,0
SÃO JOSÉ DOS CAMPOS;354990405A;SP;Chacara Boa Vista;-23,087;-45,931;2018-02-06 08:10:00.0;0,0
SÃO JOSÉ DOS CAMPOS;354990405A;SP;Chacara Boa Vista;-23,087;-45,931;2018-02-06 09:10:00.0;0,0
SÃO JOSÉ DOS CAMPOS;354990405A;SP;Chacara Boa Vista;-23,087;-45,931;2018-02-06 10:10:00.0;0,0
SÃO JOSÉ DOS CAMPOS;354990405A;SP;Chacara Boa Vista;-23,087;-45,931;2018-02-06 11:10:00.0;0,0
SÃO JOSÉ DOS CAMPOS;354990405A;SP;Chacara Boa Vista;-23,087;-45,931;2018-02-06 12:10:00.0;0,0
SÃO JOSÉ DOS CAMPOS;354990405A;SP;Chacara Boa Vista;-23,087;-45,931;2018-02-06 13:10:00.0;0,0
SÃO JOSÉ DOS CAMPOS;354990405A;SP;Chacara Boa Vista;-23,087;-45,931;2018-02-06 14:10:00.0;0,0
SÃO JOSÉ DOS CAMPOS;354990405A;SP;Chacara Boa Vista;-23,087;-45,931;2018-02-06 15:10:00.0;0,0
SÃO JOSÉ DOS CAMPOS;354990405A;SP;Chacara Boa Vista;-23,087;-45,931;2018-02-06 16:10:00.0;0,0
SÃO JOSÉ DOS CAMPOS;354990405A;SP;Chacara Boa Vista;-23,087;-45,931;2018-02-06 17:10:00.0;0,0
SÃO JOSÉ DOS CAMPOS;354990405A;SP;Chacara Boa Vista;-23,087;-45,931;2018-02-06 18:10:00.0;0,0
SÃO JOSÉ DOS CAMPOS;354990405A;SP;Chacara Boa Vista;-23,087;-45,931;2018-02-06 19:10:00.0;0,0
SÃO JOSÉ DOS CAMPOS;354990405A;SP;Chacara Boa Vista;-23,087;-45,931;2018-02-06 20:00:00.0;0,79
SÃO JOSÉ DOS CAMPOS;354990405A;SP;Chacara Boa Vista;-23,087;-45,931;2018-02-06 20:10:00.0;0,79
SÃO JOSÉ DOS CAMPOS;354990405A;SP;Chacara Boa Vista;-23,087;-45,931;2018-02-06 20:20:00.0;0,2
SÃO JOSÉ DOS CAMPOS;354990405A;SP;Chacara Boa Vista;-23,087;-45,931;2018-02-06 20:30:00.0;0,39
SÃO JOSÉ DOS CAMPOS;354990405A;SP;Chacara Boa Vista;-23,087;-45,931;2018-02-06 20:50:00.0;0,2
SÃO JOSÉ DOS CAMPOS;354990405A;SP;Chacara Boa Vista;-23,087;-45,931;2018-02-06 21:10:00.0;0,0
SÃO JOSÉ DOS CAMPOS;354990405A;SP;Chacara Boa Vista;-23,087;-45,931;2018-02-06 22:00:00.0;0,2
SÃO JOSÉ DOS CAMPOS;354990405A;SP;Chacara Boa Vista;-23,087;-45,931;2018-02-06 22:10:00.0;0,0
SÃO JOSÉ DOS CAMPOS;354990405A;SP;Chacara Boa Vista;-23,087;-45,931;2018-02-06 23:10:00.0;0,0
SÃO JOSÉ DOS CAMPOS;354990405A;SP;Chacara Boa Vista;-23,087;-45,931;2018-02-07 00:10:00.0;0,0
SÃO JOSÉ DOS CAMPOS;354990405A;SP;Chacara Boa Vista;-23,087;-45,931;2018-02-07 01:10:00.0;0,0
SÃO JOSÉ DOS CAMPOS;354990405A;SP;Chacara Boa Vista;-23,087;-45,931;2018-02-07 02:10:00.0;0,0
SÃO JOSÉ DOS CAMPOS;354990405A;SP;Chacara Boa Vista;-23,087;-45,931;2018-02-07 03:10:00.0;0,0
SÃO JOSÉ DOS CAMPOS;354990405A;SP;Chacara Boa Vista;-23,087;-45,931;2018-02-07 04:10:00.0;0,0
SÃO JOSÉ DOS CAMPOS;354990405A;SP;Chacara Boa Vista;-23,087;-45,931;2018-02-07 05:10:00.0;0,0
SÃO JOSÉ DOS CAMPOS;354990405A;SP;Chacara Boa Vista;-23,087;-45,931;2018-02-07 06:10:00.0;0,0
SÃO JOSÉ DOS CAMPOS;354990405A;SP;Chacara Boa Vista;-23,087;-45,931;2018-02-07 07:10:00.0;0,0
SÃO JOSÉ DOS CAMPOS;354990405A;SP;Chacara Boa Vista;-23,087;-45,931;2018-02-07 08:10:00.0;0,0
SÃO JOSÉ DOS CAMPOS;354990405A;SP;Chacara Boa Vista;-23,087;-45,931;2018-02-07 09:10:00.0;0,0
SÃO JOSÉ DOS CAMPOS;354990405A;SP;Chacara Boa Vista;-23,087;-45,931;2018-02-07 10:10:00.0;0,0
SÃO JOSÉ DOS CAMPOS;354990405A;SP;Chacara Boa Vista;-23,087;-45,931;2018-02-07 11:10:00.0;0,0
SÃO JOSÉ DOS CAMPOS;354990405A;SP;Chacara Boa Vista;-23,087;-45,931;2018-02-07 12:10:00.0;0,0
SÃO JOSÉ DOS CAMPOS;354990405A;SP;Chacara Boa Vista;-23,087;-45,931;2018-02-07 13:10:00.0;0,0
SÃO JOSÉ DOS CAMPOS;354990405A;SP;Chacara Boa Vista;-23,087;-45,931;2018-02-07 14:10:00.0;0,0
SÃO JOSÉ DOS CAMPOS;354990405A;SP;Chacara Boa Vista;-23,087;-45,931;2018-02-07 15:10:00.0;0,0
SÃO JOSÉ DOS CAMPOS;354990405A;SP;Chacara Boa Vista;-23,087;-45,931;2018-02-07 16:10:00.0;0,0
SÃO JOSÉ DOS CAMPOS;354990405A;SP;Chacara Boa Vista;-23,087;-45,931;2018-02-07 17:10:00.0;0,0
SÃO JOSÉ DOS CAMPOS;354990405A;SP;Chacara Boa Vista;-23,087;-45,931;2018-02-07 18:10:00.0;0,0
SÃO JOSÉ DOS CAMPOS;354990405A;SP;Chacara Boa Vista;-23,087;-45,931;2018-02-07 19:10:00.0;0,0
SÃO JOSÉ DOS CAMPOS;354990405A;SP;Chacara Boa Vista;-23,087;-45,931;2018-02-07 20:10:00.0;0,0
SÃO JOSÉ DOS CAMPOS;354990405A;SP;Chacara Boa Vista;-23,087;-45,931;2018-02-07 21:10:00.0;0,0
SÃO JOSÉ DOS CAMPOS;354990405A;SP;Chacara Boa Vista;-23,087;-45,931;2018-02-07 22:10:00.0;0,0
SÃO JOSÉ DOS CAMPOS;354990405A;SP;Chacara Boa Vista;-23,087;-45,931;2018-02-07 23:10:00.0;0,0
SÃO JOSÉ DOS CAMPOS;354990405A;SP;Chacara Boa Vista;-23,087;-45,931;2018-02-08 00:10:00.0;0,0
SÃO JOSÉ DOS CAMPOS;354990405A;SP;Chacara Boa Vista;-23,087;-45,931;2018-02-08 01:10:00.0;0,0
SÃO JOSÉ DOS CAMPOS;354990405A;SP;Chacara Boa Vista;-23,087;-45,931;2018-02-08 02:10:00.0;0,0
SÃO JOSÉ DOS CAMPOS;354990405A;SP;Chacara Boa Vista;-23,087;-45,931;2018-02-08 03:10:00.0;0,0
SÃO JOSÉ DOS CAMPOS;354990405A;SP;Chacara Boa Vista;-23,087;-45,931;2018-02-08 04:10:00.0;0,0
SÃO JOSÉ DOS CAMPOS;354990405A;SP;Chacara Boa Vista;-23,087;-45,931;2018-02-08 05:10:00.0;0,0
SÃO JOSÉ DOS CAMPOS;354990405A;SP;Chacara Boa Vista;-23,087;-45,931;2018-02-08 06:10:00.0;0,0
SÃO JOSÉ DOS CAMPOS;354990405A;SP;Chacara Boa Vista;-23,087;-45,931;2018-02-08 07:10:00.0;0,0
SÃO JOSÉ DOS CAMPOS;354990405A;SP;Chacara Boa Vista;-23,087;-45,931;2018-02-08 08:10:00.0;0,0
SÃO JOSÉ DOS CAMPOS;354990405A;SP;Chacara Boa Vista;-23,087;-45,931;2018-02-08 09:10:00.0;0,0
SÃO JOSÉ DOS CAMPOS;354990405A;SP;Chacara Boa Vista;-23,087;-45,931;2018-02-08 10:10:00.0;0,0
SÃO JOSÉ DOS CAMPOS;354990405A;SP;Chacara Boa Vista;-23,087;-45,931;2018-02-08 11:10:00.0;0,0
SÃO JOSÉ DOS CAMPOS;354990405A;SP;Chacara Boa Vista;-23,087;-45,931;2018-02-08 12:10:00.0;0,0
SÃO JOSÉ DOS CAMPOS;354990405A;SP;Chacara Boa Vista;-23,087;-45,931;2018-02-08 13:10:00.0;0,0
SÃO JOSÉ DOS CAMPOS;354990405A;SP;Chacara Boa Vista;-23,087;-45,931;2018-02-08 14:10:00.0;0,0
SÃO JOSÉ DOS CAMPOS;354990405A;SP;Chacara Boa Vista;-23,087;-45,931;2018-02-08 15:10:00.0;0,0
SÃO JOSÉ DOS CAMPOS;354990405A;SP;Chacara Boa Vista;-23,087;-45,931;2018-02-08 16:10:00.0;0,0
SÃO JOSÉ DOS CAMPOS;354990405A;SP;Chacara Boa Vista;-23,087;-45,931;2018-02-08 17:10:00.0;0,0
SÃO JOSÉ DOS CAMPOS;354990405A;SP;Chacara Boa Vista;-23,087;-45,931;2018-02-08 18:10:00.0;0,0
SÃO JOSÉ DOS CAMPOS;354990405A;SP;Chacara Boa Vista;-23,087;-45,931;2018-02-08 19:10:00.0;0,0
SÃO JOSÉ DOS CAMPOS;354990405A;SP;Chacara Boa Vista;-23,087;-45,931;2018-02-08 20:10:00.0;0,0
SÃO JOSÉ DOS CAMPOS;354990405A;SP;Chacara Boa Vista;-23,087;-45,931;2018-02-08 21:10:00.0;0,0
SÃO JOSÉ DOS CAMPOS;354990405A;SP;Chacara Boa Vista;-23,087;-45,931;2018-02-08 22:10:00.0;0,0
SÃO JOSÉ DOS CAMPOS;354990405A;SP;Chacara Boa Vista;-23,087;-45,931;2018-02-08 23:10:00.0;0,0
SÃO JOSÉ DOS CAMPOS;354990405A;SP;Chacara Boa Vista;-23,087;-45,931;2018-02-09 00:10:00.0;0,0
SÃO JOSÉ DOS CAMPOS;354990405A;SP;Chacara Boa Vista;-23,087;-45,931;2018-02-09 01:10:00.0;0,0
SÃO JOSÉ DOS CAMPOS;354990405A;SP;Chacara Boa Vista;-23,087;-45,931;2018-02-09 02:10:00.0;0,0
SÃO JOSÉ DOS CAMPOS;354990405A;SP;Chacara Boa Vista;-23,087;-45,931;2018-02-09 03:10:00.0;0,0
SÃO JOSÉ DOS CAMPOS;354990405A;SP;Chacara Boa Vista;-23,087;-45,931;2018-02-09 04:10:00.0;0,0
SÃO JOSÉ DOS CAMPOS;354990405A;SP;Chacara Boa Vista;-23,087;-45,931;2018-02-09 05:10:00.0;0,0
SÃO JOSÉ DOS CAMPOS;354990405A;SP;Chacara Boa Vista;-23,087;-45,931;2018-02-09 06:10:00.0;0,0
SÃO JOSÉ DOS CAMPOS;354990405A;SP;Chacara Boa Vista;-23,087;-45,931;2018-02-09 07:10:00.0;0,0
SÃO JOSÉ DOS CAMPOS;354990405A;SP;Chacara Boa Vista;-23,087;-45,931;2018-02-09 08:10:00.0;0,0
SÃO JOSÉ DOS CAMPOS;354990405A;SP;Chacara Boa Vista;-23,087;-45,931;2018-02-09 09:10:00.0;0,0
SÃO JOSÉ DOS CAMPOS;354990405A;SP;Chacara Boa Vista;-23,087;-45,931;2018-02-09 10:10:00.0;0,0
SÃO JOSÉ DOS CAMPOS;354990405A;SP;Chacara Boa Vista;-23,087;-45,931;2018-02-09 11:10:00.0;0,0
SÃO JOSÉ DOS CAMPOS;354990405A;SP;Chacara Boa Vista;-23,087;-45,931;2018-02-09 12:10:00.0;0,0
SÃO JOSÉ DOS CAMPOS;354990405A;SP;Chacara Boa Vista;-23,087;-45,931;2018-02-09 13:10:00.0;0,0
SÃO JOSÉ DOS CAMPOS;354990405A;SP;Chacara Boa Vista;-23,087;-45,931;2018-02-09 14:10:00.0;0,0
SÃO JOSÉ DOS CAMPOS;354990405A;SP;Chacara Boa Vista;-23,087;-45,931;2018-02-09 15:10:00.0;0,0
SÃO JOSÉ DOS CAMPOS;354990405A;SP;Chacara Boa Vista;-23,087;-45,931;2018-02-09 16:10:00.0;0,0
SÃO JOSÉ DOS CAMPOS;354990405A;SP;Chacara Boa Vista;-23,087;-45,931;2018-02-09 17:10:00.0;0,0
SÃO JOSÉ DOS CAMPOS;354990405A;SP;Chacara Boa Vista;-23,087;-45,931;2018-02-09 18:10:00.0;0,0
SÃO JOSÉ DOS CAMPOS;354990405A;SP;Chacara Boa Vista;-23,087;-45,931;2018-02-09 19:10:00.0;0,0
SÃO JOSÉ DOS CAMPOS;354990405A;SP;Chacara Boa Vista;-23,087;-45,931;2018-02-09 20:10:00.0;0,0
SÃO JOSÉ DOS CAMPOS;354990405A;SP;Chacara Boa Vista;-23,087;-45,931;2018-02-09 21:10:00.0;0,0
SÃO JOSÉ DOS CAMPOS;354990405A;SP;Chacara Boa Vista;-23,087;-45,931;2018-02-09 22:10:00.0;0,0
SÃO JOSÉ DOS CAMPOS;354990405A;SP;Chacara Boa Vista;-23,087;-45,931;2018-02-09 23:10:00.0;0,0
SÃO JOSÉ DOS CAMPOS;354990405A;SP;Chacara Boa Vista;-23,087;-45,931;2018-02-10 00:10:00.0;0,0
SÃO JOSÉ DOS CAMPOS;354990405A;SP;Chacara Boa Vista;-23,087;-45,931;2018-02-10 01:10:00.0;0,0
SÃO JOSÉ DOS CAMPOS;354990405A;SP;Chacara Boa Vista;-23,087;-45,931;2018-02-10 02:10:00.0;0,0
SÃO JOSÉ DOS CAMPOS;354990405A;SP;Chacara Boa Vista;-23,087;-45,931;2018-02-10 03:10:00.0;0,0
SÃO JOSÉ DOS CAMPOS;354990405A;SP;Chacara Boa Vista;-23,087;-45,931;2018-02-10 04:10:00.0;0,0
SÃO JOSÉ DOS CAMPOS;354990405A;SP;Chacara Boa Vista;-23,087;-45,931;2018-02-10 05:10:00.0;0,0
SÃO JOSÉ DOS CAMPOS;354990405A;SP;Chacara Boa Vista;-23,087;-45,931;2018-02-10 06:10:00.0;0,0
SÃO JOSÉ DOS CAMPOS;354990405A;SP;Chacara Boa Vista;-23,087;-45,931;2018-02-10 07:10:00.0;0,0
SÃO JOSÉ DOS CAMPOS;354990405A;SP;Chacara Boa Vista;-23,087;-45,931;2018-02-10 08:10:00.0;0,0
SÃO JOSÉ DOS CAMPOS;354990405A;SP;Chacara Boa Vista;-23,087;-45,931;2018-02-10 09:10:00.0;0,0
SÃO JOSÉ DOS CAMPOS;354990405A;SP;Chacara Boa Vista;-23,087;-45,931;2018-02-10 10:10:00.0;0,0
SÃO JOSÉ DOS CAMPOS;354990405A;SP;Chacara Boa Vista;-23,087;-45,931;2018-02-10 11:10:00.0;0,0
SÃO JOSÉ DOS CAMPOS;354990405A;SP;Chacara Boa Vista;-23,087;-45,931;2018-02-10 12:10:00.0;0,0
SÃO JOSÉ DOS CAMPOS;354990405A;SP;Chacara Boa Vista;-23,087;-45,931;2018-02-10 13:10:00.0;0,0
SÃO JOSÉ DOS CAMPOS;354990405A;SP;Chacara Boa Vista;-23,087;-45,931;2018-02-10 14:10:00.0;0,0
SÃO JOSÉ DOS CAMPOS;354990405A;SP;Chacara Boa Vista;-23,087;-45,931;2018-02-10 15:10:00.0;0,0
SÃO JOSÉ DOS CAMPOS;354990405A;SP;Chacara Boa Vista;-23,087;-45,931;2018-02-10 15:50:00.0;0,39
SÃO JOSÉ DOS CAMPOS;354990405A;SP;Chacara Boa Vista;-23,087;-45,931;2018-02-10 16:00:00.0;2,16
SÃO JOSÉ DOS CAMPOS;354990405A;SP;Chacara Boa Vista;-23,087;-45,931;2018-02-10 16:10:00.0;1,18
SÃO JOSÉ DOS CAMPOS;354990405A;SP;Chacara Boa Vista;-23,087;-45,931;2018-02-10 16:20:00.0;0,98
SÃO JOSÉ DOS CAMPOS;354990405A;SP;Chacara Boa Vista;-23,087;-45,931;2018-02-10 16:30:00.0;0,59
SÃO JOSÉ DOS CAMPOS;354990405A;SP;Chacara Boa Vista;-23,087;-45,931;2018-02-10 16:40:00.0;0,59
SÃO JOSÉ DOS CAMPOS;354990405A;SP;Chacara Boa Vista;-23,087;-45,931;2018-02-10 16:50:00.0;0,59
SÃO JOSÉ DOS CAMPOS;354990405A;SP;Chacara Boa Vista;-23,087;-45,931;2018-02-10 17:00:00.0;0,39
SÃO JOSÉ DOS CAMPOS;354990405A;SP;Chacara Boa Vista;-23,087;-45,931;2018-02-10 17:10:00.0;0,59
SÃO JOSÉ DOS CAMPOS;354990405A;SP;Chacara Boa Vista;-23,087;-45,931;2018-02-10 17:20:00.0;0,39
SÃO JOSÉ DOS CAMPOS;354990405A;SP;Chacara Boa Vista;-23,087;-45,931;2018-02-10 17:30:00.0;0,59
SÃO JOSÉ DOS CAMPOS;354990405A;SP;Chacara Boa Vista;-23,087;-45,931;2018-02-10 17:40:00.0;0,39
SÃO JOSÉ DOS CAMPOS;354990405A;SP;Chacara Boa Vista;-23,087;-45,931;2018-02-10 17:50:00.0;0,39
SÃO JOSÉ DOS CAMPOS;354990405A;SP;Chacara Boa Vista;-23,087;-45,931;2018-02-10 18:00:00.0;0,39
SÃO JOSÉ DOS CAMPOS;354990405A;SP;Chacara Boa Vista;-23,087;-45,931;2018-02-10 18:10:00.0;0,59
SÃO JOSÉ DOS CAMPOS;354990405A;SP;Chacara Boa Vista;-23,087;-45,931;2018-02-10 18:20:00.0;0,39
SÃO JOSÉ DOS CAMPOS;354990405A;SP;Chacara Boa Vista;-23,087;-45,931;2018-02-10 18:30:00.0;0,2
SÃO JOSÉ DOS CAMPOS;354990405A;SP;Chacara Boa Vista;-23,087;-45,931;2018-02-10 18:40:00.0;0,39
SÃO JOSÉ DOS CAMPOS;354990405A;SP;Chacara Boa Vista;-23,087;-45,931;2018-02-10 18:50:00.0;0,39
SÃO JOSÉ DOS CAMPOS;354990405A;SP;Chacara Boa Vista;-23,087;-45,931;2018-02-10 19:00:00.0;0,2
SÃO JOSÉ DOS CAMPOS;354990405A;SP;Chacara Boa Vista;-23,087;-45,931;2018-02-10 19:10:00.0;0,39
SÃO JOSÉ DOS CAMPOS;354990405A;SP;Chacara Boa Vista;-23,087;-45,931;2018-02-10 19:20:00.0;0,39
SÃO JOSÉ DOS CAMPOS;354990405A;SP;Chacara Boa Vista;-23,087;-45,931;2018-02-10 19:30:00.0;0,2
SÃO JOSÉ DOS CAMPOS;354990405A;SP;Chacara Boa Vista;-23,087;-45,931;2018-02-10 19:40:00.0;0,2
SÃO JOSÉ DOS CAMPOS;354990405A;SP;Chacara Boa Vista;-23,087;-45,931;2018-02-10 19:50:00.0;0,39
SÃO JOSÉ DOS CAMPOS;354990405A;SP;Chacara Boa Vista;-23,087;-45,931;2018-02-10 20:00:00.0;0,2
SÃO JOSÉ DOS CAMPOS;354990405A;SP;Chacara Boa Vista;-23,087;-45,931;2018-02-10 20:10:00.0;0,2
SÃO JOSÉ DOS CAMPOS;354990405A;SP;Chacara Boa Vista;-23,087;-45,931;2018-02-10 20:20:00.0;0,2
SÃO JOSÉ DOS CAMPOS;354990405A;SP;Chacara Boa Vista;-23,087;-45,931;2018-02-10 20:30:00.0;0,2
SÃO JOSÉ DOS CAMPOS;354990405A;SP;Chacara Boa Vista;-23,087;-45,931;2018-02-10 20:40:00.0;0,2
SÃO JOSÉ DOS CAMPOS;354990405A;SP;Chacara Boa Vista;-23,087;-45,931;2018-02-10 21:10:00.0;0,0
SÃO JOSÉ DOS CAMPOS;354990405A;SP;Chacara Boa Vista;-23,087;-45,931;2018-02-10 21:20:00.0;0,2
SÃO JOSÉ DOS CAMPOS;354990405A;SP;Chacara Boa Vista;-23,087;-45,931;2018-02-10 21:50:00.0;0,2
SÃO JOSÉ DOS CAMPOS;354990405A;SP;Chacara Boa Vista;-23,087;-45,931;2018-02-10 22:10:00.0;0,0
SÃO JOSÉ DOS CAMPOS;354990405A;SP;Chacara Boa Vista;-23,087;-45,931;2018-02-10 23:10:00.0;0,0
SÃO JOSÉ DOS CAMPOS;354990405A;SP;Chacara Boa Vista;-23,087;-45,931;2018-02-11 00:10:00.0;0,0
SÃO JOSÉ DOS CAMPOS;354990405A;SP;Chacara Boa Vista;-23,087;-45,931;2018-02-11 01:10:00.0;0,0
SÃO JOSÉ DOS CAMPOS;354990405A;SP;Chacara Boa Vista;-23,087;-45,931;2018-02-11 02:10:00.0;0,0
SÃO JOSÉ DOS CAMPOS;354990405A;SP;Chacara Boa Vista;-23,087;-45,931;2018-02-11 03:10:00.0;0,0
SÃO JOSÉ DOS CAMPOS;354990405A;SP;Chacara Boa Vista;-23,087;-45,931;2018-02-11 03:30:00.0;0,2
SÃO JOSÉ DOS CAMPOS;354990405A;SP;Chacara Boa Vista;-23,087;-45,931;2018-02-11 04:10:00.0;0,0
SÃO JOSÉ DOS CAMPOS;354990405A;SP;Chacara Boa Vista;-23,087;-45,931;2018-02-11 05:10:00.0;0,0
SÃO JOSÉ DOS CAMPOS;354990405A;SP;Chacara Boa Vista;-23,087;-45,931;2018-02-11 06:10:00.0;0,0
SÃO JOSÉ DOS CAMPOS;354990405A;SP;Chacara Boa Vista;-23,087;-45,931;2018-02-11 07:10:00.0;0,0
SÃO JOSÉ DOS CAMPOS;354990405A;SP;Chacara Boa Vista;-23,087;-45,931;2018-02-11 08:10:00.0;0,0
SÃO JOSÉ DOS CAMPOS;354990405A;SP;Chacara Boa Vista;-23,087;-45,931;2018-02-11 09:10:00.0;0,0
SÃO JOSÉ DOS CAMPOS;354990405A;SP;Chacara Boa Vista;-23,087;-45,931;2018-02-11 10:10:00.0;0,0
SÃO JOSÉ DOS CAMPOS;354990405A;SP;Chacara Boa Vista;-23,087;-45,931;2018-02-11 11:10:00.0;0,0
SÃO JOSÉ DOS CAMPOS;354990405A;SP;Chacara Boa Vista;-23,087;-45,931;2018-02-11 12:10:00.0;0,0
SÃO JOSÉ DOS CAMPOS;354990405A;SP;Chacara Boa Vista;-23,087;-45,931;2018-02-11 13:10:00.0;0,0
SÃO JOSÉ DOS CAMPOS;354990405A;SP;Chacara Boa Vista;-23,087;-45,931;2018-02-11 14:10:00.0;0,0
SÃO JOSÉ DOS CAMPOS;354990405A;SP;Chacara Boa Vista;-23,087;-45,931;2018-02-11 15:10:00.0;0,0
SÃO JOSÉ DOS CAMPOS;354990405A;SP;Chacara Boa Vista;-23,087;-45,931;2018-02-11 16:10:00.0;0,0
SÃO JOSÉ DOS CAMPOS;354990405A;SP;Chacara Boa Vista;-23,087;-45,931;2018-02-11 17:10:00.0;0,0
SÃO JOSÉ DOS CAMPOS;354990405A;SP;Chacara Boa Vista;-23,087;-45,931;2018-02-11 17:40:00.0;0,2
SÃO JOSÉ DOS CAMPOS;354990405A;SP;Chacara Boa Vista;-23,087;-45,931;2018-02-11 18:10:00.0;0,0
SÃO JOSÉ DOS CAMPOS;354990405A;SP;Chacara Boa Vista;-23,087;-45,931;2018-02-11 19:10:00.0;0,0
SÃO JOSÉ DOS CAMPOS;354990405A;SP;Chacara Boa Vista;-23,087;-45,931;2018-02-11 19:30:00.0;0,2
SÃO JOSÉ DOS CAMPOS;354990405A;SP;Chacara Boa Vista;-23,087;-45,931;2018-02-11 20:00:00.0;0,2
SÃO JOSÉ DOS CAMPOS;354990405A;SP;Chacara Boa Vista;-23,087;-45,931;2018-02-11 20:10:00.0;0,0
SÃO JOSÉ DOS CAMPOS;354990405A;SP;Chacara Boa Vista;-23,087;-45,931;2018-02-11 21:10:00.0;0,0
SÃO JOSÉ DOS CAMPOS;354990405A;SP;Chacara Boa Vista;-23,087;-45,931;2018-02-11 21:20:00.0;0,2
SÃO JOSÉ DOS CAMPOS;354990405A;SP;Chacara Boa Vista;-23,087;-45,931;2018-02-11 22:10:00.0;0,0
SÃO JOSÉ DOS CAMPOS;354990405A;SP;Chacara Boa Vista;-23,087;-45,931;2018-02-11 23:10:00.0;0,0
SÃO JOSÉ DOS CAMPOS;354990405A;SP;Chacara Boa Vista;-23,087;-45,931;2018-02-12 00:10:00.0;0,0
SÃO JOSÉ DOS CAMPOS;354990405A;SP;Chacara Boa Vista;-23,087;-45,931;2018-02-12 01:10:00.0;0,0
SÃO JOSÉ DOS CAMPOS;354990405A;SP;Chacara Boa Vista;-23,087;-45,931;2018-02-12 02:10:00.0;0,0
SÃO JOSÉ DOS CAMPOS;354990405A;SP;Chacara Boa Vista;-23,087;-45,931;2018-02-12 03:10:00.0;0,0
SÃO JOSÉ DOS CAMPOS;354990405A;SP;Chacara Boa Vista;-23,087;-45,931;2018-02-12 04:10:00.0;0,0
SÃO JOSÉ DOS CAMPOS;354990405A;SP;Chacara Boa Vista;-23,087;-45,931;2018-02-12 05:10:00.0;0,0
SÃO JOSÉ DOS CAMPOS;354990405A;SP;Chacara Boa Vista;-23,087;-45,931;2018-02-12 06:10:00.0;0,0
SÃO JOSÉ DOS CAMPOS;354990405A;SP;Chacara Boa Vista;-23,087;-45,931;2018-02-12 07:10:00.0;0,0
SÃO JOSÉ DOS CAMPOS;354990405A;SP;Chacara Boa Vista;-23,087;-45,931;2018-02-12 08:10:00.0;0,0
SÃO JOSÉ DOS CAMPOS;354990405A;SP;Chacara Boa Vista;-23,087;-45,931;2018-02-12 09:10:00.0;0,0
SÃO JOSÉ DOS CAMPOS;354990405A;SP;Chacara Boa Vista;-23,087;-45,931;2018-02-12 10:10:00.0;0,0
SÃO JOSÉ DOS CAMPOS;354990405A;SP;Chacara Boa Vista;-23,087;-45,931;2018-02-12 11:10:00.0;0,0
SÃO JOSÉ DOS CAMPOS;354990405A;SP;Chacara Boa Vista;-23,087;-45,931;2018-02-12 12:10:00.0;0,0
SÃO JOSÉ DOS CAMPOS;354990405A;SP;Chacara Boa Vista;-23,087;-45,931;2018-02-12 13:10:00.0;0,0
SÃO JOSÉ DOS CAMPOS;354990405A;SP;Chacara Boa Vista;-23,087;-45,931;2018-02-12 14:10:00.0;0,0
SÃO JOSÉ DOS CAMPOS;354990405A;SP;Chacara Boa Vista;-23,087;-45,931;2018-02-12 15:10:00.0;0,0
SÃO JOSÉ DOS CAMPOS;354990405A;SP;Chacara Boa Vista;-23,087;-45,931;2018-02-12 16:10:00.0;0,0
SÃO JOSÉ DOS CAMPOS;354990405A;SP;Chacara Boa Vista;-23,087;-45,931;2018-02-12 17:10:00.0;0,0
SÃO JOSÉ DOS CAMPOS;354990405A;SP;Chacara Boa Vista;-23,087;-45,931;2018-02-12 18:10:00.0;0,0
SÃO JOSÉ DOS CAMPOS;354990405A;SP;Chacara Boa Vista;-23,087;-45,931;2018-02-12 19:10:00.0;0,0
SÃO JOSÉ DOS CAMPOS;354990405A;SP;Chacara Boa Vista;-23,087;-45,931;2018-02-12 20:10:00.0;0,39
SÃO JOSÉ DOS CAMPOS;354990405A;SP;Chacara Boa Vista;-23,087;-45,931;2018-02-12 20:20:00.0;0,39
SÃO JOSÉ DOS CAMPOS;354990405A;SP;Chacara Boa Vista;-23,087;-45,931;2018-02-12 20:30:00.0;0,2
SÃO JOSÉ DOS CAMPOS;354990405A;SP;Chacara Boa Vista;-23,087;-45,931;2018-02-12 20:40:00.0;0,2
SÃO JOSÉ DOS CAMPOS;354990405A;SP;Chacara Boa Vista;-23,087;-45,931;2018-02-12 20:50:00.0;0,2
SÃO JOSÉ DOS CAMPOS;354990405A;SP;Chacara Boa Vista;-23,087;-45,931;2018-02-12 21:10:00.0;0,2
SÃO JOSÉ DOS CAMPOS;354990405A;SP;Chacara Boa Vista;-23,087;-45,931;2018-02-12 21:30:00.0;0,2
SÃO JOSÉ DOS CAMPOS;354990405A;SP;Chacara Boa Vista;-23,087;-45,931;2018-02-12 21:50:00.0;0,2
SÃO JOSÉ DOS CAMPOS;354990405A;SP;Chacara Boa Vista;-23,087;-45,931;2018-02-12 22:10:00.0;0,0
SÃO JOSÉ DOS CAMPOS;354990405A;SP;Chacara Boa Vista;-23,087;-45,931;2018-02-12 22:20:00.0;0,2
SÃO JOSÉ DOS CAMPOS;354990405A;SP;Chacara Boa Vista;-23,087;-45,931;2018-02-12 22:50:00.0;0,2
SÃO JOSÉ DOS CAMPOS;354990405A;SP;Chacara Boa Vista;-23,087;-45,931;2018-02-12 23:10:00.0;0,0
SÃO JOSÉ DOS CAMPOS;354990405A;SP;Chacara Boa Vista;-23,087;-45,931;2018-02-12 23:20:00.0;0,2
SÃO JOSÉ DOS CAMPOS;354990405A;SP;Chacara Boa Vista;-23,087;-45,931;2018-02-12 23:50:00.0;0,2
SÃO JOSÉ DOS CAMPOS;354990405A;SP;Chacara Boa Vista;-23,087;-45,931;2018-02-13 00:10:00.0;0,0
SÃO JOSÉ DOS CAMPOS;354990405A;SP;Chacara Boa Vista;-23,087;-45,931;2018-02-13 00:20:00.0;0,2
SÃO JOSÉ DOS CAMPOS;354990405A;SP;Chacara Boa Vista;-23,087;-45,931;2018-02-13 00:50:00.0;0,2
SÃO JOSÉ DOS CAMPOS;354990405A;SP;Chacara Boa Vista;-23,087;-45,931;2018-02-13 01:10:00.0;0,0
SÃO JOSÉ DOS CAMPOS;354990405A;SP;Chacara Boa Vista;-23,087;-45,931;2018-02-13 01:20:00.0;0,2
SÃO JOSÉ DOS CAMPOS;354990405A;SP;Chacara Boa Vista;-23,087;-45,931;2018-02-13 01:40:00.0;0,2
SÃO JOSÉ DOS CAMPOS;354990405A;SP;Chacara Boa Vista;-23,087;-45,931;2018-02-13 02:10:00.0;0,2
SÃO JOSÉ DOS CAMPOS;354990405A;SP;Chacara Boa Vista;-23,087;-45,931;2018-02-13 02:40:00.0;0,2
SÃO JOSÉ DOS CAMPOS;354990405A;SP;Chacara Boa Vista;-23,087;-45,931;2018-02-13 03:00:00.0;0,2
SÃO JOSÉ DOS CAMPOS;354990405A;SP;Chacara Boa Vista;-23,087;-45,931;2018-02-13 03:10:00.0;0,0
SÃO JOSÉ DOS CAMPOS;354990405A;SP;Chacara Boa Vista;-23,087;-45,931;2018-02-13 03:30:00.0;0,2
SÃO JOSÉ DOS CAMPOS;354990405A;SP;Chacara Boa Vista;-23,087;-45,931;2018-02-13 04:00:00.0;0,2
SÃO JOSÉ DOS CAMPOS;354990405A;SP;Chacara Boa Vista;-23,087;-45,931;2018-02-13 04:20:00.0;0,2
SÃO JOSÉ DOS CAMPOS;354990405A;SP;Chacara Boa Vista;-23,087;-45,931;2018-02-13 04:40:00.0;0,2
SÃO JOSÉ DOS CAMPOS;354990405A;SP;Chacara Boa Vista;-23,087;-45,931;2018-02-13 05:10:00.0;0,2
SÃO JOSÉ DOS CAMPOS;354990405A;SP;Chacara Boa Vista;-23,087;-45,931;2018-02-13 05:40:00.0;0,2
SÃO JOSÉ DOS CAMPOS;354990405A;SP;Chacara Boa Vista;-23,087;-45,931;2018-02-13 06:10:00.0;0,2
SÃO JOSÉ DOS CAMPOS;354990405A;SP;Chacara Boa Vista;-23,087;-45,931;2018-02-13 06:30:00.0;0,2
SÃO JOSÉ DOS CAMPOS;354990405A;SP;Chacara Boa Vista;-23,087;-45,931;2018-02-13 07:00:00.0;0,2
SÃO JOSÉ DOS CAMPOS;354990405A;SP;Chacara Boa Vista;-23,087;-45,931;2018-02-13 07:10:00.0;0,0
SÃO JOSÉ DOS CAMPOS;354990405A;SP;Chacara Boa Vista;-23,087;-45,931;2018-02-13 07:30:00.0;0,2
SÃO JOSÉ DOS CAMPOS;354990405A;SP;Chacara Boa Vista;-23,087;-45,931;2018-02-13 07:50:00.0;0,2
SÃO JOSÉ DOS CAMPOS;354990405A;SP;Chacara Boa Vista;-23,087;-45,931;2018-02-13 08:20:00.0;0,2
SÃO JOSÉ DOS CAMPOS;354990405A;SP;Chacara Boa Vista;-23,087;-45,931;2018-02-13 08:50:00.0;0,2
SÃO JOSÉ DOS CAMPOS;354990405A;SP;Chacara Boa Vista;-23,087;-45,931;2018-02-13 09:10:00.0;0,0
SÃO JOSÉ DOS CAMPOS;354990405A;SP;Chacara Boa Vista;-23,087;-45,931;2018-02-13 09:20:00.0;0,2
SÃO JOSÉ DOS CAMPOS;354990405A;SP;Chacara Boa Vista;-23,087;-45,931;2018-02-13 09:50:00.0;0,2
SÃO JOSÉ DOS CAMPOS;354990405A;SP;Chacara Boa Vista;-23,087;-45,931;2018-02-13 10:10:00.0;0,2
SÃO JOSÉ DOS CAMPOS;354990405A;SP;Chacara Boa Vista;-23,087;-45,931;2018-02-13 10:40:00.0;0,2
SÃO JOSÉ DOS CAMPOS;354990405A;SP;Chacara Boa Vista;-23,087;-45,931;2018-02-13 11:10:00.0;0,2
SÃO JOSÉ DOS CAMPOS;354990405A;SP;Chacara Boa Vista;-23,087;-45,931;2018-02-13 11:40:00.0;0,2
SÃO JOSÉ DOS CAMPOS;354990405A;SP;Chacara Boa Vista;-23,087;-45,931;2018-02-13 12:10:00.0;0,2
SÃO JOSÉ DOS CAMPOS;354990405A;SP;Chacara Boa Vista;-23,087;-45,931;2018-02-13 12:20:00.0;0,0
SÃO JOSÉ DOS CAMPOS;354990405A;SP;Chacara Boa Vista;-23,087;-45,931;2018-02-13 12:30:00.0;0,2
SÃO JOSÉ DOS CAMPOS;354990405A;SP;Chacara Boa Vista;-23,087;-45,931;2018-02-13 13:00:00.0;0,2
SÃO JOSÉ DOS CAMPOS;354990405A;SP;Chacara Boa Vista;-23,087;-45,931;2018-02-13 13:10:00.0;0,0
SÃO JOSÉ DOS CAMPOS;354990405A;SP;Chacara Boa Vista;-23,087;-45,931;2018-02-13 13:30:00.0;0,2
SÃO JOSÉ DOS CAMPOS;354990405A;SP;Chacara Boa Vista;-23,087;-45,931;2018-02-13 13:50:00.0;0,2
SÃO JOSÉ DOS CAMPOS;354990405A;SP;Chacara Boa Vista;-23,087;-45,931;2018-02-13 14:10:00.0;0,2
SÃO JOSÉ DOS CAMPOS;354990405A;SP;Chacara Boa Vista;-23,087;-45,931;2018-02-13 14:30:00.0;0,2
SÃO JOSÉ DOS CAMPOS;354990405A;SP;Chacara Boa Vista;-23,087;-45,931;2018-02-13 14:50:00.0;0,2
SÃO JOSÉ DOS CAMPOS;354990405A;SP;Chacara Boa Vista;-23,087;-45,931;2018-02-13 15:00:00.0;0,2
SÃO JOSÉ DOS CAMPOS;354990405A;SP;Chacara Boa Vista;-23,087;-45,931;2018-02-13 15:10:00.0;0,0
SÃO JOSÉ DOS CAMPOS;354990405A;SP;Chacara Boa Vista;-23,087;-45,931;2018-02-13 15:20:00.0;0,2
SÃO JOSÉ DOS CAMPOS;354990405A;SP;Chacara Boa Vista;-23,087;-45,931;2018-02-13 15:40:00.0;0,2
SÃO JOSÉ DOS CAMPOS;354990405A;SP;Chacara Boa Vista;-23,087;-45,931;2018-02-13 16:00:00.0;0,2
SÃO JOSÉ DOS CAMPOS;354990405A;SP;Chacara Boa Vista;-23,087;-45,931;2018-02-13 16:10:00.0;0,0
SÃO JOSÉ DOS CAMPOS;354990405A;SP;Chacara Boa Vista;-23,087;-45,931;2018-02-13 16:20:00.0;0,2
SÃO JOSÉ DOS CAMPOS;354990405A;SP;Chacara Boa Vista;-23,087;-45,931;2018-02-13 16:50:00.0;0,2
SÃO JOSÉ DOS CAMPOS;354990405A;SP;Chacara Boa Vista;-23,087;-45,931;2018-02-13 17:10:00.0;0,0
SÃO JOSÉ DOS CAMPOS;354990405A;SP;Chacara Boa Vista;-23,087;-45,931;2018-02-13 17:20:00.0;0,2
SÃO JOSÉ DOS CAMPOS;354990405A;SP;Chacara Boa Vista;-23,087;-45,931;2018-02-13 17:50:00.0;0,2
SÃO JOSÉ DOS CAMPOS;354990405A;SP;Chacara Boa Vista;-23,087;-45,931;2018-02-13 18:00:00.0;0,2
SÃO JOSÉ DOS CAMPOS;354990405A;SP;Chacara Boa Vista;-23,087;-45,931;2018-02-13 18:10:00.0;0,0
SÃO JOSÉ DOS CAMPOS;354990405A;SP;Chacara Boa Vista;-23,087;-45,931;2018-02-13 18:20:00.0;0,2
SÃO JOSÉ DOS CAMPOS;354990405A;SP;Chacara Boa Vista;-23,087;-45,931;2018-02-13 18:30:00.0;0,2
SÃO JOSÉ DOS CAMPOS;354990405A;SP;Chacara Boa Vista;-23,087;-45,931;2018-02-13 18:40:00.0;0,2
SÃO JOSÉ DOS CAMPOS;354990405A;SP;Chacara Boa Vista;-23,087;-45,931;2018-02-13 19:00:00.0;0,2
SÃO JOSÉ DOS CAMPOS;354990405A;SP;Chacara Boa Vista;-23,087;-45,931;2018-02-13 19:10:00.0;0,2
SÃO JOSÉ DOS CAMPOS;354990405A;SP;Chacara Boa Vista;-23,087;-45,931;2018-02-13 19:30:00.0;0,2
SÃO JOSÉ DOS CAMPOS;354990405A;SP;Chacara Boa Vista;-23,087;-45,931;2018-02-13 19:40:00.0;0,2
SÃO JOSÉ DOS CAMPOS;354990405A;SP;Chacara Boa Vista;-23,087;-45,931;2018-02-13 19:50:00.0;0,2
SÃO JOSÉ DOS CAMPOS;354990405A;SP;Chacara Boa Vista;-23,087;-45,931;2018-02-13 20:10:00.0;0,2
SÃO JOSÉ DOS CAMPOS;354990405A;SP;Chacara Boa Vista;-23,087;-45,931;2018-02-13 20:20:00.0;0,2
SÃO JOSÉ DOS CAMPOS;354990405A;SP;Chacara Boa Vista;-23,087;-45,931;2018-02-13 20:40:00.0;0,2
SÃO JOSÉ DOS CAMPOS;354990405A;SP;Chacara Boa Vista;-23,087;-45,931;2018-02-13 20:50:00.0;0,2
SÃO JOSÉ DOS CAMPOS;354990405A;SP;Chacara Boa Vista;-23,087;-45,931;2018-02-13 21:00:00.0;0,2
SÃO JOSÉ DOS CAMPOS;354990405A;SP;Chacara Boa Vista;-23,087;-45,931;2018-02-13 21:20:00.0;0,2
SÃO JOSÉ DOS CAMPOS;354990405A;SP;Chacara Boa Vista;-23,087;-45,931;2018-02-13 21:30:00.0;0,2
SÃO JOSÉ DOS CAMPOS;354990405A;SP;Chacara Boa Vista;-23,087;-45,931;2018-02-13 21:50:00.0;0,2
SÃO JOSÉ DOS CAMPOS;354990405A;SP;Chacara Boa Vista;-23,087;-45,931;2018-02-13 22:00:00.0;0,2
SÃO JOSÉ DOS CAMPOS;354990405A;SP;Chacara Boa Vista;-23,087;-45,931;2018-02-13 22:10:00.0;0,2
SÃO JOSÉ DOS CAMPOS;354990405A;SP;Chacara Boa Vista;-23,087;-45,931;2018-02-13 22:30:00.0;0,2
SÃO JOSÉ DOS CAMPOS;354990405A;SP;Chacara Boa Vista;-23,087;-45,931;2018-02-13 22:40:00.0;0,2
SÃO JOSÉ DOS CAMPOS;354990405A;SP;Chacara Boa Vista;-23,087;-45,931;2018-02-13 22:50:00.0;0,2
SÃO JOSÉ DOS CAMPOS;354990405A;SP;Chacara Boa Vista;-23,087;-45,931;2018-02-13 23:10:00.0;0,2
SÃO JOSÉ DOS CAMPOS;354990405A;SP;Chacara Boa Vista;-23,087;-45,931;2018-02-13 23:20:00.0;0,2
SÃO JOSÉ DOS CAMPOS;354990405A;SP;Chacara Boa Vista;-23,087;-45,931;2018-02-13 23:50:00.0;0,2
SÃO JOSÉ DOS CAMPOS;354990405A;SP;Chacara Boa Vista;-23,087;-45,931;2018-02-14 00:10:00.0;0,0
SÃO JOSÉ DOS CAMPOS;354990405A;SP;Chacara Boa Vista;-23,087;-45,931;2018-02-14 00:20:00.0;0,2
SÃO JOSÉ DOS CAMPOS;354990405A;SP;Chacara Boa Vista;-23,087;-45,931;2018-02-14 00:40:00.0;0,2
SÃO JOSÉ DOS CAMPOS;354990405A;SP;Chacara Boa Vista;-23,087;-45,931;2018-02-14 01:00:00.0;0,2
SÃO JOSÉ DOS CAMPOS;354990405A;SP;Chacara Boa Vista;-23,087;-45,931;2018-02-14 01:10:00.0;0,0
SÃO JOSÉ DOS CAMPOS;354990405A;SP;Chacara Boa Vista;-23,087;-45,931;2018-02-14 01:20:00.0;0,2
SÃO JOSÉ DOS CAMPOS;354990405A;SP;Chacara Boa Vista;-23,087;-45,931;2018-02-14 01:40:00.0;0,2
SÃO JOSÉ DOS CAMPOS;354990405A;SP;Chacara Boa Vista;-23,087;-45,931;2018-02-14 02:10:00.0;0,2
SÃO JOSÉ DOS CAMPOS;354990405A;SP;Chacara Boa Vista;-23,087;-45,931;2018-02-14 02:30:00.0;0,2
SÃO JOSÉ DOS CAMPOS;354990405A;SP;Chacara Boa Vista;-23,087;-45,931;2018-02-14 03:00:00.0;0,2
SÃO JOSÉ DOS CAMPOS;354990405A;SP;Chacara Boa Vista;-23,087;-45,931;2018-02-14 03:10:00.0;0,0
SÃO JOSÉ DOS CAMPOS;354990405A;SP;Chacara Boa Vista;-23,087;-45,931;2018-02-14 03:20:00.0;0,2
SÃO JOSÉ DOS CAMPOS;354990405A;SP;Chacara Boa Vista;-23,087;-45,931;2018-02-14 03:40:00.0;0,2
SÃO JOSÉ DOS CAMPOS;354990405A;SP;Chacara Boa Vista;-23,087;-45,931;2018-02-14 04:10:00.0;0,2
SÃO JOSÉ DOS CAMPOS;354990405A;SP;Chacara Boa Vista;-23,087;-45,931;2018-02-14 04:20:00.0;0,2
SÃO JOSÉ DOS CAMPOS;354990405A;SP;Chacara Boa Vista;-23,087;-45,931;2018-02-14 04:30:00.0;0,2
SÃO JOSÉ DOS CAMPOS;354990405A;SP;Chacara Boa Vista;-23,087;-45,931;2018-02-14 04:50:00.0;0,2
SÃO JOSÉ DOS CAMPOS;354990405A;SP;Chacara Boa Vista;-23,087;-45,931;2018-02-14 05:00:00.0;0,2
SÃO JOSÉ DOS CAMPOS;354990405A;SP;Chacara Boa Vista;-23,087;-45,931;2018-02-14 05:10:00.0;0,2
SÃO JOSÉ DOS CAMPOS;354990405A;SP;Chacara Boa Vista;-23,087;-45,931;2018-02-14 05:20:00.0;0,2
SÃO JOSÉ DOS CAMPOS;354990405A;SP;Chacara Boa Vista;-23,087;-45,931;2018-02-14 05:30:00.0;0,2
SÃO JOSÉ DOS CAMPOS;354990405A;SP;Chacara Boa Vista;-23,087;-45,931;2018-02-14 05:40:00.0;0,2
SÃO JOSÉ DOS CAMPOS;354990405A;SP;Chacara Boa Vista;-23,087;-45,931;2018-02-14 05:50:00.0;0,2
SÃO JOSÉ DOS CAMPOS;354990405A;SP;Chacara Boa Vista;-23,087;-45,931;2018-02-14 06:10:00.0;0,2
SÃO JOSÉ DOS CAMPOS;354990405A;SP;Chacara Boa Vista;-23,087;-45,931;2018-02-14 06:20:00.0;0,2
SÃO JOSÉ DOS CAMPOS;354990405A;SP;Chacara Boa Vista;-23,087;-45,931;2018-02-14 06:30:00.0;0,2
SÃO JOSÉ DOS CAMPOS;354990405A;SP;Chacara Boa Vista;-23,087;-45,931;2018-02-14 06:40:00.0;0,2
SÃO JOSÉ DOS CAMPOS;354990405A;SP;Chacara Boa Vista;-23,087;-45,931;2018-02-14 06:50:00.0;0,2
SÃO JOSÉ DOS CAMPOS;354990405A;SP;Chacara Boa Vista;-23,087;-45,931;2018-02-14 07:00:00.0;0,2
SÃO JOSÉ DOS CAMPOS;354990405A;SP;Chacara Boa Vista;-23,087;-45,931;2018-02-14 07:10:00.0;0,2
SÃO JOSÉ DOS CAMPOS;354990405A;SP;Chacara Boa Vista;-23,087;-45,931;2018-02-14 07:20:00.0;0,2
SÃO JOSÉ DOS CAMPOS;354990405A;SP;Chacara Boa Vista;-23,087;-45,931;2018-02-14 07:30:00.0;0,2
SÃO JOSÉ DOS CAMPOS;354990405A;SP;Chacara Boa Vista;-23,087;-45,931;2018-02-14 07:40:00.0;0,39
SÃO JOSÉ DOS CAMPOS;354990405A;SP;Chacara Boa Vista;-23,087;-45,931;2018-02-14 07:50:00.0;0,2
SÃO JOSÉ DOS CAMPOS;354990405A;SP;Chacara Boa Vista;-23,087;-45,931;2018-02-14 08:00:00.0;0,2
SÃO JOSÉ DOS CAMPOS;354990405A;SP;Chacara Boa Vista;-23,087;-45,931;2018-02-14 08:10:00.0;0,2
SÃO JOSÉ DOS CAMPOS;354990405A;SP;Chacara Boa Vista;-23,087;-45,931;2018-02-14 08:20:00.0;0,2
SÃO JOSÉ DOS CAMPOS;354990405A;SP;Chacara Boa Vista;-23,087;-45,931;2018-02-14 08:30:00.0;0,2
SÃO JOSÉ DOS CAMPOS;354990405A;SP;Chacara Boa Vista;-23,087;-45,931;2018-02-14 08:40:00.0;0,2
SÃO JOSÉ DOS CAMPOS;354990405A;SP;Chacara Boa Vista;-23,087;-45,931;2018-02-14 08:50:00.0;0,2
SÃO JOSÉ DOS CAMPOS;354990405A;SP;Chacara Boa Vista;-23,087;-45,931;2018-02-14 09:00:00.0;0,2
SÃO JOSÉ DOS CAMPOS;354990405A;SP;Chacara Boa Vista;-23,087;-45,931;2018-02-14 09:10:00.0;0,2
SÃO JOSÉ DOS CAMPOS;354990405A;SP;Chacara Boa Vista;-23,087;-45,931;2018-02-14 09:20:00.0;0,2
SÃO JOSÉ DOS CAMPOS;354990405A;SP;Chacara Boa Vista;-23,087;-45,931;2018-02-14 09:30:00.0;0,2
SÃO JOSÉ DOS CAMPOS;354990405A;SP;Chacara Boa Vista;-23,087;-45,931;2018-02-14 09:40:00.0;0,2
SÃO JOSÉ DOS CAMPOS;354990405A;SP;Chacara Boa Vista;-23,087;-45,931;2018-02-14 09:50:00.0;0,2
SÃO JOSÉ DOS CAMPOS;354990405A;SP;Chacara Boa Vista;-23,087;-45,931;2018-02-14 10:00:00.0;0,2
SÃO JOSÉ DOS CAMPOS;354990405A;SP;Chacara Boa Vista;-23,087;-45,931;2018-02-14 10:10:00.0;0,2
SÃO JOSÉ DOS CAMPOS;354990405A;SP;Chacara Boa Vista;-23,087;-45,931;2018-02-14 10:20:00.0;0,2
SÃO JOSÉ DOS CAMPOS;354990405A;SP;Chacara Boa Vista;-23,087;-45,931;2018-02-14 10:30:00.0;0,2
SÃO JOSÉ DOS CAMPOS;354990405A;SP;Chacara Boa Vista;-23,087;-45,931;2018-02-14 10:40:00.0;0,2
SÃO JOSÉ DOS CAMPOS;354990405A;SP;Chacara Boa Vista;-23,087;-45,931;2018-02-14 10:50:00.0;0,2
SÃO JOSÉ DOS CAMPOS;354990405A;SP;Chacara Boa Vista;-23,087;-45,931;2018-02-14 11:00:00.0;0,2
SÃO JOSÉ DOS CAMPOS;354990405A;SP;Chacara Boa Vista;-23,087;-45,931;2018-02-14 11:10:00.0;0,2
SÃO JOSÉ DOS CAMPOS;354990405A;SP;Chacara Boa Vista;-23,087;-45,931;2018-02-14 11:20:00.0;0,2
SÃO JOSÉ DOS CAMPOS;354990405A;SP;Chacara Boa Vista;-23,087;-45,931;2018-02-14 11:30:00.0;0,2
SÃO JOSÉ DOS CAMPOS;354990405A;SP;Chacara Boa Vista;-23,087;-45,931;2018-02-14 11:40:00.0;0,2
SÃO JOSÉ DOS CAMPOS;354990405A;SP;Chacara Boa Vista;-23,087;-45,931;2018-02-14 11:50:00.0;0,2
SÃO JOSÉ DOS CAMPOS;354990405A;SP;Chacara Boa Vista;-23,087;-45,931;2018-02-14 12:00:00.0;0,2
SÃO JOSÉ DOS CAMPOS;354990405A;SP;Chacara Boa Vista;-23,087;-45,931;2018-02-14 12:10:00.0;0,2
SÃO JOSÉ DOS CAMPOS;354990405A;SP;Chacara Boa Vista;-23,087;-45,931;2018-02-14 12:20:00.0;0,2
SÃO JOSÉ DOS CAMPOS;354990405A;SP;Chacara Boa Vista;-23,087;-45,931;2018-02-14 12:30:00.0;0,2
SÃO JOSÉ DOS CAMPOS;354990405A;SP;Chacara Boa Vista;-23,087;-45,931;2018-02-14 12:40:00.0;0,2
SÃO JOSÉ DOS CAMPOS;354990405A;SP;Chacara Boa Vista;-23,087;-45,931;2018-02-14 12:50:00.0;0,2
SÃO JOSÉ DOS CAMPOS;354990405A;SP;Chacara Boa Vista;-23,087;-45,931;2018-02-14 13:00:00.0;0,2
SÃO JOSÉ DOS CAMPOS;354990405A;SP;Chacara Boa Vista;-23,087;-45,931;2018-02-14 13:10:00.0;0,2
SÃO JOSÉ DOS CAMPOS;354990405A;SP;Chacara Boa Vista;-23,087;-45,931;2018-02-14 13:20:00.0;0,2
SÃO JOSÉ DOS CAMPOS;354990405A;SP;Chacara Boa Vista;-23,087;-45,931;2018-02-14 13:30:00.0;0,2
SÃO JOSÉ DOS CAMPOS;354990405A;SP;Chacara Boa Vista;-23,087;-45,931;2018-02-14 13:40:00.0;0,2
SÃO JOSÉ DOS CAMPOS;354990405A;SP;Chacara Boa Vista;-23,087;-45,931;2018-02-14 13:50:00.0;0,2
SÃO JOSÉ DOS CAMPOS;354990405A;SP;Chacara Boa Vista;-23,087;-45,931;2018-02-14 14:00:00.0;0,2
SÃO JOSÉ DOS CAMPOS;354990405A;SP;Chacara Boa Vista;-23,087;-45,931;2018-02-14 14:10:00.0;0,2
SÃO JOSÉ DOS CAMPOS;354990405A;SP;Chacara Boa Vista;-23,087;-45,931;2018-02-14 14:20:00.0;0,2
SÃO JOSÉ DOS CAMPOS;354990405A;SP;Chacara Boa Vista;-23,087;-45,931;2018-02-14 14:30:00.0;0,2
SÃO JOSÉ DOS CAMPOS;354990405A;SP;Chacara Boa Vista;-23,087;-45,931;2018-02-14 14:40:00.0;0,2
SÃO JOSÉ DOS CAMPOS;354990405A;SP;Chacara Boa Vista;-23,087;-45,931;2018-02-14 14:50:00.0;0,2
SÃO JOSÉ DOS CAMPOS;354990405A;SP;Chacara Boa Vista;-23,087;-45,931;2018-02-14 15:00:00.0;0,2
SÃO JOSÉ DOS CAMPOS;354990405A;SP;Chacara Boa Vista;-23,087;-45,931;2018-02-14 15:10:00.0;0,2
SÃO JOSÉ DOS CAMPOS;354990405A;SP;Chacara Boa Vista;-23,087;-45,931;2018-02-14 15:20:00.0;0,2
SÃO JOSÉ DOS CAMPOS;354990405A;SP;Chacara Boa Vista;-23,087;-45,931;2018-02-14 15:30:00.0;0,2
SÃO JOSÉ DOS CAMPOS;354990405A;SP;Chacara Boa Vista;-23,087;-45,931;2018-02-14 15:40:00.0;0,2
SÃO JOSÉ DOS CAMPOS;354990405A;SP;Chacara Boa Vista;-23,087;-45,931;2018-02-14 15:50:00.0;0,2
SÃO JOSÉ DOS CAMPOS;354990405A;SP;Chacara Boa Vista;-23,087;-45,931;2018-02-14 16:00:00.0;0,2
SÃO JOSÉ DOS CAMPOS;354990405A;SP;Chacara Boa Vista;-23,087;-45,931;2018-02-14 16:10:00.0;0,2
SÃO JOSÉ DOS CAMPOS;354990405A;SP;Chacara Boa Vista;-23,087;-45,931;2018-02-14 16:30:00.0;0,2
SÃO JOSÉ DOS CAMPOS;354990405A;SP;Chacara Boa Vista;-23,087;-45,931;2018-02-14 16:40:00.0;0,2
SÃO JOSÉ DOS CAMPOS;354990405A;SP;Chacara Boa Vista;-23,087;-45,931;2018-02-14 16:50:00.0;0,2
SÃO JOSÉ DOS CAMPOS;354990405A;SP;Chacara Boa Vista;-23,087;-45,931;2018-02-14 17:00:00.0;0,2
SÃO JOSÉ DOS CAMPOS;354990405A;SP;Chacara Boa Vista;-23,087;-45,931;2018-02-14 17:10:00.0;0,2
SÃO JOSÉ DOS CAMPOS;354990405A;SP;Chacara Boa Vista;-23,087;-45,931;2018-02-14 17:20:00.0;0,2
SÃO JOSÉ DOS CAMPOS;354990405A;SP;Chacara Boa Vista;-23,087;-45,931;2018-02-14 17:40:00.0;0,2
SÃO JOSÉ DOS CAMPOS;354990405A;SP;Chacara Boa Vista;-23,087;-45,931;2018-02-14 17:50:00.0;0,2
SÃO JOSÉ DOS CAMPOS;354990405A;SP;Chacara Boa Vista;-23,087;-45,931;2018-02-14 18:00:00.0;0,2
SÃO JOSÉ DOS CAMPOS;354990405A;SP;Chacara Boa Vista;-23,087;-45,931;2018-02-14 18:10:00.0;0,2
SÃO JOSÉ DOS CAMPOS;354990405A;SP;Chacara Boa Vista;-23,087;-45,931;2018-02-14 18:30:00.0;0,2
SÃO JOSÉ DOS CAMPOS;354990405A;SP;Chacara Boa Vista;-23,087;-45,931;2018-02-14 18:40:00.0;0,2
SÃO JOSÉ DOS CAMPOS;354990405A;SP;Chacara Boa Vista;-23,087;-45,931;2018-02-14 18:50:00.0;0,2
SÃO JOSÉ DOS CAMPOS;354990405A;SP;Chacara Boa Vista;-23,087;-45,931;2018-02-14 19:00:00.0;0,2
SÃO JOSÉ DOS CAMPOS;354990405A;SP;Chacara Boa Vista;-23,087;-45,931;2018-02-14 19:20:00.0;0,2
SÃO JOSÉ DOS CAMPOS;354990405A;SP;Chacara Boa Vista;-23,087;-45,931;2018-02-14 19:30:00.0;0,2
SÃO JOSÉ DOS CAMPOS;354990405A;SP;Chacara Boa Vista;-23,087;-45,931;2018-02-14 19:40:00.0;0,2
SÃO JOSÉ DOS CAMPOS;354990405A;SP;Chacara Boa Vista;-23,087;-45,931;2018-02-14 19:50:00.0;0,2
SÃO JOSÉ DOS CAMPOS;354990405A;SP;Chacara Boa Vista;-23,087;-45,931;2018-02-14 20:10:00.0;0,2
SÃO JOSÉ DOS CAMPOS;354990405A;SP;Chacara Boa Vista;-23,087;-45,931;2018-02-14 20:20:00.0;0,2
SÃO JOSÉ DOS CAMPOS;354990405A;SP;Chacara Boa Vista;-23,087;-45,931;2018-02-14 20:30:00.0;0,2
SÃO JOSÉ DOS CAMPOS;354990405A;SP;Chacara Boa Vista;-23,087;-45,931;2018-02-14 20:50:00.0;0,2
SÃO JOSÉ DOS CAMPOS;354990405A;SP;Chacara Boa Vista;-23,087;-45,931;2018-02-14 21:00:00.0;0,2
SÃO JOSÉ DOS CAMPOS;354990405A;SP;Chacara Boa Vista;-23,087;-45,931;2018-02-14 21:10:00.0;0,2
SÃO JOSÉ DOS CAMPOS;354990405A;SP;Chacara Boa Vista;-23,087;-45,931;2018-02-14 21:30:00.0;0,2
SÃO JOSÉ DOS CAMPOS;354990405A;SP;Chacara Boa Vista;-23,087;-45,931;2018-02-14 21:40:00.0;0,2
SÃO JOSÉ DOS CAMPOS;354990405A;SP;Chacara Boa Vista;-23,087;-45,931;2018-02-14 22:00:00.0;0,2
SÃO JOSÉ DOS CAMPOS;354990405A;SP;Chacara Boa Vista;-23,087;-45,931;2018-02-14 22:10:00.0;0,2
SÃO JOSÉ DOS CAMPOS;354990405A;SP;Chacara Boa Vista;-23,087;-45,931;2018-02-14 22:30:00.0;0,2
SÃO JOSÉ DOS CAMPOS;354990405A;SP;Chacara Boa Vista;-23,087;-45,931;2018-02-14 22:40:00.0;0,2
SÃO JOSÉ DOS CAMPOS;354990405A;SP;Chacara Boa Vista;-23,087;-45,931;2018-02-14 23:00:00.0;0,2
SÃO JOSÉ DOS CAMPOS;354990405A;SP;Chacara Boa Vista;-23,087;-45,931;2018-02-14 23:10:00.0;0,0
SÃO JOSÉ DOS CAMPOS;354990405A;SP;Chacara Boa Vista;-23,087;-45,931;2018-02-14 23:20:00.0;0,2
SÃO JOSÉ DOS CAMPOS;354990405A;SP;Chacara Boa Vista;-23,087;-45,931;2018-02-14 23:30:00.0;0,2
SÃO JOSÉ DOS CAMPOS;354990405A;SP;Chacara Boa Vista;-23,087;-45,931;2018-02-14 23:50:00.0;0,2
SÃO JOSÉ DOS CAMPOS;354990405A;SP;Chacara Boa Vista;-23,087;-45,931;2018-02-15 00:10:00.0;0,2
SÃO JOSÉ DOS CAMPOS;354990405A;SP;Chacara Boa Vista;-23,087;-45,931;2018-02-15 00:30:00.0;0,2
SÃO JOSÉ DOS CAMPOS;354990405A;SP;Chacara Boa Vista;-23,087;-45,931;2018-02-15 00:50:00.0;0,2
SÃO JOSÉ DOS CAMPOS;354990405A;SP;Chacara Boa Vista;-23,087;-45,931;2018-02-15 01:10:00.0;0,0
SÃO JOSÉ DOS CAMPOS;354990405A;SP;Chacara Boa Vista;-23,087;-45,931;2018-02-15 01:20:00.0;0,2
SÃO JOSÉ DOS CAMPOS;354990405A;SP;Chacara Boa Vista;-23,087;-45,931;2018-02-15 01:40:00.0;0,2
SÃO JOSÉ DOS CAMPOS;354990405A;SP;Chacara Boa Vista;-23,087;-45,931;2018-02-15 02:00:00.0;0,2
SÃO JOSÉ DOS CAMPOS;354990405A;SP;Chacara Boa Vista;-23,087;-45,931;2018-02-15 02:10:00.0;0,0
SÃO JOSÉ DOS CAMPOS;354990405A;SP;Chacara Boa Vista;-23,087;-45,931;2018-02-15 02:20:00.0;0,2
SÃO JOSÉ DOS CAMPOS;354990405A;SP;Chacara Boa Vista;-23,087;-45,931;2018-02-15 02:40:00.0;0,2
SÃO JOSÉ DOS CAMPOS;354990405A;SP;Chacara Boa Vista;-23,087;-45,931;2018-02-15 03:10:00.0;0,2
SÃO JOSÉ DOS CAMPOS;354990405A;SP;Chacara Boa Vista;-23,087;-45,931;2018-02-15 03:20:00.0;0,0
SÃO JOSÉ DOS CAMPOS;354990405A;SP;Chacara Boa Vista;-23,087;-45,931;2018-02-15 03:30:00.0;0,2
SÃO JOSÉ DOS CAMPOS;354990405A;SP;Chacara Boa Vista;-23,087;-45,931;2018-02-15 03:50:00.0;0,2
SÃO JOSÉ DOS CAMPOS;354990405A;SP;Chacara Boa Vista;-23,087;-45,931;2018-02-15 04:10:00.0;0,2
SÃO JOSÉ DOS CAMPOS;354990405A;SP;Chacara Boa Vista;-23,087;-45,931;2018-02-15 04:40:00.0;0,2
SÃO JOSÉ DOS CAMPOS;354990405A;SP;Chacara Boa Vista;-23,087;-45,931;2018-02-15 05:00:00.0;0,2
SÃO JOSÉ DOS CAMPOS;354990405A;SP;Chacara Boa Vista;-23,087;-45,931;2018-02-15 05:10:00.0;0,0
SÃO JOSÉ DOS CAMPOS;354990405A;SP;Chacara Boa Vista;-23,087;-45,931;2018-02-15 05:30:00.0;0,2
SÃO JOSÉ DOS CAMPOS;354990405A;SP;Chacara Boa Vista;-23,087;-45,931;2018-02-15 05:50:00.0;0,2
SÃO JOSÉ DOS CAMPOS;354990405A;SP;Chacara Boa Vista;-23,087;-45,931;2018-02-15 06:10:00.0;0,0
SÃO JOSÉ DOS CAMPOS;354990405A;SP;Chacara Boa Vista;-23,087;-45,931;2018-02-15 06:20:00.0;0,2
SÃO JOSÉ DOS CAMPOS;354990405A;SP;Chacara Boa Vista;-23,087;-45,931;2018-02-15 06:40:00.0;0,2
SÃO JOSÉ DOS CAMPOS;354990405A;SP;Chacara Boa Vista;-23,087;-45,931;2018-02-15 07:10:00.0;0,2
SÃO JOSÉ DOS CAMPOS;354990405A;SP;Chacara Boa Vista;-23,087;-45,931;2018-02-15 07:40:00.0;0,2
SÃO JOSÉ DOS CAMPOS;354990405A;SP;Chacara Boa Vista;-23,087;-45,931;2018-02-15 08:00:00.0;0,2
SÃO JOSÉ DOS CAMPOS;354990405A;SP;Chacara Boa Vista;-23,087;-45,931;2018-02-15 08:10:00.0;0,0
SÃO JOSÉ DOS CAMPOS;354990405A;SP;Chacara Boa Vista;-23,087;-45,931;2018-02-15 08:30:00.0;0,2
SÃO JOSÉ DOS CAMPOS;354990405A;SP;Chacara Boa Vista;-23,087;-45,931;2018-02-15 08:50:00.0;0,2
SÃO JOSÉ DOS CAMPOS;354990405A;SP;Chacara Boa Vista;-23,087;-45,931;2018-02-15 09:10:00.0;0,0
SÃO JOSÉ DOS CAMPOS;354990405A;SP;Chacara Boa Vista;-23,087;-45,931;2018-02-15 09:20:00.0;0,2
SÃO JOSÉ DOS CAMPOS;354990405A;SP;Chacara Boa Vista;-23,087;-45,931;2018-02-15 09:40:00.0;0,2
SÃO JOSÉ DOS CAMPOS;354990405A;SP;Chacara Boa Vista;-23,087;-45,931;2018-02-15 10:10:00.0;0,2
SÃO JOSÉ DOS CAMPOS;354990405A;SP;Chacara Boa Vista;-23,087;-45,931;2018-02-15 10:40:00.0;0,2
SÃO JOSÉ DOS CAMPOS;354990405A;SP;Chacara Boa Vista;-23,087;-45,931;2018-02-15 11:00:00.0;0,2
SÃO JOSÉ DOS CAMPOS;354990405A;SP;Chacara Boa Vista;-23,087;-45,931;2018-02-15 11:10:00.0;0,0
SÃO JOSÉ DOS CAMPOS;354990405A;SP;Chacara Boa Vista;-23,087;-45,931;2018-02-15 11:30:00.0;0,2
SÃO JOSÉ DOS CAMPOS;354990405A;SP;Chacara Boa Vista;-23,087;-45,931;2018-02-15 11:50:00.0;0,2
SÃO JOSÉ DOS CAMPOS;354990405A;SP;Chacara Boa Vista;-23,087;-45,931;2018-02-15 12:10:00.0;0,0
SÃO JOSÉ DOS CAMPOS;354990405A;SP;Chacara Boa Vista;-23,087;-45,931;2018-02-15 12:20:00.0;0,2
SÃO JOSÉ DOS CAMPOS;354990405A;SP;Chacara Boa Vista;-23,087;-45,931;2018-02-15 12:40:00.0;0,2
SÃO JOSÉ DOS CAMPOS;354990405A;SP;Chacara Boa Vista;-23,087;-45,931;2018-02-15 13:10:00.0;0,2
SÃO JOSÉ DOS CAMPOS;354990405A;SP;Chacara Boa Vista;-23,087;-45,931;2018-02-15 13:30:00.0;0,2
SÃO JOSÉ DOS CAMPOS;354990405A;SP;Chacara Boa Vista;-23,087;-45,931;2018-02-15 13:50:00.0;0,2
SÃO JOSÉ DOS CAMPOS;354990405A;SP;Chacara Boa Vista;-23,087;-45,931;2018-02-15 14:10:00.0;0,2
SÃO JOSÉ DOS CAMPOS;354990405A;SP;Chacara Boa Vista;-23,087;-45,931;2018-02-15 14:40:00.0;0,2
SÃO JOSÉ DOS CAMPOS;354990405A;SP;Chacara Boa Vista;-23,087;-45,931;2018-02-15 15:00:00.0;0,2
SÃO JOSÉ DOS CAMPOS;354990405A;SP;Chacara Boa Vista;-23,087;-45,931;2018-02-15 15:10:00.0;0,0
SÃO JOSÉ DOS CAMPOS;354990405A;SP;Chacara Boa Vista;-23,087;-45,931;2018-02-15 15:20:00.0;0,2
SÃO JOSÉ DOS CAMPOS;354990405A;SP;Chacara Boa Vista;-23,087;-45,931;2018-02-15 15:50:00.0;0,2
SÃO JOSÉ DOS CAMPOS;354990405A;SP;Chacara Boa Vista;-23,087;-45,931;2018-02-15 16:10:00.0;0,2
SÃO JOSÉ DOS CAMPOS;354990405A;SP;Chacara Boa Vista;-23,087;-45,931;2018-02-15 16:40:00.0;0,2
SÃO JOSÉ DOS CAMPOS;354990405A;SP;Chacara Boa Vista;-23,087;-45,931;2018-02-15 17:00:00.0;0,2
SÃO JOSÉ DOS CAMPOS;354990405A;SP;Chacara Boa Vista;-23,087;-45,931;2018-02-15 17:10:00.0;0,0
SÃO JOSÉ DOS CAMPOS;354990405A;SP;Chacara Boa Vista;-23,087;-45,931;2018-02-15 17:30:00.0;0,2
SÃO JOSÉ DOS CAMPOS;354990405A;SP;Chacara Boa Vista;-23,087;-45,931;2018-02-15 17:50:00.0;0,2
SÃO JOSÉ DOS CAMPOS;354990405A;SP;Chacara Boa Vista;-23,087;-45,931;2018-02-15 18:10:00.0;0,0
SÃO JOSÉ DOS CAMPOS;354990405A;SP;Chacara Boa Vista;-23,087;-45,931;2018-02-15 18:20:00.0;0,2
SÃO JOSÉ DOS CAMPOS;354990405A;SP;Chacara Boa Vista;-23,087;-45,931;2018-02-15 18:40:00.0;0,2
SÃO JOSÉ DOS CAMPOS;354990405A;SP;Chacara Boa Vista;-23,087;-45,931;2018-02-15 19:10:00.0;0,2
SÃO JOSÉ DOS CAMPOS;354990405A;SP;Chacara Boa Vista;-23,087;-45,931;2018-02-15 19:30:00.0;0,2
SÃO JOSÉ DOS CAMPOS;354990405A;SP;Chacara Boa Vista;-23,087;-45,931;2018-02-15 20:00:00.0;0,2
SÃO JOSÉ DOS CAMPOS;354990405A;SP;Chacara Boa Vista;-23,087;-45,931;2018-02-15 20:10:00.0;0,0
SÃO JOSÉ DOS CAMPOS;354990405A;SP;Chacara Boa Vista;-23,087;-45,931;2018-02-15 20:40:00.0;0,2
SÃO JOSÉ DOS CAMPOS;354990405A;SP;Chacara Boa Vista;-23,087;-45,931;2018-02-15 21:10:00.0;0,0
SÃO JOSÉ DOS CAMPOS;354990405A;SP;Chacara Boa Vista;-23,087;-45,931;2018-02-15 22:10:00.0;0,0
SÃO JOSÉ DOS CAMPOS;354990405A;SP;Chacara Boa Vista;-23,087;-45,931;2018-02-15 22:20:00.0;0,2
SÃO JOSÉ DOS CAMPOS;354990405A;SP;Chacara Boa Vista;-23,087;-45,931;2018-02-15 23:10:00.0;0,0
SÃO JOSÉ DOS CAMPOS;354990405A;SP;Chacara Boa Vista;-23,087;-45,931;2018-02-15 23:50:00.0;0,2
SÃO JOSÉ DOS CAMPOS;354990405A;SP;Chacara Boa Vista;-23,087;-45,931;2018-02-16 00:10:00.0;0,0
SÃO JOSÉ DOS CAMPOS;354990405A;SP;Chacara Boa Vista;-23,087;-45,931;2018-02-16 01:10:00.0;0,0
SÃO JOSÉ DOS CAMPOS;354990405A;SP;Chacara Boa Vista;-23,087;-45,931;2018-02-16 01:30:00.0;0,2
SÃO JOSÉ DOS CAMPOS;354990405A;SP;Chacara Boa Vista;-23,087;-45,931;2018-02-16 02:10:00.0;0,0
SÃO JOSÉ DOS CAMPOS;354990405A;SP;Chacara Boa Vista;-23,087;-45,931;2018-02-16 03:10:00.0;0,2
SÃO JOSÉ DOS CAMPOS;354990405A;SP;Chacara Boa Vista;-23,087;-45,931;2018-02-16 04:10:00.0;0,0
SÃO JOSÉ DOS CAMPOS;354990405A;SP;Chacara Boa Vista;-23,087;-45,931;2018-02-16 04:50:00.0;0,2
SÃO JOSÉ DOS CAMPOS;354990405A;SP;Chacara Boa Vista;-23,087;-45,931;2018-02-16 05:10:00.0;0,0
SÃO JOSÉ DOS CAMPOS;354990405A;SP;Chacara Boa Vista;-23,087;-45,931;2018-02-16 06:10:00.0;0,0
SÃO JOSÉ DOS CAMPOS;354990405A;SP;Chacara Boa Vista;-23,087;-45,931;2018-02-16 06:20:00.0;0,2
SÃO JOSÉ DOS CAMPOS;354990405A;SP;Chacara Boa Vista;-23,087;-45,931;2018-02-16 07:10:00.0;0,0
SÃO JOSÉ DOS CAMPOS;354990405A;SP;Chacara Boa Vista;-23,087;-45,931;2018-02-16 08:10:00.0;0,2
SÃO JOSÉ DOS CAMPOS;354990405A;SP;Chacara Boa Vista;-23,087;-45,931;2018-02-16 09:10:00.0;0,0
SÃO JOSÉ DOS CAMPOS;354990405A;SP;Chacara Boa Vista;-23,087;-45,931;2018-02-16 09:40:00.0;0,2
SÃO JOSÉ DOS CAMPOS;354990405A;SP;Chacara Boa Vista;-23,087;-45,931;2018-02-16 10:10:00.0;0,0
SÃO JOSÉ DOS CAMPOS;354990405A;SP;Chacara Boa Vista;-23,087;-45,931;2018-02-16 11:10:00.0;0,0
SÃO JOSÉ DOS CAMPOS;354990405A;SP;Chacara Boa Vista;-23,087;-45,931;2018-02-16 11:20:00.0;0,2
SÃO JOSÉ DOS CAMPOS;354990405A;SP;Chacara Boa Vista;-23,087;-45,931;2018-02-16 12:10:00.0;0,0
SÃO JOSÉ DOS CAMPOS;354990405A;SP;Chacara Boa Vista;-23,087;-45,931;2018-02-16 12:30:00.0;0,2
SÃO JOSÉ DOS CAMPOS;354990405A;SP;Chacara Boa Vista;-23,087;-45,931;2018-02-16 13:10:00.0;0,0
SÃO JOSÉ DOS CAMPOS;354990405A;SP;Chacara Boa Vista;-23,087;-45,931;2018-02-16 13:50:00.0;0,2
SÃO JOSÉ DOS CAMPOS;354990405A;SP;Chacara Boa Vista;-23,087;-45,931;2018-02-16 14:10:00.0;0,0
SÃO JOSÉ DOS CAMPOS;354990405A;SP;Chacara Boa Vista;-23,087;-45,931;2018-02-16 15:10:00.0;0,2
SÃO JOSÉ DOS CAMPOS;354990405A;SP;Chacara Boa Vista;-23,087;-45,931;2018-02-16 16:10:00.0;0,0
SÃO JOSÉ DOS CAMPOS;354990405A;SP;Chacara Boa Vista;-23,087;-45,931;2018-02-16 16:40:00.0;0,2
SÃO JOSÉ DOS CAMPOS;354990405A;SP;Chacara Boa Vista;-23,087;-45,931;2018-02-16 17:10:00.0;0,0
SÃO JOSÉ DOS CAMPOS;354990405A;SP;Chacara Boa Vista;-23,087;-45,931;2018-02-16 18:10:00.0;0,0
SÃO JOSÉ DOS CAMPOS;354990405A;SP;Chacara Boa Vista;-23,087;-45,931;2018-02-16 18:40:00.0;0,2
SÃO JOSÉ DOS CAMPOS;354990405A;SP;Chacara Boa Vista;-23,087;-45,931;2018-02-16 19:10:00.0;0,0
SÃO JOSÉ DOS CAMPOS;354990405A;SP;Chacara Boa Vista;-23,087;-45,931;2018-02-16 20:10:00.0;0,0
SÃO JOSÉ DOS CAMPOS;354990405A;SP;Chacara Boa Vista;-23,087;-45,931;2018-02-16 21:00:00.0;0,2
SÃO JOSÉ DOS CAMPOS;354990405A;SP;Chacara Boa Vista;-23,087;-45,931;2018-02-16 21:20:00.0;0,0
SÃO JOSÉ DOS CAMPOS;354990405A;SP;Chacara Boa Vista;-23,087;-45,931;2018-02-16 22:10:00.0;0,0
SÃO JOSÉ DOS CAMPOS;354990405A;SP;Chacara Boa Vista;-23,087;-45,931;2018-02-16 23:10:00.0;0,0
SÃO JOSÉ DOS CAMPOS;354990405A;SP;Chacara Boa Vista;-23,087;-45,931;2018-02-17 00:00:00.0;0,2
SÃO JOSÉ DOS CAMPOS;354990405A;SP;Chacara Boa Vista;-23,087;-45,931;2018-02-17 00:10:00.0;0,0
SÃO JOSÉ DOS CAMPOS;354990405A;SP;Chacara Boa Vista;-23,087;-45,931;2018-02-17 01:10:00.0;0,0
SÃO JOSÉ DOS CAMPOS;354990405A;SP;Chacara Boa Vista;-23,087;-45,931;2018-02-17 02:10:00.0;0,0
SÃO JOSÉ DOS CAMPOS;354990405A;SP;Chacara Boa Vista;-23,087;-45,931;2018-02-17 02:50:00.0;0,2
SÃO JOSÉ DOS CAMPOS;354990405A;SP;Chacara Boa Vista;-23,087;-45,931;2018-02-17 03:10:00.0;0,0
SÃO JOSÉ DOS CAMPOS;354990405A;SP;Chacara Boa Vista;-23,087;-45,931;2018-02-17 04:10:00.0;0,0
SÃO JOSÉ DOS CAMPOS;354990405A;SP;Chacara Boa Vista;-23,087;-45,931;2018-02-17 05:10:00.0;0,0
SÃO JOSÉ DOS CAMPOS;354990405A;SP;Chacara Boa Vista;-23,087;-45,931;2018-02-17 06:10:00.0;0,2
SÃO JOSÉ DOS CAMPOS;354990405A;SP;Chacara Boa Vista;-23,087;-45,931;2018-02-17 07:10:00.0;0,0
SÃO JOSÉ DOS CAMPOS;354990405A;SP;Chacara Boa Vista;-23,087;-45,931;2018-02-17 08:10:00.0;0,0
SÃO JOSÉ DOS CAMPOS;354990405A;SP;Chacara Boa Vista;-23,087;-45,931;2018-02-17 09:10:00.0;0,0
SÃO JOSÉ DOS CAMPOS;354990405A;SP;Chacara Boa Vista;-23,087;-45,931;2018-02-17 09:20:00.0;0,2
SÃO JOSÉ DOS CAMPOS;354990405A;SP;Chacara Boa Vista;-23,087;-45,931;2018-02-17 10:10:00.0;0,0
SÃO JOSÉ DOS CAMPOS;354990405A;SP;Chacara Boa Vista;-23,087;-45,931;2018-02-17 11:10:00.0;0,0
SÃO JOSÉ DOS CAMPOS;354990405A;SP;Chacara Boa Vista;-23,087;-45,931;2018-02-17 12:00:00.0;0,2
SÃO JOSÉ DOS CAMPOS;354990405A;SP;Chacara Boa Vista;-23,087;-45,931;2018-02-17 12:10:00.0;0,0
SÃO JOSÉ DOS CAMPOS;354990405A;SP;Chacara Boa Vista;-23,087;-45,931;2018-02-17 13:10:00.0;0,0
SÃO JOSÉ DOS CAMPOS;354990405A;SP;Chacara Boa Vista;-23,087;-45,931;2018-02-17 14:10:00.0;0,0
SÃO JOSÉ DOS CAMPOS;354990405A;SP;Chacara Boa Vista;-23,087;-45,931;2018-02-17 14:30:00.0;0,2
SÃO JOSÉ DOS CAMPOS;354990405A;SP;Chacara Boa Vista;-23,087;-45,931;2018-02-17 15:10:00.0;0,0
SÃO JOSÉ DOS CAMPOS;354990405A;SP;Chacara Boa Vista;-23,087;-45,931;2018-02-17 16:10:00.0;0,0
SÃO JOSÉ DOS CAMPOS;354990405A;SP;Chacara Boa Vista;-23,087;-45,931;2018-02-17 17:10:00.0;0,2
SÃO JOSÉ DOS CAMPOS;354990405A;SP;Chacara Boa Vista;-23,087;-45,931;2018-02-17 18:10:00.0;0,0
SÃO JOSÉ DOS CAMPOS;354990405A;SP;Chacara Boa Vista;-23,087;-45,931;2018-02-17 19:10:00.0;0,0
SÃO JOSÉ DOS CAMPOS;354990405A;SP;Chacara Boa Vista;-23,087;-45,931;2018-02-17 20:10:00.0;0,0
SÃO JOSÉ DOS CAMPOS;354990405A;SP;Chacara Boa Vista;-23,087;-45,931;2018-02-17 20:30:00.0;0,2
SÃO JOSÉ DOS CAMPOS;354990405A;SP;Chacara Boa Vista;-23,087;-45,931;2018-02-17 21:10:00.0;0,0
SÃO JOSÉ DOS CAMPOS;354990405A;SP;Chacara Boa Vista;-23,087;-45,931;2018-02-17 22:10:00.0;0,0
SÃO JOSÉ DOS CAMPOS;354990405A;SP;Chacara Boa Vista;-23,087;-45,931;2018-02-17 23:10:00.0;0,0
SÃO JOSÉ DOS CAMPOS;354990405A;SP;Chacara Boa Vista;-23,087;-45,931;2018-02-18 00:10:00.0;0,2
SÃO JOSÉ DOS CAMPOS;354990405A;SP;Chacara Boa Vista;-23,087;-45,931;2018-02-18 01:10:00.0;0,0
SÃO JOSÉ DOS CAMPOS;354990405A;SP;Chacara Boa Vista;-23,087;-45,931;2018-02-18 02:10:00.0;0,0
SÃO JOSÉ DOS CAMPOS;354990405A;SP;Chacara Boa Vista;-23,087;-45,931;2018-02-18 03:10:00.0;0,0
SÃO JOSÉ DOS CAMPOS;354990405A;SP;Chacara Boa Vista;-23,087;-45,931;2018-02-18 04:10:00.0;0,2
SÃO JOSÉ DOS CAMPOS;354990405A;SP;Chacara Boa Vista;-23,087;-45,931;2018-02-18 05:10:00.0;0,0
SÃO JOSÉ DOS CAMPOS;354990405A;SP;Chacara Boa Vista;-23,087;-45,931;2018-02-18 06:10:00.0;0,0
SÃO JOSÉ DOS CAMPOS;354990405A;SP;Chacara Boa Vista;-23,087;-45,931;2018-02-18 07:10:00.0;0,0
SÃO JOSÉ DOS CAMPOS;354990405A;SP;Chacara Boa Vista;-23,087;-45,931;2018-02-18 07:50:00.0;0,2
SÃO JOSÉ DOS CAMPOS;354990405A;SP;Chacara Boa Vista;-23,087;-45,931;2018-02-18 08:10:00.0;0,0
SÃO JOSÉ DOS CAMPOS;354990405A;SP;Chacara Boa Vista;-23,087;-45,931;2018-02-18 09:10:00.0;0,0
SÃO JOSÉ DOS CAMPOS;354990405A;SP;Chacara Boa Vista;-23,087;-45,931;2018-02-18 10:10:00.0;0,0
SÃO JOSÉ DOS CAMPOS;354990405A;SP;Chacara Boa Vista;-23,087;-45,931;2018-02-18 11:10:00.0;0,0
SÃO JOSÉ DOS CAMPOS;354990405A;SP;Chacara Boa Vista;-23,087;-45,931;2018-02-18 11:50:00.0;0,2
SÃO JOSÉ DOS CAMPOS;354990405A;SP;Chacara Boa Vista;-23,087;-45,931;2018-02-18 12:10:00.0;0,0
SÃO JOSÉ DOS CAMPOS;354990405A;SP;Chacara Boa Vista;-23,087;-45,931;2018-02-18 13:10:00.0;0,0
SÃO JOSÉ DOS CAMPOS;354990405A;SP;Chacara Boa Vista;-23,087;-45,931;2018-02-18 14:10:00.0;0,0
SÃO JOSÉ DOS CAMPOS;354990405A;SP;Chacara Boa Vista;-23,087;-45,931;2018-02-18 15:10:00.0;0,0
SÃO JOSÉ DOS CAMPOS;354990405A;SP;Chacara Boa Vista;-23,087;-45,931;2018-02-18 16:10:00.0;0,0
SÃO JOSÉ DOS CAMPOS;354990405A;SP;Chacara Boa Vista;-23,087;-45,931;2018-02-18 16:20:00.0;0,2
SÃO JOSÉ DOS CAMPOS;354990405A;SP;Chacara Boa Vista;-23,087;-45,931;2018-02-18 17:10:00.0;0,0
SÃO JOSÉ DOS CAMPOS;354990405A;SP;Chacara Boa Vista;-23,087;-45,931;2018-02-18 17:50:00.0;0,2
SÃO JOSÉ DOS CAMPOS;354990405A;SP;Chacara Boa Vista;-23,087;-45,931;2018-02-18 18:10:00.0;0,0
SÃO JOSÉ DOS CAMPOS;354990405A;SP;Chacara Boa Vista;-23,087;-45,931;2018-02-18 18:40:00.0;0,2
SÃO JOSÉ DOS CAMPOS;354990405A;SP;Chacara Boa Vista;-23,087;-45,931;2018-02-18 19:10:00.0;0,0
SÃO JOSÉ DOS CAMPOS;354990405A;SP;Chacara Boa Vista;-23,087;-45,931;2018-02-18 19:30:00.0;0,2
SÃO JOSÉ DOS CAMPOS;354990405A;SP;Chacara Boa Vista;-23,087;-45,931;2018-02-18 21:10:00.0;0,0
SÃO JOSÉ DOS CAMPOS;354990405A;SP;Chacara Boa Vista;-23,087;-45,931;2018-02-18 21:20:00.0;0,2
SÃO JOSÉ DOS CAMPOS;354990405A;SP;Chacara Boa Vista;-23,087;-45,931;2018-02-18 22:10:00.0;0,0
SÃO JOSÉ DOS CAMPOS;354990405A;SP;Chacara Boa Vista;-23,087;-45,931;2018-02-18 23:10:00.0;0,2
SÃO JOSÉ DOS CAMPOS;354990405A;SP;Chacara Boa Vista;-23,087;-45,931;2018-02-19 00:10:00.0;0,0
SÃO JOSÉ DOS CAMPOS;354990405A;SP;Chacara Boa Vista;-23,087;-45,931;2018-02-19 00:50:00.0;0,2
SÃO JOSÉ DOS CAMPOS;354990405A;SP;Chacara Boa Vista;-23,087;-45,931;2018-02-19 01:10:00.0;0,0
SÃO JOSÉ DOS CAMPOS;354990405A;SP;Chacara Boa Vista;-23,087;-45,931;2018-02-19 02:10:00.0;0,0
SÃO JOSÉ DOS CAMPOS;354990405A;SP;Chacara Boa Vista;-23,087;-45,931;2018-02-19 02:30:00.0;0,2
SÃO JOSÉ DOS CAMPOS;354990405A;SP;Chacara Boa Vista;-23,087;-45,931;2018-02-19 03:10:00.0;0,0
SÃO JOSÉ DOS CAMPOS;354990405A;SP;Chacara Boa Vista;-23,087;-45,931;2018-02-19 03:40:00.0;0,2
SÃO JOSÉ DOS CAMPOS;354990405A;SP;Chacara Boa Vista;-23,087;-45,931;2018-02-19 04:10:00.0;0,0
SÃO JOSÉ DOS CAMPOS;354990405A;SP;Chacara Boa Vista;-23,087;-45,931;2018-02-19 05:10:00.0;0,2
SÃO JOSÉ DOS CAMPOS;354990405A;SP;Chacara Boa Vista;-23,087;-45,931;2018-02-19 06:10:00.0;0,0
SÃO JOSÉ DOS CAMPOS;354990405A;SP;Chacara Boa Vista;-23,087;-45,931;2018-02-19 06:40:00.0;0,2
SÃO JOSÉ DOS CAMPOS;354990405A;SP;Chacara Boa Vista;-23,087;-45,931;2018-02-19 07:10:00.0;0,0
SÃO JOSÉ DOS CAMPOS;354990405A;SP;Chacara Boa Vista;-23,087;-45,931;2018-02-19 08:10:00.0;0,0
SÃO JOSÉ DOS CAMPOS;354990405A;SP;Chacara Boa Vista;-23,087;-45,931;2018-02-19 08:20:00.0;0,2
SÃO JOSÉ DOS CAMPOS;354990405A;SP;Chacara Boa Vista;-23,087;-45,931;2018-02-19 09:10:00.0;0,0
SÃO JOSÉ DOS CAMPOS;354990405A;SP;Chacara Boa Vista;-23,087;-45,931;2018-02-19 09:50:00.0;0,2
SÃO JOSÉ DOS CAMPOS;354990405A;SP;Chacara Boa Vista;-23,087;-45,931;2018-02-19 10:10:00.0;0,0
SÃO JOSÉ DOS CAMPOS;354990405A;SP;Chacara Boa Vista;-23,087;-45,931;2018-02-19 11:10:00.0;0,2
SÃO JOSÉ DOS CAMPOS;354990405A;SP;Chacara Boa Vista;-23,087;-45,931;2018-02-19 12:10:00.0;0,0
SÃO JOSÉ DOS CAMPOS;354990405A;SP;Chacara Boa Vista;-23,087;-45,931;2018-02-19 12:20:00.0;0,2
SÃO JOSÉ DOS CAMPOS;354990405A;SP;Chacara Boa Vista;-23,087;-45,931;2018-02-19 13:10:00.0;0,0
SÃO JOSÉ DOS CAMPOS;354990405A;SP;Chacara Boa Vista;-23,087;-45,931;2018-02-19 13:50:00.0;0,2
SÃO JOSÉ DOS CAMPOS;354990405A;SP;Chacara Boa Vista;-23,087;-45,931;2018-02-19 15:10:00.0;0,0
SÃO JOSÉ DOS CAMPOS;354990405A;SP;Chacara Boa Vista;-23,087;-45,931;2018-02-19 15:40:00.0;0,2
SÃO JOSÉ DOS CAMPOS;354990405A;SP;Chacara Boa Vista;-23,087;-45,931;2018-02-19 16:10:00.0;0,0
SÃO JOSÉ DOS CAMPOS;354990405A;SP;Chacara Boa Vista;-23,087;-45,931;2018-02-19 17:10:00.0;0,0
SÃO JOSÉ DOS CAMPOS;354990405A;SP;Chacara Boa Vista;-23,087;-45,931;2018-02-19 17:50:00.0;0,2
SÃO JOSÉ DOS CAMPOS;354990405A;SP;Chacara Boa Vista;-23,087;-45,931;2018-02-19 18:10:00.0;0,0
SÃO JOSÉ DOS CAMPOS;354990405A;SP;Chacara Boa Vista;-23,087;-45,931;2018-02-19 19:10:00.0;0,0
SÃO JOSÉ DOS CAMPOS;354990405A;SP;Chacara Boa Vista;-23,087;-45,931;2018-02-19 20:10:00.0;0,2
SÃO JOSÉ DOS CAMPOS;354990405A;SP;Chacara Boa Vista;-23,087;-45,931;2018-02-19 21:10:00.0;0,0
SÃO JOSÉ DOS CAMPOS;354990405A;SP;Chacara Boa Vista;-23,087;-45,931;2018-02-19 22:10:00.0;0,0
SÃO JOSÉ DOS CAMPOS;354990405A;SP;Chacara Boa Vista;-23,087;-45,931;2018-02-19 22:30:00.0;0,2
SÃO JOSÉ DOS CAMPOS;354990405A;SP;Chacara Boa Vista;-23,087;-45,931;2018-02-19 23:10:00.0;0,0
SÃO JOSÉ DOS CAMPOS;354990405A;SP;Chacara Boa Vista;-23,087;-45,931;2018-02-20 00:10:00.0;0,2
SÃO JOSÉ DOS CAMPOS;354990405A;SP;Chacara Boa Vista;-23,087;-45,931;2018-02-20 01:10:00.0;0,0
SÃO JOSÉ DOS CAMPOS;354990405A;SP;Chacara Boa Vista;-23,087;-45,931;2018-02-20 01:20:00.0;0,2
SÃO JOSÉ DOS CAMPOS;354990405A;SP;Chacara Boa Vista;-23,087;-45,931;2018-02-20 02:10:00.0;0,2
SÃO JOSÉ DOS CAMPOS;354990405A;SP;Chacara Boa Vista;-23,087;-45,931;2018-02-20 02:50:00.0;0,2
SÃO JOSÉ DOS CAMPOS;354990405A;SP;Chacara Boa Vista;-23,087;-45,931;2018-02-20 03:10:00.0;0,0
SÃO JOSÉ DOS CAMPOS;354990405A;SP;Chacara Boa Vista;-23,087;-45,931;2018-02-20 03:20:00.0;0,2
SÃO JOSÉ DOS CAMPOS;354990405A;SP;Chacara Boa Vista;-23,087;-45,931;2018-02-20 03:50:00.0;0,2
SÃO JOSÉ DOS CAMPOS;354990405A;SP;Chacara Boa Vista;-23,087;-45,931;2018-02-20 04:10:00.0;0,0
SÃO JOSÉ DOS CAMPOS;354990405A;SP;Chacara Boa Vista;-23,087;-45,931;2018-02-20 04:20:00.0;0,2
SÃO JOSÉ DOS CAMPOS;354990405A;SP;Chacara Boa Vista;-23,087;-45,931;2018-02-20 04:50:00.0;0,2
SÃO JOSÉ DOS CAMPOS;354990405A;SP;Chacara Boa Vista;-23,087;-45,931;2018-02-20 05:10:00.0;0,0
SÃO JOSÉ DOS CAMPOS;354990405A;SP;Chacara Boa Vista;-23,087;-45,931;2018-02-20 05:20:00.0;0,2
SÃO JOSÉ DOS CAMPOS;354990405A;SP;Chacara Boa Vista;-23,087;-45,931;2018-02-20 05:50:00.0;0,2
SÃO JOSÉ DOS CAMPOS;354990405A;SP;Chacara Boa Vista;-23,087;-45,931;2018-02-20 06:10:00.0;0,0
SÃO JOSÉ DOS CAMPOS;354990405A;SP;Chacara Boa Vista;-23,087;-45,931;2018-02-20 06:20:00.0;0,2
SÃO JOSÉ DOS CAMPOS;354990405A;SP;Chacara Boa Vista;-23,087;-45,931;2018-02-20 06:50:00.0;0,2
SÃO JOSÉ DOS CAMPOS;354990405A;SP;Chacara Boa Vista;-23,087;-45,931;2018-02-20 07:30:00.0;0,2
SÃO JOSÉ DOS CAMPOS;354990405A;SP;Chacara Boa Vista;-23,087;-45,931;2018-02-20 08:00:00.0;0,2
SÃO JOSÉ DOS CAMPOS;354990405A;SP;Chacara Boa Vista;-23,087;-45,931;2018-02-20 08:10:00.0;0,0
SÃO JOSÉ DOS CAMPOS;354990405A;SP;Chacara Boa Vista;-23,087;-45,931;2018-02-20 08:30:00.0;0,2
SÃO JOSÉ DOS CAMPOS;354990405A;SP;Chacara Boa Vista;-23,087;-45,931;2018-02-20 09:00:00.0;0,2
SÃO JOSÉ DOS CAMPOS;354990405A;SP;Chacara Boa Vista;-23,087;-45,931;2018-02-20 09:20:00.0;0,2
SÃO JOSÉ DOS CAMPOS;354990405A;SP;Chacara Boa Vista;-23,087;-45,931;2018-02-20 10:00:00.0;0,2
SÃO JOSÉ DOS CAMPOS;354990405A;SP;Chacara Boa Vista;-23,087;-45,931;2018-02-20 10:10:00.0;0,0
SÃO JOSÉ DOS CAMPOS;354990405A;SP;Chacara Boa Vista;-23,087;-45,931;2018-02-20 10:30:00.0;0,2
SÃO JOSÉ DOS CAMPOS;354990405A;SP;Chacara Boa Vista;-23,087;-45,931;2018-02-20 11:00:00.0;0,2
SÃO JOSÉ DOS CAMPOS;354990405A;SP;Chacara Boa Vista;-23,087;-45,931;2018-02-20 11:20:00.0;0,0
SÃO JOSÉ DOS CAMPOS;354990405A;SP;Chacara Boa Vista;-23,087;-45,931;2018-02-20 11:30:00.0;0,2
SÃO JOSÉ DOS CAMPOS;354990405A;SP;Chacara Boa Vista;-23,087;-45,931;2018-02-20 12:00:00.0;0,2
SÃO JOSÉ DOS CAMPOS;354990405A;SP;Chacara Boa Vista;-23,087;-45,931;2018-02-20 12:10:00.0;0,0
SÃO JOSÉ DOS CAMPOS;354990405A;SP;Chacara Boa Vista;-23,087;-45,931;2018-02-20 12:20:00.0;0,2
SÃO JOSÉ DOS CAMPOS;354990405A;SP;Chacara Boa Vista;-23,087;-45,931;2018-02-20 12:50:00.0;0,2
SÃO JOSÉ DOS CAMPOS;354990405A;SP;Chacara Boa Vista;-23,087;-45,931;2018-02-20 13:10:00.0;0,2
SÃO JOSÉ DOS CAMPOS;354990405A;SP;Chacara Boa Vista;-23,087;-45,931;2018-02-20 13:40:00.0;0,2
SÃO JOSÉ DOS CAMPOS;354990405A;SP;Chacara Boa Vista;-23,087;-45,931;2018-02-20 14:10:00.0;0,2
SÃO JOSÉ DOS CAMPOS;354990405A;SP;Chacara Boa Vista;-23,087;-45,931;2018-02-20 14:40:00.0;0,2
SÃO JOSÉ DOS CAMPOS;354990405A;SP;Chacara Boa Vista;-23,087;-45,931;2018-02-20 15:10:00.0;0,0
SÃO JOSÉ DOS CAMPOS;354990405A;SP;Chacara Boa Vista;-23,087;-45,931;2018-02-20 15:20:00.0;0,2
SÃO JOSÉ DOS CAMPOS;354990405A;SP;Chacara Boa Vista;-23,087;-45,931;2018-02-20 16:10:00.0;0,0
SÃO JOSÉ DOS CAMPOS;354990405A;SP;Chacara Boa Vista;-23,087;-45,931;2018-02-20 17:10:00.0;0,0
SÃO JOSÉ DOS CAMPOS;354990405A;SP;Chacara Boa Vista;-23,087;-45,931;2018-02-20 18:10:00.0;0,0
SÃO JOSÉ DOS CAMPOS;354990405A;SP;Chacara Boa Vista;-23,087;-45,931;2018-02-20 19:10:00.0;0,0
SÃO JOSÉ DOS CAMPOS;354990405A;SP;Chacara Boa Vista;-23,087;-45,931;2018-02-20 20:10:00.0;0,0
SÃO JOSÉ DOS CAMPOS;354990405A;SP;Chacara Boa Vista;-23,087;-45,931;2018-02-20 21:10:00.0;0,0
SÃO JOSÉ DOS CAMPOS;354990405A;SP;Chacara Boa Vista;-23,087;-45,931;2018-02-20 22:10:00.0;0,0
SÃO JOSÉ DOS CAMPOS;354990405A;SP;Chacara Boa Vista;-23,087;-45,931;2018-02-20 22:20:00.0;0,2
SÃO JOSÉ DOS CAMPOS;354990405A;SP;Chacara Boa Vista;-23,087;-45,931;2018-02-20 23:10:00.0;0,0
SÃO JOSÉ DOS CAMPOS;354990405A;SP;Chacara Boa Vista;-23,087;-45,931;2018-02-21 00:10:00.0;0,0
SÃO JOSÉ DOS CAMPOS;354990405A;SP;Chacara Boa Vista;-23,087;-45,931;2018-02-21 01:10:00.0;0,0
SÃO JOSÉ DOS CAMPOS;354990405A;SP;Chacara Boa Vista;-23,087;-45,931;2018-02-21 02:10:00.0;0,0
SÃO JOSÉ DOS CAMPOS;354990405A;SP;Chacara Boa Vista;-23,087;-45,931;2018-02-21 03:10:00.0;0,0
SÃO JOSÉ DOS CAMPOS;354990405A;SP;Chacara Boa Vista;-23,087;-45,931;2018-02-21 04:10:00.0;0,0
SÃO JOSÉ DOS CAMPOS;354990405A;SP;Chacara Boa Vista;-23,087;-45,931;2018-02-21 05:10:00.0;0,0
SÃO JOSÉ DOS CAMPOS;354990405A;SP;Chacara Boa Vista;-23,087;-45,931;2018-02-21 06:10:00.0;0,0
SÃO JOSÉ DOS CAMPOS;354990405A;SP;Chacara Boa Vista;-23,087;-45,931;2018-02-21 07:10:00.0;0,0
SÃO JOSÉ DOS CAMPOS;354990405A;SP;Chacara Boa Vista;-23,087;-45,931;2018-02-21 08:10:00.0;0,0
SÃO JOSÉ DOS CAMPOS;354990405A;SP;Chacara Boa Vista;-23,087;-45,931;2018-02-21 08:20:00.0;0,2
SÃO JOSÉ DOS CAMPOS;354990405A;SP;Chacara Boa Vista;-23,087;-45,931;2018-02-21 09:10:00.0;0,0
SÃO JOSÉ DOS CAMPOS;354990405A;SP;Chacara Boa Vista;-23,087;-45,931;2018-02-21 09:20:00.0;0,2
SÃO JOSÉ DOS CAMPOS;354990405A;SP;Chacara Boa Vista;-23,087;-45,931;2018-02-21 10:10:00.0;0,2
SÃO JOSÉ DOS CAMPOS;354990405A;SP;Chacara Boa Vista;-23,087;-45,931;2018-02-21 10:50:00.0;0,2
SÃO JOSÉ DOS CAMPOS;354990405A;SP;Chacara Boa Vista;-23,087;-45,931;2018-02-21 11:10:00.0;0,0
SÃO JOSÉ DOS CAMPOS;354990405A;SP;Chacara Boa Vista;-23,087;-45,931;2018-02-21 11:40:00.0;0,2
SÃO JOSÉ DOS CAMPOS;354990405A;SP;Chacara Boa Vista;-23,087;-45,931;2018-02-21 12:10:00.0;0,0
SÃO JOSÉ DOS CAMPOS;354990405A;SP;Chacara Boa Vista;-23,087;-45,931;2018-02-21 12:40:00.0;0,2
SÃO JOSÉ DOS CAMPOS;354990405A;SP;Chacara Boa Vista;-23,087;-45,931;2018-02-21 13:10:00.0;0,0
SÃO JOSÉ DOS CAMPOS;354990405A;SP;Chacara Boa Vista;-23,087;-45,931;2018-02-21 13:50:00.0;0,2
SÃO JOSÉ DOS CAMPOS;354990405A;SP;Chacara Boa Vista;-23,087;-45,931;2018-02-21 14:10:00.0;0,0
SÃO JOSÉ DOS CAMPOS;354990405A;SP;Chacara Boa Vista;-23,087;-45,931;2018-02-21 15:10:00.0;0,2
SÃO JOSÉ DOS CAMPOS;354990405A;SP;Chacara Boa Vista;-23,087;-45,931;2018-02-21 16:10:00.0;0,0
SÃO JOSÉ DOS CAMPOS;354990405A;SP;Chacara Boa Vista;-23,087;-45,931;2018-02-21 17:10:00.0;0,0
SÃO JOSÉ DOS CAMPOS;354990405A;SP;Chacara Boa Vista;-23,087;-45,931;2018-02-21 18:10:00.0;0,0
SÃO JOSÉ DOS CAMPOS;354990405A;SP;Chacara Boa Vista;-23,087;-45,931;2018-02-21 19:10:00.0;0,0
SÃO JOSÉ DOS CAMPOS;354990405A;SP;Chacara Boa Vista;-23,087;-45,931;2018-02-21 20:10:00.0;0,0
SÃO JOSÉ DOS CAMPOS;354990405A;SP;Chacara Boa Vista;-23,087;-45,931;2018-02-21 21:10:00.0;0,0
SÃO JOSÉ DOS CAMPOS;354990405A;SP;Chacara Boa Vista;-23,087;-45,931;2018-02-21 22:10:00.0;0,0
SÃO JOSÉ DOS CAMPOS;354990405A;SP;Chacara Boa Vista;-23,087;-45,931;2018-02-21 23:10:00.0;0,0
SÃO JOSÉ DOS CAMPOS;354990405A;SP;Chacara Boa Vista;-23,087;-45,931;2018-02-22 00:10:00.0;0,0
SÃO JOSÉ DOS CAMPOS;354990405A;SP;Chacara Boa Vista;-23,087;-45,931;2018-02-22 01:10:00.0;0,0
SÃO JOSÉ DOS CAMPOS;354990405A;SP;Chacara Boa Vista;-23,087;-45,931;2018-02-22 02:10:00.0;0,0
SÃO JOSÉ DOS CAMPOS;354990405A;SP;Chacara Boa Vista;-23,087;-45,931;2018-02-22 03:10:00.0;0,0
SÃO JOSÉ DOS CAMPOS;354990405A;SP;Chacara Boa Vista;-23,087;-45,931;2018-02-22 04:10:00.0;0,0
SÃO JOSÉ DOS CAMPOS;354990405A;SP;Chacara Boa Vista;-23,087;-45,931;2018-02-22 05:10:00.0;0,0
SÃO JOSÉ DOS CAMPOS;354990405A;SP;Chacara Boa Vista;-23,087;-45,931;2018-02-22 06:10:00.0;0,0
SÃO JOSÉ DOS CAMPOS;354990405A;SP;Chacara Boa Vista;-23,087;-45,931;2018-02-22 07:10:00.0;0,0
SÃO JOSÉ DOS CAMPOS;354990405A;SP;Chacara Boa Vista;-23,087;-45,931;2018-02-22 08:10:00.0;0,0
SÃO JOSÉ DOS CAMPOS;354990405A;SP;Chacara Boa Vista;-23,087;-45,931;2018-02-22 09:10:00.0;0,0
SÃO JOSÉ DOS CAMPOS;354990405A;SP;Chacara Boa Vista;-23,087;-45,931;2018-02-22 10:10:00.0;0,0
SÃO JOSÉ DOS CAMPOS;354990405A;SP;Chacara Boa Vista;-23,087;-45,931;2018-02-22 11:10:00.0;0,0
SÃO JOSÉ DOS CAMPOS;354990405A;SP;Chacara Boa Vista;-23,087;-45,931;2018-02-22 12:10:00.0;0,0
SÃO JOSÉ DOS CAMPOS;354990405A;SP;Chacara Boa Vista;-23,087;-45,931;2018-02-22 13:10:00.0;0,0
SÃO JOSÉ DOS CAMPOS;354990405A;SP;Chacara Boa Vista;-23,087;-45,931;2018-02-22 14:10:00.0;0,0
SÃO JOSÉ DOS CAMPOS;354990405A;SP;Chacara Boa Vista;-23,087;-45,931;2018-02-22 15:10:00.0;0,0
SÃO JOSÉ DOS CAMPOS;354990405A;SP;Chacara Boa Vista;-23,087;-45,931;2018-02-22 16:10:00.0;0,0
SÃO JOSÉ DOS CAMPOS;354990405A;SP;Chacara Boa Vista;-23,087;-45,931;2018-02-22 17:10:00.0;0,0
SÃO JOSÉ DOS CAMPOS;354990405A;SP;Chacara Boa Vista;-23,087;-45,931;2018-02-22 18:10:00.0;0,0
SÃO JOSÉ DOS CAMPOS;354990405A;SP;Chacara Boa Vista;-23,087;-45,931;2018-02-22 19:10:00.0;0,0
SÃO JOSÉ DOS CAMPOS;354990405A;SP;Chacara Boa Vista;-23,087;-45,931;2018-02-22 20:10:00.0;0,0
SÃO JOSÉ DOS CAMPOS;354990405A;SP;Chacara Boa Vista;-23,087;-45,931;2018-02-22 21:10:00.0;0,0
SÃO JOSÉ DOS CAMPOS;354990405A;SP;Chacara Boa Vista;-23,087;-45,931;2018-02-22 22:10:00.0;0,0
SÃO JOSÉ DOS CAMPOS;354990405A;SP;Chacara Boa Vista;-23,087;-45,931;2018-02-22 23:10:00.0;0,0
SÃO JOSÉ DOS CAMPOS;354990405A;SP;Chacara Boa Vista;-23,087;-45,931;2018-02-23 00:10:00.0;0,0
SÃO JOSÉ DOS CAMPOS;354990405A;SP;Chacara Boa Vista;-23,087;-45,931;2018-02-23 00:20:00.0;0,2
SÃO JOSÉ DOS CAMPOS;354990405A;SP;Chacara Boa Vista;-23,087;-45,931;2018-02-23 00:30:00.0;0,79
SÃO JOSÉ DOS CAMPOS;354990405A;SP;Chacara Boa Vista;-23,087;-45,931;2018-02-23 00:40:00.0;0,98
SÃO JOSÉ DOS CAMPOS;354990405A;SP;Chacara Boa Vista;-23,087;-45,931;2018-02-23 00:50:00.0;0,2
SÃO JOSÉ DOS CAMPOS;354990405A;SP;Chacara Boa Vista;-23,087;-45,931;2018-02-23 01:10:00.0;0,2
SÃO JOSÉ DOS CAMPOS;354990405A;SP;Chacara Boa Vista;-23,087;-45,931;2018-02-23 01:30:00.0;0,39
SÃO JOSÉ DOS CAMPOS;354990405A;SP;Chacara Boa Vista;-23,087;-45,931;2018-02-23 01:40:00.0;0,2
SÃO JOSÉ DOS CAMPOS;354990405A;SP;Chacara Boa Vista;-23,087;-45,931;2018-02-23 01:50:00.0;0,2
SÃO JOSÉ DOS CAMPOS;354990405A;SP;Chacara Boa Vista;-23,087;-45,931;2018-02-23 02:10:00.0;0,0
SÃO JOSÉ DOS CAMPOS;354990405A;SP;Chacara Boa Vista;-23,087;-45,931;2018-02-23 03:10:00.0;0,0
SÃO JOSÉ DOS CAMPOS;354990405A;SP;Chacara Boa Vista;-23,087;-45,931;2018-02-23 04:10:00.0;0,0
SÃO JOSÉ DOS CAMPOS;354990405A;SP;Chacara Boa Vista;-23,087;-45,931;2018-02-23 05:10:00.0;0,0
SÃO JOSÉ DOS CAMPOS;354990405A;SP;Chacara Boa Vista;-23,087;-45,931;2018-02-23 06:10:00.0;0,0
SÃO JOSÉ DOS CAMPOS;354990405A;SP;Chacara Boa Vista;-23,087;-45,931;2018-02-23 07:10:00.0;0,0
SÃO JOSÉ DOS CAMPOS;354990405A;SP;Chacara Boa Vista;-23,087;-45,931;2018-02-23 08:10:00.0;0,0
SÃO JOSÉ DOS CAMPOS;354990405A;SP;Chacara Boa Vista;-23,087;-45,931;2018-02-23 09:10:00.0;0,0
SÃO JOSÉ DOS CAMPOS;354990405A;SP;Chacara Boa Vista;-23,087;-45,931;2018-02-23 10:10:00.0;0,0
SÃO JOSÉ DOS CAMPOS;354990405A;SP;Chacara Boa Vista;-23,087;-45,931;2018-02-23 11:10:00.0;0,0
SÃO JOSÉ DOS CAMPOS;354990405A;SP;Chacara Boa Vista;-23,087;-45,931;2018-02-23 12:10:00.0;0,0
SÃO JOSÉ DOS CAMPOS;354990405A;SP;Chacara Boa Vista;-23,087;-45,931;2018-02-23 13:10:00.0;0,0
SÃO JOSÉ DOS CAMPOS;354990405A;SP;Chacara Boa Vista;-23,087;-45,931;2018-02-23 14:10:00.0;0,0
SÃO JOSÉ DOS CAMPOS;354990405A;SP;Chacara Boa Vista;-23,087;-45,931;2018-02-23 15:10:00.0;0,0
SÃO JOSÉ DOS CAMPOS;354990405A;SP;Chacara Boa Vista;-23,087;-45,931;2018-02-23 16:10:00.0;0,0
SÃO JOSÉ DOS CAMPOS;354990405A;SP;Chacara Boa Vista;-23,087;-45,931;2018-02-23 17:10:00.0;0,0
SÃO JOSÉ DOS CAMPOS;354990405A;SP;Chacara Boa Vista;-23,087;-45,931;2018-02-23 18:10:00.0;0,0
SÃO JOSÉ DOS CAMPOS;354990405A;SP;Chacara Boa Vista;-23,087;-45,931;2018-02-23 19:10:00.0;0,0
SÃO JOSÉ DOS CAMPOS;354990405A;SP;Chacara Boa Vista;-23,087;-45,931;2018-02-23 20:10:00.0;0,0
SÃO JOSÉ DOS CAMPOS;354990405A;SP;Chacara Boa Vista;-23,087;-45,931;2018-02-23 21:10:00.0;0,0
SÃO JOSÉ DOS CAMPOS;354990405A;SP;Chacara Boa Vista;-23,087;-45,931;2018-02-23 22:10:00.0;0,0
SÃO JOSÉ DOS CAMPOS;354990405A;SP;Chacara Boa Vista;-23,087;-45,931;2018-02-23 23:10:00.0;0,0
SÃO JOSÉ DOS CAMPOS;354990405A;SP;Chacara Boa Vista;-23,087;-45,931;2018-02-24 00:10:00.0;0,0
SÃO JOSÉ DOS CAMPOS;354990405A;SP;Chacara Boa Vista;-23,087;-45,931;2018-02-24 01:10:00.0;0,0
SÃO JOSÉ DOS CAMPOS;354990405A;SP;Chacara Boa Vista;-23,087;-45,931;2018-02-24 02:10:00.0;0,0
SÃO JOSÉ DOS CAMPOS;354990405A;SP;Chacara Boa Vista;-23,087;-45,931;2018-02-24 03:10:00.0;0,0
SÃO JOSÉ DOS CAMPOS;354990405A;SP;Chacara Boa Vista;-23,087;-45,931;2018-02-24 04:10:00.0;0,0
SÃO JOSÉ DOS CAMPOS;354990405A;SP;Chacara Boa Vista;-23,087;-45,931;2018-02-24 05:10:00.0;0,0
SÃO JOSÉ DOS CAMPOS;354990405A;SP;Chacara Boa Vista;-23,087;-45,931;2018-02-24 06:10:00.0;0,0
SÃO JOSÉ DOS CAMPOS;354990405A;SP;Chacara Boa Vista;-23,087;-45,931;2018-02-24 07:10:00.0;0,0
SÃO JOSÉ DOS CAMPOS;354990405A;SP;Chacara Boa Vista;-23,087;-45,931;2018-02-24 08:10:00.0;0,0
SÃO JOSÉ DOS CAMPOS;354990405A;SP;Chacara Boa Vista;-23,087;-45,931;2018-02-24 09:10:00.0;0,0
SÃO JOSÉ DOS CAMPOS;354990405A;SP;Chacara Boa Vista;-23,087;-45,931;2018-02-24 10:10:00.0;0,0
SÃO JOSÉ DOS CAMPOS;354990405A;SP;Chacara Boa Vista;-23,087;-45,931;2018-02-24 11:10:00.0;0,0
SÃO JOSÉ DOS CAMPOS;354990405A;SP;Chacara Boa Vista;-23,087;-45,931;2018-02-24 12:10:00.0;0,0
SÃO JOSÉ DOS CAMPOS;354990405A;SP;Chacara Boa Vista;-23,087;-45,931;2018-02-24 13:10:00.0;0,0
SÃO JOSÉ DOS CAMPOS;354990405A;SP;Chacara Boa Vista;-23,087;-45,931;2018-02-24 14:10:00.0;0,0
SÃO JOSÉ DOS CAMPOS;354990405A;SP;Chacara Boa Vista;-23,087;-45,931;2018-02-24 15:10:00.0;0,0
SÃO JOSÉ DOS CAMPOS;354990405A;SP;Chacara Boa Vista;-23,087;-45,931;2018-02-24 16:10:00.0;0,0
SÃO JOSÉ DOS CAMPOS;354990405A;SP;Chacara Boa Vista;-23,087;-45,931;2018-02-24 17:10:00.0;0,0
SÃO JOSÉ DOS CAMPOS;354990405A;SP;Chacara Boa Vista;-23,087;-45,931;2018-02-24 18:10:00.0;0,0
SÃO JOSÉ DOS CAMPOS;354990405A;SP;Chacara Boa Vista;-23,087;-45,931;2018-02-24 19:10:00.0;0,0
SÃO JOSÉ DOS CAMPOS;354990405A;SP;Chacara Boa Vista;-23,087;-45,931;2018-02-24 20:10:00.0;0,0
SÃO JOSÉ DOS CAMPOS;354990405A;SP;Chacara Boa Vista;-23,087;-45,931;2018-02-24 21:10:00.0;0,0
SÃO JOSÉ DOS CAMPOS;354990405A;SP;Chacara Boa Vista;-23,087;-45,931;2018-02-24 22:10:00.0;0,0
SÃO JOSÉ DOS CAMPOS;354990405A;SP;Chacara Boa Vista;-23,087;-45,931;2018-02-24 23:10:00.0;0,0
SÃO JOSÉ DOS CAMPOS;354990405A;SP;Chacara Boa Vista;-23,087;-45,931;2018-02-25 00:10:00.0;0,0
SÃO JOSÉ DOS CAMPOS;354990405A;SP;Chacara Boa Vista;-23,087;-45,931;2018-02-25 01:10:00.0;0,0
SÃO JOSÉ DOS CAMPOS;354990405A;SP;Chacara Boa Vista;-23,087;-45,931;2018-02-25 02:10:00.0;0,0
SÃO JOSÉ DOS CAMPOS;354990405A;SP;Chacara Boa Vista;-23,087;-45,931;2018-02-25 03:10:00.0;0,0
SÃO JOSÉ DOS CAMPOS;354990405A;SP;Chacara Boa Vista;-23,087;-45,931;2018-02-25 04:10:00.0;0,0
SÃO JOSÉ DOS CAMPOS;354990405A;SP;Chacara Boa Vista;-23,087;-45,931;2018-02-25 05:10:00.0;0,0
SÃO JOSÉ DOS CAMPOS;354990405A;SP;Chacara Boa Vista;-23,087;-45,931;2018-02-25 06:10:00.0;0,0
SÃO JOSÉ DOS CAMPOS;354990405A;SP;Chacara Boa Vista;-23,087;-45,931;2018-02-25 07:10:00.0;0,0
SÃO JOSÉ DOS CAMPOS;354990405A;SP;Chacara Boa Vista;-23,087;-45,931;2018-02-25 08:10:00.0;0,0
SÃO JOSÉ DOS CAMPOS;354990405A;SP;Chacara Boa Vista;-23,087;-45,931;2018-02-25 09:10:00.0;0,0
SÃO JOSÉ DOS CAMPOS;354990405A;SP;Chacara Boa Vista;-23,087;-45,931;2018-02-25 10:10:00.0;0,0
SÃO JOSÉ DOS CAMPOS;354990405A;SP;Chacara Boa Vista;-23,087;-45,931;2018-02-25 11:10:00.0;0,0
SÃO JOSÉ DOS CAMPOS;354990405A;SP;Chacara Boa Vista;-23,087;-45,931;2018-02-25 12:10:00.0;0,0
SÃO JOSÉ DOS CAMPOS;354990405A;SP;Chacara Boa Vista;-23,087;-45,931;2018-02-25 13:10:00.0;0,0
SÃO JOSÉ DOS CAMPOS;354990405A;SP;Chacara Boa Vista;-23,087;-45,931;2018-02-25 14:10:00.0;0,0
SÃO JOSÉ DOS CAMPOS;354990405A;SP;Chacara Boa Vista;-23,087;-45,931;2018-02-25 15:10:00.0;0,0
SÃO JOSÉ DOS CAMPOS;354990405A;SP;Chacara Boa Vista;-23,087;-45,931;2018-02-25 16:10:00.0;0,0
SÃO JOSÉ DOS CAMPOS;354990405A;SP;Chacara Boa Vista;-23,087;-45,931;2018-02-25 17:10:00.0;0,0
SÃO JOSÉ DOS CAMPOS;354990405A;SP;Chacara Boa Vista;-23,087;-45,931;2018-02-25 18:10:00.0;0,0
SÃO JOSÉ DOS CAMPOS;354990405A;SP;Chacara Boa Vista;-23,087;-45,931;2018-02-25 19:10:00.0;0,0
SÃO JOSÉ DOS CAMPOS;354990405A;SP;Chacara Boa Vista;-23,087;-45,931;2018-02-25 20:10:00.0;0,0
SÃO JOSÉ DOS CAMPOS;354990405A;SP;Chacara Boa Vista;-23,087;-45,931;2018-02-25 21:10:00.0;0,0
SÃO JOSÉ DOS CAMPOS;354990405A;SP;Chacara Boa Vista;-23,087;-45,931;2018-02-25 22:10:00.0;0,0
SÃO JOSÉ DOS CAMPOS;354990405A;SP;Chacara Boa Vista;-23,087;-45,931;2018-02-25 23:10:00.0;0,0
SÃO JOSÉ DOS CAMPOS;354990405A;SP;Chacara Boa Vista;-23,087;-45,931;2018-02-25 23:40:00.0;0,2
SÃO JOSÉ DOS CAMPOS;354990405A;SP;Chacara Boa Vista;-23,087;-45,931;2018-02-25 23:50:00.0;0,2
SÃO JOSÉ DOS CAMPOS;354990405A;SP;Chacara Boa Vista;-23,087;-45,931;2018-02-26 00:00:00.0;0,39
SÃO JOSÉ DOS CAMPOS;354990405A;SP;Chacara Boa Vista;-23,087;-45,931;2018-02-26 00:10:00.0;0,0
SÃO JOSÉ DOS CAMPOS;354990405A;SP;Chacara Boa Vista;-23,087;-45,931;2018-02-26 00:20:00.0;0,39
SÃO JOSÉ DOS CAMPOS;354990405A;SP;Chacara Boa Vista;-23,087;-45,931;2018-02-26 00:30:00.0;0,59
SÃO JOSÉ DOS CAMPOS;354990405A;SP;Chacara Boa Vista;-23,087;-45,931;2018-02-26 00:40:00.0;0,79
SÃO JOSÉ DOS CAMPOS;354990405A;SP;Chacara Boa Vista;-23,087;-45,931;2018-02-26 00:50:00.0;0,59
SÃO JOSÉ DOS CAMPOS;354990405A;SP;Chacara Boa Vista;-23,087;-45,931;2018-02-26 01:00:00.0;0,59
SÃO JOSÉ DOS CAMPOS;354990405A;SP;Chacara Boa Vista;-23,087;-45,931;2018-02-26 01:10:00.0;0,39
SÃO JOSÉ DOS CAMPOS;354990405A;SP;Chacara Boa Vista;-23,087;-45,931;2018-02-26 01:20:00.0;0,39
SÃO JOSÉ DOS CAMPOS;354990405A;SP;Chacara Boa Vista;-23,087;-45,931;2018-02-26 01:30:00.0;0,2
SÃO JOSÉ DOS CAMPOS;354990405A;SP;Chacara Boa Vista;-23,087;-45,931;2018-02-26 02:10:00.0;0,0
SÃO JOSÉ DOS CAMPOS;354990405A;SP;Chacara Boa Vista;-23,087;-45,931;2018-02-26 03:10:00.0;0,0
SÃO JOSÉ DOS CAMPOS;354990405A;SP;Chacara Boa Vista;-23,087;-45,931;2018-02-26 03:20:00.0;0,2
SÃO JOSÉ DOS CAMPOS;354990405A;SP;Chacara Boa Vista;-23,087;-45,931;2018-02-26 04:10:00.0;0,0
SÃO JOSÉ DOS CAMPOS;354990405A;SP;Chacara Boa Vista;-23,087;-45,931;2018-02-26 05:10:00.0;0,0
SÃO JOSÉ DOS CAMPOS;354990405A;SP;Chacara Boa Vista;-23,087;-45,931;2018-02-26 06:10:00.0;0,0
SÃO JOSÉ DOS CAMPOS;354990405A;SP;Chacara Boa Vista;-23,087;-45,931;2018-02-26 07:10:00.0;0,0
SÃO JOSÉ DOS CAMPOS;354990405A;SP;Chacara Boa Vista;-23,087;-45,931;2018-02-26 08:10:00.0;0,0
SÃO JOSÉ DOS CAMPOS;354990405A;SP;Chacara Boa Vista;-23,087;-45,931;2018-02-26 09:10:00.0;0,0
SÃO JOSÉ DOS CAMPOS;354990405A;SP;Chacara Boa Vista;-23,087;-45,931;2018-02-26 10:10:00.0;0,0
SÃO JOSÉ DOS CAMPOS;354990405A;SP;Chacara Boa Vista;-23,087;-45,931;2018-02-26 11:10:00.0;0,0
SÃO JOSÉ DOS CAMPOS;354990405A;SP;Chacara Boa Vista;-23,087;-45,931;2018-02-26 12:10:00.0;0,0
SÃO JOSÉ DOS CAMPOS;354990405A;SP;Chacara Boa Vista;-23,087;-45,931;2018-02-26 13:10:00.0;0,0
SÃO JOSÉ DOS CAMPOS;354990405A;SP;Chacara Boa Vista;-23,087;-45,931;2018-02-26 14:10:00.0;0,0
SÃO JOSÉ DOS CAMPOS;354990405A;SP;Chacara Boa Vista;-23,087;-45,931;2018-02-26 15:10:00.0;0,0
SÃO JOSÉ DOS CAMPOS;354990405A;SP;Chacara Boa Vista;-23,087;-45,931;2018-02-26 16:10:00.0;0,0
SÃO JOSÉ DOS CAMPOS;354990405A;SP;Chacara Boa Vista;-23,087;-45,931;2018-02-26 17:10:00.0;0,0
SÃO JOSÉ DOS CAMPOS;354990405A;SP;Chacara Boa Vista;-23,087;-45,931;2018-02-26 18:10:00.0;0,0
SÃO JOSÉ DOS CAMPOS;354990405A;SP;Chacara Boa Vista;-23,087;-45,931;2018-02-26 19:00:00.0;1,97
SÃO JOSÉ DOS CAMPOS;354990405A;SP;Chacara Boa Vista;-23,087;-45,931;2018-02-26 19:10:00.0;2,36
SÃO JOSÉ DOS CAMPOS;354990405A;SP;Chacara Boa Vista;-23,087;-45,931;2018-02-26 19:20:00.0;0,98
SÃO JOSÉ DOS CAMPOS;354990405A;SP;Chacara Boa Vista;-23,087;-45,931;2018-02-26 19:30:00.0;0,79
SÃO JOSÉ DOS CAMPOS;354990405A;SP;Chacara Boa Vista;-23,087;-45,931;2018-02-26 19:40:00.0;0,59
SÃO JOSÉ DOS CAMPOS;354990405A;SP;Chacara Boa Vista;-23,087;-45,931;2018-02-26 19:50:00.0;0,59
SÃO JOSÉ DOS CAMPOS;354990405A;SP;Chacara Boa Vista;-23,087;-45,931;2018-02-26 20:00:00.0;0,39
SÃO JOSÉ DOS CAMPOS;354990405A;SP;Chacara Boa Vista;-23,087;-45,931;2018-02-26 20:10:00.0;0,39
SÃO JOSÉ DOS CAMPOS;354990405A;SP;Chacara Boa Vista;-23,087;-45,931;2018-02-26 20:20:00.0;0,39
SÃO JOSÉ DOS CAMPOS;354990405A;SP;Chacara Boa Vista;-23,087;-45,931;2018-02-26 20:30:00.0;0,2
SÃO JOSÉ DOS CAMPOS;354990405A;SP;Chacara Boa Vista;-23,087;-45,931;2018-02-26 20:40:00.0;0,39
SÃO JOSÉ DOS CAMPOS;354990405A;SP;Chacara Boa Vista;-23,087;-45,931;2018-02-26 20:50:00.0;0,2
SÃO JOSÉ DOS CAMPOS;354990405A;SP;Chacara Boa Vista;-23,087;-45,931;2018-02-26 21:00:00.0;0,39
SÃO JOSÉ DOS CAMPOS;354990405A;SP;Chacara Boa Vista;-23,087;-45,931;2018-02-26 21:10:00.0;0,2
SÃO JOSÉ DOS CAMPOS;354990405A;SP;Chacara Boa Vista;-23,087;-45,931;2018-02-26 21:20:00.0;0,39
SÃO JOSÉ DOS CAMPOS;354990405A;SP;Chacara Boa Vista;-23,087;-45,931;2018-02-26 21:30:00.0;0,39
SÃO JOSÉ DOS CAMPOS;354990405A;SP;Chacara Boa Vista;-23,087;-45,931;2018-02-26 21:40:00.0;0,2
SÃO JOSÉ DOS CAMPOS;354990405A;SP;Chacara Boa Vista;-23,087;-45,931;2018-02-26 21:50:00.0;0,39
SÃO JOSÉ DOS CAMPOS;354990405A;SP;Chacara Boa Vista;-23,087;-45,931;2018-02-26 22:00:00.0;0,2
SÃO JOSÉ DOS CAMPOS;354990405A;SP;Chacara Boa Vista;-23,087;-45,931;2018-02-26 22:10:00.0;0,39
SÃO JOSÉ DOS CAMPOS;354990405A;SP;Chacara Boa Vista;-23,087;-45,931;2018-02-26 22:20:00.0;0,2
SÃO JOSÉ DOS CAMPOS;354990405A;SP;Chacara Boa Vista;-23,087;-45,931;2018-02-26 22:30:00.0;0,39
SÃO JOSÉ DOS CAMPOS;354990405A;SP;Chacara Boa Vista;-23,087;-45,931;2018-02-26 22:40:00.0;0,2
SÃO JOSÉ DOS CAMPOS;354990405A;SP;Chacara Boa Vista;-23,087;-45,931;2018-02-26 22:50:00.0;0,39
SÃO JOSÉ DOS CAMPOS;354990405A;SP;Chacara Boa Vista;-23,087;-45,931;2018-02-26 23:00:00.0;0,2
SÃO JOSÉ DOS CAMPOS;354990405A;SP;Chacara Boa Vista;-23,087;-45,931;2018-02-26 23:10:00.0;0,2
SÃO JOSÉ DOS CAMPOS;354990405A;SP;Chacara Boa Vista;-23,087;-45,931;2018-02-26 23:20:00.0;0,2
SÃO JOSÉ DOS CAMPOS;354990405A;SP;Chacara Boa Vista;-23,087;-45,931;2018-02-26 23:30:00.0;0,2
SÃO JOSÉ DOS CAMPOS;354990405A;SP;Chacara Boa Vista;-23,087;-45,931;2018-02-26 23:40:00.0;0,2
SÃO JOSÉ DOS CAMPOS;354990405A;SP;Chacara Boa Vista;-23,087;-45,931;2018-02-26 23:50:00.0;0,2
SÃO JOSÉ DOS CAMPOS;354990405A;SP;Chacara Boa Vista;-23,087;-45,931;2018-02-27 00:10:00.0;0,0
SÃO JOSÉ DOS CAMPOS;354990405A;SP;Chacara Boa Vista;-23,087;-45,931;2018-02-27 01:10:00.0;0,0
SÃO JOSÉ DOS CAMPOS;354990405A;SP;Chacara Boa Vista;-23,087;-45,931;2018-02-27 01:20:00.0;0,2
SÃO JOSÉ DOS CAMPOS;354990405A;SP;Chacara Boa Vista;-23,087;-45,931;2018-02-27 02:10:00.0;0,0
SÃO JOSÉ DOS CAMPOS;354990405A;SP;Chacara Boa Vista;-23,087;-45,931;2018-02-27 03:10:00.0;0,0
SÃO JOSÉ DOS CAMPOS;354990405A;SP;Chacara Boa Vista;-23,087;-45,931;2018-02-27 04:10:00.0;0,0
SÃO JOSÉ DOS CAMPOS;354990405A;SP;Chacara Boa Vista;-23,087;-45,931;2018-02-27 05:00:00.0;0,2
SÃO JOSÉ DOS CAMPOS;354990405A;SP;Chacara Boa Vista;-23,087;-45,931;2018-02-27 05:20:00.0;0,2
SÃO JOSÉ DOS CAMPOS;354990405A;SP;Chacara Boa Vista;-23,087;-45,931;2018-02-27 05:40:00.0;0,2
SÃO JOSÉ DOS CAMPOS;354990405A;SP;Chacara Boa Vista;-23,087;-45,931;2018-02-27 05:50:00.0;0,2
SÃO JOSÉ DOS CAMPOS;354990405A;SP;Chacara Boa Vista;-23,087;-45,931;2018-02-27 06:10:00.0;0,2
SÃO JOSÉ DOS CAMPOS;354990405A;SP;Chacara Boa Vista;-23,087;-45,931;2018-02-27 06:30:00.0;0,2
SÃO JOSÉ DOS CAMPOS;354990405A;SP;Chacara Boa Vista;-23,087;-45,931;2018-02-27 07:00:00.0;0,2
SÃO JOSÉ DOS CAMPOS;354990405A;SP;Chacara Boa Vista;-23,087;-45,931;2018-02-27 07:10:00.0;0,0
SÃO JOSÉ DOS CAMPOS;354990405A;SP;Chacara Boa Vista;-23,087;-45,931;2018-02-27 08:10:00.0;0,0
SÃO JOSÉ DOS CAMPOS;354990405A;SP;Chacara Boa Vista;-23,087;-45,931;2018-02-27 09:10:00.0;0,0
SÃO JOSÉ DOS CAMPOS;354990405A;SP;Chacara Boa Vista;-23,087;-45,931;2018-02-27 10:10:00.0;0,0
SÃO JOSÉ DOS CAMPOS;354990405A;SP;Chacara Boa Vista;-23,087;-45,931;2018-02-27 11:10:00.0;0,0
SÃO JOSÉ DOS CAMPOS;354990405A;SP;Chacara Boa Vista;-23,087;-45,931;2018-02-27 12:10:00.0;0,0
SÃO JOSÉ DOS CAMPOS;354990405A;SP;Chacara Boa Vista;-23,087;-45,931;2018-02-27 13:10:00.0;0,0
SÃO JOSÉ DOS CAMPOS;354990405A;SP;Chacara Boa Vista;-23,087;-45,931;2018-02-27 14:10:00.0;0,0
SÃO JOSÉ DOS CAMPOS;354990405A;SP;Chacara Boa Vista;-23,087;-45,931;2018-02-27 15:10:00.0;0,0
SÃO JOSÉ DOS CAMPOS;354990405A;SP;Chacara Boa Vista;-23,087;-45,931;2018-02-27 16:10:00.0;0,0
SÃO JOSÉ DOS CAMPOS;354990405A;SP;Chacara Boa Vista;-23,087;-45,931;2018-02-27 17:10:00.0;0,0
SÃO JOSÉ DOS CAMPOS;354990405A;SP;Chacara Boa Vista;-23,087;-45,931;2018-02-27 17:40:00.0;0,79
SÃO JOSÉ DOS CAMPOS;354990405A;SP;Chacara Boa Vista;-23,087;-45,931;2018-02-27 17:50:00.0;1,37
SÃO JOSÉ DOS CAMPOS;354990405A;SP;Chacara Boa Vista;-23,087;-45,931;2018-02-27 18:00:00.0;0,79
SÃO JOSÉ DOS CAMPOS;354990405A;SP;Chacara Boa Vista;-23,087;-45,931;2018-02-27 18:10:00.0;0,39
SÃO JOSÉ DOS CAMPOS;354990405A;SP;Chacara Boa Vista;-23,087;-45,931;2018-02-27 18:20:00.0;0,39
SÃO JOSÉ DOS CAMPOS;354990405A;SP;Chacara Boa Vista;-23,087;-45,931;2018-02-27 18:30:00.0;0,2
SÃO JOSÉ DOS CAMPOS;354990405A;SP;Chacara Boa Vista;-23,087;-45,931;2018-02-27 18:40:00.0;0,2
SÃO JOSÉ DOS CAMPOS;354990405A;SP;Chacara Boa Vista;-23,087;-45,931;2018-02-27 18:50:00.0;0,2
SÃO JOSÉ DOS CAMPOS;354990405A;SP;Chacara Boa Vista;-23,087;-45,931;2018-02-27 19:00:00.0;0,2
SÃO JOSÉ DOS CAMPOS;354990405A;SP;Chacara Boa Vista;-23,087;-45,931;2018-02-27 19:10:00.0;0,2
SÃO JOSÉ DOS CAMPOS;354990405A;SP;Chacara Boa Vista;-23,087;-45,931;2018-02-27 19:20:00.0;0,2
SÃO JOSÉ DOS CAMPOS;354990405A;SP;Chacara Boa Vista;-23,087;-45,931;2018-02-27 19:30:00.0;0,2
SÃO JOSÉ DOS CAMPOS;354990405A;SP;Chacara Boa Vista;-23,087;-45,931;2018-02-27 19:50:00.0;0,2
SÃO JOSÉ DOS CAMPOS;354990405A;SP;Chacara Boa Vista;-23,087;-45,931;2018-02-27 20:00:00.0;0,2
SÃO JOSÉ DOS CAMPOS;354990405A;SP;Chacara Boa Vista;-23,087;-45,931;2018-02-27 20:10:00.0;0,2
SÃO JOSÉ DOS CAMPOS;354990405A;SP;Chacara Boa Vista;-23,087;-45,931;2018-02-27 21:00:00.0;0,2
SÃO JOSÉ DOS CAMPOS;354990405A;SP;Chacara Boa Vista;-23,087;-45,931;2018-02-27 21:10:00.0;0,0
SÃO JOSÉ DOS CAMPOS;354990405A;SP;Chacara Boa Vista;-23,087;-45,931;2018-02-27 22:10:00.0;0,0
SÃO JOSÉ DOS CAMPOS;354990405A;SP;Chacara Boa Vista;-23,087;-45,931;2018-02-27 23:10:00.0;0,0
SÃO JOSÉ DOS CAMPOS;354990405A;SP;Chacara Boa Vista;-23,087;-45,931;2018-02-28 00:10:00.0;0,0
SÃO JOSÉ DOS CAMPOS;354990405A;SP;Chacara Boa Vista;-23,087;-45,931;2018-02-28 01:10:00.0;0,0
SÃO JOSÉ DOS CAMPOS;354990405A;SP;Chacara Boa Vista;-23,087;-45,931;2018-02-28 02:10:00.0;0,0
SÃO JOSÉ DOS CAMPOS;354990405A;SP;Chacara Boa Vista;-23,087;-45,931;2018-02-28 03:10:00.0;0,0
SÃO JOSÉ DOS CAMPOS;354990405A;SP;Chacara Boa Vista;-23,087;-45,931;2018-02-28 04:10:00.0;0,0
SÃO JOSÉ DOS CAMPOS;354990405A;SP;Chacara Boa Vista;-23,087;-45,931;2018-02-28 05:10:00.0;0,0
SÃO JOSÉ DOS CAMPOS;354990405A;SP;Chacara Boa Vista;-23,087;-45,931;2018-02-28 06:10:00.0;0,0
SÃO JOSÉ DOS CAMPOS;354990405A;SP;Chacara Boa Vista;-23,087;-45,931;2018-02-28 07:10:00.0;0,0
SÃO JOSÉ DOS CAMPOS;354990405A;SP;Chacara Boa Vista;-23,087;-45,931;2018-02-28 08:10:00.0;0,0
SÃO JOSÉ DOS CAMPOS;354990405A;SP;Chacara Boa Vista;-23,087;-45,931;2018-02-28 09:10:00.0;0,0
SÃO JOSÉ DOS CAMPOS;354990405A;SP;Chacara Boa Vista;-23,087;-45,931;2018-02-28 10:10:00.0;0,0
SÃO JOSÉ DOS CAMPOS;354990405A;SP;Chacara Boa Vista;-23,087;-45,931;2018-02-28 11:10:00.0;0,0
SÃO JOSÉ DOS CAMPOS;354990405A;SP;Chacara Boa Vista;-23,087;-45,931;2018-02-28 12:10:00.0;0,0
SÃO JOSÉ DOS CAMPOS;354990405A;SP;Chacara Boa Vista;-23,087;-45,931;2018-02-28 13:10:00.0;0,0
SÃO JOSÉ DOS CAMPOS;354990405A;SP;Chacara Boa Vista;-23,087;-45,931;2018-02-28 14:10:00.0;0,0
SÃO JOSÉ DOS CAMPOS;354990405A;SP;Chacara Boa Vista;-23,087;-45,931;2018-02-28 15:10:00.0;0,0
SÃO JOSÉ DOS CAMPOS;354990405A;SP;Chacara Boa Vista;-23,087;-45,931;2018-02-28 16:10:00.0;0,0
SÃO JOSÉ DOS CAMPOS;354990405A;SP;Chacara Boa Vista;-23,087;-45,931;2018-02-28 17:10:00.0;0,0
SÃO JOSÉ DOS CAMPOS;354990405A;SP;Chacara Boa Vista;-23,087;-45,931;2018-02-28 18:10:00.0;0,0
SÃO JOSÉ DOS CAMPOS;354990405A;SP;Chacara Boa Vista;-23,087;-45,931;2018-02-28 18:50:00.0;0,39
SÃO JOSÉ DOS CAMPOS;354990405A;SP;Chacara Boa Vista;-23,087;-45,931;2018-02-28 19:00:00.0;0,59
SÃO JOSÉ DOS CAMPOS;354990405A;SP;Chacara Boa Vista;-23,087;-45,931;2018-02-28 19:10:00.0;0,0
SÃO JOSÉ DOS CAMPOS;354990405A;SP;Chacara Boa Vista;-23,087;-45,931;2018-02-28 19:30:00.0;0,2
SÃO JOSÉ DOS CAMPOS;354990405A;SP;Chacara Boa Vista;-23,087;-45,931;2018-02-28 20:10:00.0;0,2
SÃO JOSÉ DOS CAMPOS;354990405A;SP;Chacara Boa Vista;-23,087;-45,931;2018-02-28 21:10:00.0;0,0
SÃO JOSÉ DOS CAMPOS;354990405A;SP;Chacara Boa Vista;-23,087;-45,931;2018-02-28 22:10:00.0;0,0
SÃO JOSÉ DOS CAMPOS;354990405A;SP;Chacara Boa Vista;-23,087;-45,931;2018-02-28 23:10:00.0;0,0
SÃO JOSÉ DOS CAMPOS;354990406A;SP;Altos Vila Paiva;-23,143;-45,92;2018-02-01 00:10:00.0;0,0
SÃO JOSÉ DOS CAMPOS;354990406A;SP;Altos Vila Paiva;-23,143;-45,92;2018-02-01 01:10:00.0;0,0
SÃO JOSÉ DOS CAMPOS;354990406A;SP;Altos Vila Paiva;-23,143;-45,92;2018-02-01 02:10:00.0;0,0
SÃO JOSÉ DOS CAMPOS;354990406A;SP;Altos Vila Paiva;-23,143;-45,92;2018-02-01 03:10:00.0;0,0
SÃO JOSÉ DOS CAMPOS;354990406A;SP;Altos Vila Paiva;-23,143;-45,92;2018-02-01 04:10:00.0;0,0
SÃO JOSÉ DOS CAMPOS;354990406A;SP;Altos Vila Paiva;-23,143;-45,92;2018-02-01 05:10:00.0;0,0
SÃO JOSÉ DOS CAMPOS;354990406A;SP;Altos Vila Paiva;-23,143;-45,92;2018-02-01 06:10:00.0;0,0
SÃO JOSÉ DOS CAMPOS;354990406A;SP;Altos Vila Paiva;-23,143;-45,92;2018-02-01 07:10:00.0;0,0
SÃO JOSÉ DOS CAMPOS;354990406A;SP;Altos Vila Paiva;-23,143;-45,92;2018-02-01 08:10:00.0;0,0
SÃO JOSÉ DOS CAMPOS;354990406A;SP;Altos Vila Paiva;-23,143;-45,92;2018-02-01 09:10:00.0;0,0
SÃO JOSÉ DOS CAMPOS;354990406A;SP;Altos Vila Paiva;-23,143;-45,92;2018-02-01 10:10:00.0;0,0
SÃO JOSÉ DOS CAMPOS;354990406A;SP;Altos Vila Paiva;-23,143;-45,92;2018-02-01 11:10:00.0;0,0
SÃO JOSÉ DOS CAMPOS;354990406A;SP;Altos Vila Paiva;-23,143;-45,92;2018-02-01 12:10:00.0;0,0
SÃO JOSÉ DOS CAMPOS;354990406A;SP;Altos Vila Paiva;-23,143;-45,92;2018-02-01 13:10:00.0;0,0
SÃO JOSÉ DOS CAMPOS;354990406A;SP;Altos Vila Paiva;-23,143;-45,92;2018-02-01 14:10:00.0;0,0
SÃO JOSÉ DOS CAMPOS;354990406A;SP;Altos Vila Paiva;-23,143;-45,92;2018-02-01 15:10:00.0;0,0
SÃO JOSÉ DOS CAMPOS;354990406A;SP;Altos Vila Paiva;-23,143;-45,92;2018-02-01 16:10:00.0;0,0
SÃO JOSÉ DOS CAMPOS;354990406A;SP;Altos Vila Paiva;-23,143;-45,92;2018-02-01 17:10:00.0;0,0
SÃO JOSÉ DOS CAMPOS;354990406A;SP;Altos Vila Paiva;-23,143;-45,92;2018-02-01 18:10:00.0;0,0
SÃO JOSÉ DOS CAMPOS;354990406A;SP;Altos Vila Paiva;-23,143;-45,92;2018-02-01 19:10:00.0;0,0
SÃO JOSÉ DOS CAMPOS;354990406A;SP;Altos Vila Paiva;-23,143;-45,92;2018-02-01 20:10:00.0;0,0
SÃO JOSÉ DOS CAMPOS;354990406A;SP;Altos Vila Paiva;-23,143;-45,92;2018-02-01 21:10:00.0;0,0
SÃO JOSÉ DOS CAMPOS;354990406A;SP;Altos Vila Paiva;-23,143;-45,92;2018-02-01 22:10:00.0;0,0
SÃO JOSÉ DOS CAMPOS;354990406A;SP;Altos Vila Paiva;-23,143;-45,92;2018-02-01 23:10:00.0;0,0
SÃO JOSÉ DOS CAMPOS;354990406A;SP;Altos Vila Paiva;-23,143;-45,92;2018-02-02 00:10:00.0;0,0
SÃO JOSÉ DOS CAMPOS;354990406A;SP;Altos Vila Paiva;-23,143;-45,92;2018-02-02 01:10:00.0;0,0
SÃO JOSÉ DOS CAMPOS;354990406A;SP;Altos Vila Paiva;-23,143;-45,92;2018-02-02 02:10:00.0;0,0
SÃO JOSÉ DOS CAMPOS;354990406A;SP;Altos Vila Paiva;-23,143;-45,92;2018-02-02 03:10:00.0;0,0
SÃO JOSÉ DOS CAMPOS;354990406A;SP;Altos Vila Paiva;-23,143;-45,92;2018-02-02 04:10:00.0;0,0
SÃO JOSÉ DOS CAMPOS;354990406A;SP;Altos Vila Paiva;-23,143;-45,92;2018-02-02 05:10:00.0;0,0
SÃO JOSÉ DOS CAMPOS;354990406A;SP;Altos Vila Paiva;-23,143;-45,92;2018-02-02 06:10:00.0;0,0
SÃO JOSÉ DOS CAMPOS;354990406A;SP;Altos Vila Paiva;-23,143;-45,92;2018-02-02 07:10:00.0;0,0
SÃO JOSÉ DOS CAMPOS;354990406A;SP;Altos Vila Paiva;-23,143;-45,92;2018-02-02 08:10:00.0;0,0
SÃO JOSÉ DOS CAMPOS;354990406A;SP;Altos Vila Paiva;-23,143;-45,92;2018-02-02 09:10:00.0;0,0
SÃO JOSÉ DOS CAMPOS;354990406A;SP;Altos Vila Paiva;-23,143;-45,92;2018-02-02 10:10:00.0;0,0
SÃO JOSÉ DOS CAMPOS;354990406A;SP;Altos Vila Paiva;-23,143;-45,92;2018-02-02 11:10:00.0;0,0
SÃO JOSÉ DOS CAMPOS;354990406A;SP;Altos Vila Paiva;-23,143;-45,92;2018-02-02 12:10:00.0;0,0
SÃO JOSÉ DOS CAMPOS;354990406A;SP;Altos Vila Paiva;-23,143;-45,92;2018-02-02 13:10:00.0;0,0
SÃO JOSÉ DOS CAMPOS;354990406A;SP;Altos Vila Paiva;-23,143;-45,92;2018-02-02 14:10:00.0;0,0
SÃO JOSÉ DOS CAMPOS;354990406A;SP;Altos Vila Paiva;-23,143;-45,92;2018-02-02 15:10:00.0;0,0
SÃO JOSÉ DOS CAMPOS;354990406A;SP;Altos Vila Paiva;-23,143;-45,92;2018-02-02 16:10:00.0;0,0
SÃO JOSÉ DOS CAMPOS;354990406A;SP;Altos Vila Paiva;-23,143;-45,92;2018-02-02 17:10:00.0;0,0
SÃO JOSÉ DOS CAMPOS;354990406A;SP;Altos Vila Paiva;-23,143;-45,92;2018-02-02 18:10:00.0;0,0
SÃO JOSÉ DOS CAMPOS;354990406A;SP;Altos Vila Paiva;-23,143;-45,92;2018-02-02 19:10:00.0;0,0
SÃO JOSÉ DOS CAMPOS;354990406A;SP;Altos Vila Paiva;-23,143;-45,92;2018-02-02 20:10:00.0;0,0
SÃO JOSÉ DOS CAMPOS;354990406A;SP;Altos Vila Paiva;-23,143;-45,92;2018-02-02 21:10:00.0;0,0
SÃO JOSÉ DOS CAMPOS;354990406A;SP;Altos Vila Paiva;-23,143;-45,92;2018-02-02 22:10:00.0;0,0
SÃO JOSÉ DOS CAMPOS;354990406A;SP;Altos Vila Paiva;-23,143;-45,92;2018-02-02 23:10:00.0;0,0
SÃO JOSÉ DOS CAMPOS;354990406A;SP;Altos Vila Paiva;-23,143;-45,92;2018-02-03 00:10:00.0;0,0
SÃO JOSÉ DOS CAMPOS;354990406A;SP;Altos Vila Paiva;-23,143;-45,92;2018-02-03 01:10:00.0;0,0
SÃO JOSÉ DOS CAMPOS;354990406A;SP;Altos Vila Paiva;-23,143;-45,92;2018-02-03 02:10:00.0;0,0
SÃO JOSÉ DOS CAMPOS;354990406A;SP;Altos Vila Paiva;-23,143;-45,92;2018-02-03 03:10:00.0;0,0
SÃO JOSÉ DOS CAMPOS;354990406A;SP;Altos Vila Paiva;-23,143;-45,92;2018-02-03 04:10:00.0;0,0
SÃO JOSÉ DOS CAMPOS;354990406A;SP;Altos Vila Paiva;-23,143;-45,92;2018-02-03 05:10:00.0;0,0
SÃO JOSÉ DOS CAMPOS;354990406A;SP;Altos Vila Paiva;-23,143;-45,92;2018-02-03 06:10:00.0;0,0
SÃO JOSÉ DOS CAMPOS;354990406A;SP;Altos Vila Paiva;-23,143;-45,92;2018-02-03 07:10:00.0;0,0
SÃO JOSÉ DOS CAMPOS;354990406A;SP;Altos Vila Paiva;-23,143;-45,92;2018-02-03 08:10:00.0;0,0
SÃO JOSÉ DOS CAMPOS;354990406A;SP;Altos Vila Paiva;-23,143;-45,92;2018-02-03 09:10:00.0;0,0
SÃO JOSÉ DOS CAMPOS;354990406A;SP;Altos Vila Paiva;-23,143;-45,92;2018-02-03 10:10:00.0;0,0
SÃO JOSÉ DOS CAMPOS;354990406A;SP;Altos Vila Paiva;-23,143;-45,92;2018-02-03 11:10:00.0;0,0
SÃO JOSÉ DOS CAMPOS;354990406A;SP;Altos Vila Paiva;-23,143;-45,92;2018-02-03 12:10:00.0;0,0
SÃO JOSÉ DOS CAMPOS;354990406A;SP;Altos Vila Paiva;-23,143;-45,92;2018-02-03 13:10:00.0;0,0
SÃO JOSÉ DOS CAMPOS;354990406A;SP;Altos Vila Paiva;-23,143;-45,92;2018-02-03 14:10:00.0;0,0
SÃO JOSÉ DOS CAMPOS;354990406A;SP;Altos Vila Paiva;-23,143;-45,92;2018-02-03 15:10:00.0;0,0
SÃO JOSÉ DOS CAMPOS;354990406A;SP;Altos Vila Paiva;-23,143;-45,92;2018-02-03 16:10:00.0;0,0
SÃO JOSÉ DOS CAMPOS;354990406A;SP;Altos Vila Paiva;-23,143;-45,92;2018-02-03 17:10:00.0;0,0
SÃO JOSÉ DOS CAMPOS;354990406A;SP;Altos Vila Paiva;-23,143;-45,92;2018-02-03 18:10:00.0;0,0
SÃO JOSÉ DOS CAMPOS;354990406A;SP;Altos Vila Paiva;-23,143;-45,92;2018-02-03 19:10:00.0;0,0
SÃO JOSÉ DOS CAMPOS;354990406A;SP;Altos Vila Paiva;-23,143;-45,92;2018-02-03 20:10:00.0;0,0
SÃO JOSÉ DOS CAMPOS;354990406A;SP;Altos Vila Paiva;-23,143;-45,92;2018-02-03 21:10:00.0;0,0
SÃO JOSÉ DOS CAMPOS;354990406A;SP;Altos Vila Paiva;-23,143;-45,92;2018-02-03 22:10:00.0;0,0
SÃO JOSÉ DOS CAMPOS;354990406A;SP;Altos Vila Paiva;-23,143;-45,92;2018-02-03 23:10:00.0;0,0
SÃO JOSÉ DOS CAMPOS;354990406A;SP;Altos Vila Paiva;-23,143;-45,92;2018-02-04 00:10:00.0;0,0
SÃO JOSÉ DOS CAMPOS;354990406A;SP;Altos Vila Paiva;-23,143;-45,92;2018-02-04 01:10:00.0;0,0
SÃO JOSÉ DOS CAMPOS;354990406A;SP;Altos Vila Paiva;-23,143;-45,92;2018-02-04 02:10:00.0;0,0
SÃO JOSÉ DOS CAMPOS;354990406A;SP;Altos Vila Paiva;-23,143;-45,92;2018-02-04 03:10:00.0;0,0
SÃO JOSÉ DOS CAMPOS;354990406A;SP;Altos Vila Paiva;-23,143;-45,92;2018-02-04 04:10:00.0;0,0
SÃO JOSÉ DOS CAMPOS;354990406A;SP;Altos Vila Paiva;-23,143;-45,92;2018-02-04 05:10:00.0;0,0
SÃO JOSÉ DOS CAMPOS;354990406A;SP;Altos Vila Paiva;-23,143;-45,92;2018-02-04 06:10:00.0;0,0
SÃO JOSÉ DOS CAMPOS;354990406A;SP;Altos Vila Paiva;-23,143;-45,92;2018-02-04 07:10:00.0;0,0
SÃO JOSÉ DOS CAMPOS;354990406A;SP;Altos Vila Paiva;-23,143;-45,92;2018-02-04 08:10:00.0;0,0
SÃO JOSÉ DOS CAMPOS;354990406A;SP;Altos Vila Paiva;-23,143;-45,92;2018-02-04 09:10:00.0;0,0
SÃO JOSÉ DOS CAMPOS;354990406A;SP;Altos Vila Paiva;-23,143;-45,92;2018-02-04 10:10:00.0;0,0
SÃO JOSÉ DOS CAMPOS;354990406A;SP;Altos Vila Paiva;-23,143;-45,92;2018-02-04 11:10:00.0;0,0
SÃO JOSÉ DOS CAMPOS;354990406A;SP;Altos Vila Paiva;-23,143;-45,92;2018-02-04 12:10:00.0;0,0
SÃO JOSÉ DOS CAMPOS;354990406A;SP;Altos Vila Paiva;-23,143;-45,92;2018-02-04 13:10:00.0;0,0
SÃO JOSÉ DOS CAMPOS;354990406A;SP;Altos Vila Paiva;-23,143;-45,92;2018-02-04 14:10:00.0;0,0
SÃO JOSÉ DOS CAMPOS;354990406A;SP;Altos Vila Paiva;-23,143;-45,92;2018-02-04 15:10:00.0;0,0
SÃO JOSÉ DOS CAMPOS;354990406A;SP;Altos Vila Paiva;-23,143;-45,92;2018-02-04 16:10:00.0;0,0
SÃO JOSÉ DOS CAMPOS;354990406A;SP;Altos Vila Paiva;-23,143;-45,92;2018-02-04 17:10:00.0;0,0
SÃO JOSÉ DOS CAMPOS;354990406A;SP;Altos Vila Paiva;-23,143;-45,92;2018-02-04 18:10:00.0;0,0
SÃO JOSÉ DOS CAMPOS;354990406A;SP;Altos Vila Paiva;-23,143;-45,92;2018-02-04 19:10:00.0;0,0
SÃO JOSÉ DOS CAMPOS;354990406A;SP;Altos Vila Paiva;-23,143;-45,92;2018-02-04 20:10:00.0;0,0
SÃO JOSÉ DOS CAMPOS;354990406A;SP;Altos Vila Paiva;-23,143;-45,92;2018-02-04 21:10:00.0;0,0
SÃO JOSÉ DOS CAMPOS;354990406A;SP;Altos Vila Paiva;-23,143;-45,92;2018-02-04 22:10:00.0;0,0
SÃO JOSÉ DOS CAMPOS;354990406A;SP;Altos Vila Paiva;-23,143;-45,92;2018-02-04 23:10:00.0;0,0
SÃO JOSÉ DOS CAMPOS;354990406A;SP;Altos Vila Paiva;-23,143;-45,92;2018-02-05 00:10:00.0;0,0
SÃO JOSÉ DOS CAMPOS;354990406A;SP;Altos Vila Paiva;-23,143;-45,92;2018-02-05 01:10:00.0;0,0
SÃO JOSÉ DOS CAMPOS;354990406A;SP;Altos Vila Paiva;-23,143;-45,92;2018-02-05 02:10:00.0;0,0
SÃO JOSÉ DOS CAMPOS;354990406A;SP;Altos Vila Paiva;-23,143;-45,92;2018-02-05 03:10:00.0;0,0
SÃO JOSÉ DOS CAMPOS;354990406A;SP;Altos Vila Paiva;-23,143;-45,92;2018-02-05 04:10:00.0;0,0
SÃO JOSÉ DOS CAMPOS;354990406A;SP;Altos Vila Paiva;-23,143;-45,92;2018-02-05 05:10:00.0;0,0
SÃO JOSÉ DOS CAMPOS;354990406A;SP;Altos Vila Paiva;-23,143;-45,92;2018-02-05 06:10:00.0;0,0
SÃO JOSÉ DOS CAMPOS;354990406A;SP;Altos Vila Paiva;-23,143;-45,92;2018-02-05 07:10:00.0;0,0
SÃO JOSÉ DOS CAMPOS;354990406A;SP;Altos Vila Paiva;-23,143;-45,92;2018-02-05 08:10:00.0;0,0
SÃO JOSÉ DOS CAMPOS;354990406A;SP;Altos Vila Paiva;-23,143;-45,92;2018-02-05 09:10:00.0;0,0
SÃO JOSÉ DOS CAMPOS;354990406A;SP;Altos Vila Paiva;-23,143;-45,92;2018-02-05 10:10:00.0;0,0
SÃO JOSÉ DOS CAMPOS;354990406A;SP;Altos Vila Paiva;-23,143;-45,92;2018-02-05 11:10:00.0;0,0
SÃO JOSÉ DOS CAMPOS;354990406A;SP;Altos Vila Paiva;-23,143;-45,92;2018-02-05 12:10:00.0;0,0
SÃO JOSÉ DOS CAMPOS;354990406A;SP;Altos Vila Paiva;-23,143;-45,92;2018-02-05 13:10:00.0;0,0
SÃO JOSÉ DOS CAMPOS;354990406A;SP;Altos Vila Paiva;-23,143;-45,92;2018-02-05 14:10:00.0;0,0
SÃO JOSÉ DOS CAMPOS;354990406A;SP;Altos Vila Paiva;-23,143;-45,92;2018-02-05 15:10:00.0;0,0
SÃO JOSÉ DOS CAMPOS;354990406A;SP;Altos Vila Paiva;-23,143;-45,92;2018-02-05 16:10:00.0;0,0
SÃO JOSÉ DOS CAMPOS;354990406A;SP;Altos Vila Paiva;-23,143;-45,92;2018-02-05 17:10:00.0;0,0
SÃO JOSÉ DOS CAMPOS;354990406A;SP;Altos Vila Paiva;-23,143;-45,92;2018-02-05 18:10:00.0;0,0
SÃO JOSÉ DOS CAMPOS;354990406A;SP;Altos Vila Paiva;-23,143;-45,92;2018-02-05 19:10:00.0;0,0
SÃO JOSÉ DOS CAMPOS;354990406A;SP;Altos Vila Paiva;-23,143;-45,92;2018-02-05 20:10:00.0;0,0
SÃO JOSÉ DOS CAMPOS;354990406A;SP;Altos Vila Paiva;-23,143;-45,92;2018-02-05 21:10:00.0;0,2
SÃO JOSÉ DOS CAMPOS;354990406A;SP;Altos Vila Paiva;-23,143;-45,92;2018-02-05 21:20:00.0;0,2
SÃO JOSÉ DOS CAMPOS;354990406A;SP;Altos Vila Paiva;-23,143;-45,92;2018-02-05 21:40:00.0;0,2
SÃO JOSÉ DOS CAMPOS;354990406A;SP;Altos Vila Paiva;-23,143;-45,92;2018-02-05 22:10:00.0;0,0
SÃO JOSÉ DOS CAMPOS;354990406A;SP;Altos Vila Paiva;-23,143;-45,92;2018-02-05 22:30:00.0;0,2
SÃO JOSÉ DOS CAMPOS;354990406A;SP;Altos Vila Paiva;-23,143;-45,92;2018-02-05 23:10:00.0;0,0
SÃO JOSÉ DOS CAMPOS;354990406A;SP;Altos Vila Paiva;-23,143;-45,92;2018-02-05 23:30:00.0;0,2
SÃO JOSÉ DOS CAMPOS;354990406A;SP;Altos Vila Paiva;-23,143;-45,92;2018-02-06 00:10:00.0;0,0
SÃO JOSÉ DOS CAMPOS;354990406A;SP;Altos Vila Paiva;-23,143;-45,92;2018-02-06 01:00:00.0;0,2
SÃO JOSÉ DOS CAMPOS;354990406A;SP;Altos Vila Paiva;-23,143;-45,92;2018-02-06 01:10:00.0;0,0
SÃO JOSÉ DOS CAMPOS;354990406A;SP;Altos Vila Paiva;-23,143;-45,92;2018-02-06 02:10:00.0;0,2
SÃO JOSÉ DOS CAMPOS;354990406A;SP;Altos Vila Paiva;-23,143;-45,92;2018-02-06 03:10:00.0;0,2
SÃO JOSÉ DOS CAMPOS;354990406A;SP;Altos Vila Paiva;-23,143;-45,92;2018-02-06 04:10:00.0;0,0
SÃO JOSÉ DOS CAMPOS;354990406A;SP;Altos Vila Paiva;-23,143;-45,92;2018-02-06 04:20:00.0;0,2
SÃO JOSÉ DOS CAMPOS;354990406A;SP;Altos Vila Paiva;-23,143;-45,92;2018-02-06 05:10:00.0;0,0
SÃO JOSÉ DOS CAMPOS;354990406A;SP;Altos Vila Paiva;-23,143;-45,92;2018-02-06 06:10:00.0;0,0
SÃO JOSÉ DOS CAMPOS;354990406A;SP;Altos Vila Paiva;-23,143;-45,92;2018-02-06 07:10:00.0;0,0
SÃO JOSÉ DOS CAMPOS;354990406A;SP;Altos Vila Paiva;-23,143;-45,92;2018-02-06 08:10:00.0;0,0
SÃO JOSÉ DOS CAMPOS;354990406A;SP;Altos Vila Paiva;-23,143;-45,92;2018-02-06 09:10:00.0;0,0
SÃO JOSÉ DOS CAMPOS;354990406A;SP;Altos Vila Paiva;-23,143;-45,92;2018-02-06 10:10:00.0;0,0
SÃO JOSÉ DOS CAMPOS;354990406A;SP;Altos Vila Paiva;-23,143;-45,92;2018-02-06 11:10:00.0;0,0
SÃO JOSÉ DOS CAMPOS;354990406A;SP;Altos Vila Paiva;-23,143;-45,92;2018-02-06 12:10:00.0;0,0
SÃO JOSÉ DOS CAMPOS;354990406A;SP;Altos Vila Paiva;-23,143;-45,92;2018-02-06 13:10:00.0;0,0
SÃO JOSÉ DOS CAMPOS;354990406A;SP;Altos Vila Paiva;-23,143;-45,92;2018-02-06 14:10:00.0;0,0
SÃO JOSÉ DOS CAMPOS;354990406A;SP;Altos Vila Paiva;-23,143;-45,92;2018-02-06 15:10:00.0;0,0
SÃO JOSÉ DOS CAMPOS;354990406A;SP;Altos Vila Paiva;-23,143;-45,92;2018-02-06 16:10:00.0;0,0
SÃO JOSÉ DOS CAMPOS;354990406A;SP;Altos Vila Paiva;-23,143;-45,92;2018-02-06 17:10:00.0;0,0
SÃO JOSÉ DOS CAMPOS;354990406A;SP;Altos Vila Paiva;-23,143;-45,92;2018-02-06 18:10:00.0;0,0
SÃO JOSÉ DOS CAMPOS;354990406A;SP;Altos Vila Paiva;-23,143;-45,92;2018-02-06 19:10:00.0;0,0
SÃO JOSÉ DOS CAMPOS;354990406A;SP;Altos Vila Paiva;-23,143;-45,92;2018-02-06 20:10:00.0;0,0
SÃO JOSÉ DOS CAMPOS;354990406A;SP;Altos Vila Paiva;-23,143;-45,92;2018-02-06 20:40:00.0;0,2
SÃO JOSÉ DOS CAMPOS;354990406A;SP;Altos Vila Paiva;-23,143;-45,92;2018-02-06 21:10:00.0;0,0
SÃO JOSÉ DOS CAMPOS;354990406A;SP;Altos Vila Paiva;-23,143;-45,92;2018-02-06 22:10:00.0;0,0
SÃO JOSÉ DOS CAMPOS;354990406A;SP;Altos Vila Paiva;-23,143;-45,92;2018-02-06 22:20:00.0;0,2
SÃO JOSÉ DOS CAMPOS;354990406A;SP;Altos Vila Paiva;-23,143;-45,92;2018-02-06 23:10:00.0;0,2
SÃO JOSÉ DOS CAMPOS;354990406A;SP;Altos Vila Paiva;-23,143;-45,92;2018-02-07 00:10:00.0;0,0
SÃO JOSÉ DOS CAMPOS;354990406A;SP;Altos Vila Paiva;-23,143;-45,92;2018-02-07 00:30:00.0;0,2
SÃO JOSÉ DOS CAMPOS;354990406A;SP;Altos Vila Paiva;-23,143;-45,92;2018-02-07 01:10:00.0;0,0
SÃO JOSÉ DOS CAMPOS;354990406A;SP;Altos Vila Paiva;-23,143;-45,92;2018-02-07 02:10:00.0;0,0
SÃO JOSÉ DOS CAMPOS;354990406A;SP;Altos Vila Paiva;-23,143;-45,92;2018-02-07 03:10:00.0;0,0
SÃO JOSÉ DOS CAMPOS;354990406A;SP;Altos Vila Paiva;-23,143;-45,92;2018-02-07 04:10:00.0;0,0
SÃO JOSÉ DOS CAMPOS;354990406A;SP;Altos Vila Paiva;-23,143;-45,92;2018-02-07 05:10:00.0;0,0
SÃO JOSÉ DOS CAMPOS;354990406A;SP;Altos Vila Paiva;-23,143;-45,92;2018-02-07 06:10:00.0;0,0
SÃO JOSÉ DOS CAMPOS;354990406A;SP;Altos Vila Paiva;-23,143;-45,92;2018-02-07 07:10:00.0;0,0
SÃO JOSÉ DOS CAMPOS;354990406A;SP;Altos Vila Paiva;-23,143;-45,92;2018-02-07 08:10:00.0;0,0
SÃO JOSÉ DOS CAMPOS;354990406A;SP;Altos Vila Paiva;-23,143;-45,92;2018-02-07 09:10:00.0;0,0
SÃO JOSÉ DOS CAMPOS;354990406A;SP;Altos Vila Paiva;-23,143;-45,92;2018-02-07 10:10:00.0;0,0
SÃO JOSÉ DOS CAMPOS;354990406A;SP;Altos Vila Paiva;-23,143;-45,92;2018-02-07 11:10:00.0;0,0
SÃO JOSÉ DOS CAMPOS;354990406A;SP;Altos Vila Paiva;-23,143;-45,92;2018-02-07 12:10:00.0;0,0
SÃO JOSÉ DOS CAMPOS;354990406A;SP;Altos Vila Paiva;-23,143;-45,92;2018-02-07 13:10:00.0;0,0
SÃO JOSÉ DOS CAMPOS;354990406A;SP;Altos Vila Paiva;-23,143;-45,92;2018-02-07 14:10:00.0;0,0
SÃO JOSÉ DOS CAMPOS;354990406A;SP;Altos Vila Paiva;-23,143;-45,92;2018-02-07 15:10:00.0;0,0
SÃO JOSÉ DOS CAMPOS;354990406A;SP;Altos Vila Paiva;-23,143;-45,92;2018-02-07 16:10:00.0;0,0
SÃO JOSÉ DOS CAMPOS;354990406A;SP;Altos Vila Paiva;-23,143;-45,92;2018-02-07 17:10:00.0;0,0
SÃO JOSÉ DOS CAMPOS;354990406A;SP;Altos Vila Paiva;-23,143;-45,92;2018-02-07 18:10:00.0;0,0
SÃO JOSÉ DOS CAMPOS;354990406A;SP;Altos Vila Paiva;-23,143;-45,92;2018-02-07 19:10:00.0;0,0
SÃO JOSÉ DOS CAMPOS;354990406A;SP;Altos Vila Paiva;-23,143;-45,92;2018-02-07 20:10:00.0;0,0
SÃO JOSÉ DOS CAMPOS;354990406A;SP;Altos Vila Paiva;-23,143;-45,92;2018-02-07 21:10:00.0;0,0
SÃO JOSÉ DOS CAMPOS;354990406A;SP;Altos Vila Paiva;-23,143;-45,92;2018-02-07 22:10:00.0;0,0
SÃO JOSÉ DOS CAMPOS;354990406A;SP;Altos Vila Paiva;-23,143;-45,92;2018-02-07 23:10:00.0;0,0
SÃO JOSÉ DOS CAMPOS;354990406A;SP;Altos Vila Paiva;-23,143;-45,92;2018-02-08 00:10:00.0;0,0
SÃO JOSÉ DOS CAMPOS;354990406A;SP;Altos Vila Paiva;-23,143;-45,92;2018-02-08 01:10:00.0;0,0
SÃO JOSÉ DOS CAMPOS;354990406A;SP;Altos Vila Paiva;-23,143;-45,92;2018-02-08 02:10:00.0;0,0
SÃO JOSÉ DOS CAMPOS;354990406A;SP;Altos Vila Paiva;-23,143;-45,92;2018-02-08 03:10:00.0;0,0
SÃO JOSÉ DOS CAMPOS;354990406A;SP;Altos Vila Paiva;-23,143;-45,92;2018-02-08 04:10:00.0;0,0
SÃO JOSÉ DOS CAMPOS;354990406A;SP;Altos Vila Paiva;-23,143;-45,92;2018-02-08 05:10:00.0;0,0
SÃO JOSÉ DOS CAMPOS;354990406A;SP;Altos Vila Paiva;-23,143;-45,92;2018-02-08 06:10:00.0;0,0
SÃO JOSÉ DOS CAMPOS;354990406A;SP;Altos Vila Paiva;-23,143;-45,92;2018-02-08 07:10:00.0;0,0
SÃO JOSÉ DOS CAMPOS;354990406A;SP;Altos Vila Paiva;-23,143;-45,92;2018-02-08 08:10:00.0;0,0
SÃO JOSÉ DOS CAMPOS;354990406A;SP;Altos Vila Paiva;-23,143;-45,92;2018-02-08 09:10:00.0;0,0
SÃO JOSÉ DOS CAMPOS;354990406A;SP;Altos Vila Paiva;-23,143;-45,92;2018-02-08 10:10:00.0;0,0
SÃO JOSÉ DOS CAMPOS;354990406A;SP;Altos Vila Paiva;-23,143;-45,92;2018-02-08 11:10:00.0;0,0
SÃO JOSÉ DOS CAMPOS;354990406A;SP;Altos Vila Paiva;-23,143;-45,92;2018-02-08 12:10:00.0;0,0
SÃO JOSÉ DOS CAMPOS;354990406A;SP;Altos Vila Paiva;-23,143;-45,92;2018-02-08 13:10:00.0;0,0
SÃO JOSÉ DOS CAMPOS;354990406A;SP;Altos Vila Paiva;-23,143;-45,92;2018-02-08 14:10:00.0;0,0
SÃO JOSÉ DOS CAMPOS;354990406A;SP;Altos Vila Paiva;-23,143;-45,92;2018-02-08 15:10:00.0;0,0
SÃO JOSÉ DOS CAMPOS;354990406A;SP;Altos Vila Paiva;-23,143;-45,92;2018-02-08 16:10:00.0;0,0
SÃO JOSÉ DOS CAMPOS;354990406A;SP;Altos Vila Paiva;-23,143;-45,92;2018-02-08 17:10:00.0;0,0
SÃO JOSÉ DOS CAMPOS;354990406A;SP;Altos Vila Paiva;-23,143;-45,92;2018-02-08 18:10:00.0;0,0
SÃO JOSÉ DOS CAMPOS;354990406A;SP;Altos Vila Paiva;-23,143;-45,92;2018-02-08 19:10:00.0;0,0
SÃO JOSÉ DOS CAMPOS;354990406A;SP;Altos Vila Paiva;-23,143;-45,92;2018-02-08 20:10:00.0;0,0
SÃO JOSÉ DOS CAMPOS;354990406A;SP;Altos Vila Paiva;-23,143;-45,92;2018-02-08 21:10:00.0;0,0
SÃO JOSÉ DOS CAMPOS;354990406A;SP;Altos Vila Paiva;-23,143;-45,92;2018-02-08 22:10:00.0;0,0
SÃO JOSÉ DOS CAMPOS;354990406A;SP;Altos Vila Paiva;-23,143;-45,92;2018-02-08 23:10:00.0;0,0
SÃO JOSÉ DOS CAMPOS;354990406A;SP;Altos Vila Paiva;-23,143;-45,92;2018-02-09 00:10:00.0;0,0
SÃO JOSÉ DOS CAMPOS;354990406A;SP;Altos Vila Paiva;-23,143;-45,92;2018-02-09 01:10:00.0;0,0
SÃO JOSÉ DOS CAMPOS;354990406A;SP;Altos Vila Paiva;-23,143;-45,92;2018-02-09 02:10:00.0;0,0
SÃO JOSÉ DOS CAMPOS;354990406A;SP;Altos Vila Paiva;-23,143;-45,92;2018-02-09 03:10:00.0;0,0
SÃO JOSÉ DOS CAMPOS;354990406A;SP;Altos Vila Paiva;-23,143;-45,92;2018-02-09 04:10:00.0;0,0
SÃO JOSÉ DOS CAMPOS;354990406A;SP;Altos Vila Paiva;-23,143;-45,92;2018-02-09 05:10:00.0;0,0
SÃO JOSÉ DOS CAMPOS;354990406A;SP;Altos Vila Paiva;-23,143;-45,92;2018-02-09 06:10:00.0;0,0
SÃO JOSÉ DOS CAMPOS;354990406A;SP;Altos Vila Paiva;-23,143;-45,92;2018-02-09 07:10:00.0;0,0
SÃO JOSÉ DOS CAMPOS;354990406A;SP;Altos Vila Paiva;-23,143;-45,92;2018-02-09 08:10:00.0;0,0
SÃO JOSÉ DOS CAMPOS;354990406A;SP;Altos Vila Paiva;-23,143;-45,92;2018-02-09 09:10:00.0;0,0
SÃO JOSÉ DOS CAMPOS;354990406A;SP;Altos Vila Paiva;-23,143;-45,92;2018-02-09 10:10:00.0;0,0
SÃO JOSÉ DOS CAMPOS;354990406A;SP;Altos Vila Paiva;-23,143;-45,92;2018-02-09 11:10:00.0;0,0
SÃO JOSÉ DOS CAMPOS;354990406A;SP;Altos Vila Paiva;-23,143;-45,92;2018-02-09 12:10:00.0;0,0
SÃO JOSÉ DOS CAMPOS;354990406A;SP;Altos Vila Paiva;-23,143;-45,92;2018-02-09 13:10:00.0;0,0
SÃO JOSÉ DOS CAMPOS;354990406A;SP;Altos Vila Paiva;-23,143;-45,92;2018-02-09 14:10:00.0;0,0
SÃO JOSÉ DOS CAMPOS;354990406A;SP;Altos Vila Paiva;-23,143;-45,92;2018-02-09 15:10:00.0;0,0
SÃO JOSÉ DOS CAMPOS;354990406A;SP;Altos Vila Paiva;-23,143;-45,92;2018-02-09 16:10:00.0;0,0
SÃO JOSÉ DOS CAMPOS;354990406A;SP;Altos Vila Paiva;-23,143;-45,92;2018-02-09 17:10:00.0;0,0
SÃO JOSÉ DOS CAMPOS;354990406A;SP;Altos Vila Paiva;-23,143;-45,92;2018-02-09 18:10:00.0;0,0
SÃO JOSÉ DOS CAMPOS;354990406A;SP;Altos Vila Paiva;-23,143;-45,92;2018-02-09 19:10:00.0;0,0
SÃO JOSÉ DOS CAMPOS;354990406A;SP;Altos Vila Paiva;-23,143;-45,92;2018-02-09 20:10:00.0;0,0
SÃO JOSÉ DOS CAMPOS;354990406A;SP;Altos Vila Paiva;-23,143;-45,92;2018-02-09 21:10:00.0;0,0
SÃO JOSÉ DOS CAMPOS;354990406A;SP;Altos Vila Paiva;-23,143;-45,92;2018-02-09 22:10:00.0;0,0
SÃO JOSÉ DOS CAMPOS;354990406A;SP;Altos Vila Paiva;-23,143;-45,92;2018-02-09 23:10:00.0;0,0
SÃO JOSÉ DOS CAMPOS;354990406A;SP;Altos Vila Paiva;-23,143;-45,92;2018-02-10 00:10:00.0;0,0
SÃO JOSÉ DOS CAMPOS;354990406A;SP;Altos Vila Paiva;-23,143;-45,92;2018-02-10 01:10:00.0;0,0
SÃO JOSÉ DOS CAMPOS;354990406A;SP;Altos Vila Paiva;-23,143;-45,92;2018-02-10 02:10:00.0;0,0
SÃO JOSÉ DOS CAMPOS;354990406A;SP;Altos Vila Paiva;-23,143;-45,92;2018-02-10 03:10:00.0;0,0
SÃO JOSÉ DOS CAMPOS;354990406A;SP;Altos Vila Paiva;-23,143;-45,92;2018-02-10 04:10:00.0;0,0
SÃO JOSÉ DOS CAMPOS;354990406A;SP;Altos Vila Paiva;-23,143;-45,92;2018-02-10 05:10:00.0;0,0
SÃO JOSÉ DOS CAMPOS;354990406A;SP;Altos Vila Paiva;-23,143;-45,92;2018-02-10 06:10:00.0;0,0
SÃO JOSÉ DOS CAMPOS;354990406A;SP;Altos Vila Paiva;-23,143;-45,92;2018-02-10 07:10:00.0;0,0
SÃO JOSÉ DOS CAMPOS;354990406A;SP;Altos Vila Paiva;-23,143;-45,92;2018-02-10 08:10:00.0;0,0
SÃO JOSÉ DOS CAMPOS;354990406A;SP;Altos Vila Paiva;-23,143;-45,92;2018-02-10 09:10:00.0;0,0
SÃO JOSÉ DOS CAMPOS;354990406A;SP;Altos Vila Paiva;-23,143;-45,92;2018-02-10 10:10:00.0;0,0
SÃO JOSÉ DOS CAMPOS;354990406A;SP;Altos Vila Paiva;-23,143;-45,92;2018-02-10 11:10:00.0;0,0
SÃO JOSÉ DOS CAMPOS;354990406A;SP;Altos Vila Paiva;-23,143;-45,92;2018-02-10 12:10:00.0;0,0
SÃO JOSÉ DOS CAMPOS;354990406A;SP;Altos Vila Paiva;-23,143;-45,92;2018-02-10 13:10:00.0;0,0
SÃO JOSÉ DOS CAMPOS;354990406A;SP;Altos Vila Paiva;-23,143;-45,92;2018-02-10 14:10:00.0;0,0
SÃO JOSÉ DOS CAMPOS;354990406A;SP;Altos Vila Paiva;-23,143;-45,92;2018-02-10 15:10:00.0;0,0
SÃO JOSÉ DOS CAMPOS;354990406A;SP;Altos Vila Paiva;-23,143;-45,92;2018-02-10 16:10:00.0;0,0
SÃO JOSÉ DOS CAMPOS;354990406A;SP;Altos Vila Paiva;-23,143;-45,92;2018-02-10 16:50:00.0;0,2
SÃO JOSÉ DOS CAMPOS;354990406A;SP;Altos Vila Paiva;-23,143;-45,92;2018-02-10 17:10:00.0;0,0
SÃO JOSÉ DOS CAMPOS;354990406A;SP;Altos Vila Paiva;-23,143;-45,92;2018-02-10 17:40:00.0;0,2
SÃO JOSÉ DOS CAMPOS;354990406A;SP;Altos Vila Paiva;-23,143;-45,92;2018-02-10 18:10:00.0;0,0
SÃO JOSÉ DOS CAMPOS;354990406A;SP;Altos Vila Paiva;-23,143;-45,92;2018-02-10 18:20:00.0;0,2
SÃO JOSÉ DOS CAMPOS;354990406A;SP;Altos Vila Paiva;-23,143;-45,92;2018-02-10 19:10:00.0;0,2
SÃO JOSÉ DOS CAMPOS;354990406A;SP;Altos Vila Paiva;-23,143;-45,92;2018-02-10 19:50:00.0;0,2
SÃO JOSÉ DOS CAMPOS;354990406A;SP;Altos Vila Paiva;-23,143;-45,92;2018-02-10 20:10:00.0;0,0
SÃO JOSÉ DOS CAMPOS;354990406A;SP;Altos Vila Paiva;-23,143;-45,92;2018-02-10 20:20:00.0;0,2
SÃO JOSÉ DOS CAMPOS;354990406A;SP;Altos Vila Paiva;-23,143;-45,92;2018-02-10 21:00:00.0;0,2
SÃO JOSÉ DOS CAMPOS;354990406A;SP;Altos Vila Paiva;-23,143;-45,92;2018-02-10 21:10:00.0;0,0
SÃO JOSÉ DOS CAMPOS;354990406A;SP;Altos Vila Paiva;-23,143;-45,92;2018-02-10 21:40:00.0;0,2
SÃO JOSÉ DOS CAMPOS;354990406A;SP;Altos Vila Paiva;-23,143;-45,92;2018-02-10 22:10:00.0;0,0
SÃO JOSÉ DOS CAMPOS;354990406A;SP;Altos Vila Paiva;-23,143;-45,92;2018-02-10 22:40:00.0;0,2
SÃO JOSÉ DOS CAMPOS;354990406A;SP;Altos Vila Paiva;-23,143;-45,92;2018-02-10 23:10:00.0;0,0
SÃO JOSÉ DOS CAMPOS;354990406A;SP;Altos Vila Paiva;-23,143;-45,92;2018-02-11 00:10:00.0;0,0
SÃO JOSÉ DOS CAMPOS;354990406A;SP;Altos Vila Paiva;-23,143;-45,92;2018-02-11 01:10:00.0;0,0
SÃO JOSÉ DOS CAMPOS;354990406A;SP;Altos Vila Paiva;-23,143;-45,92;2018-02-11 02:10:00.0;0,0
SÃO JOSÉ DOS CAMPOS;354990406A;SP;Altos Vila Paiva;-23,143;-45,92;2018-02-11 03:10:00.0;0,0
SÃO JOSÉ DOS CAMPOS;354990406A;SP;Altos Vila Paiva;-23,143;-45,92;2018-02-11 04:10:00.0;0,0
SÃO JOSÉ DOS CAMPOS;354990406A;SP;Altos Vila Paiva;-23,143;-45,92;2018-02-11 05:10:00.0;0,0
SÃO JOSÉ DOS CAMPOS;354990406A;SP;Altos Vila Paiva;-23,143;-45,92;2018-02-11 06:10:00.0;0,0
SÃO JOSÉ DOS CAMPOS;354990406A;SP;Altos Vila Paiva;-23,143;-45,92;2018-02-11 07:10:00.0;0,0
SÃO JOSÉ DOS CAMPOS;354990406A;SP;Altos Vila Paiva;-23,143;-45,92;2018-02-11 08:10:00.0;0,0
SÃO JOSÉ DOS CAMPOS;354990406A;SP;Altos Vila Paiva;-23,143;-45,92;2018-02-11 09:10:00.0;0,0
SÃO JOSÉ DOS CAMPOS;354990406A;SP;Altos Vila Paiva;-23,143;-45,92;2018-02-11 10:10:00.0;0,0
SÃO JOSÉ DOS CAMPOS;354990406A;SP;Altos Vila Paiva;-23,143;-45,92;2018-02-11 11:10:00.0;0,0
SÃO JOSÉ DOS CAMPOS;354990406A;SP;Altos Vila Paiva;-23,143;-45,92;2018-02-11 12:10:00.0;0,0
SÃO JOSÉ DOS CAMPOS;354990406A;SP;Altos Vila Paiva;-23,143;-45,92;2018-02-11 13:10:00.0;0,0
SÃO JOSÉ DOS CAMPOS;354990406A;SP;Altos Vila Paiva;-23,143;-45,92;2018-02-11 14:10:00.0;0,0
SÃO JOSÉ DOS CAMPOS;354990406A;SP;Altos Vila Paiva;-23,143;-45,92;2018-02-11 15:10:00.0;0,0
SÃO JOSÉ DOS CAMPOS;354990406A;SP;Altos Vila Paiva;-23,143;-45,92;2018-02-11 16:10:00.0;0,0
SÃO JOSÉ DOS CAMPOS;354990406A;SP;Altos Vila Paiva;-23,143;-45,92;2018-02-11 17:10:00.0;0,0
SÃO JOSÉ DOS CAMPOS;354990406A;SP;Altos Vila Paiva;-23,143;-45,92;2018-02-11 17:50:00.0;0,2
SÃO JOSÉ DOS CAMPOS;354990406A;SP;Altos Vila Paiva;-23,143;-45,92;2018-02-11 18:10:00.0;0,0
SÃO JOSÉ DOS CAMPOS;354990406A;SP;Altos Vila Paiva;-23,143;-45,92;2018-02-11 18:30:00.0;0,2
SÃO JOSÉ DOS CAMPOS;354990406A;SP;Altos Vila Paiva;-23,143;-45,92;2018-02-11 19:10:00.0;0,0
SÃO JOSÉ DOS CAMPOS;354990406A;SP;Altos Vila Paiva;-23,143;-45,92;2018-02-11 19:30:00.0;0,2
SÃO JOSÉ DOS CAMPOS;354990406A;SP;Altos Vila Paiva;-23,143;-45,92;2018-02-11 20:10:00.0;0,0
SÃO JOSÉ DOS CAMPOS;354990406A;SP;Altos Vila Paiva;-23,143;-45,92;2018-02-11 20:30:00.0;0,2
SÃO JOSÉ DOS CAMPOS;354990406A;SP;Altos Vila Paiva;-23,143;-45,92;2018-02-11 21:10:00.0;0,0
SÃO JOSÉ DOS CAMPOS;354990406A;SP;Altos Vila Paiva;-23,143;-45,92;2018-02-11 22:00:00.0;0,2
SÃO JOSÉ DOS CAMPOS;354990406A;SP;Altos Vila Paiva;-23,143;-45,92;2018-02-11 22:10:00.0;0,0
SÃO JOSÉ DOS CAMPOS;354990406A;SP;Altos Vila Paiva;-23,143;-45,92;2018-02-11 23:10:00.0;0,0
SÃO JOSÉ DOS CAMPOS;354990406A;SP;Altos Vila Paiva;-23,143;-45,92;2018-02-11 23:20:00.0;0,2
SÃO JOSÉ DOS CAMPOS;354990406A;SP;Altos Vila Paiva;-23,143;-45,92;2018-02-12 00:10:00.0;0,0
SÃO JOSÉ DOS CAMPOS;354990406A;SP;Altos Vila Paiva;-23,143;-45,92;2018-02-12 00:40:00.0;0,2
SÃO JOSÉ DOS CAMPOS;354990406A;SP;Altos Vila Paiva;-23,143;-45,92;2018-02-12 01:10:00.0;0,0
SÃO JOSÉ DOS CAMPOS;354990406A;SP;Altos Vila Paiva;-23,143;-45,92;2018-02-12 02:00:00.0;0,2
SÃO JOSÉ DOS CAMPOS;354990406A;SP;Altos Vila Paiva;-23,143;-45,92;2018-02-12 02:10:00.0;0,0
SÃO JOSÉ DOS CAMPOS;354990406A;SP;Altos Vila Paiva;-23,143;-45,92;2018-02-12 03:10:00.0;0,0
SÃO JOSÉ DOS CAMPOS;354990406A;SP;Altos Vila Paiva;-23,143;-45,92;2018-02-12 03:20:00.0;0,2
SÃO JOSÉ DOS CAMPOS;354990406A;SP;Altos Vila Paiva;-23,143;-45,92;2018-02-12 04:10:00.0;0,0
SÃO JOSÉ DOS CAMPOS;354990406A;SP;Altos Vila Paiva;-23,143;-45,92;2018-02-12 04:20:00.0;0,2
SÃO JOSÉ DOS CAMPOS;354990406A;SP;Altos Vila Paiva;-23,143;-45,92;2018-02-12 05:10:00.0;0,0
SÃO JOSÉ DOS CAMPOS;354990406A;SP;Altos Vila Paiva;-23,143;-45,92;2018-02-12 05:20:00.0;0,2
SÃO JOSÉ DOS CAMPOS;354990406A;SP;Altos Vila Paiva;-23,143;-45,92;2018-02-12 06:10:00.0;0,0
SÃO JOSÉ DOS CAMPOS;354990406A;SP;Altos Vila Paiva;-23,143;-45,92;2018-02-12 06:30:00.0;0,2
SÃO JOSÉ DOS CAMPOS;354990406A;SP;Altos Vila Paiva;-23,143;-45,92;2018-02-12 07:10:00.0;0,0
SÃO JOSÉ DOS CAMPOS;354990406A;SP;Altos Vila Paiva;-23,143;-45,92;2018-02-12 07:30:00.0;0,2
SÃO JOSÉ DOS CAMPOS;354990406A;SP;Altos Vila Paiva;-23,143;-45,92;2018-02-12 08:10:00.0;0,0
SÃO JOSÉ DOS CAMPOS;354990406A;SP;Altos Vila Paiva;-23,143;-45,92;2018-02-12 09:10:00.0;0,0
SÃO JOSÉ DOS CAMPOS;354990406A;SP;Altos Vila Paiva;-23,143;-45,92;2018-02-12 10:10:00.0;0,0
SÃO JOSÉ DOS CAMPOS;354990406A;SP;Altos Vila Paiva;-23,143;-45,92;2018-02-12 11:10:00.0;0,0
SÃO JOSÉ DOS CAMPOS;354990406A;SP;Altos Vila Paiva;-23,143;-45,92;2018-02-12 12:10:00.0;0,0
SÃO JOSÉ DOS CAMPOS;354990406A;SP;Altos Vila Paiva;-23,143;-45,92;2018-02-12 13:10:00.0;0,0
SÃO JOSÉ DOS CAMPOS;354990406A;SP;Altos Vila Paiva;-23,143;-45,92;2018-02-12 14:10:00.0;0,0
SÃO JOSÉ DOS CAMPOS;354990406A;SP;Altos Vila Paiva;-23,143;-45,92;2018-02-12 15:10:00.0;0,0
SÃO JOSÉ DOS CAMPOS;354990406A;SP;Altos Vila Paiva;-23,143;-45,92;2018-02-12 16:10:00.0;0,0
SÃO JOSÉ DOS CAMPOS;354990406A;SP;Altos Vila Paiva;-23,143;-45,92;2018-02-12 17:10:00.0;0,0
SÃO JOSÉ DOS CAMPOS;354990406A;SP;Altos Vila Paiva;-23,143;-45,92;2018-02-12 18:10:00.0;0,0
SÃO JOSÉ DOS CAMPOS;354990406A;SP;Altos Vila Paiva;-23,143;-45,92;2018-02-12 19:10:00.0;0,0
SÃO JOSÉ DOS CAMPOS;354990406A;SP;Altos Vila Paiva;-23,143;-45,92;2018-02-12 20:10:00.0;0,0
SÃO JOSÉ DOS CAMPOS;354990406A;SP;Altos Vila Paiva;-23,143;-45,92;2018-02-12 20:20:00.0;0,2
SÃO JOSÉ DOS CAMPOS;354990406A;SP;Altos Vila Paiva;-23,143;-45,92;2018-02-12 20:30:00.0;0,2
SÃO JOSÉ DOS CAMPOS;354990406A;SP;Altos Vila Paiva;-23,143;-45,92;2018-02-12 20:40:00.0;0,2
SÃO JOSÉ DOS CAMPOS;354990406A;SP;Altos Vila Paiva;-23,143;-45,92;2018-02-12 21:10:00.0;0,0
SÃO JOSÉ DOS CAMPOS;354990406A;SP;Altos Vila Paiva;-23,143;-45,92;2018-02-12 21:20:00.0;0,2
SÃO JOSÉ DOS CAMPOS;354990406A;SP;Altos Vila Paiva;-23,143;-45,92;2018-02-12 22:00:00.0;0,2
SÃO JOSÉ DOS CAMPOS;354990406A;SP;Altos Vila Paiva;-23,143;-45,92;2018-02-12 22:10:00.0;0,0
SÃO JOSÉ DOS CAMPOS;354990406A;SP;Altos Vila Paiva;-23,143;-45,92;2018-02-12 22:50:00.0;0,2
SÃO JOSÉ DOS CAMPOS;354990406A;SP;Altos Vila Paiva;-23,143;-45,92;2018-02-12 23:10:00.0;0,0
SÃO JOSÉ DOS CAMPOS;354990406A;SP;Altos Vila Paiva;-23,143;-45,92;2018-02-13 00:00:00.0;0,2
SÃO JOSÉ DOS CAMPOS;354990406A;SP;Altos Vila Paiva;-23,143;-45,92;2018-02-13 00:10:00.0;0,0
SÃO JOSÉ DOS CAMPOS;354990406A;SP;Altos Vila Paiva;-23,143;-45,92;2018-02-13 00:50:00.0;0,2
SÃO JOSÉ DOS CAMPOS;354990406A;SP;Altos Vila Paiva;-23,143;-45,92;2018-02-13 01:10:00.0;0,0
SÃO JOSÉ DOS CAMPOS;354990406A;SP;Altos Vila Paiva;-23,143;-45,92;2018-02-13 01:30:00.0;0,2
SÃO JOSÉ DOS CAMPOS;354990406A;SP;Altos Vila Paiva;-23,143;-45,92;2018-02-13 02:00:00.0;0,2
SÃO JOSÉ DOS CAMPOS;354990406A;SP;Altos Vila Paiva;-23,143;-45,92;2018-02-13 02:10:00.0;0,0
SÃO JOSÉ DOS CAMPOS;354990406A;SP;Altos Vila Paiva;-23,143;-45,92;2018-02-13 02:30:00.0;0,2
SÃO JOSÉ DOS CAMPOS;354990406A;SP;Altos Vila Paiva;-23,143;-45,92;2018-02-13 03:00:00.0;0,2
SÃO JOSÉ DOS CAMPOS;354990406A;SP;Altos Vila Paiva;-23,143;-45,92;2018-02-13 03:10:00.0;0,0
SÃO JOSÉ DOS CAMPOS;354990406A;SP;Altos Vila Paiva;-23,143;-45,92;2018-02-13 03:20:00.0;0,2
SÃO JOSÉ DOS CAMPOS;354990406A;SP;Altos Vila Paiva;-23,143;-45,92;2018-02-13 03:40:00.0;0,2
SÃO JOSÉ DOS CAMPOS;354990406A;SP;Altos Vila Paiva;-23,143;-45,92;2018-02-13 04:00:00.0;0,2
SÃO JOSÉ DOS CAMPOS;354990406A;SP;Altos Vila Paiva;-23,143;-45,92;2018-02-13 04:10:00.0;0,2
SÃO JOSÉ DOS CAMPOS;354990406A;SP;Altos Vila Paiva;-23,143;-45,92;2018-02-13 04:30:00.0;0,2
SÃO JOSÉ DOS CAMPOS;354990406A;SP;Altos Vila Paiva;-23,143;-45,92;2018-02-13 04:50:00.0;0,2
SÃO JOSÉ DOS CAMPOS;354990406A;SP;Altos Vila Paiva;-23,143;-45,92;2018-02-13 05:00:00.0;0,2
SÃO JOSÉ DOS CAMPOS;354990406A;SP;Altos Vila Paiva;-23,143;-45,92;2018-02-13 05:10:00.0;0,2
SÃO JOSÉ DOS CAMPOS;354990406A;SP;Altos Vila Paiva;-23,143;-45,92;2018-02-13 05:30:00.0;0,2
SÃO JOSÉ DOS CAMPOS;354990406A;SP;Altos Vila Paiva;-23,143;-45,92;2018-02-13 05:50:00.0;0,2
SÃO JOSÉ DOS CAMPOS;354990406A;SP;Altos Vila Paiva;-23,143;-45,92;2018-02-13 06:00:00.0;0,2
SÃO JOSÉ DOS CAMPOS;354990406A;SP;Altos Vila Paiva;-23,143;-45,92;2018-02-13 06:10:00.0;0,0
SÃO JOSÉ DOS CAMPOS;354990406A;SP;Altos Vila Paiva;-23,143;-45,92;2018-02-13 06:20:00.0;0,2
SÃO JOSÉ DOS CAMPOS;354990406A;SP;Altos Vila Paiva;-23,143;-45,92;2018-02-13 06:40:00.0;0,2
SÃO JOSÉ DOS CAMPOS;354990406A;SP;Altos Vila Paiva;-23,143;-45,92;2018-02-13 06:50:00.0;0,2
SÃO JOSÉ DOS CAMPOS;354990406A;SP;Altos Vila Paiva;-23,143;-45,92;2018-02-13 07:10:00.0;0,2
SÃO JOSÉ DOS CAMPOS;354990406A;SP;Altos Vila Paiva;-23,143;-45,92;2018-02-13 07:20:00.0;0,2
SÃO JOSÉ DOS CAMPOS;354990406A;SP;Altos Vila Paiva;-23,143;-45,92;2018-02-13 07:30:00.0;0,2
SÃO JOSÉ DOS CAMPOS;354990406A;SP;Altos Vila Paiva;-23,143;-45,92;2018-02-13 07:50:00.0;0,2
SÃO JOSÉ DOS CAMPOS;354990406A;SP;Altos Vila Paiva;-23,143;-45,92;2018-02-13 08:00:00.0;0,2
SÃO JOSÉ DOS CAMPOS;354990406A;SP;Altos Vila Paiva;-23,143;-45,92;2018-02-13 08:10:00.0;0,2
SÃO JOSÉ DOS CAMPOS;354990406A;SP;Altos Vila Paiva;-23,143;-45,92;2018-02-13 08:20:00.0;0,2
SÃO JOSÉ DOS CAMPOS;354990406A;SP;Altos Vila Paiva;-23,143;-45,92;2018-02-13 08:30:00.0;0,2
SÃO JOSÉ DOS CAMPOS;354990406A;SP;Altos Vila Paiva;-23,143;-45,92;2018-02-13 08:40:00.0;0,2
SÃO JOSÉ DOS CAMPOS;354990406A;SP;Altos Vila Paiva;-23,143;-45,92;2018-02-13 08:50:00.0;0,2
SÃO JOSÉ DOS CAMPOS;354990406A;SP;Altos Vila Paiva;-23,143;-45,92;2018-02-13 09:00:00.0;0,2
SÃO JOSÉ DOS CAMPOS;354990406A;SP;Altos Vila Paiva;-23,143;-45,92;2018-02-13 09:20:00.0;0,2
SÃO JOSÉ DOS CAMPOS;354990406A;SP;Altos Vila Paiva;-23,143;-45,92;2018-02-13 09:30:00.0;0,2
SÃO JOSÉ DOS CAMPOS;354990406A;SP;Altos Vila Paiva;-23,143;-45,92;2018-02-13 09:40:00.0;0,2
SÃO JOSÉ DOS CAMPOS;354990406A;SP;Altos Vila Paiva;-23,143;-45,92;2018-02-13 09:50:00.0;0,2
SÃO JOSÉ DOS CAMPOS;354990406A;SP;Altos Vila Paiva;-23,143;-45,92;2018-02-13 10:00:00.0;0,2
SÃO JOSÉ DOS CAMPOS;354990406A;SP;Altos Vila Paiva;-23,143;-45,92;2018-02-13 10:10:00.0;0,2
SÃO JOSÉ DOS CAMPOS;354990406A;SP;Altos Vila Paiva;-23,143;-45,92;2018-02-13 10:20:00.0;0,2
SÃO JOSÉ DOS CAMPOS;354990406A;SP;Altos Vila Paiva;-23,143;-45,92;2018-02-13 10:30:00.0;0,2
SÃO JOSÉ DOS CAMPOS;354990406A;SP;Altos Vila Paiva;-23,143;-45,92;2018-02-13 10:40:00.0;0,2
SÃO JOSÉ DOS CAMPOS;354990406A;SP;Altos Vila Paiva;-23,143;-45,92;2018-02-13 10:50:00.0;0,2
SÃO JOSÉ DOS CAMPOS;354990406A;SP;Altos Vila Paiva;-23,143;-45,92;2018-02-13 11:00:00.0;0,39
SÃO JOSÉ DOS CAMPOS;354990406A;SP;Altos Vila Paiva;-23,143;-45,92;2018-02-13 11:10:00.0;0,2
SÃO JOSÉ DOS CAMPOS;354990406A;SP;Altos Vila Paiva;-23,143;-45,92;2018-02-13 11:20:00.0;0,2
SÃO JOSÉ DOS CAMPOS;354990406A;SP;Altos Vila Paiva;-23,143;-45,92;2018-02-13 11:30:00.0;0,2
SÃO JOSÉ DOS CAMPOS;354990406A;SP;Altos Vila Paiva;-23,143;-45,92;2018-02-13 11:40:00.0;0,39
SÃO JOSÉ DOS CAMPOS;354990406A;SP;Altos Vila Paiva;-23,143;-45,92;2018-02-13 11:50:00.0;0,2
SÃO JOSÉ DOS CAMPOS;354990406A;SP;Altos Vila Paiva;-23,143;-45,92;2018-02-13 12:00:00.0;0,2
SÃO JOSÉ DOS CAMPOS;354990406A;SP;Altos Vila Paiva;-23,143;-45,92;2018-02-13 12:10:00.0;0,2
SÃO JOSÉ DOS CAMPOS;354990406A;SP;Altos Vila Paiva;-23,143;-45,92;2018-02-13 12:20:00.0;0,2
SÃO JOSÉ DOS CAMPOS;354990406A;SP;Altos Vila Paiva;-23,143;-45,92;2018-02-13 12:30:00.0;0,2
SÃO JOSÉ DOS CAMPOS;354990406A;SP;Altos Vila Paiva;-23,143;-45,92;2018-02-13 12:40:00.0;0,39
SÃO JOSÉ DOS CAMPOS;354990406A;SP;Altos Vila Paiva;-23,143;-45,92;2018-02-13 12:50:00.0;0,2
SÃO JOSÉ DOS CAMPOS;354990406A;SP;Altos Vila Paiva;-23,143;-45,92;2018-02-13 13:00:00.0;0,2
SÃO JOSÉ DOS CAMPOS;354990406A;SP;Altos Vila Paiva;-23,143;-45,92;2018-02-13 13:10:00.0;0,2
SÃO JOSÉ DOS CAMPOS;354990406A;SP;Altos Vila Paiva;-23,143;-45,92;2018-02-13 13:20:00.0;0,39
SÃO JOSÉ DOS CAMPOS;354990406A;SP;Altos Vila Paiva;-23,143;-45,92;2018-02-13 13:30:00.0;0,2
SÃO JOSÉ DOS CAMPOS;354990406A;SP;Altos Vila Paiva;-23,143;-45,92;2018-02-13 13:40:00.0;0,2
SÃO JOSÉ DOS CAMPOS;354990406A;SP;Altos Vila Paiva;-23,143;-45,92;2018-02-13 13:50:00.0;0,2
SÃO JOSÉ DOS CAMPOS;354990406A;SP;Altos Vila Paiva;-23,143;-45,92;2018-02-13 14:00:00.0;0,2
SÃO JOSÉ DOS CAMPOS;354990406A;SP;Altos Vila Paiva;-23,143;-45,92;2018-02-13 14:10:00.0;0,2
SÃO JOSÉ DOS CAMPOS;354990406A;SP;Altos Vila Paiva;-23,143;-45,92;2018-02-13 14:20:00.0;0,2
SÃO JOSÉ DOS CAMPOS;354990406A;SP;Altos Vila Paiva;-23,143;-45,92;2018-02-13 14:30:00.0;0,39
SÃO JOSÉ DOS CAMPOS;354990406A;SP;Altos Vila Paiva;-23,143;-45,92;2018-02-13 14:40:00.0;0,2
SÃO JOSÉ DOS CAMPOS;354990406A;SP;Altos Vila Paiva;-23,143;-45,92;2018-02-13 14:50:00.0;0,2
SÃO JOSÉ DOS CAMPOS;354990406A;SP;Altos Vila Paiva;-23,143;-45,92;2018-02-13 15:00:00.0;0,2
SÃO JOSÉ DOS CAMPOS;354990406A;SP;Altos Vila Paiva;-23,143;-45,92;2018-02-13 15:10:00.0;0,39
SÃO JOSÉ DOS CAMPOS;354990406A;SP;Altos Vila Paiva;-23,143;-45,92;2018-02-13 15:20:00.0;0,2
SÃO JOSÉ DOS CAMPOS;354990406A;SP;Altos Vila Paiva;-23,143;-45,92;2018-02-13 15:30:00.0;0,2
SÃO JOSÉ DOS CAMPOS;354990406A;SP;Altos Vila Paiva;-23,143;-45,92;2018-02-13 15:40:00.0;0,2
SÃO JOSÉ DOS CAMPOS;354990406A;SP;Altos Vila Paiva;-23,143;-45,92;2018-02-13 15:50:00.0;0,39
SÃO JOSÉ DOS CAMPOS;354990406A;SP;Altos Vila Paiva;-23,143;-45,92;2018-02-13 16:00:00.0;0,2
SÃO JOSÉ DOS CAMPOS;354990406A;SP;Altos Vila Paiva;-23,143;-45,92;2018-02-13 16:10:00.0;0,39
SÃO JOSÉ DOS CAMPOS;354990406A;SP;Altos Vila Paiva;-23,143;-45,92;2018-02-13 16:20:00.0;0,2
SÃO JOSÉ DOS CAMPOS;354990406A;SP;Altos Vila Paiva;-23,143;-45,92;2018-02-13 16:30:00.0;0,39
SÃO JOSÉ DOS CAMPOS;354990406A;SP;Altos Vila Paiva;-23,143;-45,92;2018-02-13 16:40:00.0;0,2
SÃO JOSÉ DOS CAMPOS;354990406A;SP;Altos Vila Paiva;-23,143;-45,92;2018-02-13 16:50:00.0;0,2
SÃO JOSÉ DOS CAMPOS;354990406A;SP;Altos Vila Paiva;-23,143;-45,92;2018-02-13 17:00:00.0;0,2
SÃO JOSÉ DOS CAMPOS;354990406A;SP;Altos Vila Paiva;-23,143;-45,92;2018-02-13 17:10:00.0;0,39
SÃO JOSÉ DOS CAMPOS;354990406A;SP;Altos Vila Paiva;-23,143;-45,92;2018-02-13 17:20:00.0;0,2
SÃO JOSÉ DOS CAMPOS;354990406A;SP;Altos Vila Paiva;-23,143;-45,92;2018-02-13 17:30:00.0;0,2
SÃO JOSÉ DOS CAMPOS;354990406A;SP;Altos Vila Paiva;-23,143;-45,92;2018-02-13 17:40:00.0;0,39
SÃO JOSÉ DOS CAMPOS;354990406A;SP;Altos Vila Paiva;-23,143;-45,92;2018-02-13 17:50:00.0;0,2
SÃO JOSÉ DOS CAMPOS;354990406A;SP;Altos Vila Paiva;-23,143;-45,92;2018-02-13 18:00:00.0;0,2
SÃO JOSÉ DOS CAMPOS;354990406A;SP;Altos Vila Paiva;-23,143;-45,92;2018-02-13 18:10:00.0;0,2
SÃO JOSÉ DOS CAMPOS;354990406A;SP;Altos Vila Paiva;-23,143;-45,92;2018-02-13 18:20:00.0;0,2
SÃO JOSÉ DOS CAMPOS;354990406A;SP;Altos Vila Paiva;-23,143;-45,92;2018-02-13 18:30:00.0;0,39
SÃO JOSÉ DOS CAMPOS;354990406A;SP;Altos Vila Paiva;-23,143;-45,92;2018-02-13 18:40:00.0;0,2
SÃO JOSÉ DOS CAMPOS;354990406A;SP;Altos Vila Paiva;-23,143;-45,92;2018-02-13 18:50:00.0;0,2
SÃO JOSÉ DOS CAMPOS;354990406A;SP;Altos Vila Paiva;-23,143;-45,92;2018-02-13 19:00:00.0;0,2
SÃO JOSÉ DOS CAMPOS;354990406A;SP;Altos Vila Paiva;-23,143;-45,92;2018-02-13 19:10:00.0;0,39
SÃO JOSÉ DOS CAMPOS;354990406A;SP;Altos Vila Paiva;-23,143;-45,92;2018-02-13 19:20:00.0;0,2
SÃO JOSÉ DOS CAMPOS;354990406A;SP;Altos Vila Paiva;-23,143;-45,92;2018-02-13 19:30:00.0;0,2
SÃO JOSÉ DOS CAMPOS;354990406A;SP;Altos Vila Paiva;-23,143;-45,92;2018-02-13 19:40:00.0;0,2
SÃO JOSÉ DOS CAMPOS;354990406A;SP;Altos Vila Paiva;-23,143;-45,92;2018-02-13 19:50:00.0;0,39
SÃO JOSÉ DOS CAMPOS;354990406A;SP;Altos Vila Paiva;-23,143;-45,92;2018-02-13 20:00:00.0;0,2
SÃO JOSÉ DOS CAMPOS;354990406A;SP;Altos Vila Paiva;-23,143;-45,92;2018-02-13 20:10:00.0;0,2
SÃO JOSÉ DOS CAMPOS;354990406A;SP;Altos Vila Paiva;-23,143;-45,92;2018-02-13 20:20:00.0;0,2
SÃO JOSÉ DOS CAMPOS;354990406A;SP;Altos Vila Paiva;-23,143;-45,92;2018-02-13 20:30:00.0;0,2
SÃO JOSÉ DOS CAMPOS;354990406A;SP;Altos Vila Paiva;-23,143;-45,92;2018-02-13 20:40:00.0;0,2
SÃO JOSÉ DOS CAMPOS;354990406A;SP;Altos Vila Paiva;-23,143;-45,92;2018-02-13 20:50:00.0;0,39
SÃO JOSÉ DOS CAMPOS;354990406A;SP;Altos Vila Paiva;-23,143;-45,92;2018-02-13 21:00:00.0;0,2
SÃO JOSÉ DOS CAMPOS;354990406A;SP;Altos Vila Paiva;-23,143;-45,92;2018-02-13 21:10:00.0;0,2
SÃO JOSÉ DOS CAMPOS;354990406A;SP;Altos Vila Paiva;-23,143;-45,92;2018-02-13 21:20:00.0;0,2
SÃO JOSÉ DOS CAMPOS;354990406A;SP;Altos Vila Paiva;-23,143;-45,92;2018-02-13 21:30:00.0;0,2
SÃO JOSÉ DOS CAMPOS;354990406A;SP;Altos Vila Paiva;-23,143;-45,92;2018-02-13 21:40:00.0;0,2
SÃO JOSÉ DOS CAMPOS;354990406A;SP;Altos Vila Paiva;-23,143;-45,92;2018-02-13 21:50:00.0;0,2
SÃO JOSÉ DOS CAMPOS;354990406A;SP;Altos Vila Paiva;-23,143;-45,92;2018-02-13 22:00:00.0;0,2
SÃO JOSÉ DOS CAMPOS;354990406A;SP;Altos Vila Paiva;-23,143;-45,92;2018-02-13 22:10:00.0;0,2
SÃO JOSÉ DOS CAMPOS;354990406A;SP;Altos Vila Paiva;-23,143;-45,92;2018-02-13 22:20:00.0;0,39
SÃO JOSÉ DOS CAMPOS;354990406A;SP;Altos Vila Paiva;-23,143;-45,92;2018-02-13 22:30:00.0;0,2
SÃO JOSÉ DOS CAMPOS;354990406A;SP;Altos Vila Paiva;-23,143;-45,92;2018-02-13 22:40:00.0;0,2
SÃO JOSÉ DOS CAMPOS;354990406A;SP;Altos Vila Paiva;-23,143;-45,92;2018-02-13 22:50:00.0;0,2
SÃO JOSÉ DOS CAMPOS;354990406A;SP;Altos Vila Paiva;-23,143;-45,92;2018-02-13 23:00:00.0;0,2
SÃO JOSÉ DOS CAMPOS;354990406A;SP;Altos Vila Paiva;-23,143;-45,92;2018-02-13 23:10:00.0;0,2
SÃO JOSÉ DOS CAMPOS;354990406A;SP;Altos Vila Paiva;-23,143;-45,92;2018-02-13 23:20:00.0;0,2
SÃO JOSÉ DOS CAMPOS;354990406A;SP;Altos Vila Paiva;-23,143;-45,92;2018-02-13 23:30:00.0;0,2
SÃO JOSÉ DOS CAMPOS;354990406A;SP;Altos Vila Paiva;-23,143;-45,92;2018-02-13 23:40:00.0;0,2
SÃO JOSÉ DOS CAMPOS;354990406A;SP;Altos Vila Paiva;-23,143;-45,92;2018-02-13 23:50:00.0;0,2
SÃO JOSÉ DOS CAMPOS;354990406A;SP;Altos Vila Paiva;-23,143;-45,92;2018-02-14 00:00:00.0;0,2
SÃO JOSÉ DOS CAMPOS;354990406A;SP;Altos Vila Paiva;-23,143;-45,92;2018-02-14 00:10:00.0;0,2
SÃO JOSÉ DOS CAMPOS;354990406A;SP;Altos Vila Paiva;-23,143;-45,92;2018-02-14 00:20:00.0;0,2
SÃO JOSÉ DOS CAMPOS;354990406A;SP;Altos Vila Paiva;-23,143;-45,92;2018-02-14 00:30:00.0;0,2
SÃO JOSÉ DOS CAMPOS;354990406A;SP;Altos Vila Paiva;-23,143;-45,92;2018-02-14 00:40:00.0;0,39
SÃO JOSÉ DOS CAMPOS;354990406A;SP;Altos Vila Paiva;-23,143;-45,92;2018-02-14 00:50:00.0;0,2
SÃO JOSÉ DOS CAMPOS;354990406A;SP;Altos Vila Paiva;-23,143;-45,92;2018-02-14 01:00:00.0;0,2
SÃO JOSÉ DOS CAMPOS;354990406A;SP;Altos Vila Paiva;-23,143;-45,92;2018-02-14 01:10:00.0;0,2
SÃO JOSÉ DOS CAMPOS;354990406A;SP;Altos Vila Paiva;-23,143;-45,92;2018-02-14 01:20:00.0;0,2
SÃO JOSÉ DOS CAMPOS;354990406A;SP;Altos Vila Paiva;-23,143;-45,92;2018-02-14 01:30:00.0;0,39
SÃO JOSÉ DOS CAMPOS;354990406A;SP;Altos Vila Paiva;-23,143;-45,92;2018-02-14 01:40:00.0;0,2
SÃO JOSÉ DOS CAMPOS;354990406A;SP;Altos Vila Paiva;-23,143;-45,92;2018-02-14 01:50:00.0;0,2
SÃO JOSÉ DOS CAMPOS;354990406A;SP;Altos Vila Paiva;-23,143;-45,92;2018-02-14 02:00:00.0;0,2
SÃO JOSÉ DOS CAMPOS;354990406A;SP;Altos Vila Paiva;-23,143;-45,92;2018-02-14 02:10:00.0;0,2
SÃO JOSÉ DOS CAMPOS;354990406A;SP;Altos Vila Paiva;-23,143;-45,92;2018-02-14 02:20:00.0;0,39
SÃO JOSÉ DOS CAMPOS;354990406A;SP;Altos Vila Paiva;-23,143;-45,92;2018-02-14 02:30:00.0;0,2
SÃO JOSÉ DOS CAMPOS;354990406A;SP;Altos Vila Paiva;-23,143;-45,92;2018-02-14 02:40:00.0;0,2
SÃO JOSÉ DOS CAMPOS;354990406A;SP;Altos Vila Paiva;-23,143;-45,92;2018-02-14 02:50:00.0;0,2
SÃO JOSÉ DOS CAMPOS;354990406A;SP;Altos Vila Paiva;-23,143;-45,92;2018-02-14 03:00:00.0;0,39
SÃO JOSÉ DOS CAMPOS;354990406A;SP;Altos Vila Paiva;-23,143;-45,92;2018-02-14 03:10:00.0;0,2
SÃO JOSÉ DOS CAMPOS;354990406A;SP;Altos Vila Paiva;-23,143;-45,92;2018-02-14 03:20:00.0;0,39
SÃO JOSÉ DOS CAMPOS;354990406A;SP;Altos Vila Paiva;-23,143;-45,92;2018-02-14 03:30:00.0;0,39
SÃO JOSÉ DOS CAMPOS;354990406A;SP;Altos Vila Paiva;-23,143;-45,92;2018-02-14 03:40:00.0;0,39
SÃO JOSÉ DOS CAMPOS;354990406A;SP;Altos Vila Paiva;-23,143;-45,92;2018-02-14 03:50:00.0;0,39
SÃO JOSÉ DOS CAMPOS;354990406A;SP;Altos Vila Paiva;-23,143;-45,92;2018-02-14 04:00:00.0;0,59
SÃO JOSÉ DOS CAMPOS;354990406A;SP;Altos Vila Paiva;-23,143;-45,92;2018-02-14 04:10:00.0;0,39
SÃO JOSÉ DOS CAMPOS;354990406A;SP;Altos Vila Paiva;-23,143;-45,92;2018-02-14 04:20:00.0;0,39
SÃO JOSÉ DOS CAMPOS;354990406A;SP;Altos Vila Paiva;-23,143;-45,92;2018-02-14 04:30:00.0;0,39
SÃO JOSÉ DOS CAMPOS;354990406A;SP;Altos Vila Paiva;-23,143;-45,92;2018-02-14 04:40:00.0;0,39
SÃO JOSÉ DOS CAMPOS;354990406A;SP;Altos Vila Paiva;-23,143;-45,92;2018-02-14 04:50:00.0;0,39
SÃO JOSÉ DOS CAMPOS;354990406A;SP;Altos Vila Paiva;-23,143;-45,92;2018-02-14 05:00:00.0;0,39
SÃO JOSÉ DOS CAMPOS;354990406A;SP;Altos Vila Paiva;-23,143;-45,92;2018-02-14 05:10:00.0;0,39
SÃO JOSÉ DOS CAMPOS;354990406A;SP;Altos Vila Paiva;-23,143;-45,92;2018-02-14 05:20:00.0;0,39
SÃO JOSÉ DOS CAMPOS;354990406A;SP;Altos Vila Paiva;-23,143;-45,92;2018-02-14 05:30:00.0;0,39
SÃO JOSÉ DOS CAMPOS;354990406A;SP;Altos Vila Paiva;-23,143;-45,92;2018-02-14 05:40:00.0;0,39
SÃO JOSÉ DOS CAMPOS;354990406A;SP;Altos Vila Paiva;-23,143;-45,92;2018-02-14 05:50:00.0;0,39
SÃO JOSÉ DOS CAMPOS;354990406A;SP;Altos Vila Paiva;-23,143;-45,92;2018-02-14 06:00:00.0;0,2
SÃO JOSÉ DOS CAMPOS;354990406A;SP;Altos Vila Paiva;-23,143;-45,92;2018-02-14 06:10:00.0;0,39
SÃO JOSÉ DOS CAMPOS;354990406A;SP;Altos Vila Paiva;-23,143;-45,92;2018-02-14 06:20:00.0;0,39
SÃO JOSÉ DOS CAMPOS;354990406A;SP;Altos Vila Paiva;-23,143;-45,92;2018-02-14 06:30:00.0;0,39
SÃO JOSÉ DOS CAMPOS;354990406A;SP;Altos Vila Paiva;-23,143;-45,92;2018-02-14 06:40:00.0;0,39
SÃO JOSÉ DOS CAMPOS;354990406A;SP;Altos Vila Paiva;-23,143;-45,92;2018-02-14 06:50:00.0;0,2
SÃO JOSÉ DOS CAMPOS;354990406A;SP;Altos Vila Paiva;-23,143;-45,92;2018-02-14 07:00:00.0;0,39
SÃO JOSÉ DOS CAMPOS;354990406A;SP;Altos Vila Paiva;-23,143;-45,92;2018-02-14 07:10:00.0;0,39
SÃO JOSÉ DOS CAMPOS;354990406A;SP;Altos Vila Paiva;-23,143;-45,92;2018-02-14 07:20:00.0;0,2
SÃO JOSÉ DOS CAMPOS;354990406A;SP;Altos Vila Paiva;-23,143;-45,92;2018-02-14 07:30:00.0;0,39
SÃO JOSÉ DOS CAMPOS;354990406A;SP;Altos Vila Paiva;-23,143;-45,92;2018-02-14 07:40:00.0;0,39
SÃO JOSÉ DOS CAMPOS;354990406A;SP;Altos Vila Paiva;-23,143;-45,92;2018-02-14 07:50:00.0;0,39
SÃO JOSÉ DOS CAMPOS;354990406A;SP;Altos Vila Paiva;-23,143;-45,92;2018-02-14 08:00:00.0;0,2
SÃO JOSÉ DOS CAMPOS;354990406A;SP;Altos Vila Paiva;-23,143;-45,92;2018-02-14 08:10:00.0;0,39
SÃO JOSÉ DOS CAMPOS;354990406A;SP;Altos Vila Paiva;-23,143;-45,92;2018-02-14 08:20:00.0;0,39
SÃO JOSÉ DOS CAMPOS;354990406A;SP;Altos Vila Paiva;-23,143;-45,92;2018-02-14 08:30:00.0;0,2
SÃO JOSÉ DOS CAMPOS;354990406A;SP;Altos Vila Paiva;-23,143;-45,92;2018-02-14 08:40:00.0;0,39
SÃO JOSÉ DOS CAMPOS;354990406A;SP;Altos Vila Paiva;-23,143;-45,92;2018-02-14 08:50:00.0;0,39
SÃO JOSÉ DOS CAMPOS;354990406A;SP;Altos Vila Paiva;-23,143;-45,92;2018-02-14 09:00:00.0;0,2
SÃO JOSÉ DOS CAMPOS;354990406A;SP;Altos Vila Paiva;-23,143;-45,92;2018-02-14 09:10:00.0;0,39
SÃO JOSÉ DOS CAMPOS;354990406A;SP;Altos Vila Paiva;-23,143;-45,92;2018-02-14 09:20:00.0;0,39
SÃO JOSÉ DOS CAMPOS;354990406A;SP;Altos Vila Paiva;-23,143;-45,92;2018-02-14 09:30:00.0;0,2
SÃO JOSÉ DOS CAMPOS;354990406A;SP;Altos Vila Paiva;-23,143;-45,92;2018-02-14 09:40:00.0;0,39
SÃO JOSÉ DOS CAMPOS;354990406A;SP;Altos Vila Paiva;-23,143;-45,92;2018-02-14 09:50:00.0;0,2
SÃO JOSÉ DOS CAMPOS;354990406A;SP;Altos Vila Paiva;-23,143;-45,92;2018-02-14 10:00:00.0;0,39
SÃO JOSÉ DOS CAMPOS;354990406A;SP;Altos Vila Paiva;-23,143;-45,92;2018-02-14 10:10:00.0;0,39
SÃO JOSÉ DOS CAMPOS;354990406A;SP;Altos Vila Paiva;-23,143;-45,92;2018-02-14 10:20:00.0;0,39
SÃO JOSÉ DOS CAMPOS;354990406A;SP;Altos Vila Paiva;-23,143;-45,92;2018-02-14 10:30:00.0;0,2
SÃO JOSÉ DOS CAMPOS;354990406A;SP;Altos Vila Paiva;-23,143;-45,92;2018-02-14 10:40:00.0;0,39
SÃO JOSÉ DOS CAMPOS;354990406A;SP;Altos Vila Paiva;-23,143;-45,92;2018-02-14 10:50:00.0;0,2
SÃO JOSÉ DOS CAMPOS;354990406A;SP;Altos Vila Paiva;-23,143;-45,92;2018-02-14 11:00:00.0;0,39
SÃO JOSÉ DOS CAMPOS;354990406A;SP;Altos Vila Paiva;-23,143;-45,92;2018-02-14 11:10:00.0;0,39
SÃO JOSÉ DOS CAMPOS;354990406A;SP;Altos Vila Paiva;-23,143;-45,92;2018-02-14 11:20:00.0;0,2
SÃO JOSÉ DOS CAMPOS;354990406A;SP;Altos Vila Paiva;-23,143;-45,92;2018-02-14 11:30:00.0;0,39
SÃO JOSÉ DOS CAMPOS;354990406A;SP;Altos Vila Paiva;-23,143;-45,92;2018-02-14 11:40:00.0;0,2
SÃO JOSÉ DOS CAMPOS;354990406A;SP;Altos Vila Paiva;-23,143;-45,92;2018-02-14 11:50:00.0;0,39
SÃO JOSÉ DOS CAMPOS;354990406A;SP;Altos Vila Paiva;-23,143;-45,92;2018-02-14 12:00:00.0;0,2
SÃO JOSÉ DOS CAMPOS;354990406A;SP;Altos Vila Paiva;-23,143;-45,92;2018-02-14 12:10:00.0;0,39
SÃO JOSÉ DOS CAMPOS;354990406A;SP;Altos Vila Paiva;-23,143;-45,92;2018-02-14 12:20:00.0;0,2
SÃO JOSÉ DOS CAMPOS;354990406A;SP;Altos Vila Paiva;-23,143;-45,92;2018-02-14 12:30:00.0;0,39
SÃO JOSÉ DOS CAMPOS;354990406A;SP;Altos Vila Paiva;-23,143;-45,92;2018-02-14 12:40:00.0;0,2
SÃO JOSÉ DOS CAMPOS;354990406A;SP;Altos Vila Paiva;-23,143;-45,92;2018-02-14 12:50:00.0;0,39
SÃO JOSÉ DOS CAMPOS;354990406A;SP;Altos Vila Paiva;-23,143;-45,92;2018-02-14 13:00:00.0;0,2
SÃO JOSÉ DOS CAMPOS;354990406A;SP;Altos Vila Paiva;-23,143;-45,92;2018-02-14 13:10:00.0;0,39
SÃO JOSÉ DOS CAMPOS;354990406A;SP;Altos Vila Paiva;-23,143;-45,92;2018-02-14 13:20:00.0;0,2
SÃO JOSÉ DOS CAMPOS;354990406A;SP;Altos Vila Paiva;-23,143;-45,92;2018-02-14 13:30:00.0;0,2
SÃO JOSÉ DOS CAMPOS;354990406A;SP;Altos Vila Paiva;-23,143;-45,92;2018-02-14 13:40:00.0;0,39
SÃO JOSÉ DOS CAMPOS;354990406A;SP;Altos Vila Paiva;-23,143;-45,92;2018-02-14 13:50:00.0;0,2
SÃO JOSÉ DOS CAMPOS;354990406A;SP;Altos Vila Paiva;-23,143;-45,92;2018-02-14 14:00:00.0;0,39
SÃO JOSÉ DOS CAMPOS;354990406A;SP;Altos Vila Paiva;-23,143;-45,92;2018-02-14 14:10:00.0;0,2
SÃO JOSÉ DOS CAMPOS;354990406A;SP;Altos Vila Paiva;-23,143;-45,92;2018-02-14 14:20:00.0;0,2
SÃO JOSÉ DOS CAMPOS;354990406A;SP;Altos Vila Paiva;-23,143;-45,92;2018-02-14 14:30:00.0;0,2
SÃO JOSÉ DOS CAMPOS;354990406A;SP;Altos Vila Paiva;-23,143;-45,92;2018-02-14 14:40:00.0;0,2
SÃO JOSÉ DOS CAMPOS;354990406A;SP;Altos Vila Paiva;-23,143;-45,92;2018-02-14 14:50:00.0;0,39
SÃO JOSÉ DOS CAMPOS;354990406A;SP;Altos Vila Paiva;-23,143;-45,92;2018-02-14 15:00:00.0;0,2
SÃO JOSÉ DOS CAMPOS;354990406A;SP;Altos Vila Paiva;-23,143;-45,92;2018-02-14 15:10:00.0;0,2
SÃO JOSÉ DOS CAMPOS;354990406A;SP;Altos Vila Paiva;-23,143;-45,92;2018-02-14 15:20:00.0;0,2
SÃO JOSÉ DOS CAMPOS;354990406A;SP;Altos Vila Paiva;-23,143;-45,92;2018-02-14 15:40:00.0;0,2
SÃO JOSÉ DOS CAMPOS;354990406A;SP;Altos Vila Paiva;-23,143;-45,92;2018-02-14 16:10:00.0;0,0
SÃO JOSÉ DOS CAMPOS;354990406A;SP;Altos Vila Paiva;-23,143;-45,92;2018-02-14 17:10:00.0;0,0
SÃO JOSÉ DOS CAMPOS;354990406A;SP;Altos Vila Paiva;-23,143;-45,92;2018-02-14 17:50:00.0;0,2
SÃO JOSÉ DOS CAMPOS;354990406A;SP;Altos Vila Paiva;-23,143;-45,92;2018-02-14 18:10:00.0;0,0
SÃO JOSÉ DOS CAMPOS;354990406A;SP;Altos Vila Paiva;-23,143;-45,92;2018-02-14 18:40:00.0;0,2
SÃO JOSÉ DOS CAMPOS;354990406A;SP;Altos Vila Paiva;-23,143;-45,92;2018-02-14 19:10:00.0;0,0
SÃO JOSÉ DOS CAMPOS;354990406A;SP;Altos Vila Paiva;-23,143;-45,92;2018-02-14 19:20:00.0;0,2
SÃO JOSÉ DOS CAMPOS;354990406A;SP;Altos Vila Paiva;-23,143;-45,92;2018-02-14 19:50:00.0;0,2
SÃO JOSÉ DOS CAMPOS;354990406A;SP;Altos Vila Paiva;-23,143;-45,92;2018-02-14 20:10:00.0;0,0
SÃO JOSÉ DOS CAMPOS;354990406A;SP;Altos Vila Paiva;-23,143;-45,92;2018-02-14 20:20:00.0;0,2
SÃO JOSÉ DOS CAMPOS;354990406A;SP;Altos Vila Paiva;-23,143;-45,92;2018-02-14 20:50:00.0;0,2
SÃO JOSÉ DOS CAMPOS;354990406A;SP;Altos Vila Paiva;-23,143;-45,92;2018-02-14 21:10:00.0;0,0
SÃO JOSÉ DOS CAMPOS;354990406A;SP;Altos Vila Paiva;-23,143;-45,92;2018-02-14 21:20:00.0;0,2
SÃO JOSÉ DOS CAMPOS;354990406A;SP;Altos Vila Paiva;-23,143;-45,92;2018-02-14 22:00:00.0;0,2
SÃO JOSÉ DOS CAMPOS;354990406A;SP;Altos Vila Paiva;-23,143;-45,92;2018-02-14 22:10:00.0;0,0
SÃO JOSÉ DOS CAMPOS;354990406A;SP;Altos Vila Paiva;-23,143;-45,92;2018-02-14 22:40:00.0;0,2
SÃO JOSÉ DOS CAMPOS;354990406A;SP;Altos Vila Paiva;-23,143;-45,92;2018-02-14 23:10:00.0;0,0
SÃO JOSÉ DOS CAMPOS;354990406A;SP;Altos Vila Paiva;-23,143;-45,92;2018-02-15 00:00:00.0;0,2
SÃO JOSÉ DOS CAMPOS;354990406A;SP;Altos Vila Paiva;-23,143;-45,92;2018-02-15 00:10:00.0;0,0
SÃO JOSÉ DOS CAMPOS;354990406A;SP;Altos Vila Paiva;-23,143;-45,92;2018-02-15 00:50:00.0;0,2
SÃO JOSÉ DOS CAMPOS;354990406A;SP;Altos Vila Paiva;-23,143;-45,92;2018-02-15 01:40:00.0;0,2
SÃO JOSÉ DOS CAMPOS;354990406A;SP;Altos Vila Paiva;-23,143;-45,92;2018-02-15 02:10:00.0;0,2
SÃO JOSÉ DOS CAMPOS;354990406A;SP;Altos Vila Paiva;-23,143;-45,92;2018-02-15 02:40:00.0;0,2
SÃO JOSÉ DOS CAMPOS;354990406A;SP;Altos Vila Paiva;-23,143;-45,92;2018-02-15 03:10:00.0;0,0
SÃO JOSÉ DOS CAMPOS;354990406A;SP;Altos Vila Paiva;-23,143;-45,92;2018-02-15 04:10:00.0;0,0
SÃO JOSÉ DOS CAMPOS;354990406A;SP;Altos Vila Paiva;-23,143;-45,92;2018-02-15 05:10:00.0;0,0
SÃO JOSÉ DOS CAMPOS;354990406A;SP;Altos Vila Paiva;-23,143;-45,92;2018-02-15 05:20:00.0;0,2
SÃO JOSÉ DOS CAMPOS;354990406A;SP;Altos Vila Paiva;-23,143;-45,92;2018-02-15 06:00:00.0;0,2
SÃO JOSÉ DOS CAMPOS;354990406A;SP;Altos Vila Paiva;-23,143;-45,92;2018-02-15 06:10:00.0;0,0
SÃO JOSÉ DOS CAMPOS;354990406A;SP;Altos Vila Paiva;-23,143;-45,92;2018-02-15 06:40:00.0;0,2
SÃO JOSÉ DOS CAMPOS;354990406A;SP;Altos Vila Paiva;-23,143;-45,92;2018-02-15 07:10:00.0;0,0
SÃO JOSÉ DOS CAMPOS;354990406A;SP;Altos Vila Paiva;-23,143;-45,92;2018-02-15 07:20:00.0;0,2
SÃO JOSÉ DOS CAMPOS;354990406A;SP;Altos Vila Paiva;-23,143;-45,92;2018-02-15 08:00:00.0;0,2
SÃO JOSÉ DOS CAMPOS;354990406A;SP;Altos Vila Paiva;-23,143;-45,92;2018-02-15 08:10:00.0;0,0
SÃO JOSÉ DOS CAMPOS;354990406A;SP;Altos Vila Paiva;-23,143;-45,92;2018-02-15 08:30:00.0;0,2
SÃO JOSÉ DOS CAMPOS;354990406A;SP;Altos Vila Paiva;-23,143;-45,92;2018-02-15 09:10:00.0;0,2
SÃO JOSÉ DOS CAMPOS;354990406A;SP;Altos Vila Paiva;-23,143;-45,92;2018-02-15 10:10:00.0;0,2
SÃO JOSÉ DOS CAMPOS;354990406A;SP;Altos Vila Paiva;-23,143;-45,92;2018-02-15 11:10:00.0;0,2
SÃO JOSÉ DOS CAMPOS;354990406A;SP;Altos Vila Paiva;-23,143;-45,92;2018-02-15 12:10:00.0;0,2
SÃO JOSÉ DOS CAMPOS;354990406A;SP;Altos Vila Paiva;-23,143;-45,92;2018-02-15 13:00:00.0;0,2
SÃO JOSÉ DOS CAMPOS;354990406A;SP;Altos Vila Paiva;-23,143;-45,92;2018-02-15 13:10:00.0;0,0
SÃO JOSÉ DOS CAMPOS;354990406A;SP;Altos Vila Paiva;-23,143;-45,92;2018-02-15 13:40:00.0;0,2
SÃO JOSÉ DOS CAMPOS;354990406A;SP;Altos Vila Paiva;-23,143;-45,92;2018-02-15 14:10:00.0;0,2
SÃO JOSÉ DOS CAMPOS;354990406A;SP;Altos Vila Paiva;-23,143;-45,92;2018-02-15 14:50:00.0;0,2
SÃO JOSÉ DOS CAMPOS;354990406A;SP;Altos Vila Paiva;-23,143;-45,92;2018-02-15 15:10:00.0;0,0
SÃO JOSÉ DOS CAMPOS;354990406A;SP;Altos Vila Paiva;-23,143;-45,92;2018-02-15 15:30:00.0;0,2
SÃO JOSÉ DOS CAMPOS;354990406A;SP;Altos Vila Paiva;-23,143;-45,92;2018-02-15 16:10:00.0;0,0
SÃO JOSÉ DOS CAMPOS;354990406A;SP;Altos Vila Paiva;-23,143;-45,92;2018-02-15 16:20:00.0;0,2
SÃO JOSÉ DOS CAMPOS;354990406A;SP;Altos Vila Paiva;-23,143;-45,92;2018-02-15 17:00:00.0;0,2
SÃO JOSÉ DOS CAMPOS;354990406A;SP;Altos Vila Paiva;-23,143;-45,92;2018-02-15 17:10:00.0;0,0
SÃO JOSÉ DOS CAMPOS;354990406A;SP;Altos Vila Paiva;-23,143;-45,92;2018-02-15 17:30:00.0;0,2
SÃO JOSÉ DOS CAMPOS;354990406A;SP;Altos Vila Paiva;-23,143;-45,92;2018-02-15 18:00:00.0;0,2
SÃO JOSÉ DOS CAMPOS;354990406A;SP;Altos Vila Paiva;-23,143;-45,92;2018-02-15 18:10:00.0;0,0
SÃO JOSÉ DOS CAMPOS;354990406A;SP;Altos Vila Paiva;-23,143;-45,92;2018-02-15 19:10:00.0;0,0
SÃO JOSÉ DOS CAMPOS;354990406A;SP;Altos Vila Paiva;-23,143;-45,92;2018-02-15 20:10:00.0;0,0
SÃO JOSÉ DOS CAMPOS;354990406A;SP;Altos Vila Paiva;-23,143;-45,92;2018-02-15 21:00:00.0;0,2
SÃO JOSÉ DOS CAMPOS;354990406A;SP;Altos Vila Paiva;-23,143;-45,92;2018-02-15 21:10:00.0;0,0
SÃO JOSÉ DOS CAMPOS;354990406A;SP;Altos Vila Paiva;-23,143;-45,92;2018-02-15 21:40:00.0;0,2
SÃO JOSÉ DOS CAMPOS;354990406A;SP;Altos Vila Paiva;-23,143;-45,92;2018-02-15 22:10:00.0;0,2
SÃO JOSÉ DOS CAMPOS;354990406A;SP;Altos Vila Paiva;-23,143;-45,92;2018-02-15 22:30:00.0;0,2
SÃO JOSÉ DOS CAMPOS;354990406A;SP;Altos Vila Paiva;-23,143;-45,92;2018-02-15 23:00:00.0;0,2
SÃO JOSÉ DOS CAMPOS;354990406A;SP;Altos Vila Paiva;-23,143;-45,92;2018-02-15 23:10:00.0;0,0
SÃO JOSÉ DOS CAMPOS;354990406A;SP;Altos Vila Paiva;-23,143;-45,92;2018-02-15 23:20:00.0;0,2
SÃO JOSÉ DOS CAMPOS;354990406A;SP;Altos Vila Paiva;-23,143;-45,92;2018-02-15 23:40:00.0;0,2
SÃO JOSÉ DOS CAMPOS;354990406A;SP;Altos Vila Paiva;-23,143;-45,92;2018-02-16 00:00:00.0;0,2
SÃO JOSÉ DOS CAMPOS;354990406A;SP;Altos Vila Paiva;-23,143;-45,92;2018-02-16 00:10:00.0;0,2
SÃO JOSÉ DOS CAMPOS;354990406A;SP;Altos Vila Paiva;-23,143;-45,92;2018-02-16 00:30:00.0;0,2
SÃO JOSÉ DOS CAMPOS;354990406A;SP;Altos Vila Paiva;-23,143;-45,92;2018-02-16 00:40:00.0;0,2
SÃO JOSÉ DOS CAMPOS;354990406A;SP;Altos Vila Paiva;-23,143;-45,92;2018-02-16 01:00:00.0;0,2
SÃO JOSÉ DOS CAMPOS;354990406A;SP;Altos Vila Paiva;-23,143;-45,92;2018-02-16 01:10:00.0;0,0
SÃO JOSÉ DOS CAMPOS;354990406A;SP;Altos Vila Paiva;-23,143;-45,92;2018-02-16 01:20:00.0;0,2
SÃO JOSÉ DOS CAMPOS;354990406A;SP;Altos Vila Paiva;-23,143;-45,92;2018-02-16 01:40:00.0;0,2
SÃO JOSÉ DOS CAMPOS;354990406A;SP;Altos Vila Paiva;-23,143;-45,92;2018-02-16 01:50:00.0;0,2
SÃO JOSÉ DOS CAMPOS;354990406A;SP;Altos Vila Paiva;-23,143;-45,92;2018-02-16 02:00:00.0;0,2
SÃO JOSÉ DOS CAMPOS;354990406A;SP;Altos Vila Paiva;-23,143;-45,92;2018-02-16 02:10:00.0;0,2
SÃO JOSÉ DOS CAMPOS;354990406A;SP;Altos Vila Paiva;-23,143;-45,92;2018-02-16 02:30:00.0;0,2
SÃO JOSÉ DOS CAMPOS;354990406A;SP;Altos Vila Paiva;-23,143;-45,92;2018-02-16 02:40:00.0;0,2
SÃO JOSÉ DOS CAMPOS;354990406A;SP;Altos Vila Paiva;-23,143;-45,92;2018-02-16 02:50:00.0;0,2
SÃO JOSÉ DOS CAMPOS;354990406A;SP;Altos Vila Paiva;-23,143;-45,92;2018-02-16 03:00:00.0;0,2
SÃO JOSÉ DOS CAMPOS;354990406A;SP;Altos Vila Paiva;-23,143;-45,92;2018-02-16 03:10:00.0;0,2
SÃO JOSÉ DOS CAMPOS;354990406A;SP;Altos Vila Paiva;-23,143;-45,92;2018-02-16 03:30:00.0;0,2
SÃO JOSÉ DOS CAMPOS;354990406A;SP;Altos Vila Paiva;-23,143;-45,92;2018-02-16 03:40:00.0;0,2
SÃO JOSÉ DOS CAMPOS;354990406A;SP;Altos Vila Paiva;-23,143;-45,92;2018-02-16 04:00:00.0;0,2
SÃO JOSÉ DOS CAMPOS;354990406A;SP;Altos Vila Paiva;-23,143;-45,92;2018-02-16 04:10:00.0;0,2
SÃO JOSÉ DOS CAMPOS;354990406A;SP;Altos Vila Paiva;-23,143;-45,92;2018-02-16 04:30:00.0;0,2
SÃO JOSÉ DOS CAMPOS;354990406A;SP;Altos Vila Paiva;-23,143;-45,92;2018-02-16 05:10:00.0;0,0
SÃO JOSÉ DOS CAMPOS;354990406A;SP;Altos Vila Paiva;-23,143;-45,92;2018-02-16 06:10:00.0;0,0
SÃO JOSÉ DOS CAMPOS;354990406A;SP;Altos Vila Paiva;-23,143;-45,92;2018-02-16 07:10:00.0;0,0
SÃO JOSÉ DOS CAMPOS;354990406A;SP;Altos Vila Paiva;-23,143;-45,92;2018-02-16 07:30:00.0;0,2
SÃO JOSÉ DOS CAMPOS;354990406A;SP;Altos Vila Paiva;-23,143;-45,92;2018-02-16 08:10:00.0;0,0
SÃO JOSÉ DOS CAMPOS;354990406A;SP;Altos Vila Paiva;-23,143;-45,92;2018-02-16 09:10:00.0;0,0
SÃO JOSÉ DOS CAMPOS;354990406A;SP;Altos Vila Paiva;-23,143;-45,92;2018-02-16 10:10:00.0;0,0
SÃO JOSÉ DOS CAMPOS;354990406A;SP;Altos Vila Paiva;-23,143;-45,92;2018-02-16 11:10:00.0;0,0
SÃO JOSÉ DOS CAMPOS;354990406A;SP;Altos Vila Paiva;-23,143;-45,92;2018-02-16 12:10:00.0;0,0
SÃO JOSÉ DOS CAMPOS;354990406A;SP;Altos Vila Paiva;-23,143;-45,92;2018-02-16 13:10:00.0;0,0
SÃO JOSÉ DOS CAMPOS;354990406A;SP;Altos Vila Paiva;-23,143;-45,92;2018-02-16 14:10:00.0;0,0
SÃO JOSÉ DOS CAMPOS;354990406A;SP;Altos Vila Paiva;-23,143;-45,92;2018-02-16 15:10:00.0;0,0
SÃO JOSÉ DOS CAMPOS;354990406A;SP;Altos Vila Paiva;-23,143;-45,92;2018-02-16 16:10:00.0;0,0
SÃO JOSÉ DOS CAMPOS;354990406A;SP;Altos Vila Paiva;-23,143;-45,92;2018-02-16 17:10:00.0;0,0
SÃO JOSÉ DOS CAMPOS;354990406A;SP;Altos Vila Paiva;-23,143;-45,92;2018-02-16 18:10:00.0;0,0
SÃO JOSÉ DOS CAMPOS;354990406A;SP;Altos Vila Paiva;-23,143;-45,92;2018-02-16 19:10:00.0;0,0
SÃO JOSÉ DOS CAMPOS;354990406A;SP;Altos Vila Paiva;-23,143;-45,92;2018-02-16 20:10:00.0;0,0
SÃO JOSÉ DOS CAMPOS;354990406A;SP;Altos Vila Paiva;-23,143;-45,92;2018-02-16 21:10:00.0;0,0
SÃO JOSÉ DOS CAMPOS;354990406A;SP;Altos Vila Paiva;-23,143;-45,92;2018-02-16 22:10:00.0;0,0
SÃO JOSÉ DOS CAMPOS;354990406A;SP;Altos Vila Paiva;-23,143;-45,92;2018-02-16 23:10:00.0;0,0
SÃO JOSÉ DOS CAMPOS;354990406A;SP;Altos Vila Paiva;-23,143;-45,92;2018-02-17 00:10:00.0;0,0
SÃO JOSÉ DOS CAMPOS;354990406A;SP;Altos Vila Paiva;-23,143;-45,92;2018-02-17 01:10:00.0;0,0
SÃO JOSÉ DOS CAMPOS;354990406A;SP;Altos Vila Paiva;-23,143;-45,92;2018-02-17 02:10:00.0;0,0
SÃO JOSÉ DOS CAMPOS;354990406A;SP;Altos Vila Paiva;-23,143;-45,92;2018-02-17 03:10:00.0;0,0
SÃO JOSÉ DOS CAMPOS;354990406A;SP;Altos Vila Paiva;-23,143;-45,92;2018-02-17 04:10:00.0;0,0
SÃO JOSÉ DOS CAMPOS;354990406A;SP;Altos Vila Paiva;-23,143;-45,92;2018-02-17 05:10:00.0;0,0
SÃO JOSÉ DOS CAMPOS;354990406A;SP;Altos Vila Paiva;-23,143;-45,92;2018-02-17 06:10:00.0;0,0
SÃO JOSÉ DOS CAMPOS;354990406A;SP;Altos Vila Paiva;-23,143;-45,92;2018-02-17 07:10:00.0;0,0
SÃO JOSÉ DOS CAMPOS;354990406A;SP;Altos Vila Paiva;-23,143;-45,92;2018-02-17 08:10:00.0;0,0
SÃO JOSÉ DOS CAMPOS;354990406A;SP;Altos Vila Paiva;-23,143;-45,92;2018-02-17 09:10:00.0;0,0
SÃO JOSÉ DOS CAMPOS;354990406A;SP;Altos Vila Paiva;-23,143;-45,92;2018-02-17 10:10:00.0;0,0
SÃO JOSÉ DOS CAMPOS;354990406A;SP;Altos Vila Paiva;-23,143;-45,92;2018-02-17 11:10:00.0;0,0
SÃO JOSÉ DOS CAMPOS;354990406A;SP;Altos Vila Paiva;-23,143;-45,92;2018-02-17 12:10:00.0;0,0
SÃO JOSÉ DOS CAMPOS;354990406A;SP;Altos Vila Paiva;-23,143;-45,92;2018-02-17 13:10:00.0;0,0
SÃO JOSÉ DOS CAMPOS;354990406A;SP;Altos Vila Paiva;-23,143;-45,92;2018-02-17 14:10:00.0;0,0
SÃO JOSÉ DOS CAMPOS;354990406A;SP;Altos Vila Paiva;-23,143;-45,92;2018-02-17 15:10:00.0;0,0
SÃO JOSÉ DOS CAMPOS;354990406A;SP;Altos Vila Paiva;-23,143;-45,92;2018-02-17 16:10:00.0;0,0
SÃO JOSÉ DOS CAMPOS;354990406A;SP;Altos Vila Paiva;-23,143;-45,92;2018-02-17 17:10:00.0;0,0
SÃO JOSÉ DOS CAMPOS;354990406A;SP;Altos Vila Paiva;-23,143;-45,92;2018-02-17 18:10:00.0;0,0
SÃO JOSÉ DOS CAMPOS;354990406A;SP;Altos Vila Paiva;-23,143;-45,92;2018-02-17 19:10:00.0;0,0
SÃO JOSÉ DOS CAMPOS;354990406A;SP;Altos Vila Paiva;-23,143;-45,92;2018-02-17 20:10:00.0;0,0
SÃO JOSÉ DOS CAMPOS;354990406A;SP;Altos Vila Paiva;-23,143;-45,92;2018-02-17 21:10:00.0;0,0
SÃO JOSÉ DOS CAMPOS;354990406A;SP;Altos Vila Paiva;-23,143;-45,92;2018-02-17 22:10:00.0;0,0
SÃO JOSÉ DOS CAMPOS;354990406A;SP;Altos Vila Paiva;-23,143;-45,92;2018-02-17 23:10:00.0;0,0
SÃO JOSÉ DOS CAMPOS;354990406A;SP;Altos Vila Paiva;-23,143;-45,92;2018-02-18 00:10:00.0;0,0
SÃO JOSÉ DOS CAMPOS;354990406A;SP;Altos Vila Paiva;-23,143;-45,92;2018-02-18 01:10:00.0;0,0
SÃO JOSÉ DOS CAMPOS;354990406A;SP;Altos Vila Paiva;-23,143;-45,92;2018-02-18 02:10:00.0;0,0
SÃO JOSÉ DOS CAMPOS;354990406A;SP;Altos Vila Paiva;-23,143;-45,92;2018-02-18 03:10:00.0;0,0
SÃO JOSÉ DOS CAMPOS;354990406A;SP;Altos Vila Paiva;-23,143;-45,92;2018-02-18 04:10:00.0;0,0
SÃO JOSÉ DOS CAMPOS;354990406A;SP;Altos Vila Paiva;-23,143;-45,92;2018-02-18 05:10:00.0;0,0
SÃO JOSÉ DOS CAMPOS;354990406A;SP;Altos Vila Paiva;-23,143;-45,92;2018-02-18 06:10:00.0;0,0
SÃO JOSÉ DOS CAMPOS;354990406A;SP;Altos Vila Paiva;-23,143;-45,92;2018-02-18 07:10:00.0;0,0
SÃO JOSÉ DOS CAMPOS;354990406A;SP;Altos Vila Paiva;-23,143;-45,92;2018-02-18 08:10:00.0;0,0
SÃO JOSÉ DOS CAMPOS;354990406A;SP;Altos Vila Paiva;-23,143;-45,92;2018-02-18 09:10:00.0;0,0
SÃO JOSÉ DOS CAMPOS;354990406A;SP;Altos Vila Paiva;-23,143;-45,92;2018-02-18 10:10:00.0;0,0
SÃO JOSÉ DOS CAMPOS;354990406A;SP;Altos Vila Paiva;-23,143;-45,92;2018-02-18 11:10:00.0;0,0
SÃO JOSÉ DOS CAMPOS;354990406A;SP;Altos Vila Paiva;-23,143;-45,92;2018-02-18 12:10:00.0;0,0
SÃO JOSÉ DOS CAMPOS;354990406A;SP;Altos Vila Paiva;-23,143;-45,92;2018-02-18 13:10:00.0;0,0
SÃO JOSÉ DOS CAMPOS;354990406A;SP;Altos Vila Paiva;-23,143;-45,92;2018-02-18 14:10:00.0;0,0
SÃO JOSÉ DOS CAMPOS;354990406A;SP;Altos Vila Paiva;-23,143;-45,92;2018-02-18 15:00:00.0;0,2
SÃO JOSÉ DOS CAMPOS;354990406A;SP;Altos Vila Paiva;-23,143;-45,92;2018-02-18 15:10:00.0;0,0
SÃO JOSÉ DOS CAMPOS;354990406A;SP;Altos Vila Paiva;-23,143;-45,92;2018-02-18 15:20:00.0;0,2
SÃO JOSÉ DOS CAMPOS;354990406A;SP;Altos Vila Paiva;-23,143;-45,92;2018-02-18 15:30:00.0;0,2
SÃO JOSÉ DOS CAMPOS;354990406A;SP;Altos Vila Paiva;-23,143;-45,92;2018-02-18 15:40:00.0;0,2
SÃO JOSÉ DOS CAMPOS;354990406A;SP;Altos Vila Paiva;-23,143;-45,92;2018-02-18 15:50:00.0;0,2
SÃO JOSÉ DOS CAMPOS;354990406A;SP;Altos Vila Paiva;-23,143;-45,92;2018-02-18 16:20:00.0;0,2
SÃO JOSÉ DOS CAMPOS;354990406A;SP;Altos Vila Paiva;-23,143;-45,92;2018-02-18 16:50:00.0;0,2
SÃO JOSÉ DOS CAMPOS;354990406A;SP;Altos Vila Paiva;-23,143;-45,92;2018-02-18 17:10:00.0;0,2
SÃO JOSÉ DOS CAMPOS;354990406A;SP;Altos Vila Paiva;-23,143;-45,92;2018-02-18 17:30:00.0;0,2
SÃO JOSÉ DOS CAMPOS;354990406A;SP;Altos Vila Paiva;-23,143;-45,92;2018-02-18 18:00:00.0;0,2
SÃO JOSÉ DOS CAMPOS;354990406A;SP;Altos Vila Paiva;-23,143;-45,92;2018-02-18 18:10:00.0;0,0
SÃO JOSÉ DOS CAMPOS;354990406A;SP;Altos Vila Paiva;-23,143;-45,92;2018-02-18 18:40:00.0;0,2
SÃO JOSÉ DOS CAMPOS;354990406A;SP;Altos Vila Paiva;-23,143;-45,92;2018-02-18 19:00:00.0;0,2
SÃO JOSÉ DOS CAMPOS;354990406A;SP;Altos Vila Paiva;-23,143;-45,92;2018-02-18 19:10:00.0;0,0
SÃO JOSÉ DOS CAMPOS;354990406A;SP;Altos Vila Paiva;-23,143;-45,92;2018-02-18 19:30:00.0;0,2
SÃO JOSÉ DOS CAMPOS;354990406A;SP;Altos Vila Paiva;-23,143;-45,92;2018-02-18 20:00:00.0;0,2
SÃO JOSÉ DOS CAMPOS;354990406A;SP;Altos Vila Paiva;-23,143;-45,92;2018-02-18 20:30:00.0;0,2
SÃO JOSÉ DOS CAMPOS;354990406A;SP;Altos Vila Paiva;-23,143;-45,92;2018-02-18 21:10:00.0;0,2
SÃO JOSÉ DOS CAMPOS;354990406A;SP;Altos Vila Paiva;-23,143;-45,92;2018-02-18 21:50:00.0;0,2
SÃO JOSÉ DOS CAMPOS;354990406A;SP;Altos Vila Paiva;-23,143;-45,92;2018-02-18 22:10:00.0;0,0
SÃO JOSÉ DOS CAMPOS;354990406A;SP;Altos Vila Paiva;-23,143;-45,92;2018-02-18 22:20:00.0;0,2
SÃO JOSÉ DOS CAMPOS;354990406A;SP;Altos Vila Paiva;-23,143;-45,92;2018-02-18 22:50:00.0;0,2
SÃO JOSÉ DOS CAMPOS;354990406A;SP;Altos Vila Paiva;-23,143;-45,92;2018-02-18 23:10:00.0;0,0
SÃO JOSÉ DOS CAMPOS;354990406A;SP;Altos Vila Paiva;-23,143;-45,92;2018-02-18 23:20:00.0;0,2
SÃO JOSÉ DOS CAMPOS;354990406A;SP;Altos Vila Paiva;-23,143;-45,92;2018-02-18 23:40:00.0;0,2
SÃO JOSÉ DOS CAMPOS;354990406A;SP;Altos Vila Paiva;-23,143;-45,92;2018-02-19 00:10:00.0;0,0
SÃO JOSÉ DOS CAMPOS;354990406A;SP;Altos Vila Paiva;-23,143;-45,92;2018-02-19 00:20:00.0;0,2
SÃO JOSÉ DOS CAMPOS;354990406A;SP;Altos Vila Paiva;-23,143;-45,92;2018-02-19 00:50:00.0;0,2
SÃO JOSÉ DOS CAMPOS;354990406A;SP;Altos Vila Paiva;-23,143;-45,92;2018-02-19 01:10:00.0;0,0
SÃO JOSÉ DOS CAMPOS;354990406A;SP;Altos Vila Paiva;-23,143;-45,92;2018-02-19 01:20:00.0;0,2
SÃO JOSÉ DOS CAMPOS;354990406A;SP;Altos Vila Paiva;-23,143;-45,92;2018-02-19 01:50:00.0;0,2
SÃO JOSÉ DOS CAMPOS;354990406A;SP;Altos Vila Paiva;-23,143;-45,92;2018-02-19 02:30:00.0;0,2
SÃO JOSÉ DOS CAMPOS;354990406A;SP;Altos Vila Paiva;-23,143;-45,92;2018-02-19 03:10:00.0;0,2
SÃO JOSÉ DOS CAMPOS;354990406A;SP;Altos Vila Paiva;-23,143;-45,92;2018-02-19 03:20:00.0;0,0
SÃO JOSÉ DOS CAMPOS;354990406A;SP;Altos Vila Paiva;-23,143;-45,92;2018-02-19 03:40:00.0;0,2
SÃO JOSÉ DOS CAMPOS;354990406A;SP;Altos Vila Paiva;-23,143;-45,92;2018-02-19 04:10:00.0;0,2
SÃO JOSÉ DOS CAMPOS;354990406A;SP;Altos Vila Paiva;-23,143;-45,92;2018-02-19 04:40:00.0;0,2
SÃO JOSÉ DOS CAMPOS;354990406A;SP;Altos Vila Paiva;-23,143;-45,92;2018-02-19 05:10:00.0;0,2
SÃO JOSÉ DOS CAMPOS;354990406A;SP;Altos Vila Paiva;-23,143;-45,92;2018-02-19 05:40:00.0;0,2
SÃO JOSÉ DOS CAMPOS;354990406A;SP;Altos Vila Paiva;-23,143;-45,92;2018-02-19 06:10:00.0;0,2
SÃO JOSÉ DOS CAMPOS;354990406A;SP;Altos Vila Paiva;-23,143;-45,92;2018-02-19 06:50:00.0;0,2
SÃO JOSÉ DOS CAMPOS;354990406A;SP;Altos Vila Paiva;-23,143;-45,92;2018-02-19 07:10:00.0;0,0
SÃO JOSÉ DOS CAMPOS;354990406A;SP;Altos Vila Paiva;-23,143;-45,92;2018-02-19 07:30:00.0;0,2
SÃO JOSÉ DOS CAMPOS;354990406A;SP;Altos Vila Paiva;-23,143;-45,92;2018-02-19 08:10:00.0;0,2
SÃO JOSÉ DOS CAMPOS;354990406A;SP;Altos Vila Paiva;-23,143;-45,92;2018-02-19 09:00:00.0;0,2
SÃO JOSÉ DOS CAMPOS;354990406A;SP;Altos Vila Paiva;-23,143;-45,92;2018-02-19 09:10:00.0;0,0
SÃO JOSÉ DOS CAMPOS;354990406A;SP;Altos Vila Paiva;-23,143;-45,92;2018-02-19 10:10:00.0;0,0
SÃO JOSÉ DOS CAMPOS;354990406A;SP;Altos Vila Paiva;-23,143;-45,92;2018-02-19 11:10:00.0;0,0
SÃO JOSÉ DOS CAMPOS;354990406A;SP;Altos Vila Paiva;-23,143;-45,92;2018-02-19 12:10:00.0;0,0
SÃO JOSÉ DOS CAMPOS;354990406A;SP;Altos Vila Paiva;-23,143;-45,92;2018-02-19 13:10:00.0;0,0
SÃO JOSÉ DOS CAMPOS;354990406A;SP;Altos Vila Paiva;-23,143;-45,92;2018-02-19 14:10:00.0;0,0
SÃO JOSÉ DOS CAMPOS;354990406A;SP;Altos Vila Paiva;-23,143;-45,92;2018-02-19 15:10:00.0;0,0
SÃO JOSÉ DOS CAMPOS;354990406A;SP;Altos Vila Paiva;-23,143;-45,92;2018-02-19 16:10:00.0;0,0
SÃO JOSÉ DOS CAMPOS;354990406A;SP;Altos Vila Paiva;-23,143;-45,92;2018-02-19 17:10:00.0;0,0
SÃO JOSÉ DOS CAMPOS;354990406A;SP;Altos Vila Paiva;-23,143;-45,92;2018-02-19 18:10:00.0;0,0
SÃO JOSÉ DOS CAMPOS;354990406A;SP;Altos Vila Paiva;-23,143;-45,92;2018-02-19 19:10:00.0;0,0
SÃO JOSÉ DOS CAMPOS;354990406A;SP;Altos Vila Paiva;-23,143;-45,92;2018-02-19 20:10:00.0;0,0
SÃO JOSÉ DOS CAMPOS;354990406A;SP;Altos Vila Paiva;-23,143;-45,92;2018-02-19 20:40:00.0;0,2
SÃO JOSÉ DOS CAMPOS;354990406A;SP;Altos Vila Paiva;-23,143;-45,92;2018-02-19 20:50:00.0;0,2
SÃO JOSÉ DOS CAMPOS;354990406A;SP;Altos Vila Paiva;-23,143;-45,92;2018-02-19 21:10:00.0;0,2
SÃO JOSÉ DOS CAMPOS;354990406A;SP;Altos Vila Paiva;-23,143;-45,92;2018-02-19 21:30:00.0;0,2
SÃO JOSÉ DOS CAMPOS;354990406A;SP;Altos Vila Paiva;-23,143;-45,92;2018-02-19 22:00:00.0;0,2
SÃO JOSÉ DOS CAMPOS;354990406A;SP;Altos Vila Paiva;-23,143;-45,92;2018-02-19 22:10:00.0;0,0
SÃO JOSÉ DOS CAMPOS;354990406A;SP;Altos Vila Paiva;-23,143;-45,92;2018-02-19 22:20:00.0;0,2
SÃO JOSÉ DOS CAMPOS;354990406A;SP;Altos Vila Paiva;-23,143;-45,92;2018-02-19 23:00:00.0;0,2
SÃO JOSÉ DOS CAMPOS;354990406A;SP;Altos Vila Paiva;-23,143;-45,92;2018-02-19 23:10:00.0;0,0
SÃO JOSÉ DOS CAMPOS;354990406A;SP;Altos Vila Paiva;-23,143;-45,92;2018-02-19 23:30:00.0;0,2
SÃO JOSÉ DOS CAMPOS;354990406A;SP;Altos Vila Paiva;-23,143;-45,92;2018-02-20 00:00:00.0;0,2
SÃO JOSÉ DOS CAMPOS;354990406A;SP;Altos Vila Paiva;-23,143;-45,92;2018-02-20 00:10:00.0;0,0
SÃO JOSÉ DOS CAMPOS;354990406A;SP;Altos Vila Paiva;-23,143;-45,92;2018-02-20 00:30:00.0;0,2
SÃO JOSÉ DOS CAMPOS;354990406A;SP;Altos Vila Paiva;-23,143;-45,92;2018-02-20 01:00:00.0;0,2
SÃO JOSÉ DOS CAMPOS;354990406A;SP;Altos Vila Paiva;-23,143;-45,92;2018-02-20 01:10:00.0;0,0
SÃO JOSÉ DOS CAMPOS;354990406A;SP;Altos Vila Paiva;-23,143;-45,92;2018-02-20 01:30:00.0;0,2
SÃO JOSÉ DOS CAMPOS;354990406A;SP;Altos Vila Paiva;-23,143;-45,92;2018-02-20 02:00:00.0;0,2
SÃO JOSÉ DOS CAMPOS;354990406A;SP;Altos Vila Paiva;-23,143;-45,92;2018-02-20 02:10:00.0;0,0
SÃO JOSÉ DOS CAMPOS;354990406A;SP;Altos Vila Paiva;-23,143;-45,92;2018-02-20 02:20:00.0;0,2
SÃO JOSÉ DOS CAMPOS;354990406A;SP;Altos Vila Paiva;-23,143;-45,92;2018-02-20 02:50:00.0;0,2
SÃO JOSÉ DOS CAMPOS;354990406A;SP;Altos Vila Paiva;-23,143;-45,92;2018-02-20 03:10:00.0;0,2
SÃO JOSÉ DOS CAMPOS;354990406A;SP;Altos Vila Paiva;-23,143;-45,92;2018-02-20 03:30:00.0;0,2
SÃO JOSÉ DOS CAMPOS;354990406A;SP;Altos Vila Paiva;-23,143;-45,92;2018-02-20 03:50:00.0;0,2
SÃO JOSÉ DOS CAMPOS;354990406A;SP;Altos Vila Paiva;-23,143;-45,92;2018-02-20 04:10:00.0;0,2
SÃO JOSÉ DOS CAMPOS;354990406A;SP;Altos Vila Paiva;-23,143;-45,92;2018-02-20 04:40:00.0;0,2
SÃO JOSÉ DOS CAMPOS;354990406A;SP;Altos Vila Paiva;-23,143;-45,92;2018-02-20 05:00:00.0;0,2
SÃO JOSÉ DOS CAMPOS;354990406A;SP;Altos Vila Paiva;-23,143;-45,92;2018-02-20 05:10:00.0;0,0
SÃO JOSÉ DOS CAMPOS;354990406A;SP;Altos Vila Paiva;-23,143;-45,92;2018-02-20 05:30:00.0;0,2
SÃO JOSÉ DOS CAMPOS;354990406A;SP;Altos Vila Paiva;-23,143;-45,92;2018-02-20 06:00:00.0;0,2
SÃO JOSÉ DOS CAMPOS;354990406A;SP;Altos Vila Paiva;-23,143;-45,92;2018-02-20 06:10:00.0;0,0
SÃO JOSÉ DOS CAMPOS;354990406A;SP;Altos Vila Paiva;-23,143;-45,92;2018-02-20 06:20:00.0;0,2
SÃO JOSÉ DOS CAMPOS;354990406A;SP;Altos Vila Paiva;-23,143;-45,92;2018-02-20 06:50:00.0;0,2
SÃO JOSÉ DOS CAMPOS;354990406A;SP;Altos Vila Paiva;-23,143;-45,92;2018-02-20 07:10:00.0;0,2
SÃO JOSÉ DOS CAMPOS;354990406A;SP;Altos Vila Paiva;-23,143;-45,92;2018-02-20 07:40:00.0;0,2
SÃO JOSÉ DOS CAMPOS;354990406A;SP;Altos Vila Paiva;-23,143;-45,92;2018-02-20 08:00:00.0;0,2
SÃO JOSÉ DOS CAMPOS;354990406A;SP;Altos Vila Paiva;-23,143;-45,92;2018-02-20 08:10:00.0;0,0
SÃO JOSÉ DOS CAMPOS;354990406A;SP;Altos Vila Paiva;-23,143;-45,92;2018-02-20 08:30:00.0;0,2
SÃO JOSÉ DOS CAMPOS;354990406A;SP;Altos Vila Paiva;-23,143;-45,92;2018-02-20 08:50:00.0;0,2
SÃO JOSÉ DOS CAMPOS;354990406A;SP;Altos Vila Paiva;-23,143;-45,92;2018-02-20 09:10:00.0;0,0
SÃO JOSÉ DOS CAMPOS;354990406A;SP;Altos Vila Paiva;-23,143;-45,92;2018-02-20 09:20:00.0;0,2
SÃO JOSÉ DOS CAMPOS;354990406A;SP;Altos Vila Paiva;-23,143;-45,92;2018-02-20 09:50:00.0;0,2
SÃO JOSÉ DOS CAMPOS;354990406A;SP;Altos Vila Paiva;-23,143;-45,92;2018-02-20 10:10:00.0;0,0
SÃO JOSÉ DOS CAMPOS;354990406A;SP;Altos Vila Paiva;-23,143;-45,92;2018-02-20 10:20:00.0;0,2
SÃO JOSÉ DOS CAMPOS;354990406A;SP;Altos Vila Paiva;-23,143;-45,92;2018-02-20 10:50:00.0;0,2
SÃO JOSÉ DOS CAMPOS;354990406A;SP;Altos Vila Paiva;-23,143;-45,92;2018-02-20 11:10:00.0;0,0
SÃO JOSÉ DOS CAMPOS;354990406A;SP;Altos Vila Paiva;-23,143;-45,92;2018-02-20 12:10:00.0;0,0
SÃO JOSÉ DOS CAMPOS;354990406A;SP;Altos Vila Paiva;-23,143;-45,92;2018-02-20 13:10:00.0;0,0
SÃO JOSÉ DOS CAMPOS;354990406A;SP;Altos Vila Paiva;-23,143;-45,92;2018-02-20 14:10:00.0;0,0
SÃO JOSÉ DOS CAMPOS;354990406A;SP;Altos Vila Paiva;-23,143;-45,92;2018-02-20 15:10:00.0;0,0
SÃO JOSÉ DOS CAMPOS;354990406A;SP;Altos Vila Paiva;-23,143;-45,92;2018-02-20 16:10:00.0;0,0
SÃO JOSÉ DOS CAMPOS;354990406A;SP;Altos Vila Paiva;-23,143;-45,92;2018-02-20 17:10:00.0;0,0
SÃO JOSÉ DOS CAMPOS;354990406A;SP;Altos Vila Paiva;-23,143;-45,92;2018-02-20 18:10:00.0;0,0
SÃO JOSÉ DOS CAMPOS;354990406A;SP;Altos Vila Paiva;-23,143;-45,92;2018-02-20 19:10:00.0;0,0
SÃO JOSÉ DOS CAMPOS;354990406A;SP;Altos Vila Paiva;-23,143;-45,92;2018-02-20 20:10:00.0;0,0
SÃO JOSÉ DOS CAMPOS;354990406A;SP;Altos Vila Paiva;-23,143;-45,92;2018-02-20 21:10:00.0;0,0
SÃO JOSÉ DOS CAMPOS;354990406A;SP;Altos Vila Paiva;-23,143;-45,92;2018-02-20 21:20:00.0;0,2
SÃO JOSÉ DOS CAMPOS;354990406A;SP;Altos Vila Paiva;-23,143;-45,92;2018-02-20 21:50:00.0;0,2
SÃO JOSÉ DOS CAMPOS;354990406A;SP;Altos Vila Paiva;-23,143;-45,92;2018-02-20 22:10:00.0;0,0
SÃO JOSÉ DOS CAMPOS;354990406A;SP;Altos Vila Paiva;-23,143;-45,92;2018-02-20 22:30:00.0;0,2
SÃO JOSÉ DOS CAMPOS;354990406A;SP;Altos Vila Paiva;-23,143;-45,92;2018-02-20 23:10:00.0;0,0
SÃO JOSÉ DOS CAMPOS;354990406A;SP;Altos Vila Paiva;-23,143;-45,92;2018-02-21 00:10:00.0;0,0
SÃO JOSÉ DOS CAMPOS;354990406A;SP;Altos Vila Paiva;-23,143;-45,92;2018-02-21 01:10:00.0;0,0
SÃO JOSÉ DOS CAMPOS;354990406A;SP;Altos Vila Paiva;-23,143;-45,92;2018-02-21 02:10:00.0;0,0
SÃO JOSÉ DOS CAMPOS;354990406A;SP;Altos Vila Paiva;-23,143;-45,92;2018-02-21 03:10:00.0;0,0
SÃO JOSÉ DOS CAMPOS;354990406A;SP;Altos Vila Paiva;-23,143;-45,92;2018-02-21 04:10:00.0;0,0
SÃO JOSÉ DOS CAMPOS;354990406A;SP;Altos Vila Paiva;-23,143;-45,92;2018-02-21 05:10:00.0;0,0
SÃO JOSÉ DOS CAMPOS;354990406A;SP;Altos Vila Paiva;-23,143;-45,92;2018-02-21 05:40:00.0;0,2
SÃO JOSÉ DOS CAMPOS;354990406A;SP;Altos Vila Paiva;-23,143;-45,92;2018-02-21 06:10:00.0;0,0
SÃO JOSÉ DOS CAMPOS;354990406A;SP;Altos Vila Paiva;-23,143;-45,92;2018-02-21 06:30:00.0;0,2
SÃO JOSÉ DOS CAMPOS;354990406A;SP;Altos Vila Paiva;-23,143;-45,92;2018-02-21 07:00:00.0;0,2
SÃO JOSÉ DOS CAMPOS;354990406A;SP;Altos Vila Paiva;-23,143;-45,92;2018-02-21 07:10:00.0;0,0
SÃO JOSÉ DOS CAMPOS;354990406A;SP;Altos Vila Paiva;-23,143;-45,92;2018-02-21 07:30:00.0;0,2
SÃO JOSÉ DOS CAMPOS;354990406A;SP;Altos Vila Paiva;-23,143;-45,92;2018-02-21 08:00:00.0;0,2
SÃO JOSÉ DOS CAMPOS;354990406A;SP;Altos Vila Paiva;-23,143;-45,92;2018-02-21 08:10:00.0;0,0
SÃO JOSÉ DOS CAMPOS;354990406A;SP;Altos Vila Paiva;-23,143;-45,92;2018-02-21 08:20:00.0;0,2
SÃO JOSÉ DOS CAMPOS;354990406A;SP;Altos Vila Paiva;-23,143;-45,92;2018-02-21 08:40:00.0;0,2
SÃO JOSÉ DOS CAMPOS;354990406A;SP;Altos Vila Paiva;-23,143;-45,92;2018-02-21 09:00:00.0;0,2
SÃO JOSÉ DOS CAMPOS;354990406A;SP;Altos Vila Paiva;-23,143;-45,92;2018-02-21 09:10:00.0;0,0
SÃO JOSÉ DOS CAMPOS;354990406A;SP;Altos Vila Paiva;-23,143;-45,92;2018-02-21 09:20:00.0;0,2
SÃO JOSÉ DOS CAMPOS;354990406A;SP;Altos Vila Paiva;-23,143;-45,92;2018-02-21 09:40:00.0;0,2
SÃO JOSÉ DOS CAMPOS;354990406A;SP;Altos Vila Paiva;-23,143;-45,92;2018-02-21 10:00:00.0;0,2
SÃO JOSÉ DOS CAMPOS;354990406A;SP;Altos Vila Paiva;-23,143;-45,92;2018-02-21 10:10:00.0;0,0
SÃO JOSÉ DOS CAMPOS;354990406A;SP;Altos Vila Paiva;-23,143;-45,92;2018-02-21 10:30:00.0;0,2
SÃO JOSÉ DOS CAMPOS;354990406A;SP;Altos Vila Paiva;-23,143;-45,92;2018-02-21 10:50:00.0;0,2
SÃO JOSÉ DOS CAMPOS;354990406A;SP;Altos Vila Paiva;-23,143;-45,92;2018-02-21 11:10:00.0;0,0
SÃO JOSÉ DOS CAMPOS;354990406A;SP;Altos Vila Paiva;-23,143;-45,92;2018-02-21 11:20:00.0;0,2
SÃO JOSÉ DOS CAMPOS;354990406A;SP;Altos Vila Paiva;-23,143;-45,92;2018-02-21 12:10:00.0;0,0
SÃO JOSÉ DOS CAMPOS;354990406A;SP;Altos Vila Paiva;-23,143;-45,92;2018-02-21 13:10:00.0;0,0
SÃO JOSÉ DOS CAMPOS;354990406A;SP;Altos Vila Paiva;-23,143;-45,92;2018-02-21 14:10:00.0;0,0
SÃO JOSÉ DOS CAMPOS;354990406A;SP;Altos Vila Paiva;-23,143;-45,92;2018-02-21 15:10:00.0;0,0
SÃO JOSÉ DOS CAMPOS;354990406A;SP;Altos Vila Paiva;-23,143;-45,92;2018-02-21 16:10:00.0;0,0
SÃO JOSÉ DOS CAMPOS;354990406A;SP;Altos Vila Paiva;-23,143;-45,92;2018-02-21 17:10:00.0;0,0
SÃO JOSÉ DOS CAMPOS;354990406A;SP;Altos Vila Paiva;-23,143;-45,92;2018-02-21 18:10:00.0;0,0
SÃO JOSÉ DOS CAMPOS;354990406A;SP;Altos Vila Paiva;-23,143;-45,92;2018-02-21 19:10:00.0;0,0
SÃO JOSÉ DOS CAMPOS;354990406A;SP;Altos Vila Paiva;-23,143;-45,92;2018-02-21 20:10:00.0;0,0
SÃO JOSÉ DOS CAMPOS;354990406A;SP;Altos Vila Paiva;-23,143;-45,92;2018-02-21 21:10:00.0;0,0
SÃO JOSÉ DOS CAMPOS;354990406A;SP;Altos Vila Paiva;-23,143;-45,92;2018-02-21 22:10:00.0;0,0
SÃO JOSÉ DOS CAMPOS;354990406A;SP;Altos Vila Paiva;-23,143;-45,92;2018-02-21 23:10:00.0;0,0
SÃO JOSÉ DOS CAMPOS;354990406A;SP;Altos Vila Paiva;-23,143;-45,92;2018-02-22 00:10:00.0;0,0
SÃO JOSÉ DOS CAMPOS;354990406A;SP;Altos Vila Paiva;-23,143;-45,92;2018-02-22 01:10:00.0;0,0
SÃO JOSÉ DOS CAMPOS;354990406A;SP;Altos Vila Paiva;-23,143;-45,92;2018-02-22 02:10:00.0;0,0
SÃO JOSÉ DOS CAMPOS;354990406A;SP;Altos Vila Paiva;-23,143;-45,92;2018-02-22 03:10:00.0;0,0
SÃO JOSÉ DOS CAMPOS;354990406A;SP;Altos Vila Paiva;-23,143;-45,92;2018-02-22 04:10:00.0;0,0
SÃO JOSÉ DOS CAMPOS;354990406A;SP;Altos Vila Paiva;-23,143;-45,92;2018-02-22 05:10:00.0;0,0
SÃO JOSÉ DOS CAMPOS;354990406A;SP;Altos Vila Paiva;-23,143;-45,92;2018-02-22 06:10:00.0;0,0
SÃO JOSÉ DOS CAMPOS;354990406A;SP;Altos Vila Paiva;-23,143;-45,92;2018-02-22 07:10:00.0;0,0
SÃO JOSÉ DOS CAMPOS;354990406A;SP;Altos Vila Paiva;-23,143;-45,92;2018-02-22 08:10:00.0;0,0
SÃO JOSÉ DOS CAMPOS;354990406A;SP;Altos Vila Paiva;-23,143;-45,92;2018-02-22 09:10:00.0;0,0
SÃO JOSÉ DOS CAMPOS;354990406A;SP;Altos Vila Paiva;-23,143;-45,92;2018-02-22 10:10:00.0;0,0
SÃO JOSÉ DOS CAMPOS;354990406A;SP;Altos Vila Paiva;-23,143;-45,92;2018-02-22 11:10:00.0;0,0
SÃO JOSÉ DOS CAMPOS;354990406A;SP;Altos Vila Paiva;-23,143;-45,92;2018-02-22 12:10:00.0;0,0
SÃO JOSÉ DOS CAMPOS;354990406A;SP;Altos Vila Paiva;-23,143;-45,92;2018-02-22 13:10:00.0;0,0
SÃO JOSÉ DOS CAMPOS;354990406A;SP;Altos Vila Paiva;-23,143;-45,92;2018-02-22 14:10:00.0;0,0
SÃO JOSÉ DOS CAMPOS;354990406A;SP;Altos Vila Paiva;-23,143;-45,92;2018-02-22 15:10:00.0;0,0
SÃO JOSÉ DOS CAMPOS;354990406A;SP;Altos Vila Paiva;-23,143;-45,92;2018-02-22 16:10:00.0;0,0
SÃO JOSÉ DOS CAMPOS;354990406A;SP;Altos Vila Paiva;-23,143;-45,92;2018-02-22 17:10:00.0;0,0
SÃO JOSÉ DOS CAMPOS;354990406A;SP;Altos Vila Paiva;-23,143;-45,92;2018-02-22 18:10:00.0;0,0
SÃO JOSÉ DOS CAMPOS;354990406A;SP;Altos Vila Paiva;-23,143;-45,92;2018-02-22 19:10:00.0;0,0
SÃO JOSÉ DOS CAMPOS;354990406A;SP;Altos Vila Paiva;-23,143;-45,92;2018-02-22 20:10:00.0;0,0
SÃO JOSÉ DOS CAMPOS;354990406A;SP;Altos Vila Paiva;-23,143;-45,92;2018-02-22 21:10:00.0;0,0
SÃO JOSÉ DOS CAMPOS;354990406A;SP;Altos Vila Paiva;-23,143;-45,92;2018-02-22 22:10:00.0;0,0
SÃO JOSÉ DOS CAMPOS;354990406A;SP;Altos Vila Paiva;-23,143;-45,92;2018-02-22 23:10:00.0;0,0
SÃO JOSÉ DOS CAMPOS;354990406A;SP;Altos Vila Paiva;-23,143;-45,92;2018-02-23 00:10:00.0;0,0
SÃO JOSÉ DOS CAMPOS;354990406A;SP;Altos Vila Paiva;-23,143;-45,92;2018-02-23 00:20:00.0;0,2
SÃO JOSÉ DOS CAMPOS;354990406A;SP;Altos Vila Paiva;-23,143;-45,92;2018-02-23 00:30:00.0;0,2
SÃO JOSÉ DOS CAMPOS;354990406A;SP;Altos Vila Paiva;-23,143;-45,92;2018-02-23 00:40:00.0;0,2
SÃO JOSÉ DOS CAMPOS;354990406A;SP;Altos Vila Paiva;-23,143;-45,92;2018-02-23 00:50:00.0;0,2
SÃO JOSÉ DOS CAMPOS;354990406A;SP;Altos Vila Paiva;-23,143;-45,92;2018-02-23 01:10:00.0;0,2
SÃO JOSÉ DOS CAMPOS;354990406A;SP;Altos Vila Paiva;-23,143;-45,92;2018-02-23 01:30:00.0;0,2
SÃO JOSÉ DOS CAMPOS;354990406A;SP;Altos Vila Paiva;-23,143;-45,92;2018-02-23 01:50:00.0;0,2
SÃO JOSÉ DOS CAMPOS;354990406A;SP;Altos Vila Paiva;-23,143;-45,92;2018-02-23 02:10:00.0;0,2
SÃO JOSÉ DOS CAMPOS;354990406A;SP;Altos Vila Paiva;-23,143;-45,92;2018-02-23 02:30:00.0;0,2
SÃO JOSÉ DOS CAMPOS;354990406A;SP;Altos Vila Paiva;-23,143;-45,92;2018-02-23 02:50:00.0;0,2
SÃO JOSÉ DOS CAMPOS;354990406A;SP;Altos Vila Paiva;-23,143;-45,92;2018-02-23 03:10:00.0;0,2
SÃO JOSÉ DOS CAMPOS;354990406A;SP;Altos Vila Paiva;-23,143;-45,92;2018-02-23 03:20:00.0;0,2
SÃO JOSÉ DOS CAMPOS;354990406A;SP;Altos Vila Paiva;-23,143;-45,92;2018-02-23 03:40:00.0;0,2
SÃO JOSÉ DOS CAMPOS;354990406A;SP;Altos Vila Paiva;-23,143;-45,92;2018-02-23 03:50:00.0;0,2
SÃO JOSÉ DOS CAMPOS;354990406A;SP;Altos Vila Paiva;-23,143;-45,92;2018-02-23 04:00:00.0;0,2
SÃO JOSÉ DOS CAMPOS;354990406A;SP;Altos Vila Paiva;-23,143;-45,92;2018-02-23 04:10:00.0;0,2
SÃO JOSÉ DOS CAMPOS;354990406A;SP;Altos Vila Paiva;-23,143;-45,92;2018-02-23 04:20:00.0;0,2
SÃO JOSÉ DOS CAMPOS;354990406A;SP;Altos Vila Paiva;-23,143;-45,92;2018-02-23 04:30:00.0;0,2
SÃO JOSÉ DOS CAMPOS;354990406A;SP;Altos Vila Paiva;-23,143;-45,92;2018-02-23 04:40:00.0;0,2
SÃO JOSÉ DOS CAMPOS;354990406A;SP;Altos Vila Paiva;-23,143;-45,92;2018-02-23 04:50:00.0;0,2
SÃO JOSÉ DOS CAMPOS;354990406A;SP;Altos Vila Paiva;-23,143;-45,92;2018-02-23 05:00:00.0;0,2
SÃO JOSÉ DOS CAMPOS;354990406A;SP;Altos Vila Paiva;-23,143;-45,92;2018-02-23 05:10:00.0;0,2
SÃO JOSÉ DOS CAMPOS;354990406A;SP;Altos Vila Paiva;-23,143;-45,92;2018-02-23 05:20:00.0;0,2
SÃO JOSÉ DOS CAMPOS;354990406A;SP;Altos Vila Paiva;-23,143;-45,92;2018-02-23 05:30:00.0;0,2
SÃO JOSÉ DOS CAMPOS;354990406A;SP;Altos Vila Paiva;-23,143;-45,92;2018-02-23 05:40:00.0;0,2
SÃO JOSÉ DOS CAMPOS;354990406A;SP;Altos Vila Paiva;-23,143;-45,92;2018-02-23 05:50:00.0;0,39
SÃO JOSÉ DOS CAMPOS;354990406A;SP;Altos Vila Paiva;-23,143;-45,92;2018-02-23 06:00:00.0;0,2
SÃO JOSÉ DOS CAMPOS;354990406A;SP;Altos Vila Paiva;-23,143;-45,92;2018-02-23 06:10:00.0;0,39
SÃO JOSÉ DOS CAMPOS;354990406A;SP;Altos Vila Paiva;-23,143;-45,92;2018-02-23 06:20:00.0;0,2
SÃO JOSÉ DOS CAMPOS;354990406A;SP;Altos Vila Paiva;-23,143;-45,92;2018-02-23 06:30:00.0;0,2
SÃO JOSÉ DOS CAMPOS;354990406A;SP;Altos Vila Paiva;-23,143;-45,92;2018-02-23 06:40:00.0;0,39
SÃO JOSÉ DOS CAMPOS;354990406A;SP;Altos Vila Paiva;-23,143;-45,92;2018-02-23 06:50:00.0;0,2
SÃO JOSÉ DOS CAMPOS;354990406A;SP;Altos Vila Paiva;-23,143;-45,92;2018-02-23 07:00:00.0;0,2
SÃO JOSÉ DOS CAMPOS;354990406A;SP;Altos Vila Paiva;-23,143;-45,92;2018-02-23 07:10:00.0;0,39
SÃO JOSÉ DOS CAMPOS;354990406A;SP;Altos Vila Paiva;-23,143;-45,92;2018-02-23 07:20:00.0;0,2
SÃO JOSÉ DOS CAMPOS;354990406A;SP;Altos Vila Paiva;-23,143;-45,92;2018-02-23 07:30:00.0;0,2
SÃO JOSÉ DOS CAMPOS;354990406A;SP;Altos Vila Paiva;-23,143;-45,92;2018-02-23 07:40:00.0;0,2
SÃO JOSÉ DOS CAMPOS;354990406A;SP;Altos Vila Paiva;-23,143;-45,92;2018-02-23 07:50:00.0;0,2
SÃO JOSÉ DOS CAMPOS;354990406A;SP;Altos Vila Paiva;-23,143;-45,92;2018-02-23 08:00:00.0;0,2
SÃO JOSÉ DOS CAMPOS;354990406A;SP;Altos Vila Paiva;-23,143;-45,92;2018-02-23 08:10:00.0;0,2
SÃO JOSÉ DOS CAMPOS;354990406A;SP;Altos Vila Paiva;-23,143;-45,92;2018-02-23 09:10:00.0;0,0
SÃO JOSÉ DOS CAMPOS;354990406A;SP;Altos Vila Paiva;-23,143;-45,92;2018-02-23 10:10:00.0;0,0
SÃO JOSÉ DOS CAMPOS;354990406A;SP;Altos Vila Paiva;-23,143;-45,92;2018-02-23 11:10:00.0;0,0
SÃO JOSÉ DOS CAMPOS;354990406A;SP;Altos Vila Paiva;-23,143;-45,92;2018-02-23 12:10:00.0;0,0
SÃO JOSÉ DOS CAMPOS;354990406A;SP;Altos Vila Paiva;-23,143;-45,92;2018-02-23 13:10:00.0;0,0
SÃO JOSÉ DOS CAMPOS;354990406A;SP;Altos Vila Paiva;-23,143;-45,92;2018-02-23 14:10:00.0;0,0
SÃO JOSÉ DOS CAMPOS;354990406A;SP;Altos Vila Paiva;-23,143;-45,92;2018-02-23 15:10:00.0;0,0
SÃO JOSÉ DOS CAMPOS;354990406A;SP;Altos Vila Paiva;-23,143;-45,92;2018-02-23 16:10:00.0;0,0
SÃO JOSÉ DOS CAMPOS;354990406A;SP;Altos Vila Paiva;-23,143;-45,92;2018-02-23 17:10:00.0;0,0
SÃO JOSÉ DOS CAMPOS;354990406A;SP;Altos Vila Paiva;-23,143;-45,92;2018-02-23 18:10:00.0;0,0
SÃO JOSÉ DOS CAMPOS;354990406A;SP;Altos Vila Paiva;-23,143;-45,92;2018-02-23 19:10:00.0;0,0
SÃO JOSÉ DOS CAMPOS;354990406A;SP;Altos Vila Paiva;-23,143;-45,92;2018-02-23 20:10:00.0;0,0
SÃO JOSÉ DOS CAMPOS;354990406A;SP;Altos Vila Paiva;-23,143;-45,92;2018-02-23 21:10:00.0;0,0
SÃO JOSÉ DOS CAMPOS;354990406A;SP;Altos Vila Paiva;-23,143;-45,92;2018-02-23 22:10:00.0;0,0
SÃO JOSÉ DOS CAMPOS;354990406A;SP;Altos Vila Paiva;-23,143;-45,92;2018-02-23 23:10:00.0;0,0
SÃO JOSÉ DOS CAMPOS;354990406A;SP;Altos Vila Paiva;-23,143;-45,92;2018-02-24 00:10:00.0;0,0
SÃO JOSÉ DOS CAMPOS;354990406A;SP;Altos Vila Paiva;-23,143;-45,92;2018-02-24 01:10:00.0;0,0
SÃO JOSÉ DOS CAMPOS;354990406A;SP;Altos Vila Paiva;-23,143;-45,92;2018-02-24 02:10:00.0;0,0
SÃO JOSÉ DOS CAMPOS;354990406A;SP;Altos Vila Paiva;-23,143;-45,92;2018-02-24 03:10:00.0;0,0
SÃO JOSÉ DOS CAMPOS;354990406A;SP;Altos Vila Paiva;-23,143;-45,92;2018-02-24 04:10:00.0;0,0
SÃO JOSÉ DOS CAMPOS;354990406A;SP;Altos Vila Paiva;-23,143;-45,92;2018-02-24 05:10:00.0;0,0
SÃO JOSÉ DOS CAMPOS;354990406A;SP;Altos Vila Paiva;-23,143;-45,92;2018-02-24 06:10:00.0;0,0
SÃO JOSÉ DOS CAMPOS;354990406A;SP;Altos Vila Paiva;-23,143;-45,92;2018-02-24 07:10:00.0;0,0
SÃO JOSÉ DOS CAMPOS;354990406A;SP;Altos Vila Paiva;-23,143;-45,92;2018-02-24 08:10:00.0;0,0
SÃO JOSÉ DOS CAMPOS;354990406A;SP;Altos Vila Paiva;-23,143;-45,92;2018-02-24 09:10:00.0;0,0
SÃO JOSÉ DOS CAMPOS;354990406A;SP;Altos Vila Paiva;-23,143;-45,92;2018-02-24 10:10:00.0;0,0
SÃO JOSÉ DOS CAMPOS;354990406A;SP;Altos Vila Paiva;-23,143;-45,92;2018-02-24 11:10:00.0;0,0
SÃO JOSÉ DOS CAMPOS;354990406A;SP;Altos Vila Paiva;-23,143;-45,92;2018-02-24 12:10:00.0;0,0
SÃO JOSÉ DOS CAMPOS;354990406A;SP;Altos Vila Paiva;-23,143;-45,92;2018-02-24 13:10:00.0;0,0
SÃO JOSÉ DOS CAMPOS;354990406A;SP;Altos Vila Paiva;-23,143;-45,92;2018-02-24 14:10:00.0;0,0
SÃO JOSÉ DOS CAMPOS;354990406A;SP;Altos Vila Paiva;-23,143;-45,92;2018-02-24 15:10:00.0;0,0
SÃO JOSÉ DOS CAMPOS;354990406A;SP;Altos Vila Paiva;-23,143;-45,92;2018-02-24 16:10:00.0;0,0
SÃO JOSÉ DOS CAMPOS;354990406A;SP;Altos Vila Paiva;-23,143;-45,92;2018-02-24 17:10:00.0;0,0
SÃO JOSÉ DOS CAMPOS;354990406A;SP;Altos Vila Paiva;-23,143;-45,92;2018-02-24 18:10:00.0;0,0
SÃO JOSÉ DOS CAMPOS;354990406A;SP;Altos Vila Paiva;-23,143;-45,92;2018-02-24 19:10:00.0;0,0
SÃO JOSÉ DOS CAMPOS;354990406A;SP;Altos Vila Paiva;-23,143;-45,92;2018-02-24 20:10:00.0;0,0
SÃO JOSÉ DOS CAMPOS;354990406A;SP;Altos Vila Paiva;-23,143;-45,92;2018-02-24 21:10:00.0;0,0
SÃO JOSÉ DOS CAMPOS;354990406A;SP;Altos Vila Paiva;-23,143;-45,92;2018-02-24 22:10:00.0;0,0
SÃO JOSÉ DOS CAMPOS;354990406A;SP;Altos Vila Paiva;-23,143;-45,92;2018-02-24 23:10:00.0;0,0
SÃO JOSÉ DOS CAMPOS;354990406A;SP;Altos Vila Paiva;-23,143;-45,92;2018-02-25 00:10:00.0;0,0
SÃO JOSÉ DOS CAMPOS;354990406A;SP;Altos Vila Paiva;-23,143;-45,92;2018-02-25 01:10:00.0;0,0
SÃO JOSÉ DOS CAMPOS;354990406A;SP;Altos Vila Paiva;-23,143;-45,92;2018-02-25 02:10:00.0;0,0
SÃO JOSÉ DOS CAMPOS;354990406A;SP;Altos Vila Paiva;-23,143;-45,92;2018-02-25 03:10:00.0;0,0
SÃO JOSÉ DOS CAMPOS;354990406A;SP;Altos Vila Paiva;-23,143;-45,92;2018-02-25 04:10:00.0;0,0
SÃO JOSÉ DOS CAMPOS;354990406A;SP;Altos Vila Paiva;-23,143;-45,92;2018-02-25 05:10:00.0;0,0
SÃO JOSÉ DOS CAMPOS;354990406A;SP;Altos Vila Paiva;-23,143;-45,92;2018-02-25 06:10:00.0;0,0
SÃO JOSÉ DOS CAMPOS;354990406A;SP;Altos Vila Paiva;-23,143;-45,92;2018-02-25 07:10:00.0;0,0
SÃO JOSÉ DOS CAMPOS;354990406A;SP;Altos Vila Paiva;-23,143;-45,92;2018-02-25 08:10:00.0;0,0
SÃO JOSÉ DOS CAMPOS;354990406A;SP;Altos Vila Paiva;-23,143;-45,92;2018-02-25 09:10:00.0;0,0
SÃO JOSÉ DOS CAMPOS;354990406A;SP;Altos Vila Paiva;-23,143;-45,92;2018-02-25 10:10:00.0;0,0
SÃO JOSÉ DOS CAMPOS;354990406A;SP;Altos Vila Paiva;-23,143;-45,92;2018-02-25 11:10:00.0;0,0
SÃO JOSÉ DOS CAMPOS;354990406A;SP;Altos Vila Paiva;-23,143;-45,92;2018-02-25 12:10:00.0;0,0
SÃO JOSÉ DOS CAMPOS;354990406A;SP;Altos Vila Paiva;-23,143;-45,92;2018-02-25 13:10:00.0;0,0
SÃO JOSÉ DOS CAMPOS;354990406A;SP;Altos Vila Paiva;-23,143;-45,92;2018-02-25 14:10:00.0;0,0
SÃO JOSÉ DOS CAMPOS;354990406A;SP;Altos Vila Paiva;-23,143;-45,92;2018-02-25 15:10:00.0;0,0
SÃO JOSÉ DOS CAMPOS;354990406A;SP;Altos Vila Paiva;-23,143;-45,92;2018-02-25 16:10:00.0;0,0
SÃO JOSÉ DOS CAMPOS;354990406A;SP;Altos Vila Paiva;-23,143;-45,92;2018-02-25 17:10:00.0;0,0
SÃO JOSÉ DOS CAMPOS;354990406A;SP;Altos Vila Paiva;-23,143;-45,92;2018-02-25 18:10:00.0;0,0
SÃO JOSÉ DOS CAMPOS;354990406A;SP;Altos Vila Paiva;-23,143;-45,92;2018-02-25 19:10:00.0;0,0
SÃO JOSÉ DOS CAMPOS;354990406A;SP;Altos Vila Paiva;-23,143;-45,92;2018-02-25 20:10:00.0;0,0
SÃO JOSÉ DOS CAMPOS;354990406A;SP;Altos Vila Paiva;-23,143;-45,92;2018-02-25 21:10:00.0;0,0
SÃO JOSÉ DOS CAMPOS;354990406A;SP;Altos Vila Paiva;-23,143;-45,92;2018-02-25 22:10:00.0;0,0
SÃO JOSÉ DOS CAMPOS;354990406A;SP;Altos Vila Paiva;-23,143;-45,92;2018-02-25 23:10:00.0;0,0
SÃO JOSÉ DOS CAMPOS;354990406A;SP;Altos Vila Paiva;-23,143;-45,92;2018-02-26 00:10:00.0;0,0
SÃO JOSÉ DOS CAMPOS;354990406A;SP;Altos Vila Paiva;-23,143;-45,92;2018-02-26 01:10:00.0;0,0
SÃO JOSÉ DOS CAMPOS;354990406A;SP;Altos Vila Paiva;-23,143;-45,92;2018-02-26 02:10:00.0;0,0
SÃO JOSÉ DOS CAMPOS;354990406A;SP;Altos Vila Paiva;-23,143;-45,92;2018-02-26 02:30:00.0;0,2
SÃO JOSÉ DOS CAMPOS;354990406A;SP;Altos Vila Paiva;-23,143;-45,92;2018-02-26 03:10:00.0;0,0
SÃO JOSÉ DOS CAMPOS;354990406A;SP;Altos Vila Paiva;-23,143;-45,92;2018-02-26 04:10:00.0;0,0
SÃO JOSÉ DOS CAMPOS;354990406A;SP;Altos Vila Paiva;-23,143;-45,92;2018-02-26 05:10:00.0;0,0
SÃO JOSÉ DOS CAMPOS;354990406A;SP;Altos Vila Paiva;-23,143;-45,92;2018-02-26 06:10:00.0;0,0
SÃO JOSÉ DOS CAMPOS;354990406A;SP;Altos Vila Paiva;-23,143;-45,92;2018-02-26 07:10:00.0;0,0
SÃO JOSÉ DOS CAMPOS;354990406A;SP;Altos Vila Paiva;-23,143;-45,92;2018-02-26 08:10:00.0;0,0
SÃO JOSÉ DOS CAMPOS;354990406A;SP;Altos Vila Paiva;-23,143;-45,92;2018-02-26 09:10:00.0;0,0
SÃO JOSÉ DOS CAMPOS;354990406A;SP;Altos Vila Paiva;-23,143;-45,92;2018-02-26 10:10:00.0;0,0
SÃO JOSÉ DOS CAMPOS;354990406A;SP;Altos Vila Paiva;-23,143;-45,92;2018-02-26 11:10:00.0;0,0
SÃO JOSÉ DOS CAMPOS;354990406A;SP;Altos Vila Paiva;-23,143;-45,92;2018-02-26 12:10:00.0;0,0
SÃO JOSÉ DOS CAMPOS;354990406A;SP;Altos Vila Paiva;-23,143;-45,92;2018-02-26 13:10:00.0;0,0
SÃO JOSÉ DOS CAMPOS;354990406A;SP;Altos Vila Paiva;-23,143;-45,92;2018-02-26 14:10:00.0;0,0
SÃO JOSÉ DOS CAMPOS;354990406A;SP;Altos Vila Paiva;-23,143;-45,92;2018-02-26 15:10:00.0;0,0
SÃO JOSÉ DOS CAMPOS;354990406A;SP;Altos Vila Paiva;-23,143;-45,92;2018-02-26 16:10:00.0;0,0
SÃO JOSÉ DOS CAMPOS;354990406A;SP;Altos Vila Paiva;-23,143;-45,92;2018-02-26 17:10:00.0;0,0
SÃO JOSÉ DOS CAMPOS;354990406A;SP;Altos Vila Paiva;-23,143;-45,92;2018-02-26 18:10:00.0;0,0
SÃO JOSÉ DOS CAMPOS;354990406A;SP;Altos Vila Paiva;-23,143;-45,92;2018-02-26 18:30:00.0;0,2
SÃO JOSÉ DOS CAMPOS;354990406A;SP;Altos Vila Paiva;-23,143;-45,92;2018-02-26 19:10:00.0;0,2
SÃO JOSÉ DOS CAMPOS;354990406A;SP;Altos Vila Paiva;-23,143;-45,92;2018-02-26 19:50:00.0;0,2
SÃO JOSÉ DOS CAMPOS;354990406A;SP;Altos Vila Paiva;-23,143;-45,92;2018-02-26 20:10:00.0;0,0
SÃO JOSÉ DOS CAMPOS;354990406A;SP;Altos Vila Paiva;-23,143;-45,92;2018-02-26 20:20:00.0;0,2
SÃO JOSÉ DOS CAMPOS;354990406A;SP;Altos Vila Paiva;-23,143;-45,92;2018-02-26 20:40:00.0;0,2
SÃO JOSÉ DOS CAMPOS;354990406A;SP;Altos Vila Paiva;-23,143;-45,92;2018-02-26 21:00:00.0;0,2
SÃO JOSÉ DOS CAMPOS;354990406A;SP;Altos Vila Paiva;-23,143;-45,92;2018-02-26 21:10:00.0;0,2
SÃO JOSÉ DOS CAMPOS;354990406A;SP;Altos Vila Paiva;-23,143;-45,92;2018-02-26 21:30:00.0;0,2
SÃO JOSÉ DOS CAMPOS;354990406A;SP;Altos Vila Paiva;-23,143;-45,92;2018-02-26 21:50:00.0;0,2
SÃO JOSÉ DOS CAMPOS;354990406A;SP;Altos Vila Paiva;-23,143;-45,92;2018-02-26 22:00:00.0;0,2
SÃO JOSÉ DOS CAMPOS;354990406A;SP;Altos Vila Paiva;-23,143;-45,92;2018-02-26 22:10:00.0;0,2
SÃO JOSÉ DOS CAMPOS;354990406A;SP;Altos Vila Paiva;-23,143;-45,92;2018-02-26 22:20:00.0;0,2
SÃO JOSÉ DOS CAMPOS;354990406A;SP;Altos Vila Paiva;-23,143;-45,92;2018-02-26 22:30:00.0;0,2
SÃO JOSÉ DOS CAMPOS;354990406A;SP;Altos Vila Paiva;-23,143;-45,92;2018-02-26 22:40:00.0;0,2
SÃO JOSÉ DOS CAMPOS;354990406A;SP;Altos Vila Paiva;-23,143;-45,92;2018-02-26 23:00:00.0;0,2
SÃO JOSÉ DOS CAMPOS;354990406A;SP;Altos Vila Paiva;-23,143;-45,92;2018-02-26 23:10:00.0;0,2
SÃO JOSÉ DOS CAMPOS;354990406A;SP;Altos Vila Paiva;-23,143;-45,92;2018-02-26 23:20:00.0;0,2
SÃO JOSÉ DOS CAMPOS;354990406A;SP;Altos Vila Paiva;-23,143;-45,92;2018-02-26 23:30:00.0;0,2
SÃO JOSÉ DOS CAMPOS;354990406A;SP;Altos Vila Paiva;-23,143;-45,92;2018-02-26 23:40:00.0;0,2
SÃO JOSÉ DOS CAMPOS;354990406A;SP;Altos Vila Paiva;-23,143;-45,92;2018-02-26 23:50:00.0;0,2
SÃO JOSÉ DOS CAMPOS;354990406A;SP;Altos Vila Paiva;-23,143;-45,92;2018-02-27 00:00:00.0;0,2
SÃO JOSÉ DOS CAMPOS;354990406A;SP;Altos Vila Paiva;-23,143;-45,92;2018-02-27 00:10:00.0;0,2
SÃO JOSÉ DOS CAMPOS;354990406A;SP;Altos Vila Paiva;-23,143;-45,92;2018-02-27 00:20:00.0;0,2
SÃO JOSÉ DOS CAMPOS;354990406A;SP;Altos Vila Paiva;-23,143;-45,92;2018-02-27 00:30:00.0;0,39
SÃO JOSÉ DOS CAMPOS;354990406A;SP;Altos Vila Paiva;-23,143;-45,92;2018-02-27 00:40:00.0;0,2
SÃO JOSÉ DOS CAMPOS;354990406A;SP;Altos Vila Paiva;-23,143;-45,92;2018-02-27 00:50:00.0;0,2
SÃO JOSÉ DOS CAMPOS;354990406A;SP;Altos Vila Paiva;-23,143;-45,92;2018-02-27 01:00:00.0;0,2
SÃO JOSÉ DOS CAMPOS;354990406A;SP;Altos Vila Paiva;-23,143;-45,92;2018-02-27 01:10:00.0;0,39
SÃO JOSÉ DOS CAMPOS;354990406A;SP;Altos Vila Paiva;-23,143;-45,92;2018-02-27 01:20:00.0;0,2
SÃO JOSÉ DOS CAMPOS;354990406A;SP;Altos Vila Paiva;-23,143;-45,92;2018-02-27 01:30:00.0;0,2
SÃO JOSÉ DOS CAMPOS;354990406A;SP;Altos Vila Paiva;-23,143;-45,92;2018-02-27 01:40:00.0;0,39
SÃO JOSÉ DOS CAMPOS;354990406A;SP;Altos Vila Paiva;-23,143;-45,92;2018-02-27 01:50:00.0;0,2
SÃO JOSÉ DOS CAMPOS;354990406A;SP;Altos Vila Paiva;-23,143;-45,92;2018-02-27 02:00:00.0;0,2
SÃO JOSÉ DOS CAMPOS;354990406A;SP;Altos Vila Paiva;-23,143;-45,92;2018-02-27 02:10:00.0;0,2
SÃO JOSÉ DOS CAMPOS;354990406A;SP;Altos Vila Paiva;-23,143;-45,92;2018-02-27 02:20:00.0;0,39
SÃO JOSÉ DOS CAMPOS;354990406A;SP;Altos Vila Paiva;-23,143;-45,92;2018-02-27 02:30:00.0;0,2
SÃO JOSÉ DOS CAMPOS;354990406A;SP;Altos Vila Paiva;-23,143;-45,92;2018-02-27 02:40:00.0;0,2
SÃO JOSÉ DOS CAMPOS;354990406A;SP;Altos Vila Paiva;-23,143;-45,92;2018-02-27 02:50:00.0;0,39
SÃO JOSÉ DOS CAMPOS;354990406A;SP;Altos Vila Paiva;-23,143;-45,92;2018-02-27 03:00:00.0;0,2
SÃO JOSÉ DOS CAMPOS;354990406A;SP;Altos Vila Paiva;-23,143;-45,92;2018-02-27 03:10:00.0;0,2
SÃO JOSÉ DOS CAMPOS;354990406A;SP;Altos Vila Paiva;-23,143;-45,92;2018-02-27 03:20:00.0;0,39
SÃO JOSÉ DOS CAMPOS;354990406A;SP;Altos Vila Paiva;-23,143;-45,92;2018-02-27 03:30:00.0;0,2
SÃO JOSÉ DOS CAMPOS;354990406A;SP;Altos Vila Paiva;-23,143;-45,92;2018-02-27 03:40:00.0;0,2
SÃO JOSÉ DOS CAMPOS;354990406A;SP;Altos Vila Paiva;-23,143;-45,92;2018-02-27 03:50:00.0;0,2
SÃO JOSÉ DOS CAMPOS;354990406A;SP;Altos Vila Paiva;-23,143;-45,92;2018-02-27 04:00:00.0;0,39
SÃO JOSÉ DOS CAMPOS;354990406A;SP;Altos Vila Paiva;-23,143;-45,92;2018-02-27 04:10:00.0;0,2
SÃO JOSÉ DOS CAMPOS;354990406A;SP;Altos Vila Paiva;-23,143;-45,92;2018-02-27 04:20:00.0;0,2
SÃO JOSÉ DOS CAMPOS;354990406A;SP;Altos Vila Paiva;-23,143;-45,92;2018-02-27 04:30:00.0;0,39
SÃO JOSÉ DOS CAMPOS;354990406A;SP;Altos Vila Paiva;-23,143;-45,92;2018-02-27 04:40:00.0;0,2
SÃO JOSÉ DOS CAMPOS;354990406A;SP;Altos Vila Paiva;-23,143;-45,92;2018-02-27 04:50:00.0;0,39
SÃO JOSÉ DOS CAMPOS;354990406A;SP;Altos Vila Paiva;-23,143;-45,92;2018-02-27 05:00:00.0;0,2
SÃO JOSÉ DOS CAMPOS;354990406A;SP;Altos Vila Paiva;-23,143;-45,92;2018-02-27 05:10:00.0;0,2
SÃO JOSÉ DOS CAMPOS;354990406A;SP;Altos Vila Paiva;-23,143;-45,92;2018-02-27 05:20:00.0;0,2
SÃO JOSÉ DOS CAMPOS;354990406A;SP;Altos Vila Paiva;-23,143;-45,92;2018-02-27 05:30:00.0;0,2
SÃO JOSÉ DOS CAMPOS;354990406A;SP;Altos Vila Paiva;-23,143;-45,92;2018-02-27 05:40:00.0;0,2
SÃO JOSÉ DOS CAMPOS;354990406A;SP;Altos Vila Paiva;-23,143;-45,92;2018-02-27 05:50:00.0;0,2
SÃO JOSÉ DOS CAMPOS;354990406A;SP;Altos Vila Paiva;-23,143;-45,92;2018-02-27 06:00:00.0;0,2
SÃO JOSÉ DOS CAMPOS;354990406A;SP;Altos Vila Paiva;-23,143;-45,92;2018-02-27 06:10:00.0;0,0
SÃO JOSÉ DOS CAMPOS;354990406A;SP;Altos Vila Paiva;-23,143;-45,92;2018-02-27 06:20:00.0;0,2
SÃO JOSÉ DOS CAMPOS;354990406A;SP;Altos Vila Paiva;-23,143;-45,92;2018-02-27 06:30:00.0;0,2
SÃO JOSÉ DOS CAMPOS;354990406A;SP;Altos Vila Paiva;-23,143;-45,92;2018-02-27 06:40:00.0;0,2
SÃO JOSÉ DOS CAMPOS;354990406A;SP;Altos Vila Paiva;-23,143;-45,92;2018-02-27 07:00:00.0;0,2
SÃO JOSÉ DOS CAMPOS;354990406A;SP;Altos Vila Paiva;-23,143;-45,92;2018-02-27 07:10:00.0;0,2
SÃO JOSÉ DOS CAMPOS;354990406A;SP;Altos Vila Paiva;-23,143;-45,92;2018-02-27 07:20:00.0;0,2
SÃO JOSÉ DOS CAMPOS;354990406A;SP;Altos Vila Paiva;-23,143;-45,92;2018-02-27 07:40:00.0;0,2
SÃO JOSÉ DOS CAMPOS;354990406A;SP;Altos Vila Paiva;-23,143;-45,92;2018-02-27 08:00:00.0;0,2
SÃO JOSÉ DOS CAMPOS;354990406A;SP;Altos Vila Paiva;-23,143;-45,92;2018-02-27 08:10:00.0;0,0
SÃO JOSÉ DOS CAMPOS;354990406A;SP;Altos Vila Paiva;-23,143;-45,92;2018-02-27 09:10:00.0;0,0
SÃO JOSÉ DOS CAMPOS;354990406A;SP;Altos Vila Paiva;-23,143;-45,92;2018-02-27 09:40:00.0;0,2
SÃO JOSÉ DOS CAMPOS;354990406A;SP;Altos Vila Paiva;-23,143;-45,92;2018-02-27 10:10:00.0;0,0
SÃO JOSÉ DOS CAMPOS;354990406A;SP;Altos Vila Paiva;-23,143;-45,92;2018-02-27 11:10:00.0;0,0
SÃO JOSÉ DOS CAMPOS;354990406A;SP;Altos Vila Paiva;-23,143;-45,92;2018-02-27 12:10:00.0;0,0
SÃO JOSÉ DOS CAMPOS;354990406A;SP;Altos Vila Paiva;-23,143;-45,92;2018-02-27 13:10:00.0;0,0
SÃO JOSÉ DOS CAMPOS;354990406A;SP;Altos Vila Paiva;-23,143;-45,92;2018-02-27 14:10:00.0;0,0
SÃO JOSÉ DOS CAMPOS;354990406A;SP;Altos Vila Paiva;-23,143;-45,92;2018-02-27 15:10:00.0;0,0
SÃO JOSÉ DOS CAMPOS;354990406A;SP;Altos Vila Paiva;-23,143;-45,92;2018-02-27 16:10:00.0;0,0
SÃO JOSÉ DOS CAMPOS;354990406A;SP;Altos Vila Paiva;-23,143;-45,92;2018-02-27 17:10:00.0;0,0
SÃO JOSÉ DOS CAMPOS;354990406A;SP;Altos Vila Paiva;-23,143;-45,92;2018-02-27 18:10:00.0;0,0
SÃO JOSÉ DOS CAMPOS;354990406A;SP;Altos Vila Paiva;-23,143;-45,92;2018-02-27 19:10:00.0;0,0
SÃO JOSÉ DOS CAMPOS;354990406A;SP;Altos Vila Paiva;-23,143;-45,92;2018-02-27 20:10:00.0;0,0
SÃO JOSÉ DOS CAMPOS;354990406A;SP;Altos Vila Paiva;-23,143;-45,92;2018-02-27 21:10:00.0;0,0
SÃO JOSÉ DOS CAMPOS;354990406A;SP;Altos Vila Paiva;-23,143;-45,92;2018-02-27 22:10:00.0;0,0
SÃO JOSÉ DOS CAMPOS;354990406A;SP;Altos Vila Paiva;-23,143;-45,92;2018-02-27 23:10:00.0;0,0
SÃO JOSÉ DOS CAMPOS;354990406A;SP;Altos Vila Paiva;-23,143;-45,92;2018-02-28 00:10:00.0;0,0
SÃO JOSÉ DOS CAMPOS;354990406A;SP;Altos Vila Paiva;-23,143;-45,92;2018-02-28 01:10:00.0;0,0
SÃO JOSÉ DOS CAMPOS;354990406A;SP;Altos Vila Paiva;-23,143;-45,92;2018-02-28 02:10:00.0;0,0
SÃO JOSÉ DOS CAMPOS;354990406A;SP;Altos Vila Paiva;-23,143;-45,92;2018-02-28 03:10:00.0;0,0
SÃO JOSÉ DOS CAMPOS;354990406A;SP;Altos Vila Paiva;-23,143;-45,92;2018-02-28 04:10:00.0;0,0
SÃO JOSÉ DOS CAMPOS;354990406A;SP;Altos Vila Paiva;-23,143;-45,92;2018-02-28 05:10:00.0;0,0
SÃO JOSÉ DOS CAMPOS;354990406A;SP;Altos Vila Paiva;-23,143;-45,92;2018-02-28 06:10:00.0;0,0
SÃO JOSÉ DOS CAMPOS;354990406A;SP;Altos Vila Paiva;-23,143;-45,92;2018-02-28 07:10:00.0;0,0
SÃO JOSÉ DOS CAMPOS;354990406A;SP;Altos Vila Paiva;-23,143;-45,92;2018-02-28 08:10:00.0;0,0
SÃO JOSÉ DOS CAMPOS;354990406A;SP;Altos Vila Paiva;-23,143;-45,92;2018-02-28 09:10:00.0;0,0
SÃO JOSÉ DOS CAMPOS;354990406A;SP;Altos Vila Paiva;-23,143;-45,92;2018-02-28 10:10:00.0;0,0
SÃO JOSÉ DOS CAMPOS;354990406A;SP;Altos Vila Paiva;-23,143;-45,92;2018-02-28 11:10:00.0;0,0
SÃO JOSÉ DOS CAMPOS;354990406A;SP;Altos Vila Paiva;-23,143;-45,92;2018-02-28 12:10:00.0;0,0
SÃO JOSÉ DOS CAMPOS;354990406A;SP;Altos Vila Paiva;-23,143;-45,92;2018-02-28 13:10:00.0;0,0
SÃO JOSÉ DOS CAMPOS;354990406A;SP;Altos Vila Paiva;-23,143;-45,92;2018-02-28 14:10:00.0;0,0
SÃO JOSÉ DOS CAMPOS;354990406A;SP;Altos Vila Paiva;-23,143;-45,92;2018-02-28 15:10:00.0;0,0
SÃO JOSÉ DOS CAMPOS;354990406A;SP;Altos Vila Paiva;-23,143;-45,92;2018-02-28 16:10:00.0;0,0
SÃO JOSÉ DOS CAMPOS;354990406A;SP;Altos Vila Paiva;-23,143;-45,92;2018-02-28 17:10:00.0;0,0
SÃO JOSÉ DOS CAMPOS;354990406A;SP;Altos Vila Paiva;-23,143;-45,92;2018-02-28 18:10:00.0;0,0
SÃO JOSÉ DOS CAMPOS;354990406A;SP;Altos Vila Paiva;-23,143;-45,92;2018-02-28 19:10:00.0;0,0
SÃO JOSÉ DOS CAMPOS;354990406A;SP;Altos Vila Paiva;-23,143;-45,92;2018-02-28 19:20:00.0;0,2
SÃO JOSÉ DOS CAMPOS;354990406A;SP;Altos Vila Paiva;-23,143;-45,92;2018-02-28 19:30:00.0;0,39
SÃO JOSÉ DOS CAMPOS;354990406A;SP;Altos Vila Paiva;-23,143;-45,92;2018-02-28 19:40:00.0;0,2
SÃO JOSÉ DOS CAMPOS;354990406A;SP;Altos Vila Paiva;-23,143;-45,92;2018-02-28 20:00:00.0;0,2
SÃO JOSÉ DOS CAMPOS;354990406A;SP;Altos Vila Paiva;-23,143;-45,92;2018-02-28 20:10:00.0;0,2
SÃO JOSÉ DOS CAMPOS;354990406A;SP;Altos Vila Paiva;-23,143;-45,92;2018-02-28 20:30:00.0;0,2
SÃO JOSÉ DOS CAMPOS;354990406A;SP;Altos Vila Paiva;-23,143;-45,92;2018-02-28 20:50:00.0;0,2
SÃO JOSÉ DOS CAMPOS;354990406A;SP;Altos Vila Paiva;-23,143;-45,92;2018-02-28 21:10:00.0;0,0
SÃO JOSÉ DOS CAMPOS;354990406A;SP;Altos Vila Paiva;-23,143;-45,92;2018-02-28 21:20:00.0;0,2
SÃO JOSÉ DOS CAMPOS;354990406A;SP;Altos Vila Paiva;-23,143;-45,92;2018-02-28 21:40:00.0;0,2
SÃO JOSÉ DOS CAMPOS;354990406A;SP;Altos Vila Paiva;-23,143;-45,92;2018-02-28 21:50:00.0;0,2
SÃO JOSÉ DOS CAMPOS;354990406A;SP;Altos Vila Paiva;-23,143;-45,92;2018-02-28 22:10:00.0;0,2
SÃO JOSÉ DOS CAMPOS;354990406A;SP;Altos Vila Paiva;-23,143;-45,92;2018-02-28 22:20:00.0;0,2
SÃO JOSÉ DOS CAMPOS;354990406A;SP;Altos Vila Paiva;-23,143;-45,92;2018-02-28 22:30:00.0;0,2
SÃO JOSÉ DOS CAMPOS;354990406A;SP;Altos Vila Paiva;-23,143;-45,92;2018-02-28 22:50:00.0;0,2
SÃO JOSÉ DOS CAMPOS;354990406A;SP;Altos Vila Paiva;-23,143;-45,92;2018-02-28 23:00:00.0;0,2
SÃO JOSÉ DOS CAMPOS;354990406A;SP;Altos Vila Paiva;-23,143;-45,92;2018-02-28 23:10:00.0;0,2
SÃO JOSÉ DOS CAMPOS;354990406A;SP;Altos Vila Paiva;-23,143;-45,92;2018-02-28 23:20:00.0;0,2
SÃO JOSÉ DOS CAMPOS;354990406A;SP;Altos Vila Paiva;-23,143;-45,92;2018-02-28 23:30:00.0;0,2
SÃO JOSÉ DOS CAMPOS;354990406A;SP;Altos Vila Paiva;-23,143;-45,92;2018-02-28 23:40:00.0;0,2
SÃO JOSÉ DOS CAMPOS;354990406A;SP;Altos Vila Paiva;-23,143;-45,92;2018-02-28 23:50:00.0;0,2
SÃO JOSÉ DOS CAMPOS;354990407A;SP;Freitas;-23,109;-45,933;2018-02-01 00:10:00.0;0,0
SÃO JOSÉ DOS CAMPOS;354990407A;SP;Freitas;-23,109;-45,933;2018-02-01 01:00:00.0;0,2
SÃO JOSÉ DOS CAMPOS;354990407A;SP;Freitas;-23,109;-45,933;2018-02-01 01:10:00.0;0,0
SÃO JOSÉ DOS CAMPOS;354990407A;SP;Freitas;-23,109;-45,933;2018-02-01 02:10:00.0;0,0
SÃO JOSÉ DOS CAMPOS;354990407A;SP;Freitas;-23,109;-45,933;2018-02-01 02:30:00.0;0,2
SÃO JOSÉ DOS CAMPOS;354990407A;SP;Freitas;-23,109;-45,933;2018-02-01 03:10:00.0;0,0
SÃO JOSÉ DOS CAMPOS;354990407A;SP;Freitas;-23,109;-45,933;2018-02-01 04:00:00.0;0,2
SÃO JOSÉ DOS CAMPOS;354990407A;SP;Freitas;-23,109;-45,933;2018-02-01 04:10:00.0;0,0
SÃO JOSÉ DOS CAMPOS;354990407A;SP;Freitas;-23,109;-45,933;2018-02-01 05:10:00.0;0,0
SÃO JOSÉ DOS CAMPOS;354990407A;SP;Freitas;-23,109;-45,933;2018-02-01 05:30:00.0;0,2
SÃO JOSÉ DOS CAMPOS;354990407A;SP;Freitas;-23,109;-45,933;2018-02-01 06:10:00.0;0,0
SÃO JOSÉ DOS CAMPOS;354990407A;SP;Freitas;-23,109;-45,933;2018-02-01 07:00:00.0;0,2
SÃO JOSÉ DOS CAMPOS;354990407A;SP;Freitas;-23,109;-45,933;2018-02-01 07:10:00.0;0,0
SÃO JOSÉ DOS CAMPOS;354990407A;SP;Freitas;-23,109;-45,933;2018-02-01 08:10:00.0;0,0
SÃO JOSÉ DOS CAMPOS;354990407A;SP;Freitas;-23,109;-45,933;2018-02-01 08:40:00.0;0,2
SÃO JOSÉ DOS CAMPOS;354990407A;SP;Freitas;-23,109;-45,933;2018-02-01 09:10:00.0;0,0
SÃO JOSÉ DOS CAMPOS;354990407A;SP;Freitas;-23,109;-45,933;2018-02-01 10:10:00.0;0,2
SÃO JOSÉ DOS CAMPOS;354990407A;SP;Freitas;-23,109;-45,933;2018-02-01 11:10:00.0;0,0
SÃO JOSÉ DOS CAMPOS;354990407A;SP;Freitas;-23,109;-45,933;2018-02-01 11:30:00.0;0,2
SÃO JOSÉ DOS CAMPOS;354990407A;SP;Freitas;-23,109;-45,933;2018-02-01 12:10:00.0;0,0
SÃO JOSÉ DOS CAMPOS;354990407A;SP;Freitas;-23,109;-45,933;2018-02-01 12:40:00.0;0,2
SÃO JOSÉ DOS CAMPOS;354990407A;SP;Freitas;-23,109;-45,933;2018-02-01 13:10:00.0;0,0
SÃO JOSÉ DOS CAMPOS;354990407A;SP;Freitas;-23,109;-45,933;2018-02-01 13:40:00.0;0,2
SÃO JOSÉ DOS CAMPOS;354990407A;SP;Freitas;-23,109;-45,933;2018-02-01 14:10:00.0;0,0
SÃO JOSÉ DOS CAMPOS;354990407A;SP;Freitas;-23,109;-45,933;2018-02-01 14:50:00.0;0,2
SÃO JOSÉ DOS CAMPOS;354990407A;SP;Freitas;-23,109;-45,933;2018-02-01 15:10:00.0;0,0
SÃO JOSÉ DOS CAMPOS;354990407A;SP;Freitas;-23,109;-45,933;2018-02-01 15:50:00.0;0,2
SÃO JOSÉ DOS CAMPOS;354990407A;SP;Freitas;-23,109;-45,933;2018-02-01 16:10:00.0;0,0
SÃO JOSÉ DOS CAMPOS;354990407A;SP;Freitas;-23,109;-45,933;2018-02-01 16:50:00.0;0,2
SÃO JOSÉ DOS CAMPOS;354990407A;SP;Freitas;-23,109;-45,933;2018-02-01 17:10:00.0;0,0
SÃO JOSÉ DOS CAMPOS;354990407A;SP;Freitas;-23,109;-45,933;2018-02-01 17:50:00.0;0,2
SÃO JOSÉ DOS CAMPOS;354990407A;SP;Freitas;-23,109;-45,933;2018-02-01 18:10:00.0;0,0
SÃO JOSÉ DOS CAMPOS;354990407A;SP;Freitas;-23,109;-45,933;2018-02-01 18:50:00.0;0,2
SÃO JOSÉ DOS CAMPOS;354990407A;SP;Freitas;-23,109;-45,933;2018-02-01 19:10:00.0;0,0
SÃO JOSÉ DOS CAMPOS;354990407A;SP;Freitas;-23,109;-45,933;2018-02-01 19:40:00.0;0,2
SÃO JOSÉ DOS CAMPOS;354990407A;SP;Freitas;-23,109;-45,933;2018-02-01 20:10:00.0;0,0
SÃO JOSÉ DOS CAMPOS;354990407A;SP;Freitas;-23,109;-45,933;2018-02-01 20:40:00.0;0,2
SÃO JOSÉ DOS CAMPOS;354990407A;SP;Freitas;-23,109;-45,933;2018-02-01 21:10:00.0;0,0
SÃO JOSÉ DOS CAMPOS;354990407A;SP;Freitas;-23,109;-45,933;2018-02-01 21:40:00.0;0,2
SÃO JOSÉ DOS CAMPOS;354990407A;SP;Freitas;-23,109;-45,933;2018-02-01 22:10:00.0;0,0
SÃO JOSÉ DOS CAMPOS;354990407A;SP;Freitas;-23,109;-45,933;2018-02-01 22:50:00.0;0,2
SÃO JOSÉ DOS CAMPOS;354990407A;SP;Freitas;-23,109;-45,933;2018-02-01 23:10:00.0;0,0
SÃO JOSÉ DOS CAMPOS;354990407A;SP;Freitas;-23,109;-45,933;2018-02-02 00:00:00.0;0,2
SÃO JOSÉ DOS CAMPOS;354990407A;SP;Freitas;-23,109;-45,933;2018-02-02 00:10:00.0;0,0
SÃO JOSÉ DOS CAMPOS;354990407A;SP;Freitas;-23,109;-45,933;2018-02-02 01:10:00.0;0,0
SÃO JOSÉ DOS CAMPOS;354990407A;SP;Freitas;-23,109;-45,933;2018-02-02 01:20:00.0;0,2
SÃO JOSÉ DOS CAMPOS;354990407A;SP;Freitas;-23,109;-45,933;2018-02-02 02:10:00.0;0,0
SÃO JOSÉ DOS CAMPOS;354990407A;SP;Freitas;-23,109;-45,933;2018-02-02 02:30:00.0;0,2
SÃO JOSÉ DOS CAMPOS;354990407A;SP;Freitas;-23,109;-45,933;2018-02-02 03:10:00.0;0,0
SÃO JOSÉ DOS CAMPOS;354990407A;SP;Freitas;-23,109;-45,933;2018-02-02 03:50:00.0;0,2
SÃO JOSÉ DOS CAMPOS;354990407A;SP;Freitas;-23,109;-45,933;2018-02-02 04:10:00.0;0,0
SÃO JOSÉ DOS CAMPOS;354990407A;SP;Freitas;-23,109;-45,933;2018-02-02 05:00:00.0;0,2
SÃO JOSÉ DOS CAMPOS;354990407A;SP;Freitas;-23,109;-45,933;2018-02-02 05:10:00.0;0,0
SÃO JOSÉ DOS CAMPOS;354990407A;SP;Freitas;-23,109;-45,933;2018-02-02 06:10:00.0;0,0
SÃO JOSÉ DOS CAMPOS;354990407A;SP;Freitas;-23,109;-45,933;2018-02-02 06:20:00.0;0,2
SÃO JOSÉ DOS CAMPOS;354990407A;SP;Freitas;-23,109;-45,933;2018-02-02 07:10:00.0;0,0
SÃO JOSÉ DOS CAMPOS;354990407A;SP;Freitas;-23,109;-45,933;2018-02-02 07:30:00.0;0,2
SÃO JOSÉ DOS CAMPOS;354990407A;SP;Freitas;-23,109;-45,933;2018-02-02 08:10:00.0;0,0
SÃO JOSÉ DOS CAMPOS;354990407A;SP;Freitas;-23,109;-45,933;2018-02-02 08:50:00.0;0,2
SÃO JOSÉ DOS CAMPOS;354990407A;SP;Freitas;-23,109;-45,933;2018-02-02 09:10:00.0;0,0
SÃO JOSÉ DOS CAMPOS;354990407A;SP;Freitas;-23,109;-45,933;2018-02-02 10:00:00.0;0,2
SÃO JOSÉ DOS CAMPOS;354990407A;SP;Freitas;-23,109;-45,933;2018-02-02 10:10:00.0;0,0
SÃO JOSÉ DOS CAMPOS;354990407A;SP;Freitas;-23,109;-45,933;2018-02-02 11:10:00.0;0,2
SÃO JOSÉ DOS CAMPOS;354990407A;SP;Freitas;-23,109;-45,933;2018-02-02 12:10:00.0;0,2
SÃO JOSÉ DOS CAMPOS;354990407A;SP;Freitas;-23,109;-45,933;2018-02-02 13:10:00.0;0,2
SÃO JOSÉ DOS CAMPOS;354990407A;SP;Freitas;-23,109;-45,933;2018-02-02 14:10:00.0;0,2
SÃO JOSÉ DOS CAMPOS;354990407A;SP;Freitas;-23,109;-45,933;2018-02-02 15:00:00.0;0,2
SÃO JOSÉ DOS CAMPOS;354990407A;SP;Freitas;-23,109;-45,933;2018-02-02 15:10:00.0;0,0
SÃO JOSÉ DOS CAMPOS;354990407A;SP;Freitas;-23,109;-45,933;2018-02-02 15:50:00.0;0,2
SÃO JOSÉ DOS CAMPOS;354990407A;SP;Freitas;-23,109;-45,933;2018-02-02 16:10:00.0;0,0
SÃO JOSÉ DOS CAMPOS;354990407A;SP;Freitas;-23,109;-45,933;2018-02-02 16:40:00.0;0,2
SÃO JOSÉ DOS CAMPOS;354990407A;SP;Freitas;-23,109;-45,933;2018-02-02 17:10:00.0;0,0
SÃO JOSÉ DOS CAMPOS;354990407A;SP;Freitas;-23,109;-45,933;2018-02-02 17:30:00.0;0,2
SÃO JOSÉ DOS CAMPOS;354990407A;SP;Freitas;-23,109;-45,933;2018-02-02 18:10:00.0;0,0
SÃO JOSÉ DOS CAMPOS;354990407A;SP;Freitas;-23,109;-45,933;2018-02-02 18:20:00.0;0,2
SÃO JOSÉ DOS CAMPOS;354990407A;SP;Freitas;-23,109;-45,933;2018-02-02 19:10:00.0;0,2
SÃO JOSÉ DOS CAMPOS;354990407A;SP;Freitas;-23,109;-45,933;2018-02-02 20:10:00.0;0,2
SÃO JOSÉ DOS CAMPOS;354990407A;SP;Freitas;-23,109;-45,933;2018-02-02 20:20:00.0;0,0
SÃO JOSÉ DOS CAMPOS;354990407A;SP;Freitas;-23,109;-45,933;2018-02-02 21:00:00.0;0,2
SÃO JOSÉ DOS CAMPOS;354990407A;SP;Freitas;-23,109;-45,933;2018-02-02 21:10:00.0;0,0
SÃO JOSÉ DOS CAMPOS;354990407A;SP;Freitas;-23,109;-45,933;2018-02-02 22:10:00.0;0,2
SÃO JOSÉ DOS CAMPOS;354990407A;SP;Freitas;-23,109;-45,933;2018-02-02 23:10:00.0;0,2
SÃO JOSÉ DOS CAMPOS;354990407A;SP;Freitas;-23,109;-45,933;2018-02-03 00:10:00.0;0,2
SÃO JOSÉ DOS CAMPOS;354990407A;SP;Freitas;-23,109;-45,933;2018-02-03 01:10:00.0;0,2
SÃO JOSÉ DOS CAMPOS;354990407A;SP;Freitas;-23,109;-45,933;2018-02-03 02:10:00.0;0,0
SÃO JOSÉ DOS CAMPOS;354990407A;SP;Freitas;-23,109;-45,933;2018-02-03 02:20:00.0;0,2
SÃO JOSÉ DOS CAMPOS;354990407A;SP;Freitas;-23,109;-45,933;2018-02-03 03:10:00.0;0,0
SÃO JOSÉ DOS CAMPOS;354990407A;SP;Freitas;-23,109;-45,933;2018-02-03 03:20:00.0;0,2
SÃO JOSÉ DOS CAMPOS;354990407A;SP;Freitas;-23,109;-45,933;2018-02-03 04:10:00.0;0,0
SÃO JOSÉ DOS CAMPOS;354990407A;SP;Freitas;-23,109;-45,933;2018-02-03 04:20:00.0;0,2
SÃO JOSÉ DOS CAMPOS;354990407A;SP;Freitas;-23,109;-45,933;2018-02-03 05:10:00.0;0,0
SÃO JOSÉ DOS CAMPOS;354990407A;SP;Freitas;-23,109;-45,933;2018-02-03 05:30:00.0;0,2
SÃO JOSÉ DOS CAMPOS;354990407A;SP;Freitas;-23,109;-45,933;2018-02-03 06:10:00.0;0,0
SÃO JOSÉ DOS CAMPOS;354990407A;SP;Freitas;-23,109;-45,933;2018-02-03 06:40:00.0;0,2
SÃO JOSÉ DOS CAMPOS;354990407A;SP;Freitas;-23,109;-45,933;2018-02-03 07:10:00.0;0,0
SÃO JOSÉ DOS CAMPOS;354990407A;SP;Freitas;-23,109;-45,933;2018-02-03 07:40:00.0;0,2
SÃO JOSÉ DOS CAMPOS;354990407A;SP;Freitas;-23,109;-45,933;2018-02-03 08:10:00.0;0,0
SÃO JOSÉ DOS CAMPOS;354990407A;SP;Freitas;-23,109;-45,933;2018-02-03 08:50:00.0;0,2
SÃO JOSÉ DOS CAMPOS;354990407A;SP;Freitas;-23,109;-45,933;2018-02-03 09:10:00.0;0,0
SÃO JOSÉ DOS CAMPOS;354990407A;SP;Freitas;-23,109;-45,933;2018-02-03 10:00:00.0;0,2
SÃO JOSÉ DOS CAMPOS;354990407A;SP;Freitas;-23,109;-45,933;2018-02-03 10:10:00.0;0,0
SÃO JOSÉ DOS CAMPOS;354990407A;SP;Freitas;-23,109;-45,933;2018-02-03 11:00:00.0;0,2
SÃO JOSÉ DOS CAMPOS;354990407A;SP;Freitas;-23,109;-45,933;2018-02-03 11:20:00.0;0,0
SÃO JOSÉ DOS CAMPOS;354990407A;SP;Freitas;-23,109;-45,933;2018-02-03 12:00:00.0;0,2
SÃO JOSÉ DOS CAMPOS;354990407A;SP;Freitas;-23,109;-45,933;2018-02-03 12:10:00.0;0,0
SÃO JOSÉ DOS CAMPOS;354990407A;SP;Freitas;-23,109;-45,933;2018-02-03 12:50:00.0;0,2
SÃO JOSÉ DOS CAMPOS;354990407A;SP;Freitas;-23,109;-45,933;2018-02-03 13:10:00.0;0,0
SÃO JOSÉ DOS CAMPOS;354990407A;SP;Freitas;-23,109;-45,933;2018-02-03 13:40:00.0;0,2
SÃO JOSÉ DOS CAMPOS;354990407A;SP;Freitas;-23,109;-45,933;2018-02-03 14:10:00.0;0,0
SÃO JOSÉ DOS CAMPOS;354990407A;SP;Freitas;-23,109;-45,933;2018-02-03 14:30:00.0;0,2
SÃO JOSÉ DOS CAMPOS;354990407A;SP;Freitas;-23,109;-45,933;2018-02-03 15:10:00.0;0,0
SÃO JOSÉ DOS CAMPOS;354990407A;SP;Freitas;-23,109;-45,933;2018-02-03 15:20:00.0;0,2
SÃO JOSÉ DOS CAMPOS;354990407A;SP;Freitas;-23,109;-45,933;2018-02-03 16:10:00.0;0,2
SÃO JOSÉ DOS CAMPOS;354990407A;SP;Freitas;-23,109;-45,933;2018-02-03 17:10:00.0;0,0
SÃO JOSÉ DOS CAMPOS;354990407A;SP;Freitas;-23,109;-45,933;2018-02-03 17:20:00.0;0,2
SÃO JOSÉ DOS CAMPOS;354990407A;SP;Freitas;-23,109;-45,933;2018-02-03 18:10:00.0;0,0
SÃO JOSÉ DOS CAMPOS;354990407A;SP;Freitas;-23,109;-45,933;2018-02-03 18:30:00.0;0,2
SÃO JOSÉ DOS CAMPOS;354990407A;SP;Freitas;-23,109;-45,933;2018-02-03 19:10:00.0;0,2
SÃO JOSÉ DOS CAMPOS;354990407A;SP;Freitas;-23,109;-45,933;2018-02-03 19:50:00.0;0,2
SÃO JOSÉ DOS CAMPOS;354990407A;SP;Freitas;-23,109;-45,933;2018-02-03 20:10:00.0;0,0
SÃO JOSÉ DOS CAMPOS;354990407A;SP;Freitas;-23,109;-45,933;2018-02-03 20:40:00.0;0,2
SÃO JOSÉ DOS CAMPOS;354990407A;SP;Freitas;-23,109;-45,933;2018-02-03 21:10:00.0;0,0
SÃO JOSÉ DOS CAMPOS;354990407A;SP;Freitas;-23,109;-45,933;2018-02-03 21:20:00.0;0,2
SÃO JOSÉ DOS CAMPOS;354990407A;SP;Freitas;-23,109;-45,933;2018-02-03 22:10:00.0;0,2
SÃO JOSÉ DOS CAMPOS;354990407A;SP;Freitas;-23,109;-45,933;2018-02-03 23:00:00.0;0,2
SÃO JOSÉ DOS CAMPOS;354990407A;SP;Freitas;-23,109;-45,933;2018-02-03 23:10:00.0;0,0
SÃO JOSÉ DOS CAMPOS;354990407A;SP;Freitas;-23,109;-45,933;2018-02-03 23:40:00.0;0,2
SÃO JOSÉ DOS CAMPOS;354990407A;SP;Freitas;-23,109;-45,933;2018-02-04 00:10:00.0;0,0
SÃO JOSÉ DOS CAMPOS;354990407A;SP;Freitas;-23,109;-45,933;2018-02-04 00:40:00.0;0,2
SÃO JOSÉ DOS CAMPOS;354990407A;SP;Freitas;-23,109;-45,933;2018-02-04 01:10:00.0;0,0
SÃO JOSÉ DOS CAMPOS;354990407A;SP;Freitas;-23,109;-45,933;2018-02-04 01:30:00.0;0,2
SÃO JOSÉ DOS CAMPOS;354990407A;SP;Freitas;-23,109;-45,933;2018-02-04 02:10:00.0;0,0
SÃO JOSÉ DOS CAMPOS;354990407A;SP;Freitas;-23,109;-45,933;2018-02-04 02:30:00.0;0,2
SÃO JOSÉ DOS CAMPOS;354990407A;SP;Freitas;-23,109;-45,933;2018-02-04 03:10:00.0;0,0
SÃO JOSÉ DOS CAMPOS;354990407A;SP;Freitas;-23,109;-45,933;2018-02-04 03:20:00.0;0,2
SÃO JOSÉ DOS CAMPOS;354990407A;SP;Freitas;-23,109;-45,933;2018-02-04 04:10:00.0;0,2
SÃO JOSÉ DOS CAMPOS;354990407A;SP;Freitas;-23,109;-45,933;2018-02-04 05:00:00.0;0,2
SÃO JOSÉ DOS CAMPOS;354990407A;SP;Freitas;-23,109;-45,933;2018-02-04 05:10:00.0;0,0
SÃO JOSÉ DOS CAMPOS;354990407A;SP;Freitas;-23,109;-45,933;2018-02-04 06:00:00.0;0,2
SÃO JOSÉ DOS CAMPOS;354990407A;SP;Freitas;-23,109;-45,933;2018-02-04 06:10:00.0;0,0
SÃO JOSÉ DOS CAMPOS;354990407A;SP;Freitas;-23,109;-45,933;2018-02-04 06:50:00.0;0,2
SÃO JOSÉ DOS CAMPOS;354990407A;SP;Freitas;-23,109;-45,933;2018-02-04 07:10:00.0;0,0
SÃO JOSÉ DOS CAMPOS;354990407A;SP;Freitas;-23,109;-45,933;2018-02-04 07:50:00.0;0,2
SÃO JOSÉ DOS CAMPOS;354990407A;SP;Freitas;-23,109;-45,933;2018-02-04 08:10:00.0;0,0
SÃO JOSÉ DOS CAMPOS;354990407A;SP;Freitas;-23,109;-45,933;2018-02-04 08:30:00.0;0,2
SÃO JOSÉ DOS CAMPOS;354990407A;SP;Freitas;-23,109;-45,933;2018-02-04 09:10:00.0;0,0
SÃO JOSÉ DOS CAMPOS;354990407A;SP;Freitas;-23,109;-45,933;2018-02-04 09:20:00.0;0,2
SÃO JOSÉ DOS CAMPOS;354990407A;SP;Freitas;-23,109;-45,933;2018-02-04 10:00:00.0;0,2
SÃO JOSÉ DOS CAMPOS;354990407A;SP;Freitas;-23,109;-45,933;2018-02-04 10:10:00.0;0,0
SÃO JOSÉ DOS CAMPOS;354990407A;SP;Freitas;-23,109;-45,933;2018-02-04 10:50:00.0;0,2
SÃO JOSÉ DOS CAMPOS;354990407A;SP;Freitas;-23,109;-45,933;2018-02-04 11:10:00.0;0,0
SÃO JOSÉ DOS CAMPOS;354990407A;SP;Freitas;-23,109;-45,933;2018-02-04 11:40:00.0;0,2
SÃO JOSÉ DOS CAMPOS;354990407A;SP;Freitas;-23,109;-45,933;2018-02-04 12:10:00.0;0,0
SÃO JOSÉ DOS CAMPOS;354990407A;SP;Freitas;-23,109;-45,933;2018-02-04 12:20:00.0;0,2
SÃO JOSÉ DOS CAMPOS;354990407A;SP;Freitas;-23,109;-45,933;2018-02-04 12:50:00.0;0,2
SÃO JOSÉ DOS CAMPOS;354990407A;SP;Freitas;-23,109;-45,933;2018-02-04 13:10:00.0;0,0
SÃO JOSÉ DOS CAMPOS;354990407A;SP;Freitas;-23,109;-45,933;2018-02-04 13:40:00.0;0,2
SÃO JOSÉ DOS CAMPOS;354990407A;SP;Freitas;-23,109;-45,933;2018-02-04 14:10:00.0;0,0
SÃO JOSÉ DOS CAMPOS;354990407A;SP;Freitas;-23,109;-45,933;2018-02-04 14:20:00.0;0,2
SÃO JOSÉ DOS CAMPOS;354990407A;SP;Freitas;-23,109;-45,933;2018-02-04 15:00:00.0;0,2
SÃO JOSÉ DOS CAMPOS;354990407A;SP;Freitas;-23,109;-45,933;2018-02-04 15:10:00.0;0,0
SÃO JOSÉ DOS CAMPOS;354990407A;SP;Freitas;-23,109;-45,933;2018-02-04 15:50:00.0;0,2
SÃO JOSÉ DOS CAMPOS;354990407A;SP;Freitas;-23,109;-45,933;2018-02-04 16:10:00.0;0,0
SÃO JOSÉ DOS CAMPOS;354990407A;SP;Freitas;-23,109;-45,933;2018-02-04 16:30:00.0;0,2
SÃO JOSÉ DOS CAMPOS;354990407A;SP;Freitas;-23,109;-45,933;2018-02-04 17:10:00.0;0,0
SÃO JOSÉ DOS CAMPOS;354990407A;SP;Freitas;-23,109;-45,933;2018-02-04 17:20:00.0;0,2
SÃO JOSÉ DOS CAMPOS;354990407A;SP;Freitas;-23,109;-45,933;2018-02-04 18:10:00.0;0,2
SÃO JOSÉ DOS CAMPOS;354990407A;SP;Freitas;-23,109;-45,933;2018-02-04 18:50:00.0;0,2
SÃO JOSÉ DOS CAMPOS;354990407A;SP;Freitas;-23,109;-45,933;2018-02-04 19:50:00.0;0,2
SÃO JOSÉ DOS CAMPOS;354990407A;SP;Freitas;-23,109;-45,933;2018-02-04 20:10:00.0;0,0
SÃO JOSÉ DOS CAMPOS;354990407A;SP;Freitas;-23,109;-45,933;2018-02-04 20:40:00.0;0,2
SÃO JOSÉ DOS CAMPOS;354990407A;SP;Freitas;-23,109;-45,933;2018-02-04 21:10:00.0;0,0
SÃO JOSÉ DOS CAMPOS;354990407A;SP;Freitas;-23,109;-45,933;2018-02-04 21:30:00.0;0,2
SÃO JOSÉ DOS CAMPOS;354990407A;SP;Freitas;-23,109;-45,933;2018-02-04 22:10:00.0;0,0
SÃO JOSÉ DOS CAMPOS;354990407A;SP;Freitas;-23,109;-45,933;2018-02-04 22:20:00.0;0,2
SÃO JOSÉ DOS CAMPOS;354990407A;SP;Freitas;-23,109;-45,933;2018-02-04 23:10:00.0;0,0
SÃO JOSÉ DOS CAMPOS;354990407A;SP;Freitas;-23,109;-45,933;2018-02-04 23:30:00.0;0,2
SÃO JOSÉ DOS CAMPOS;354990407A;SP;Freitas;-23,109;-45,933;2018-02-05 00:10:00.0;0,0
SÃO JOSÉ DOS CAMPOS;354990407A;SP;Freitas;-23,109;-45,933;2018-02-05 00:20:00.0;0,2
SÃO JOSÉ DOS CAMPOS;354990407A;SP;Freitas;-23,109;-45,933;2018-02-05 01:10:00.0;0,0
SÃO JOSÉ DOS CAMPOS;354990407A;SP;Freitas;-23,109;-45,933;2018-02-05 01:30:00.0;0,2
SÃO JOSÉ DOS CAMPOS;354990407A;SP;Freitas;-23,109;-45,933;2018-02-05 02:10:00.0;0,0
SÃO JOSÉ DOS CAMPOS;354990407A;SP;Freitas;-23,109;-45,933;2018-02-05 02:30:00.0;0,2
SÃO JOSÉ DOS CAMPOS;354990407A;SP;Freitas;-23,109;-45,933;2018-02-05 03:10:00.0;0,0
SÃO JOSÉ DOS CAMPOS;354990407A;SP;Freitas;-23,109;-45,933;2018-02-05 03:30:00.0;0,2
SÃO JOSÉ DOS CAMPOS;354990407A;SP;Freitas;-23,109;-45,933;2018-02-05 04:10:00.0;0,0
SÃO JOSÉ DOS CAMPOS;354990407A;SP;Freitas;-23,109;-45,933;2018-02-05 04:30:00.0;0,2
SÃO JOSÉ DOS CAMPOS;354990407A;SP;Freitas;-23,109;-45,933;2018-02-05 05:10:00.0;0,0
SÃO JOSÉ DOS CAMPOS;354990407A;SP;Freitas;-23,109;-45,933;2018-02-05 05:30:00.0;0,2
SÃO JOSÉ DOS CAMPOS;354990407A;SP;Freitas;-23,109;-45,933;2018-02-05 06:10:00.0;0,0
SÃO JOSÉ DOS CAMPOS;354990407A;SP;Freitas;-23,109;-45,933;2018-02-05 06:40:00.0;0,2
SÃO JOSÉ DOS CAMPOS;354990407A;SP;Freitas;-23,109;-45,933;2018-02-05 07:10:00.0;0,0
SÃO JOSÉ DOS CAMPOS;354990407A;SP;Freitas;-23,109;-45,933;2018-02-05 07:40:00.0;0,2
SÃO JOSÉ DOS CAMPOS;354990407A;SP;Freitas;-23,109;-45,933;2018-02-05 08:10:00.0;0,0
SÃO JOSÉ DOS CAMPOS;354990407A;SP;Freitas;-23,109;-45,933;2018-02-05 08:50:00.0;0,2
SÃO JOSÉ DOS CAMPOS;354990407A;SP;Freitas;-23,109;-45,933;2018-02-05 09:10:00.0;0,0
SÃO JOSÉ DOS CAMPOS;354990407A;SP;Freitas;-23,109;-45,933;2018-02-05 10:00:00.0;0,2
SÃO JOSÉ DOS CAMPOS;354990407A;SP;Freitas;-23,109;-45,933;2018-02-05 10:10:00.0;0,0
SÃO JOSÉ DOS CAMPOS;354990407A;SP;Freitas;-23,109;-45,933;2018-02-05 11:00:00.0;0,2
SÃO JOSÉ DOS CAMPOS;354990407A;SP;Freitas;-23,109;-45,933;2018-02-05 11:10:00.0;0,0
SÃO JOSÉ DOS CAMPOS;354990407A;SP;Freitas;-23,109;-45,933;2018-02-05 12:00:00.0;0,2
SÃO JOSÉ DOS CAMPOS;354990407A;SP;Freitas;-23,109;-45,933;2018-02-05 12:10:00.0;0,0
SÃO JOSÉ DOS CAMPOS;354990407A;SP;Freitas;-23,109;-45,933;2018-02-05 12:50:00.0;0,2
SÃO JOSÉ DOS CAMPOS;354990407A;SP;Freitas;-23,109;-45,933;2018-02-05 13:10:00.0;0,0
SÃO JOSÉ DOS CAMPOS;354990407A;SP;Freitas;-23,109;-45,933;2018-02-05 13:50:00.0;0,2
SÃO JOSÉ DOS CAMPOS;354990407A;SP;Freitas;-23,109;-45,933;2018-02-05 14:10:00.0;0,0
SÃO JOSÉ DOS CAMPOS;354990407A;SP;Freitas;-23,109;-45,933;2018-02-05 14:40:00.0;0,2
SÃO JOSÉ DOS CAMPOS;354990407A;SP;Freitas;-23,109;-45,933;2018-02-05 15:10:00.0;0,0
SÃO JOSÉ DOS CAMPOS;354990407A;SP;Freitas;-23,109;-45,933;2018-02-05 15:30:00.0;0,2
SÃO JOSÉ DOS CAMPOS;354990407A;SP;Freitas;-23,109;-45,933;2018-02-05 16:10:00.0;0,0
SÃO JOSÉ DOS CAMPOS;354990407A;SP;Freitas;-23,109;-45,933;2018-02-05 16:20:00.0;0,2
SÃO JOSÉ DOS CAMPOS;354990407A;SP;Freitas;-23,109;-45,933;2018-02-05 17:10:00.0;0,2
SÃO JOSÉ DOS CAMPOS;354990407A;SP;Freitas;-23,109;-45,933;2018-02-05 18:10:00.0;0,2
SÃO JOSÉ DOS CAMPOS;354990407A;SP;Freitas;-23,109;-45,933;2018-02-05 19:00:00.0;0,2
SÃO JOSÉ DOS CAMPOS;354990407A;SP;Freitas;-23,109;-45,933;2018-02-05 19:10:00.0;0,0
SÃO JOSÉ DOS CAMPOS;354990407A;SP;Freitas;-23,109;-45,933;2018-02-05 20:10:00.0;0,2
SÃO JOSÉ DOS CAMPOS;354990407A;SP;Freitas;-23,109;-45,933;2018-02-05 20:20:00.0;0,0
SÃO JOSÉ DOS CAMPOS;354990407A;SP;Freitas;-23,109;-45,933;2018-02-05 21:10:00.0;0,0
SÃO JOSÉ DOS CAMPOS;354990407A;SP;Freitas;-23,109;-45,933;2018-02-05 21:20:00.0;0,2
SÃO JOSÉ DOS CAMPOS;354990407A;SP;Freitas;-23,109;-45,933;2018-02-05 22:10:00.0;0,0
SÃO JOSÉ DOS CAMPOS;354990407A;SP;Freitas;-23,109;-45,933;2018-02-05 22:30:00.0;0,2
SÃO JOSÉ DOS CAMPOS;354990407A;SP;Freitas;-23,109;-45,933;2018-02-05 23:10:00.0;0,0
SÃO JOSÉ DOS CAMPOS;354990407A;SP;Freitas;-23,109;-45,933;2018-02-05 23:50:00.0;0,2
SÃO JOSÉ DOS CAMPOS;354990407A;SP;Freitas;-23,109;-45,933;2018-02-06 00:10:00.0;0,0
SÃO JOSÉ DOS CAMPOS;354990407A;SP;Freitas;-23,109;-45,933;2018-02-06 01:10:00.0;0,2
SÃO JOSÉ DOS CAMPOS;354990407A;SP;Freitas;-23,109;-45,933;2018-02-06 02:10:00.0;0,0
SÃO JOSÉ DOS CAMPOS;354990407A;SP;Freitas;-23,109;-45,933;2018-02-06 02:30:00.0;0,2
SÃO JOSÉ DOS CAMPOS;354990407A;SP;Freitas;-23,109;-45,933;2018-02-06 03:10:00.0;0,0
SÃO JOSÉ DOS CAMPOS;354990407A;SP;Freitas;-23,109;-45,933;2018-02-06 03:40:00.0;0,2
SÃO JOSÉ DOS CAMPOS;354990407A;SP;Freitas;-23,109;-45,933;2018-02-06 04:10:00.0;0,0
SÃO JOSÉ DOS CAMPOS;354990407A;SP;Freitas;-23,109;-45,933;2018-02-06 05:00:00.0;0,2
SÃO JOSÉ DOS CAMPOS;354990407A;SP;Freitas;-23,109;-45,933;2018-02-06 05:20:00.0;0,0
SÃO JOSÉ DOS CAMPOS;354990407A;SP;Freitas;-23,109;-45,933;2018-02-06 06:10:00.0;0,0
SÃO JOSÉ DOS CAMPOS;354990407A;SP;Freitas;-23,109;-45,933;2018-02-06 06:20:00.0;0,2
SÃO JOSÉ DOS CAMPOS;354990407A;SP;Freitas;-23,109;-45,933;2018-02-06 07:10:00.0;0,0
SÃO JOSÉ DOS CAMPOS;354990407A;SP;Freitas;-23,109;-45,933;2018-02-06 07:50:00.0;0,2
SÃO JOSÉ DOS CAMPOS;354990407A;SP;Freitas;-23,109;-45,933;2018-02-06 08:10:00.0;0,0
SÃO JOSÉ DOS CAMPOS;354990407A;SP;Freitas;-23,109;-45,933;2018-02-06 09:10:00.0;0,2
SÃO JOSÉ DOS CAMPOS;354990407A;SP;Freitas;-23,109;-45,933;2018-02-06 10:10:00.0;0,0
SÃO JOSÉ DOS CAMPOS;354990407A;SP;Freitas;-23,109;-45,933;2018-02-06 10:40:00.0;0,2
SÃO JOSÉ DOS CAMPOS;354990407A;SP;Freitas;-23,109;-45,933;2018-02-06 11:10:00.0;0,0
SÃO JOSÉ DOS CAMPOS;354990407A;SP;Freitas;-23,109;-45,933;2018-02-06 11:50:00.0;0,2
SÃO JOSÉ DOS CAMPOS;354990407A;SP;Freitas;-23,109;-45,933;2018-02-06 12:10:00.0;0,0
SÃO JOSÉ DOS CAMPOS;354990407A;SP;Freitas;-23,109;-45,933;2018-02-06 13:10:00.0;0,0
SÃO JOSÉ DOS CAMPOS;354990407A;SP;Freitas;-23,109;-45,933;2018-02-06 13:20:00.0;0,2
SÃO JOSÉ DOS CAMPOS;354990407A;SP;Freitas;-23,109;-45,933;2018-02-06 14:10:00.0;0,0
SÃO JOSÉ DOS CAMPOS;354990407A;SP;Freitas;-23,109;-45,933;2018-02-06 14:20:00.0;0,2
SÃO JOSÉ DOS CAMPOS;354990407A;SP;Freitas;-23,109;-45,933;2018-02-06 15:10:00.0;0,0
SÃO JOSÉ DOS CAMPOS;354990407A;SP;Freitas;-23,109;-45,933;2018-02-06 15:20:00.0;0,2
SÃO JOSÉ DOS CAMPOS;354990407A;SP;Freitas;-23,109;-45,933;2018-02-06 16:30:00.0;0,2
SÃO JOSÉ DOS CAMPOS;354990407A;SP;Freitas;-23,109;-45,933;2018-02-06 17:30:00.0;0,2
SÃO JOSÉ DOS CAMPOS;354990407A;SP;Freitas;-23,109;-45,933;2018-02-06 18:50:00.0;0,2
SÃO JOSÉ DOS CAMPOS;354990407A;SP;Freitas;-23,109;-45,933;2018-02-06 20:10:00.0;0,2
SÃO JOSÉ DOS CAMPOS;354990407A;SP;Freitas;-23,109;-45,933;2018-02-06 21:30:00.0;0,2
SÃO JOSÉ DOS CAMPOS;354990407A;SP;Freitas;-23,109;-45,933;2018-02-06 23:00:00.0;0,2
SÃO JOSÉ DOS CAMPOS;354990407A;SP;Freitas;-23,109;-45,933;2018-02-07 00:20:00.0;0,2
SÃO JOSÉ DOS CAMPOS;354990407A;SP;Freitas;-23,109;-45,933;2018-02-07 01:50:00.0;0,2
SÃO JOSÉ DOS CAMPOS;354990407A;SP;Freitas;-23,109;-45,933;2018-02-07 03:10:00.0;0,2
SÃO JOSÉ DOS CAMPOS;354990407A;SP;Freitas;-23,109;-45,933;2018-02-07 04:40:00.0;0,2
SÃO JOSÉ DOS CAMPOS;354990407A;SP;Freitas;-23,109;-45,933;2018-02-07 06:10:00.0;0,2
SÃO JOSÉ DOS CAMPOS;354990407A;SP;Freitas;-23,109;-45,933;2018-02-07 07:50:00.0;0,2
SÃO JOSÉ DOS CAMPOS;354990407A;SP;Freitas;-23,109;-45,933;2018-02-07 09:20:00.0;0,2
SÃO JOSÉ DOS CAMPOS;354990407A;SP;Freitas;-23,109;-45,933;2018-02-07 11:00:00.0;0,2
SÃO JOSÉ DOS CAMPOS;354990407A;SP;Freitas;-23,109;-45,933;2018-02-07 12:20:00.0;0,2
SÃO JOSÉ DOS CAMPOS;354990407A;SP;Freitas;-23,109;-45,933;2018-02-07 13:30:00.0;0,2
SÃO JOSÉ DOS CAMPOS;354990407A;SP;Freitas;-23,109;-45,933;2018-02-07 14:30:00.0;0,2
SÃO JOSÉ DOS CAMPOS;354990407A;SP;Freitas;-23,109;-45,933;2018-02-07 15:30:00.0;0,2
SÃO JOSÉ DOS CAMPOS;354990407A;SP;Freitas;-23,109;-45,933;2018-02-07 16:10:00.0;0,0
SÃO JOSÉ DOS CAMPOS;354990407A;SP;Freitas;-23,109;-45,933;2018-02-07 16:40:00.0;0,2
SÃO JOSÉ DOS CAMPOS;354990407A;SP;Freitas;-23,109;-45,933;2018-02-07 17:10:00.0;0,0
SÃO JOSÉ DOS CAMPOS;354990407A;SP;Freitas;-23,109;-45,933;2018-02-07 17:50:00.0;0,2
SÃO JOSÉ DOS CAMPOS;354990407A;SP;Freitas;-23,109;-45,933;2018-02-07 18:10:00.0;0,0
SÃO JOSÉ DOS CAMPOS;354990407A;SP;Freitas;-23,109;-45,933;2018-02-07 19:10:00.0;0,2
SÃO JOSÉ DOS CAMPOS;354990407A;SP;Freitas;-23,109;-45,933;2018-02-07 20:10:00.0;0,0
SÃO JOSÉ DOS CAMPOS;354990407A;SP;Freitas;-23,109;-45,933;2018-02-07 20:30:00.0;0,2
SÃO JOSÉ DOS CAMPOS;354990407A;SP;Freitas;-23,109;-45,933;2018-02-07 21:10:00.0;0,0
SÃO JOSÉ DOS CAMPOS;354990407A;SP;Freitas;-23,109;-45,933;2018-02-07 21:50:00.0;0,2
SÃO JOSÉ DOS CAMPOS;354990407A;SP;Freitas;-23,109;-45,933;2018-02-07 22:10:00.0;0,0
SÃO JOSÉ DOS CAMPOS;354990407A;SP;Freitas;-23,109;-45,933;2018-02-07 23:10:00.0;0,0
SÃO JOSÉ DOS CAMPOS;354990407A;SP;Freitas;-23,109;-45,933;2018-02-07 23:40:00.0;0,2
SÃO JOSÉ DOS CAMPOS;354990407A;SP;Freitas;-23,109;-45,933;2018-02-08 00:10:00.0;0,0
SÃO JOSÉ DOS CAMPOS;354990407A;SP;Freitas;-23,109;-45,933;2018-02-08 01:10:00.0;0,0
SÃO JOSÉ DOS CAMPOS;354990407A;SP;Freitas;-23,109;-45,933;2018-02-08 01:30:00.0;0,2
SÃO JOSÉ DOS CAMPOS;354990407A;SP;Freitas;-23,109;-45,933;2018-02-08 02:10:00.0;0,0
SÃO JOSÉ DOS CAMPOS;354990407A;SP;Freitas;-23,109;-45,933;2018-02-08 03:10:00.0;0,0
SÃO JOSÉ DOS CAMPOS;354990407A;SP;Freitas;-23,109;-45,933;2018-02-08 03:20:00.0;0,2
SÃO JOSÉ DOS CAMPOS;354990407A;SP;Freitas;-23,109;-45,933;2018-02-08 04:10:00.0;0,0
SÃO JOSÉ DOS CAMPOS;354990407A;SP;Freitas;-23,109;-45,933;2018-02-08 05:10:00.0;0,2
SÃO JOSÉ DOS CAMPOS;354990407A;SP;Freitas;-23,109;-45,933;2018-02-08 06:10:00.0;0,0
SÃO JOSÉ DOS CAMPOS;354990407A;SP;Freitas;-23,109;-45,933;2018-02-08 07:10:00.0;0,0
SÃO JOSÉ DOS CAMPOS;354990407A;SP;Freitas;-23,109;-45,933;2018-02-08 07:20:00.0;0,2
SÃO JOSÉ DOS CAMPOS;354990407A;SP;Freitas;-23,109;-45,933;2018-02-08 08:10:00.0;0,0
SÃO JOSÉ DOS CAMPOS;354990407A;SP;Freitas;-23,109;-45,933;2018-02-08 09:10:00.0;0,0
SÃO JOSÉ DOS CAMPOS;354990407A;SP;Freitas;-23,109;-45,933;2018-02-08 09:20:00.0;0,2
SÃO JOSÉ DOS CAMPOS;354990407A;SP;Freitas;-23,109;-45,933;2018-02-08 10:10:00.0;0,0
SÃO JOSÉ DOS CAMPOS;354990407A;SP;Freitas;-23,109;-45,933;2018-02-08 11:10:00.0;0,2
SÃO JOSÉ DOS CAMPOS;354990407A;SP;Freitas;-23,109;-45,933;2018-02-08 12:10:00.0;0,0
SÃO JOSÉ DOS CAMPOS;354990407A;SP;Freitas;-23,109;-45,933;2018-02-08 12:30:00.0;0,2
SÃO JOSÉ DOS CAMPOS;354990407A;SP;Freitas;-23,109;-45,933;2018-02-08 13:10:00.0;0,0
SÃO JOSÉ DOS CAMPOS;354990407A;SP;Freitas;-23,109;-45,933;2018-02-08 13:50:00.0;0,2
SÃO JOSÉ DOS CAMPOS;354990407A;SP;Freitas;-23,109;-45,933;2018-02-08 14:10:00.0;0,0
SÃO JOSÉ DOS CAMPOS;354990407A;SP;Freitas;-23,109;-45,933;2018-02-08 14:50:00.0;0,2
SÃO JOSÉ DOS CAMPOS;354990407A;SP;Freitas;-23,109;-45,933;2018-02-08 15:10:00.0;0,0
SÃO JOSÉ DOS CAMPOS;354990407A;SP;Freitas;-23,109;-45,933;2018-02-08 16:00:00.0;0,2
SÃO JOSÉ DOS CAMPOS;354990407A;SP;Freitas;-23,109;-45,933;2018-02-08 16:10:00.0;0,0
SÃO JOSÉ DOS CAMPOS;354990407A;SP;Freitas;-23,109;-45,933;2018-02-08 17:10:00.0;0,0
SÃO JOSÉ DOS CAMPOS;354990407A;SP;Freitas;-23,109;-45,933;2018-02-08 17:20:00.0;0,2
SÃO JOSÉ DOS CAMPOS;354990407A;SP;Freitas;-23,109;-45,933;2018-02-08 18:10:00.0;0,0
SÃO JOSÉ DOS CAMPOS;354990407A;SP;Freitas;-23,109;-45,933;2018-02-08 18:40:00.0;0,2
SÃO JOSÉ DOS CAMPOS;354990407A;SP;Freitas;-23,109;-45,933;2018-02-08 19:10:00.0;0,0
SÃO JOSÉ DOS CAMPOS;354990407A;SP;Freitas;-23,109;-45,933;2018-02-08 20:10:00.0;0,2
SÃO JOSÉ DOS CAMPOS;354990407A;SP;Freitas;-23,109;-45,933;2018-02-08 20:20:00.0;0,0
SÃO JOSÉ DOS CAMPOS;354990407A;SP;Freitas;-23,109;-45,933;2018-02-08 21:10:00.0;0,0
SÃO JOSÉ DOS CAMPOS;354990407A;SP;Freitas;-23,109;-45,933;2018-02-08 21:40:00.0;0,2
SÃO JOSÉ DOS CAMPOS;354990407A;SP;Freitas;-23,109;-45,933;2018-02-08 22:10:00.0;0,0
SÃO JOSÉ DOS CAMPOS;354990407A;SP;Freitas;-23,109;-45,933;2018-02-08 23:10:00.0;0,0
SÃO JOSÉ DOS CAMPOS;354990407A;SP;Freitas;-23,109;-45,933;2018-02-08 23:40:00.0;0,2
SÃO JOSÉ DOS CAMPOS;354990407A;SP;Freitas;-23,109;-45,933;2018-02-09 00:20:00.0;0,0
SÃO JOSÉ DOS CAMPOS;354990407A;SP;Freitas;-23,109;-45,933;2018-02-09 01:10:00.0;0,0
SÃO JOSÉ DOS CAMPOS;354990407A;SP;Freitas;-23,109;-45,933;2018-02-09 01:30:00.0;0,2
SÃO JOSÉ DOS CAMPOS;354990407A;SP;Freitas;-23,109;-45,933;2018-02-09 02:10:00.0;0,0
SÃO JOSÉ DOS CAMPOS;354990407A;SP;Freitas;-23,109;-45,933;2018-02-09 03:10:00.0;0,0
SÃO JOSÉ DOS CAMPOS;354990407A;SP;Freitas;-23,109;-45,933;2018-02-09 03:20:00.0;0,2
SÃO JOSÉ DOS CAMPOS;354990407A;SP;Freitas;-23,109;-45,933;2018-02-09 04:10:00.0;0,0
SÃO JOSÉ DOS CAMPOS;354990407A;SP;Freitas;-23,109;-45,933;2018-02-09 05:10:00.0;0,0
SÃO JOSÉ DOS CAMPOS;354990407A;SP;Freitas;-23,109;-45,933;2018-02-09 05:20:00.0;0,2
SÃO JOSÉ DOS CAMPOS;354990407A;SP;Freitas;-23,109;-45,933;2018-02-09 06:10:00.0;0,0
SÃO JOSÉ DOS CAMPOS;354990407A;SP;Freitas;-23,109;-45,933;2018-02-09 07:10:00.0;0,0
SÃO JOSÉ DOS CAMPOS;354990407A;SP;Freitas;-23,109;-45,933;2018-02-09 07:20:00.0;0,2
SÃO JOSÉ DOS CAMPOS;354990407A;SP;Freitas;-23,109;-45,933;2018-02-09 08:10:00.0;0,0
SÃO JOSÉ DOS CAMPOS;354990407A;SP;Freitas;-23,109;-45,933;2018-02-09 09:10:00.0;0,0
SÃO JOSÉ DOS CAMPOS;354990407A;SP;Freitas;-23,109;-45,933;2018-02-09 09:30:00.0;0,2
SÃO JOSÉ DOS CAMPOS;354990407A;SP;Freitas;-23,109;-45,933;2018-02-09 10:10:00.0;0,0
SÃO JOSÉ DOS CAMPOS;354990407A;SP;Freitas;-23,109;-45,933;2018-02-09 11:10:00.0;0,0
SÃO JOSÉ DOS CAMPOS;354990407A;SP;Freitas;-23,109;-45,933;2018-02-09 11:20:00.0;0,2
SÃO JOSÉ DOS CAMPOS;354990407A;SP;Freitas;-23,109;-45,933;2018-02-09 12:10:00.0;0,0
SÃO JOSÉ DOS CAMPOS;354990407A;SP;Freitas;-23,109;-45,933;2018-02-09 12:40:00.0;0,2
SÃO JOSÉ DOS CAMPOS;354990407A;SP;Freitas;-23,109;-45,933;2018-02-09 13:10:00.0;0,0
SÃO JOSÉ DOS CAMPOS;354990407A;SP;Freitas;-23,109;-45,933;2018-02-09 14:10:00.0;0,2
SÃO JOSÉ DOS CAMPOS;354990407A;SP;Freitas;-23,109;-45,933;2018-02-09 15:10:00.0;0,0
SÃO JOSÉ DOS CAMPOS;354990407A;SP;Freitas;-23,109;-45,933;2018-02-09 15:30:00.0;0,2
SÃO JOSÉ DOS CAMPOS;354990407A;SP;Freitas;-23,109;-45,933;2018-02-09 16:10:00.0;0,0
SÃO JOSÉ DOS CAMPOS;354990407A;SP;Freitas;-23,109;-45,933;2018-02-09 17:00:00.0;0,2
SÃO JOSÉ DOS CAMPOS;354990407A;SP;Freitas;-23,109;-45,933;2018-02-09 17:20:00.0;0,0
SÃO JOSÉ DOS CAMPOS;354990407A;SP;Freitas;-23,109;-45,933;2018-02-09 18:10:00.0;0,0
SÃO JOSÉ DOS CAMPOS;354990407A;SP;Freitas;-23,109;-45,933;2018-02-09 18:50:00.0;0,2
SÃO JOSÉ DOS CAMPOS;354990407A;SP;Freitas;-23,109;-45,933;2018-02-09 19:10:00.0;0,0
SÃO JOSÉ DOS CAMPOS;354990407A;SP;Freitas;-23,109;-45,933;2018-02-09 20:10:00.0;0,0
SÃO JOSÉ DOS CAMPOS;354990407A;SP;Freitas;-23,109;-45,933;2018-02-09 20:50:00.0;0,2
SÃO JOSÉ DOS CAMPOS;354990407A;SP;Freitas;-23,109;-45,933;2018-02-09 21:10:00.0;0,0
SÃO JOSÉ DOS CAMPOS;354990407A;SP;Freitas;-23,109;-45,933;2018-02-09 22:10:00.0;0,0
SÃO JOSÉ DOS CAMPOS;354990407A;SP;Freitas;-23,109;-45,933;2018-02-09 23:10:00.0;0,0
SÃO JOSÉ DOS CAMPOS;354990407A;SP;Freitas;-23,109;-45,933;2018-02-09 23:20:00.0;0,2
SÃO JOSÉ DOS CAMPOS;354990407A;SP;Freitas;-23,109;-45,933;2018-02-10 00:10:00.0;0,0
SÃO JOSÉ DOS CAMPOS;354990407A;SP;Freitas;-23,109;-45,933;2018-02-10 01:10:00.0;0,0
SÃO JOSÉ DOS CAMPOS;354990407A;SP;Freitas;-23,109;-45,933;2018-02-10 02:10:00.0;0,0
SÃO JOSÉ DOS CAMPOS;354990407A;SP;Freitas;-23,109;-45,933;2018-02-10 02:20:00.0;0,2
SÃO JOSÉ DOS CAMPOS;354990407A;SP;Freitas;-23,109;-45,933;2018-02-10 03:10:00.0;0,0
SÃO JOSÉ DOS CAMPOS;354990407A;SP;Freitas;-23,109;-45,933;2018-02-10 04:10:00.0;0,0
SÃO JOSÉ DOS CAMPOS;354990407A;SP;Freitas;-23,109;-45,933;2018-02-10 05:10:00.0;0,0
SÃO JOSÉ DOS CAMPOS;354990407A;SP;Freitas;-23,109;-45,933;2018-02-10 05:20:00.0;0,2
SÃO JOSÉ DOS CAMPOS;354990407A;SP;Freitas;-23,109;-45,933;2018-02-10 06:10:00.0;0,0
SÃO JOSÉ DOS CAMPOS;354990407A;SP;Freitas;-23,109;-45,933;2018-02-10 07:10:00.0;0,0
SÃO JOSÉ DOS CAMPOS;354990407A;SP;Freitas;-23,109;-45,933;2018-02-10 08:10:00.0;0,2
SÃO JOSÉ DOS CAMPOS;354990407A;SP;Freitas;-23,109;-45,933;2018-02-10 09:10:00.0;0,0
SÃO JOSÉ DOS CAMPOS;354990407A;SP;Freitas;-23,109;-45,933;2018-02-10 10:10:00.0;0,0
SÃO JOSÉ DOS CAMPOS;354990407A;SP;Freitas;-23,109;-45,933;2018-02-10 11:10:00.0;0,0
SÃO JOSÉ DOS CAMPOS;354990407A;SP;Freitas;-23,109;-45,933;2018-02-10 11:20:00.0;0,2
SÃO JOSÉ DOS CAMPOS;354990407A;SP;Freitas;-23,109;-45,933;2018-02-10 12:10:00.0;0,0
SÃO JOSÉ DOS CAMPOS;354990407A;SP;Freitas;-23,109;-45,933;2018-02-10 13:10:00.0;0,0
SÃO JOSÉ DOS CAMPOS;354990407A;SP;Freitas;-23,109;-45,933;2018-02-10 13:30:00.0;0,2
SÃO JOSÉ DOS CAMPOS;354990407A;SP;Freitas;-23,109;-45,933;2018-02-10 14:10:00.0;0,0
SÃO JOSÉ DOS CAMPOS;354990407A;SP;Freitas;-23,109;-45,933;2018-02-10 15:10:00.0;0,0
SÃO JOSÉ DOS CAMPOS;354990407A;SP;Freitas;-23,109;-45,933;2018-02-10 16:10:00.0;0,0
SÃO JOSÉ DOS CAMPOS;354990407A;SP;Freitas;-23,109;-45,933;2018-02-10 17:10:00.0;0,0
SÃO JOSÉ DOS CAMPOS;354990407A;SP;Freitas;-23,109;-45,933;2018-02-10 18:10:00.0;0,0
SÃO JOSÉ DOS CAMPOS;354990407A;SP;Freitas;-23,109;-45,933;2018-02-10 18:20:00.0;0,2
SÃO JOSÉ DOS CAMPOS;354990407A;SP;Freitas;-23,109;-45,933;2018-02-10 19:10:00.0;0,0
SÃO JOSÉ DOS CAMPOS;354990407A;SP;Freitas;-23,109;-45,933;2018-02-10 20:10:00.0;0,0
SÃO JOSÉ DOS CAMPOS;354990407A;SP;Freitas;-23,109;-45,933;2018-02-10 21:10:00.0;0,0
SÃO JOSÉ DOS CAMPOS;354990407A;SP;Freitas;-23,109;-45,933;2018-02-10 21:30:00.0;0,2
SÃO JOSÉ DOS CAMPOS;354990407A;SP;Freitas;-23,109;-45,933;2018-02-10 22:10:00.0;0,0
SÃO JOSÉ DOS CAMPOS;354990407A;SP;Freitas;-23,109;-45,933;2018-02-10 23:10:00.0;0,0
SÃO JOSÉ DOS CAMPOS;354990407A;SP;Freitas;-23,109;-45,933;2018-02-11 00:10:00.0;0,0
SÃO JOSÉ DOS CAMPOS;354990407A;SP;Freitas;-23,109;-45,933;2018-02-11 00:30:00.0;0,2
SÃO JOSÉ DOS CAMPOS;354990407A;SP;Freitas;-23,109;-45,933;2018-02-11 01:10:00.0;0,0
SÃO JOSÉ DOS CAMPOS;354990407A;SP;Freitas;-23,109;-45,933;2018-02-11 02:10:00.0;0,0
SÃO JOSÉ DOS CAMPOS;354990407A;SP;Freitas;-23,109;-45,933;2018-02-11 03:10:00.0;0,2
SÃO JOSÉ DOS CAMPOS;354990407A;SP;Freitas;-23,109;-45,933;2018-02-11 04:10:00.0;0,0
SÃO JOSÉ DOS CAMPOS;354990407A;SP;Freitas;-23,109;-45,933;2018-02-11 05:10:00.0;0,0
SÃO JOSÉ DOS CAMPOS;354990407A;SP;Freitas;-23,109;-45,933;2018-02-11 06:10:00.0;0,0
SÃO JOSÉ DOS CAMPOS;354990407A;SP;Freitas;-23,109;-45,933;2018-02-11 06:20:00.0;0,2
SÃO JOSÉ DOS CAMPOS;354990407A;SP;Freitas;-23,109;-45,933;2018-02-11 07:10:00.0;0,0
SÃO JOSÉ DOS CAMPOS;354990407A;SP;Freitas;-23,109;-45,933;2018-02-11 08:10:00.0;0,0
SÃO JOSÉ DOS CAMPOS;354990407A;SP;Freitas;-23,109;-45,933;2018-02-11 09:00:00.0;0,2
SÃO JOSÉ DOS CAMPOS;354990407A;SP;Freitas;-23,109;-45,933;2018-02-11 09:10:00.0;0,0
SÃO JOSÉ DOS CAMPOS;354990407A;SP;Freitas;-23,109;-45,933;2018-02-11 10:10:00.0;0,0
SÃO JOSÉ DOS CAMPOS;354990407A;SP;Freitas;-23,109;-45,933;2018-02-11 11:10:00.0;0,0
SÃO JOSÉ DOS CAMPOS;354990407A;SP;Freitas;-23,109;-45,933;2018-02-11 11:30:00.0;0,2
SÃO JOSÉ DOS CAMPOS;354990407A;SP;Freitas;-23,109;-45,933;2018-02-11 12:10:00.0;0,0
SÃO JOSÉ DOS CAMPOS;354990407A;SP;Freitas;-23,109;-45,933;2018-02-11 13:10:00.0;0,0
SÃO JOSÉ DOS CAMPOS;354990407A;SP;Freitas;-23,109;-45,933;2018-02-11 13:20:00.0;0,2
SÃO JOSÉ DOS CAMPOS;354990407A;SP;Freitas;-23,109;-45,933;2018-02-11 14:10:00.0;0,0
SÃO JOSÉ DOS CAMPOS;354990407A;SP;Freitas;-23,109;-45,933;2018-02-11 15:10:00.0;0,2
SÃO JOSÉ DOS CAMPOS;354990407A;SP;Freitas;-23,109;-45,933;2018-02-11 16:10:00.0;0,0
SÃO JOSÉ DOS CAMPOS;354990407A;SP;Freitas;-23,109;-45,933;2018-02-11 17:10:00.0;0,2
SÃO JOSÉ DOS CAMPOS;354990407A;SP;Freitas;-23,109;-45,933;2018-02-11 18:10:00.0;0,0
SÃO JOSÉ DOS CAMPOS;354990407A;SP;Freitas;-23,109;-45,933;2018-02-11 19:10:00.0;0,2
SÃO JOSÉ DOS CAMPOS;354990407A;SP;Freitas;-23,109;-45,933;2018-02-11 20:10:00.0;0,0
SÃO JOSÉ DOS CAMPOS;354990407A;SP;Freitas;-23,109;-45,933;2018-02-11 21:10:00.0;0,0
SÃO JOSÉ DOS CAMPOS;354990407A;SP;Freitas;-23,109;-45,933;2018-02-11 21:30:00.0;0,2
SÃO JOSÉ DOS CAMPOS;354990407A;SP;Freitas;-23,109;-45,933;2018-02-11 22:10:00.0;0,0
SÃO JOSÉ DOS CAMPOS;354990407A;SP;Freitas;-23,109;-45,933;2018-02-11 23:10:00.0;0,0
SÃO JOSÉ DOS CAMPOS;354990407A;SP;Freitas;-23,109;-45,933;2018-02-12 00:00:00.0;0,2
SÃO JOSÉ DOS CAMPOS;354990407A;SP;Freitas;-23,109;-45,933;2018-02-12 00:10:00.0;0,0
SÃO JOSÉ DOS CAMPOS;354990407A;SP;Freitas;-23,109;-45,933;2018-02-12 01:10:00.0;0,0
SÃO JOSÉ DOS CAMPOS;354990407A;SP;Freitas;-23,109;-45,933;2018-02-12 02:10:00.0;0,0
SÃO JOSÉ DOS CAMPOS;354990407A;SP;Freitas;-23,109;-45,933;2018-02-12 02:30:00.0;0,2
SÃO JOSÉ DOS CAMPOS;354990407A;SP;Freitas;-23,109;-45,933;2018-02-12 03:10:00.0;0,0
SÃO JOSÉ DOS CAMPOS;354990407A;SP;Freitas;-23,109;-45,933;2018-02-12 04:10:00.0;0,0
SÃO JOSÉ DOS CAMPOS;354990407A;SP;Freitas;-23,109;-45,933;2018-02-12 05:10:00.0;0,2
SÃO JOSÉ DOS CAMPOS;354990407A;SP;Freitas;-23,109;-45,933;2018-02-12 06:10:00.0;0,0
SÃO JOSÉ DOS CAMPOS;354990407A;SP;Freitas;-23,109;-45,933;2018-02-12 07:10:00.0;0,0
SÃO JOSÉ DOS CAMPOS;354990407A;SP;Freitas;-23,109;-45,933;2018-02-12 07:40:00.0;0,2
SÃO JOSÉ DOS CAMPOS;354990407A;SP;Freitas;-23,109;-45,933;2018-02-12 08:10:00.0;0,0
SÃO JOSÉ DOS CAMPOS;354990407A;SP;Freitas;-23,109;-45,933;2018-02-12 09:10:00.0;0,0
SÃO JOSÉ DOS CAMPOS;354990407A;SP;Freitas;-23,109;-45,933;2018-02-12 10:10:00.0;0,0
SÃO JOSÉ DOS CAMPOS;354990407A;SP;Freitas;-23,109;-45,933;2018-02-12 10:20:00.0;0,2
SÃO JOSÉ DOS CAMPOS;354990407A;SP;Freitas;-23,109;-45,933;2018-02-12 11:10:00.0;0,0
SÃO JOSÉ DOS CAMPOS;354990407A;SP;Freitas;-23,109;-45,933;2018-02-12 12:10:00.0;0,0
SÃO JOSÉ DOS CAMPOS;354990407A;SP;Freitas;-23,109;-45,933;2018-02-12 12:20:00.0;0,2
SÃO JOSÉ DOS CAMPOS;354990407A;SP;Freitas;-23,109;-45,933;2018-02-12 13:10:00.0;0,0
SÃO JOSÉ DOS CAMPOS;354990407A;SP;Freitas;-23,109;-45,933;2018-02-12 14:10:00.0;0,0
SÃO JOSÉ DOS CAMPOS;354990407A;SP;Freitas;-23,109;-45,933;2018-02-12 14:20:00.0;0,2
SÃO JOSÉ DOS CAMPOS;354990407A;SP;Freitas;-23,109;-45,933;2018-02-12 15:10:00.0;0,0
SÃO JOSÉ DOS CAMPOS;354990407A;SP;Freitas;-23,109;-45,933;2018-02-12 16:00:00.0;0,2
SÃO JOSÉ DOS CAMPOS;354990407A;SP;Freitas;-23,109;-45,933;2018-02-12 16:10:00.0;0,0
SÃO JOSÉ DOS CAMPOS;354990407A;SP;Freitas;-23,109;-45,933;2018-02-12 17:10:00.0;0,0
SÃO JOSÉ DOS CAMPOS;354990407A;SP;Freitas;-23,109;-45,933;2018-02-12 18:00:00.0;0,2
SÃO JOSÉ DOS CAMPOS;354990407A;SP;Freitas;-23,109;-45,933;2018-02-12 18:20:00.0;0,0
SÃO JOSÉ DOS CAMPOS;354990407A;SP;Freitas;-23,109;-45,933;2018-02-12 19:10:00.0;0,0
SÃO JOSÉ DOS CAMPOS;354990407A;SP;Freitas;-23,109;-45,933;2018-02-12 20:10:00.0;0,0
SÃO JOSÉ DOS CAMPOS;354990407A;SP;Freitas;-23,109;-45,933;2018-02-12 20:20:00.0;0,2
SÃO JOSÉ DOS CAMPOS;354990407A;SP;Freitas;-23,109;-45,933;2018-02-12 21:10:00.0;0,0
SÃO JOSÉ DOS CAMPOS;354990407A;SP;Freitas;-23,109;-45,933;2018-02-12 22:10:00.0;0,0
SÃO JOSÉ DOS CAMPOS;354990407A;SP;Freitas;-23,109;-45,933;2018-02-12 22:50:00.0;0,2
SÃO JOSÉ DOS CAMPOS;354990407A;SP;Freitas;-23,109;-45,933;2018-02-12 23:10:00.0;0,0
SÃO JOSÉ DOS CAMPOS;354990407A;SP;Freitas;-23,109;-45,933;2018-02-13 00:10:00.0;0,0
SÃO JOSÉ DOS CAMPOS;354990407A;SP;Freitas;-23,109;-45,933;2018-02-13 01:10:00.0;0,0
SÃO JOSÉ DOS CAMPOS;354990407A;SP;Freitas;-23,109;-45,933;2018-02-13 01:20:00.0;0,2
SÃO JOSÉ DOS CAMPOS;354990407A;SP;Freitas;-23,109;-45,933;2018-02-13 02:10:00.0;0,0
SÃO JOSÉ DOS CAMPOS;354990407A;SP;Freitas;-23,109;-45,933;2018-02-13 03:10:00.0;0,0
SÃO JOSÉ DOS CAMPOS;354990407A;SP;Freitas;-23,109;-45,933;2018-02-13 03:40:00.0;0,2
SÃO JOSÉ DOS CAMPOS;354990407A;SP;Freitas;-23,109;-45,933;2018-02-13 04:10:00.0;0,0
SÃO JOSÉ DOS CAMPOS;354990407A;SP;Freitas;-23,109;-45,933;2018-02-13 05:10:00.0;0,0
SÃO JOSÉ DOS CAMPOS;354990407A;SP;Freitas;-23,109;-45,933;2018-02-13 05:50:00.0;0,2
SÃO JOSÉ DOS CAMPOS;354990407A;SP;Freitas;-23,109;-45,933;2018-02-13 06:10:00.0;0,0
SÃO JOSÉ DOS CAMPOS;354990407A;SP;Freitas;-23,109;-45,933;2018-02-13 07:10:00.0;0,0
SÃO JOSÉ DOS CAMPOS;354990407A;SP;Freitas;-23,109;-45,933;2018-02-13 08:10:00.0;0,2
SÃO JOSÉ DOS CAMPOS;354990407A;SP;Freitas;-23,109;-45,933;2018-02-13 09:10:00.0;0,0
SÃO JOSÉ DOS CAMPOS;354990407A;SP;Freitas;-23,109;-45,933;2018-02-13 10:10:00.0;0,0
SÃO JOSÉ DOS CAMPOS;354990407A;SP;Freitas;-23,109;-45,933;2018-02-13 10:20:00.0;0,2
SÃO JOSÉ DOS CAMPOS;354990407A;SP;Freitas;-23,109;-45,933;2018-02-13 11:10:00.0;0,0
SÃO JOSÉ DOS CAMPOS;354990407A;SP;Freitas;-23,109;-45,933;2018-02-13 12:10:00.0;0,0
SÃO JOSÉ DOS CAMPOS;354990407A;SP;Freitas;-23,109;-45,933;2018-02-13 12:40:00.0;0,2
SÃO JOSÉ DOS CAMPOS;354990407A;SP;Freitas;-23,109;-45,933;2018-02-13 13:10:00.0;0,0
SÃO JOSÉ DOS CAMPOS;354990407A;SP;Freitas;-23,109;-45,933;2018-02-13 14:10:00.0;0,0
SÃO JOSÉ DOS CAMPOS;354990407A;SP;Freitas;-23,109;-45,933;2018-02-13 14:30:00.0;0,2
SÃO JOSÉ DOS CAMPOS;354990407A;SP;Freitas;-23,109;-45,933;2018-02-13 15:10:00.0;0,0
SÃO JOSÉ DOS CAMPOS;354990407A;SP;Freitas;-23,109;-45,933;2018-02-13 16:10:00.0;0,0
SÃO JOSÉ DOS CAMPOS;354990407A;SP;Freitas;-23,109;-45,933;2018-02-13 16:40:00.0;0,2
SÃO JOSÉ DOS CAMPOS;354990407A;SP;Freitas;-23,109;-45,933;2018-02-13 17:10:00.0;0,0
SÃO JOSÉ DOS CAMPOS;354990407A;SP;Freitas;-23,109;-45,933;2018-02-13 18:10:00.0;0,0
SÃO JOSÉ DOS CAMPOS;354990407A;SP;Freitas;-23,109;-45,933;2018-02-13 18:50:00.0;0,2
SÃO JOSÉ DOS CAMPOS;354990407A;SP;Freitas;-23,109;-45,933;2018-02-13 19:10:00.0;0,0
SÃO JOSÉ DOS CAMPOS;354990407A;SP;Freitas;-23,109;-45,933;2018-02-13 20:10:00.0;0,0
SÃO JOSÉ DOS CAMPOS;354990407A;SP;Freitas;-23,109;-45,933;2018-02-13 21:00:00.0;0,2
SÃO JOSÉ DOS CAMPOS;354990407A;SP;Freitas;-23,109;-45,933;2018-02-13 21:10:00.0;0,0
SÃO JOSÉ DOS CAMPOS;354990407A;SP;Freitas;-23,109;-45,933;2018-02-13 22:10:00.0;0,0
SÃO JOSÉ DOS CAMPOS;354990407A;SP;Freitas;-23,109;-45,933;2018-02-13 23:10:00.0;0,0
SÃO JOSÉ DOS CAMPOS;354990407A;SP;Freitas;-23,109;-45,933;2018-02-13 23:20:00.0;0,2
SÃO JOSÉ DOS CAMPOS;354990407A;SP;Freitas;-23,109;-45,933;2018-02-14 00:10:00.0;0,0
SÃO JOSÉ DOS CAMPOS;354990407A;SP;Freitas;-23,109;-45,933;2018-02-14 01:10:00.0;0,0
SÃO JOSÉ DOS CAMPOS;354990407A;SP;Freitas;-23,109;-45,933;2018-02-14 01:50:00.0;0,2
SÃO JOSÉ DOS CAMPOS;354990407A;SP;Freitas;-23,109;-45,933;2018-02-14 02:10:00.0;0,0
SÃO JOSÉ DOS CAMPOS;354990407A;SP;Freitas;-23,109;-45,933;2018-02-14 03:10:00.0;0,0
SÃO JOSÉ DOS CAMPOS;354990407A;SP;Freitas;-23,109;-45,933;2018-02-14 04:10:00.0;0,2
SÃO JOSÉ DOS CAMPOS;354990407A;SP;Freitas;-23,109;-45,933;2018-02-14 05:10:00.0;0,0
SÃO JOSÉ DOS CAMPOS;354990407A;SP;Freitas;-23,109;-45,933;2018-02-14 06:10:00.0;0,0
SÃO JOSÉ DOS CAMPOS;354990407A;SP;Freitas;-23,109;-45,933;2018-02-14 06:40:00.0;0,2
SÃO JOSÉ DOS CAMPOS;354990407A;SP;Freitas;-23,109;-45,933;2018-02-14 07:10:00.0;0,0
SÃO JOSÉ DOS CAMPOS;354990407A;SP;Freitas;-23,109;-45,933;2018-02-14 08:10:00.0;0,0
SÃO JOSÉ DOS CAMPOS;354990407A;SP;Freitas;-23,109;-45,933;2018-02-14 09:00:00.0;0,2
SÃO JOSÉ DOS CAMPOS;354990407A;SP;Freitas;-23,109;-45,933;2018-02-14 09:10:00.0;0,0
SÃO JOSÉ DOS CAMPOS;354990407A;SP;Freitas;-23,109;-45,933;2018-02-14 10:10:00.0;0,0
SÃO JOSÉ DOS CAMPOS;354990407A;SP;Freitas;-23,109;-45,933;2018-02-14 11:10:00.0;0,0
SÃO JOSÉ DOS CAMPOS;354990407A;SP;Freitas;-23,109;-45,933;2018-02-14 11:20:00.0;0,2
SÃO JOSÉ DOS CAMPOS;354990407A;SP;Freitas;-23,109;-45,933;2018-02-14 12:10:00.0;0,0
SÃO JOSÉ DOS CAMPOS;354990407A;SP;Freitas;-23,109;-45,933;2018-02-14 13:10:00.0;0,0
SÃO JOSÉ DOS CAMPOS;354990407A;SP;Freitas;-23,109;-45,933;2018-02-14 13:20:00.0;0,2
SÃO JOSÉ DOS CAMPOS;354990407A;SP;Freitas;-23,109;-45,933;2018-02-14 14:10:00.0;0,0
SÃO JOSÉ DOS CAMPOS;354990407A;SP;Freitas;-23,109;-45,933;2018-02-14 15:00:00.0;0,2
SÃO JOSÉ DOS CAMPOS;354990407A;SP;Freitas;-23,109;-45,933;2018-02-14 15:10:00.0;0,0
SÃO JOSÉ DOS CAMPOS;354990407A;SP;Freitas;-23,109;-45,933;2018-02-14 16:10:00.0;0,0
SÃO JOSÉ DOS CAMPOS;354990407A;SP;Freitas;-23,109;-45,933;2018-02-14 17:00:00.0;0,2
SÃO JOSÉ DOS CAMPOS;354990407A;SP;Freitas;-23,109;-45,933;2018-02-14 17:10:00.0;0,0
SÃO JOSÉ DOS CAMPOS;354990407A;SP;Freitas;-23,109;-45,933;2018-02-14 18:10:00.0;0,0
SÃO JOSÉ DOS CAMPOS;354990407A;SP;Freitas;-23,109;-45,933;2018-02-14 19:10:00.0;0,2
SÃO JOSÉ DOS CAMPOS;354990407A;SP;Freitas;-23,109;-45,933;2018-02-14 20:20:00.0;0,0
SÃO JOSÉ DOS CAMPOS;354990407A;SP;Freitas;-23,109;-45,933;2018-02-14 21:10:00.0;0,0
SÃO JOSÉ DOS CAMPOS;354990407A;SP;Freitas;-23,109;-45,933;2018-02-14 21:30:00.0;0,2
SÃO JOSÉ DOS CAMPOS;354990407A;SP;Freitas;-23,109;-45,933;2018-02-14 22:10:00.0;0,0
SÃO JOSÉ DOS CAMPOS;354990407A;SP;Freitas;-23,109;-45,933;2018-02-14 23:10:00.0;0,0
SÃO JOSÉ DOS CAMPOS;354990407A;SP;Freitas;-23,109;-45,933;2018-02-15 00:00:00.0;0,2
SÃO JOSÉ DOS CAMPOS;354990407A;SP;Freitas;-23,109;-45,933;2018-02-15 01:20:00.0;0,0
SÃO JOSÉ DOS CAMPOS;354990407A;SP;Freitas;-23,109;-45,933;2018-02-15 02:10:00.0;0,0
SÃO JOSÉ DOS CAMPOS;354990407A;SP;Freitas;-23,109;-45,933;2018-02-15 02:40:00.0;0,2
SÃO JOSÉ DOS CAMPOS;354990407A;SP;Freitas;-23,109;-45,933;2018-02-15 03:10:00.0;0,0
SÃO JOSÉ DOS CAMPOS;354990407A;SP;Freitas;-23,109;-45,933;2018-02-15 04:10:00.0;0,0
SÃO JOSÉ DOS CAMPOS;354990407A;SP;Freitas;-23,109;-45,933;2018-02-15 05:10:00.0;0,2
SÃO JOSÉ DOS CAMPOS;354990407A;SP;Freitas;-23,109;-45,933;2018-02-15 06:10:00.0;0,0
SÃO JOSÉ DOS CAMPOS;354990407A;SP;Freitas;-23,109;-45,933;2018-02-15 07:10:00.0;0,0
SÃO JOSÉ DOS CAMPOS;354990407A;SP;Freitas;-23,109;-45,933;2018-02-15 07:50:00.0;0,2
SÃO JOSÉ DOS CAMPOS;354990407A;SP;Freitas;-23,109;-45,933;2018-02-15 08:10:00.0;0,0
SÃO JOSÉ DOS CAMPOS;354990407A;SP;Freitas;-23,109;-45,933;2018-02-15 09:10:00.0;0,0
SÃO JOSÉ DOS CAMPOS;354990407A;SP;Freitas;-23,109;-45,933;2018-02-15 10:10:00.0;0,0
SÃO JOSÉ DOS CAMPOS;354990407A;SP;Freitas;-23,109;-45,933;2018-02-15 10:30:00.0;0,2
SÃO JOSÉ DOS CAMPOS;354990407A;SP;Freitas;-23,109;-45,933;2018-02-15 11:10:00.0;0,0
SÃO JOSÉ DOS CAMPOS;354990407A;SP;Freitas;-23,109;-45,933;2018-02-15 12:50:00.0;0,2
SÃO JOSÉ DOS CAMPOS;354990407A;SP;Freitas;-23,109;-45,933;2018-02-15 13:10:00.0;0,0
SÃO JOSÉ DOS CAMPOS;354990407A;SP;Freitas;-23,109;-45,933;2018-02-15 14:10:00.0;0,0
SÃO JOSÉ DOS CAMPOS;354990407A;SP;Freitas;-23,109;-45,933;2018-02-15 14:50:00.0;0,2
SÃO JOSÉ DOS CAMPOS;354990407A;SP;Freitas;-23,109;-45,933;2018-02-15 15:10:00.0;0,0
SÃO JOSÉ DOS CAMPOS;354990407A;SP;Freitas;-23,109;-45,933;2018-02-15 16:10:00.0;0,0
SÃO JOSÉ DOS CAMPOS;354990407A;SP;Freitas;-23,109;-45,933;2018-02-15 16:50:00.0;0,2
SÃO JOSÉ DOS CAMPOS;354990407A;SP;Freitas;-23,109;-45,933;2018-02-15 17:10:00.0;0,0
SÃO JOSÉ DOS CAMPOS;354990407A;SP;Freitas;-23,109;-45,933;2018-02-15 18:10:00.0;0,0
SÃO JOSÉ DOS CAMPOS;354990407A;SP;Freitas;-23,109;-45,933;2018-02-15 18:50:00.0;0,2
SÃO JOSÉ DOS CAMPOS;354990407A;SP;Freitas;-23,109;-45,933;2018-02-15 19:10:00.0;0,0
SÃO JOSÉ DOS CAMPOS;354990407A;SP;Freitas;-23,109;-45,933;2018-02-15 20:10:00.0;0,0
SÃO JOSÉ DOS CAMPOS;354990407A;SP;Freitas;-23,109;-45,933;2018-02-15 21:10:00.0;0,2
SÃO JOSÉ DOS CAMPOS;354990407A;SP;Freitas;-23,109;-45,933;2018-02-15 21:20:00.0;0,0
SÃO JOSÉ DOS CAMPOS;354990407A;SP;Freitas;-23,109;-45,933;2018-02-15 22:10:00.0;0,0
SÃO JOSÉ DOS CAMPOS;354990407A;SP;Freitas;-23,109;-45,933;2018-02-15 23:10:00.0;0,0
SÃO JOSÉ DOS CAMPOS;354990407A;SP;Freitas;-23,109;-45,933;2018-02-15 23:40:00.0;0,2
SÃO JOSÉ DOS CAMPOS;354990407A;SP;Freitas;-23,109;-45,933;2018-02-16 00:10:00.0;0,0
SÃO JOSÉ DOS CAMPOS;354990407A;SP;Freitas;-23,109;-45,933;2018-02-16 01:10:00.0;0,0
SÃO JOSÉ DOS CAMPOS;354990407A;SP;Freitas;-23,109;-45,933;2018-02-16 02:10:00.0;0,2
SÃO JOSÉ DOS CAMPOS;354990407A;SP;Freitas;-23,109;-45,933;2018-02-16 03:10:00.0;0,0
SÃO JOSÉ DOS CAMPOS;354990407A;SP;Freitas;-23,109;-45,933;2018-02-16 04:10:00.0;0,0
SÃO JOSÉ DOS CAMPOS;354990407A;SP;Freitas;-23,109;-45,933;2018-02-16 04:50:00.0;0,2
SÃO JOSÉ DOS CAMPOS;354990407A;SP;Freitas;-23,109;-45,933;2018-02-16 05:10:00.0;0,0
SÃO JOSÉ DOS CAMPOS;354990407A;SP;Freitas;-23,109;-45,933;2018-02-16 06:10:00.0;0,0
SÃO JOSÉ DOS CAMPOS;354990407A;SP;Freitas;-23,109;-45,933;2018-02-16 07:10:00.0;0,0
SÃO JOSÉ DOS CAMPOS;354990407A;SP;Freitas;-23,109;-45,933;2018-02-16 07:20:00.0;0,2
SÃO JOSÉ DOS CAMPOS;354990407A;SP;Freitas;-23,109;-45,933;2018-02-16 08:10:00.0;0,0
SÃO JOSÉ DOS CAMPOS;354990407A;SP;Freitas;-23,109;-45,933;2018-02-16 09:10:00.0;0,0
SÃO JOSÉ DOS CAMPOS;354990407A;SP;Freitas;-23,109;-45,933;2018-02-16 09:50:00.0;0,2
SÃO JOSÉ DOS CAMPOS;354990407A;SP;Freitas;-23,109;-45,933;2018-02-16 10:10:00.0;0,0
SÃO JOSÉ DOS CAMPOS;354990407A;SP;Freitas;-23,109;-45,933;2018-02-16 11:10:00.0;0,0
SÃO JOSÉ DOS CAMPOS;354990407A;SP;Freitas;-23,109;-45,933;2018-02-16 12:00:00.0;0,2
SÃO JOSÉ DOS CAMPOS;354990407A;SP;Freitas;-23,109;-45,933;2018-02-16 12:20:00.0;0,0
SÃO JOSÉ DOS CAMPOS;354990407A;SP;Freitas;-23,109;-45,933;2018-02-16 13:10:00.0;0,0
SÃO JOSÉ DOS CAMPOS;354990407A;SP;Freitas;-23,109;-45,933;2018-02-16 14:00:00.0;0,2
SÃO JOSÉ DOS CAMPOS;354990407A;SP;Freitas;-23,109;-45,933;2018-02-16 14:10:00.0;0,0
SÃO JOSÉ DOS CAMPOS;354990407A;SP;Freitas;-23,109;-45,933;2018-02-16 15:10:00.0;0,0
SÃO JOSÉ DOS CAMPOS;354990407A;SP;Freitas;-23,109;-45,933;2018-02-16 15:50:00.0;0,2
SÃO JOSÉ DOS CAMPOS;354990407A;SP;Freitas;-23,109;-45,933;2018-02-16 16:10:00.0;0,0
SÃO JOSÉ DOS CAMPOS;354990407A;SP;Freitas;-23,109;-45,933;2018-02-16 17:10:00.0;0,0
SÃO JOSÉ DOS CAMPOS;354990407A;SP;Freitas;-23,109;-45,933;2018-02-16 17:40:00.0;0,2
SÃO JOSÉ DOS CAMPOS;354990407A;SP;Freitas;-23,109;-45,933;2018-02-16 18:10:00.0;0,0
SÃO JOSÉ DOS CAMPOS;354990407A;SP;Freitas;-23,109;-45,933;2018-02-16 19:10:00.0;0,0
SÃO JOSÉ DOS CAMPOS;354990407A;SP;Freitas;-23,109;-45,933;2018-02-16 20:00:00.0;0,2
SÃO JOSÉ DOS CAMPOS;354990407A;SP;Freitas;-23,109;-45,933;2018-02-16 20:10:00.0;0,0
SÃO JOSÉ DOS CAMPOS;354990407A;SP;Freitas;-23,109;-45,933;2018-02-16 21:10:00.0;0,0
SÃO JOSÉ DOS CAMPOS;354990407A;SP;Freitas;-23,109;-45,933;2018-02-16 22:10:00.0;0,0
SÃO JOSÉ DOS CAMPOS;354990407A;SP;Freitas;-23,109;-45,933;2018-02-16 22:50:00.0;0,2
SÃO JOSÉ DOS CAMPOS;354990407A;SP;Freitas;-23,109;-45,933;2018-02-16 23:10:00.0;0,0
SÃO JOSÉ DOS CAMPOS;354990407A;SP;Freitas;-23,109;-45,933;2018-02-17 00:10:00.0;0,0
SÃO JOSÉ DOS CAMPOS;354990407A;SP;Freitas;-23,109;-45,933;2018-02-17 01:10:00.0;0,0
SÃO JOSÉ DOS CAMPOS;354990407A;SP;Freitas;-23,109;-45,933;2018-02-17 01:30:00.0;0,2
SÃO JOSÉ DOS CAMPOS;354990407A;SP;Freitas;-23,109;-45,933;2018-02-17 02:10:00.0;0,0
SÃO JOSÉ DOS CAMPOS;354990407A;SP;Freitas;-23,109;-45,933;2018-02-17 03:10:00.0;0,0
SÃO JOSÉ DOS CAMPOS;354990407A;SP;Freitas;-23,109;-45,933;2018-02-17 04:10:00.0;0,0
SÃO JOSÉ DOS CAMPOS;354990407A;SP;Freitas;-23,109;-45,933;2018-02-17 04:30:00.0;0,2
SÃO JOSÉ DOS CAMPOS;354990407A;SP;Freitas;-23,109;-45,933;2018-02-17 05:10:00.0;0,0
SÃO JOSÉ DOS CAMPOS;354990407A;SP;Freitas;-23,109;-45,933;2018-02-17 06:10:00.0;0,0
SÃO JOSÉ DOS CAMPOS;354990407A;SP;Freitas;-23,109;-45,933;2018-02-17 07:10:00.0;0,0
SÃO JOSÉ DOS CAMPOS;354990407A;SP;Freitas;-23,109;-45,933;2018-02-17 07:20:00.0;0,2
SÃO JOSÉ DOS CAMPOS;354990407A;SP;Freitas;-23,109;-45,933;2018-02-17 08:10:00.0;0,0
SÃO JOSÉ DOS CAMPOS;354990407A;SP;Freitas;-23,109;-45,933;2018-02-17 09:10:00.0;0,0
SÃO JOSÉ DOS CAMPOS;354990407A;SP;Freitas;-23,109;-45,933;2018-02-17 10:10:00.0;0,0
SÃO JOSÉ DOS CAMPOS;354990407A;SP;Freitas;-23,109;-45,933;2018-02-17 10:20:00.0;0,2
SÃO JOSÉ DOS CAMPOS;354990407A;SP;Freitas;-23,109;-45,933;2018-02-17 11:10:00.0;0,0
SÃO JOSÉ DOS CAMPOS;354990407A;SP;Freitas;-23,109;-45,933;2018-02-17 12:10:00.0;0,0
SÃO JOSÉ DOS CAMPOS;354990407A;SP;Freitas;-23,109;-45,933;2018-02-17 12:40:00.0;0,2
SÃO JOSÉ DOS CAMPOS;354990407A;SP;Freitas;-23,109;-45,933;2018-02-17 13:10:00.0;0,0
SÃO JOSÉ DOS CAMPOS;354990407A;SP;Freitas;-23,109;-45,933;2018-02-17 14:10:00.0;0,0
SÃO JOSÉ DOS CAMPOS;354990407A;SP;Freitas;-23,109;-45,933;2018-02-17 14:50:00.0;0,2
SÃO JOSÉ DOS CAMPOS;354990407A;SP;Freitas;-23,109;-45,933;2018-02-17 15:10:00.0;0,0
SÃO JOSÉ DOS CAMPOS;354990407A;SP;Freitas;-23,109;-45,933;2018-02-17 16:10:00.0;0,0
SÃO JOSÉ DOS CAMPOS;354990407A;SP;Freitas;-23,109;-45,933;2018-02-17 16:50:00.0;0,2
SÃO JOSÉ DOS CAMPOS;354990407A;SP;Freitas;-23,109;-45,933;2018-02-17 17:10:00.0;0,0
SÃO JOSÉ DOS CAMPOS;354990407A;SP;Freitas;-23,109;-45,933;2018-02-17 18:10:00.0;0,0
SÃO JOSÉ DOS CAMPOS;354990407A;SP;Freitas;-23,109;-45,933;2018-02-17 19:10:00.0;0,2
SÃO JOSÉ DOS CAMPOS;354990407A;SP;Freitas;-23,109;-45,933;2018-02-17 19:20:00.0;0,0
SÃO JOSÉ DOS CAMPOS;354990407A;SP;Freitas;-23,109;-45,933;2018-02-17 20:10:00.0;0,0
SÃO JOSÉ DOS CAMPOS;354990407A;SP;Freitas;-23,109;-45,933;2018-02-17 21:10:00.0;0,0
SÃO JOSÉ DOS CAMPOS;354990407A;SP;Freitas;-23,109;-45,933;2018-02-17 21:50:00.0;0,2
SÃO JOSÉ DOS CAMPOS;354990407A;SP;Freitas;-23,109;-45,933;2018-02-17 22:10:00.0;0,0
SÃO JOSÉ DOS CAMPOS;354990407A;SP;Freitas;-23,109;-45,933;2018-02-17 23:10:00.0;0,0
SÃO JOSÉ DOS CAMPOS;354990407A;SP;Freitas;-23,109;-45,933;2018-02-18 00:10:00.0;0,0
SÃO JOSÉ DOS CAMPOS;354990407A;SP;Freitas;-23,109;-45,933;2018-02-18 00:50:00.0;0,2
SÃO JOSÉ DOS CAMPOS;354990407A;SP;Freitas;-23,109;-45,933;2018-02-18 01:10:00.0;0,0
SÃO JOSÉ DOS CAMPOS;354990407A;SP;Freitas;-23,109;-45,933;2018-02-18 02:10:00.0;0,0
SÃO JOSÉ DOS CAMPOS;354990407A;SP;Freitas;-23,109;-45,933;2018-02-18 03:10:00.0;0,0
SÃO JOSÉ DOS CAMPOS;354990407A;SP;Freitas;-23,109;-45,933;2018-02-18 04:00:00.0;0,2
SÃO JOSÉ DOS CAMPOS;354990407A;SP;Freitas;-23,109;-45,933;2018-02-18 04:10:00.0;0,0
SÃO JOSÉ DOS CAMPOS;354990407A;SP;Freitas;-23,109;-45,933;2018-02-18 05:10:00.0;0,0
SÃO JOSÉ DOS CAMPOS;354990407A;SP;Freitas;-23,109;-45,933;2018-02-18 06:10:00.0;0,0
SÃO JOSÉ DOS CAMPOS;354990407A;SP;Freitas;-23,109;-45,933;2018-02-18 07:10:00.0;0,2
SÃO JOSÉ DOS CAMPOS;354990407A;SP;Freitas;-23,109;-45,933;2018-02-18 08:10:00.0;0,0
SÃO JOSÉ DOS CAMPOS;354990407A;SP;Freitas;-23,109;-45,933;2018-02-18 09:10:00.0;0,0
SÃO JOSÉ DOS CAMPOS;354990407A;SP;Freitas;-23,109;-45,933;2018-02-18 10:10:00.0;0,0
SÃO JOSÉ DOS CAMPOS;354990407A;SP;Freitas;-23,109;-45,933;2018-02-18 10:20:00.0;0,2
SÃO JOSÉ DOS CAMPOS;354990407A;SP;Freitas;-23,109;-45,933;2018-02-18 11:10:00.0;0,0
SÃO JOSÉ DOS CAMPOS;354990407A;SP;Freitas;-23,109;-45,933;2018-02-18 12:10:00.0;0,0
SÃO JOSÉ DOS CAMPOS;354990407A;SP;Freitas;-23,109;-45,933;2018-02-18 13:00:00.0;0,2
SÃO JOSÉ DOS CAMPOS;354990407A;SP;Freitas;-23,109;-45,933;2018-02-18 13:10:00.0;0,0
SÃO JOSÉ DOS CAMPOS;354990407A;SP;Freitas;-23,109;-45,933;2018-02-18 14:10:00.0;0,0
SÃO JOSÉ DOS CAMPOS;354990407A;SP;Freitas;-23,109;-45,933;2018-02-18 15:10:00.0;0,0
SÃO JOSÉ DOS CAMPOS;354990407A;SP;Freitas;-23,109;-45,933;2018-02-18 15:50:00.0;0,2
SÃO JOSÉ DOS CAMPOS;354990407A;SP;Freitas;-23,109;-45,933;2018-02-18 17:10:00.0;0,0
SÃO JOSÉ DOS CAMPOS;354990407A;SP;Freitas;-23,109;-45,933;2018-02-18 18:10:00.0;0,0
SÃO JOSÉ DOS CAMPOS;354990407A;SP;Freitas;-23,109;-45,933;2018-02-18 18:30:00.0;0,2
SÃO JOSÉ DOS CAMPOS;354990407A;SP;Freitas;-23,109;-45,933;2018-02-18 19:10:00.0;0,0
SÃO JOSÉ DOS CAMPOS;354990407A;SP;Freitas;-23,109;-45,933;2018-02-18 20:50:00.0;0,0
SÃO JOSÉ DOS CAMPOS;354990407A;SP;Freitas;-23,109;-45,933;2018-02-18 21:10:00.0;0,0
SÃO JOSÉ DOS CAMPOS;354990407A;SP;Freitas;-23,109;-45,933;2018-02-18 21:20:00.0;0,2
SÃO JOSÉ DOS CAMPOS;354990407A;SP;Freitas;-23,109;-45,933;2018-02-18 22:10:00.0;0,0
SÃO JOSÉ DOS CAMPOS;354990407A;SP;Freitas;-23,109;-45,933;2018-02-18 23:10:00.0;0,0
SÃO JOSÉ DOS CAMPOS;354990407A;SP;Freitas;-23,109;-45,933;2018-02-19 00:10:00.0;0,0
SÃO JOSÉ DOS CAMPOS;354990407A;SP;Freitas;-23,109;-45,933;2018-02-19 00:30:00.0;0,2
SÃO JOSÉ DOS CAMPOS;354990407A;SP;Freitas;-23,109;-45,933;2018-02-19 01:10:00.0;0,0
SÃO JOSÉ DOS CAMPOS;354990407A;SP;Freitas;-23,109;-45,933;2018-02-19 02:10:00.0;0,0
SÃO JOSÉ DOS CAMPOS;354990407A;SP;Freitas;-23,109;-45,933;2018-02-19 03:10:00.0;0,0
SÃO JOSÉ DOS CAMPOS;354990407A;SP;Freitas;-23,109;-45,933;2018-02-19 03:30:00.0;0,2
SÃO JOSÉ DOS CAMPOS;354990407A;SP;Freitas;-23,109;-45,933;2018-02-19 04:10:00.0;0,0
SÃO JOSÉ DOS CAMPOS;354990407A;SP;Freitas;-23,109;-45,933;2018-02-19 05:10:00.0;0,0
SÃO JOSÉ DOS CAMPOS;354990407A;SP;Freitas;-23,109;-45,933;2018-02-19 06:10:00.0;0,0
SÃO JOSÉ DOS CAMPOS;354990407A;SP;Freitas;-23,109;-45,933;2018-02-19 06:40:00.0;0,2
SÃO JOSÉ DOS CAMPOS;354990407A;SP;Freitas;-23,109;-45,933;2018-02-19 07:10:00.0;0,0
SÃO JOSÉ DOS CAMPOS;354990407A;SP;Freitas;-23,109;-45,933;2018-02-19 08:10:00.0;0,0
SÃO JOSÉ DOS CAMPOS;354990407A;SP;Freitas;-23,109;-45,933;2018-02-19 09:10:00.0;0,0
SÃO JOSÉ DOS CAMPOS;354990407A;SP;Freitas;-23,109;-45,933;2018-02-19 10:00:00.0;0,2
SÃO JOSÉ DOS CAMPOS;354990407A;SP;Freitas;-23,109;-45,933;2018-02-19 10:10:00.0;0,0
SÃO JOSÉ DOS CAMPOS;354990407A;SP;Freitas;-23,109;-45,933;2018-02-19 11:10:00.0;0,0
SÃO JOSÉ DOS CAMPOS;354990407A;SP;Freitas;-23,109;-45,933;2018-02-19 12:10:00.0;0,0
SÃO JOSÉ DOS CAMPOS;354990407A;SP;Freitas;-23,109;-45,933;2018-02-19 12:30:00.0;0,2
SÃO JOSÉ DOS CAMPOS;354990407A;SP;Freitas;-23,109;-45,933;2018-02-19 13:10:00.0;0,0
SÃO JOSÉ DOS CAMPOS;354990407A;SP;Freitas;-23,109;-45,933;2018-02-19 14:10:00.0;0,0
SÃO JOSÉ DOS CAMPOS;354990407A;SP;Freitas;-23,109;-45,933;2018-02-19 14:40:00.0;0,2
SÃO JOSÉ DOS CAMPOS;354990407A;SP;Freitas;-23,109;-45,933;2018-02-19 15:10:00.0;0,0
SÃO JOSÉ DOS CAMPOS;354990407A;SP;Freitas;-23,109;-45,933;2018-02-19 16:10:00.0;0,0
SÃO JOSÉ DOS CAMPOS;354990407A;SP;Freitas;-23,109;-45,933;2018-02-19 17:10:00.0;0,2
SÃO JOSÉ DOS CAMPOS;354990407A;SP;Freitas;-23,109;-45,933;2018-02-19 18:10:00.0;0,0
SÃO JOSÉ DOS CAMPOS;354990407A;SP;Freitas;-23,109;-45,933;2018-02-19 19:10:00.0;0,0
SÃO JOSÉ DOS CAMPOS;354990407A;SP;Freitas;-23,109;-45,933;2018-02-19 19:40:00.0;0,2
SÃO JOSÉ DOS CAMPOS;354990407A;SP;Freitas;-23,109;-45,933;2018-02-19 20:10:00.0;0,0
SÃO JOSÉ DOS CAMPOS;354990407A;SP;Freitas;-23,109;-45,933;2018-02-19 21:10:00.0;0,0
SÃO JOSÉ DOS CAMPOS;354990407A;SP;Freitas;-23,109;-45,933;2018-02-19 22:10:00.0;0,0
SÃO JOSÉ DOS CAMPOS;354990407A;SP;Freitas;-23,109;-45,933;2018-02-19 23:00:00.0;0,2
SÃO JOSÉ DOS CAMPOS;354990407A;SP;Freitas;-23,109;-45,933;2018-02-19 23:10:00.0;0,0
SÃO JOSÉ DOS CAMPOS;354990407A;SP;Freitas;-23,109;-45,933;2018-02-20 00:10:00.0;0,0
SÃO JOSÉ DOS CAMPOS;354990407A;SP;Freitas;-23,109;-45,933;2018-02-20 01:10:00.0;0,0
SÃO JOSÉ DOS CAMPOS;354990407A;SP;Freitas;-23,109;-45,933;2018-02-20 02:10:00.0;0,2
SÃO JOSÉ DOS CAMPOS;354990407A;SP;Freitas;-23,109;-45,933;2018-02-20 03:10:00.0;0,0
SÃO JOSÉ DOS CAMPOS;354990407A;SP;Freitas;-23,109;-45,933;2018-02-20 04:10:00.0;0,0
SÃO JOSÉ DOS CAMPOS;354990407A;SP;Freitas;-23,109;-45,933;2018-02-20 05:10:00.0;0,0
SÃO JOSÉ DOS CAMPOS;354990407A;SP;Freitas;-23,109;-45,933;2018-02-20 05:20:00.0;0,2
SÃO JOSÉ DOS CAMPOS;354990407A;SP;Freitas;-23,109;-45,933;2018-02-20 06:10:00.0;0,0
SÃO JOSÉ DOS CAMPOS;354990407A;SP;Freitas;-23,109;-45,933;2018-02-20 07:10:00.0;0,0
SÃO JOSÉ DOS CAMPOS;354990407A;SP;Freitas;-23,109;-45,933;2018-02-20 08:10:00.0;0,0
SÃO JOSÉ DOS CAMPOS;354990407A;SP;Freitas;-23,109;-45,933;2018-02-20 08:30:00.0;0,2
SÃO JOSÉ DOS CAMPOS;354990407A;SP;Freitas;-23,109;-45,933;2018-02-20 09:10:00.0;0,0
SÃO JOSÉ DOS CAMPOS;354990407A;SP;Freitas;-23,109;-45,933;2018-02-20 10:10:00.0;0,0
SÃO JOSÉ DOS CAMPOS;354990407A;SP;Freitas;-23,109;-45,933;2018-02-20 11:10:00.0;0,0
SÃO JOSÉ DOS CAMPOS;354990407A;SP;Freitas;-23,109;-45,933;2018-02-20 11:30:00.0;0,2
SÃO JOSÉ DOS CAMPOS;354990407A;SP;Freitas;-23,109;-45,933;2018-02-20 12:10:00.0;0,0
SÃO JOSÉ DOS CAMPOS;354990407A;SP;Freitas;-23,109;-45,933;2018-02-20 13:10:00.0;0,0
SÃO JOSÉ DOS CAMPOS;354990407A;SP;Freitas;-23,109;-45,933;2018-02-20 13:50:00.0;0,2
SÃO JOSÉ DOS CAMPOS;354990407A;SP;Freitas;-23,109;-45,933;2018-02-20 14:10:00.0;0,0
SÃO JOSÉ DOS CAMPOS;354990407A;SP;Freitas;-23,109;-45,933;2018-02-20 15:10:00.0;0,0
SÃO JOSÉ DOS CAMPOS;354990407A;SP;Freitas;-23,109;-45,933;2018-02-20 16:10:00.0;0,0
SÃO JOSÉ DOS CAMPOS;354990407A;SP;Freitas;-23,109;-45,933;2018-02-20 16:20:00.0;0,2
SÃO JOSÉ DOS CAMPOS;354990407A;SP;Freitas;-23,109;-45,933;2018-02-20 17:10:00.0;0,0
SÃO JOSÉ DOS CAMPOS;354990407A;SP;Freitas;-23,109;-45,933;2018-02-20 18:10:00.0;0,0
SÃO JOSÉ DOS CAMPOS;354990407A;SP;Freitas;-23,109;-45,933;2018-02-20 19:00:00.0;0,2
SÃO JOSÉ DOS CAMPOS;354990407A;SP;Freitas;-23,109;-45,933;2018-02-20 19:10:00.0;0,0
SÃO JOSÉ DOS CAMPOS;354990407A;SP;Freitas;-23,109;-45,933;2018-02-20 20:10:00.0;0,0
SÃO JOSÉ DOS CAMPOS;354990407A;SP;Freitas;-23,109;-45,933;2018-02-20 21:10:00.0;0,0
SÃO JOSÉ DOS CAMPOS;354990407A;SP;Freitas;-23,109;-45,933;2018-02-20 22:00:00.0;0,2
SÃO JOSÉ DOS CAMPOS;354990407A;SP;Freitas;-23,109;-45,933;2018-02-20 22:10:00.0;0,0
SÃO JOSÉ DOS CAMPOS;354990407A;SP;Freitas;-23,109;-45,933;2018-02-20 23:10:00.0;0,0
SÃO JOSÉ DOS CAMPOS;354990407A;SP;Freitas;-23,109;-45,933;2018-02-21 00:10:00.0;0,0
SÃO JOSÉ DOS CAMPOS;354990407A;SP;Freitas;-23,109;-45,933;2018-02-21 01:10:00.0;0,0
SÃO JOSÉ DOS CAMPOS;354990407A;SP;Freitas;-23,109;-45,933;2018-02-21 01:20:00.0;0,2
SÃO JOSÉ DOS CAMPOS;354990407A;SP;Freitas;-23,109;-45,933;2018-02-21 02:10:00.0;0,0
SÃO JOSÉ DOS CAMPOS;354990407A;SP;Freitas;-23,109;-45,933;2018-02-21 03:10:00.0;0,0
SÃO JOSÉ DOS CAMPOS;354990407A;SP;Freitas;-23,109;-45,933;2018-02-21 04:10:00.0;0,0
SÃO JOSÉ DOS CAMPOS;354990407A;SP;Freitas;-23,109;-45,933;2018-02-21 04:50:00.0;0,2
SÃO JOSÉ DOS CAMPOS;354990407A;SP;Freitas;-23,109;-45,933;2018-02-21 05:10:00.0;0,0
SÃO JOSÉ DOS CAMPOS;354990407A;SP;Freitas;-23,109;-45,933;2018-02-21 06:10:00.0;0,0
SÃO JOSÉ DOS CAMPOS;354990407A;SP;Freitas;-23,109;-45,933;2018-02-21 07:10:00.0;0,0
SÃO JOSÉ DOS CAMPOS;354990407A;SP;Freitas;-23,109;-45,933;2018-02-21 08:10:00.0;0,0
SÃO JOSÉ DOS CAMPOS;354990407A;SP;Freitas;-23,109;-45,933;2018-02-21 08:20:00.0;0,2
SÃO JOSÉ DOS CAMPOS;354990407A;SP;Freitas;-23,109;-45,933;2018-02-21 09:10:00.0;0,0
SÃO JOSÉ DOS CAMPOS;354990407A;SP;Freitas;-23,109;-45,933;2018-02-21 10:10:00.0;0,0
SÃO JOSÉ DOS CAMPOS;354990407A;SP;Freitas;-23,109;-45,933;2018-02-21 11:10:00.0;0,0
SÃO JOSÉ DOS CAMPOS;354990407A;SP;Freitas;-23,109;-45,933;2018-02-21 11:30:00.0;0,2
SÃO JOSÉ DOS CAMPOS;354990407A;SP;Freitas;-23,109;-45,933;2018-02-21 12:10:00.0;0,0
SÃO JOSÉ DOS CAMPOS;354990407A;SP;Freitas;-23,109;-45,933;2018-02-21 13:10:00.0;0,0
SÃO JOSÉ DOS CAMPOS;354990407A;SP;Freitas;-23,109;-45,933;2018-02-21 14:10:00.0;0,2
SÃO JOSÉ DOS CAMPOS;354990407A;SP;Freitas;-23,109;-45,933;2018-02-21 15:10:00.0;0,0
SÃO JOSÉ DOS CAMPOS;354990407A;SP;Freitas;-23,109;-45,933;2018-02-21 16:10:00.0;0,0
SÃO JOSÉ DOS CAMPOS;354990407A;SP;Freitas;-23,109;-45,933;2018-02-21 16:50:00.0;0,2
SÃO JOSÉ DOS CAMPOS;354990407A;SP;Freitas;-23,109;-45,933;2018-02-21 17:10:00.0;0,0
SÃO JOSÉ DOS CAMPOS;354990407A;SP;Freitas;-23,109;-45,933;2018-02-21 18:10:00.0;0,0
SÃO JOSÉ DOS CAMPOS;354990407A;SP;Freitas;-23,109;-45,933;2018-02-21 19:10:00.0;0,0
SÃO JOSÉ DOS CAMPOS;354990407A;SP;Freitas;-23,109;-45,933;2018-02-21 19:50:00.0;0,2
SÃO JOSÉ DOS CAMPOS;354990407A;SP;Freitas;-23,109;-45,933;2018-02-21 20:10:00.0;0,0
SÃO JOSÉ DOS CAMPOS;354990407A;SP;Freitas;-23,109;-45,933;2018-02-21 21:10:00.0;0,0
SÃO JOSÉ DOS CAMPOS;354990407A;SP;Freitas;-23,109;-45,933;2018-02-21 22:10:00.0;0,0
SÃO JOSÉ DOS CAMPOS;354990407A;SP;Freitas;-23,109;-45,933;2018-02-21 23:10:00.0;0,0
SÃO JOSÉ DOS CAMPOS;354990407A;SP;Freitas;-23,109;-45,933;2018-02-21 23:20:00.0;0,2
SÃO JOSÉ DOS CAMPOS;354990407A;SP;Freitas;-23,109;-45,933;2018-02-22 00:10:00.0;0,0
SÃO JOSÉ DOS CAMPOS;354990407A;SP;Freitas;-23,109;-45,933;2018-02-22 01:10:00.0;0,0
SÃO JOSÉ DOS CAMPOS;354990407A;SP;Freitas;-23,109;-45,933;2018-02-22 02:10:00.0;0,0
SÃO JOSÉ DOS CAMPOS;354990407A;SP;Freitas;-23,109;-45,933;2018-02-22 03:10:00.0;0,2
SÃO JOSÉ DOS CAMPOS;354990407A;SP;Freitas;-23,109;-45,933;2018-02-22 04:10:00.0;0,0
SÃO JOSÉ DOS CAMPOS;354990407A;SP;Freitas;-23,109;-45,933;2018-02-22 05:10:00.0;0,0
SÃO JOSÉ DOS CAMPOS;354990407A;SP;Freitas;-23,109;-45,933;2018-02-22 06:10:00.0;0,0
SÃO JOSÉ DOS CAMPOS;354990407A;SP;Freitas;-23,109;-45,933;2018-02-22 07:10:00.0;0,0
SÃO JOSÉ DOS CAMPOS;354990407A;SP;Freitas;-23,109;-45,933;2018-02-22 07:20:00.0;0,2
SÃO JOSÉ DOS CAMPOS;354990407A;SP;Freitas;-23,109;-45,933;2018-02-22 08:10:00.0;0,0
SÃO JOSÉ DOS CAMPOS;354990407A;SP;Freitas;-23,109;-45,933;2018-02-22 09:10:00.0;0,0
SÃO JOSÉ DOS CAMPOS;354990407A;SP;Freitas;-23,109;-45,933;2018-02-22 10:10:00.0;0,0
SÃO JOSÉ DOS CAMPOS;354990407A;SP;Freitas;-23,109;-45,933;2018-02-22 10:50:00.0;0,2
SÃO JOSÉ DOS CAMPOS;354990407A;SP;Freitas;-23,109;-45,933;2018-02-22 11:10:00.0;0,0
SÃO JOSÉ DOS CAMPOS;354990407A;SP;Freitas;-23,109;-45,933;2018-02-22 12:10:00.0;0,0
SÃO JOSÉ DOS CAMPOS;354990407A;SP;Freitas;-23,109;-45,933;2018-02-22 13:10:00.0;0,0
SÃO JOSÉ DOS CAMPOS;354990407A;SP;Freitas;-23,109;-45,933;2018-02-22 13:50:00.0;0,2
SÃO JOSÉ DOS CAMPOS;354990407A;SP;Freitas;-23,109;-45,933;2018-02-22 14:10:00.0;0,0
SÃO JOSÉ DOS CAMPOS;354990407A;SP;Freitas;-23,109;-45,933;2018-02-22 15:10:00.0;0,0
SÃO JOSÉ DOS CAMPOS;354990407A;SP;Freitas;-23,109;-45,933;2018-02-22 16:10:00.0;0,0
SÃO JOSÉ DOS CAMPOS;354990407A;SP;Freitas;-23,109;-45,933;2018-02-22 16:20:00.0;0,2
SÃO JOSÉ DOS CAMPOS;354990407A;SP;Freitas;-23,109;-45,933;2018-02-22 17:10:00.0;0,0
SÃO JOSÉ DOS CAMPOS;354990407A;SP;Freitas;-23,109;-45,933;2018-02-22 18:10:00.0;0,0
SÃO JOSÉ DOS CAMPOS;354990407A;SP;Freitas;-23,109;-45,933;2018-02-22 19:10:00.0;0,0
SÃO JOSÉ DOS CAMPOS;354990407A;SP;Freitas;-23,109;-45,933;2018-02-22 19:30:00.0;0,2
SÃO JOSÉ DOS CAMPOS;354990407A;SP;Freitas;-23,109;-45,933;2018-02-22 20:10:00.0;0,0
SÃO JOSÉ DOS CAMPOS;354990407A;SP;Freitas;-23,109;-45,933;2018-02-22 21:10:00.0;0,0
SÃO JOSÉ DOS CAMPOS;354990407A;SP;Freitas;-23,109;-45,933;2018-02-22 22:10:00.0;0,0
SÃO JOSÉ DOS CAMPOS;354990407A;SP;Freitas;-23,109;-45,933;2018-02-22 23:10:00.0;0,0
SÃO JOSÉ DOS CAMPOS;354990407A;SP;Freitas;-23,109;-45,933;2018-02-22 23:30:00.0;0,2
SÃO JOSÉ DOS CAMPOS;354990407A;SP;Freitas;-23,109;-45,933;2018-02-23 00:10:00.0;0,0
SÃO JOSÉ DOS CAMPOS;354990407A;SP;Freitas;-23,109;-45,933;2018-02-23 01:10:00.0;0,0
SÃO JOSÉ DOS CAMPOS;354990407A;SP;Freitas;-23,109;-45,933;2018-02-23 02:10:00.0;0,0
SÃO JOSÉ DOS CAMPOS;354990407A;SP;Freitas;-23,109;-45,933;2018-02-23 03:10:00.0;0,0
SÃO JOSÉ DOS CAMPOS;354990407A;SP;Freitas;-23,109;-45,933;2018-02-23 04:00:00.0;0,2
SÃO JOSÉ DOS CAMPOS;354990407A;SP;Freitas;-23,109;-45,933;2018-02-23 04:10:00.0;0,0
SÃO JOSÉ DOS CAMPOS;354990407A;SP;Freitas;-23,109;-45,933;2018-02-23 05:10:00.0;0,0
SÃO JOSÉ DOS CAMPOS;354990407A;SP;Freitas;-23,109;-45,933;2018-02-23 06:10:00.0;0,0
SÃO JOSÉ DOS CAMPOS;354990407A;SP;Freitas;-23,109;-45,933;2018-02-23 07:10:00.0;0,0
SÃO JOSÉ DOS CAMPOS;354990407A;SP;Freitas;-23,109;-45,933;2018-02-23 08:00:00.0;0,2
SÃO JOSÉ DOS CAMPOS;354990407A;SP;Freitas;-23,109;-45,933;2018-02-23 08:10:00.0;0,0
SÃO JOSÉ DOS CAMPOS;354990407A;SP;Freitas;-23,109;-45,933;2018-02-23 09:10:00.0;0,0
SÃO JOSÉ DOS CAMPOS;354990407A;SP;Freitas;-23,109;-45,933;2018-02-23 10:10:00.0;0,0
SÃO JOSÉ DOS CAMPOS;354990407A;SP;Freitas;-23,109;-45,933;2018-02-23 11:10:00.0;0,0
SÃO JOSÉ DOS CAMPOS;354990407A;SP;Freitas;-23,109;-45,933;2018-02-23 11:40:00.0;0,2
SÃO JOSÉ DOS CAMPOS;354990407A;SP;Freitas;-23,109;-45,933;2018-02-23 12:10:00.0;0,0
SÃO JOSÉ DOS CAMPOS;354990407A;SP;Freitas;-23,109;-45,933;2018-02-23 13:10:00.0;0,0
SÃO JOSÉ DOS CAMPOS;354990407A;SP;Freitas;-23,109;-45,933;2018-02-23 14:10:00.0;0,0
SÃO JOSÉ DOS CAMPOS;354990407A;SP;Freitas;-23,109;-45,933;2018-02-23 14:30:00.0;0,2
SÃO JOSÉ DOS CAMPOS;354990407A;SP;Freitas;-23,109;-45,933;2018-02-23 15:10:00.0;0,0
SÃO JOSÉ DOS CAMPOS;354990407A;SP;Freitas;-23,109;-45,933;2018-02-23 16:10:00.0;0,0
SÃO JOSÉ DOS CAMPOS;354990407A;SP;Freitas;-23,109;-45,933;2018-02-23 17:10:00.0;0,0
SÃO JOSÉ DOS CAMPOS;354990407A;SP;Freitas;-23,109;-45,933;2018-02-23 17:30:00.0;0,2
SÃO JOSÉ DOS CAMPOS;354990407A;SP;Freitas;-23,109;-45,933;2018-02-23 18:10:00.0;0,0
SÃO JOSÉ DOS CAMPOS;354990407A;SP;Freitas;-23,109;-45,933;2018-02-23 19:10:00.0;0,0
SÃO JOSÉ DOS CAMPOS;354990407A;SP;Freitas;-23,109;-45,933;2018-02-23 20:10:00.0;0,0
SÃO JOSÉ DOS CAMPOS;354990407A;SP;Freitas;-23,109;-45,933;2018-02-23 21:00:00.0;0,2
SÃO JOSÉ DOS CAMPOS;354990407A;SP;Freitas;-23,109;-45,933;2018-02-23 21:10:00.0;0,0
SÃO JOSÉ DOS CAMPOS;354990407A;SP;Freitas;-23,109;-45,933;2018-02-23 22:10:00.0;0,0
SÃO JOSÉ DOS CAMPOS;354990407A;SP;Freitas;-23,109;-45,933;2018-02-23 23:10:00.0;0,0
SÃO JOSÉ DOS CAMPOS;354990407A;SP;Freitas;-23,109;-45,933;2018-02-24 00:10:00.0;0,0
SÃO JOSÉ DOS CAMPOS;354990407A;SP;Freitas;-23,109;-45,933;2018-02-24 01:10:00.0;0,2
SÃO JOSÉ DOS CAMPOS;354990407A;SP;Freitas;-23,109;-45,933;2018-02-24 02:10:00.0;0,0
SÃO JOSÉ DOS CAMPOS;354990407A;SP;Freitas;-23,109;-45,933;2018-02-24 03:10:00.0;0,0
SÃO JOSÉ DOS CAMPOS;354990407A;SP;Freitas;-23,109;-45,933;2018-02-24 04:10:00.0;0,0
SÃO JOSÉ DOS CAMPOS;354990407A;SP;Freitas;-23,109;-45,933;2018-02-24 05:10:00.0;0,0
SÃO JOSÉ DOS CAMPOS;354990407A;SP;Freitas;-23,109;-45,933;2018-02-24 05:40:00.0;0,2
SÃO JOSÉ DOS CAMPOS;354990407A;SP;Freitas;-23,109;-45,933;2018-02-24 06:10:00.0;0,0
SÃO JOSÉ DOS CAMPOS;354990407A;SP;Freitas;-23,109;-45,933;2018-02-24 07:10:00.0;0,0
SÃO JOSÉ DOS CAMPOS;354990407A;SP;Freitas;-23,109;-45,933;2018-02-24 08:10:00.0;0,0
SÃO JOSÉ DOS CAMPOS;354990407A;SP;Freitas;-23,109;-45,933;2018-02-24 09:10:00.0;0,0
SÃO JOSÉ DOS CAMPOS;354990407A;SP;Freitas;-23,109;-45,933;2018-02-24 10:10:00.0;0,2
SÃO JOSÉ DOS CAMPOS;354990407A;SP;Freitas;-23,109;-45,933;2018-02-24 11:10:00.0;0,0
SÃO JOSÉ DOS CAMPOS;354990407A;SP;Freitas;-23,109;-45,933;2018-02-24 12:10:00.0;0,0
SÃO JOSÉ DOS CAMPOS;354990407A;SP;Freitas;-23,109;-45,933;2018-02-24 13:10:00.0;0,0
SÃO JOSÉ DOS CAMPOS;354990407A;SP;Freitas;-23,109;-45,933;2018-02-24 13:40:00.0;0,2
SÃO JOSÉ DOS CAMPOS;354990407A;SP;Freitas;-23,109;-45,933;2018-02-24 14:10:00.0;0,0
SÃO JOSÉ DOS CAMPOS;354990407A;SP;Freitas;-23,109;-45,933;2018-02-24 15:10:00.0;0,0
SÃO JOSÉ DOS CAMPOS;354990407A;SP;Freitas;-23,109;-45,933;2018-02-24 16:10:00.0;0,0
SÃO JOSÉ DOS CAMPOS;354990407A;SP;Freitas;-23,109;-45,933;2018-02-24 17:10:00.0;0,0
SÃO JOSÉ DOS CAMPOS;354990407A;SP;Freitas;-23,109;-45,933;2018-02-24 17:20:00.0;0,2
SÃO JOSÉ DOS CAMPOS;354990407A;SP;Freitas;-23,109;-45,933;2018-02-24 18:10:00.0;0,0
SÃO JOSÉ DOS CAMPOS;354990407A;SP;Freitas;-23,109;-45,933;2018-02-24 19:10:00.0;0,0
SÃO JOSÉ DOS CAMPOS;354990407A;SP;Freitas;-23,109;-45,933;2018-02-24 20:10:00.0;0,0
SÃO JOSÉ DOS CAMPOS;354990407A;SP;Freitas;-23,109;-45,933;2018-02-24 21:10:00.0;0,0
SÃO JOSÉ DOS CAMPOS;354990407A;SP;Freitas;-23,109;-45,933;2018-02-24 21:20:00.0;0,2
SÃO JOSÉ DOS CAMPOS;354990407A;SP;Freitas;-23,109;-45,933;2018-02-24 22:10:00.0;0,0
SÃO JOSÉ DOS CAMPOS;354990407A;SP;Freitas;-23,109;-45,933;2018-02-24 23:10:00.0;0,0
SÃO JOSÉ DOS CAMPOS;354990407A;SP;Freitas;-23,109;-45,933;2018-02-25 00:10:00.0;0,0
SÃO JOSÉ DOS CAMPOS;354990407A;SP;Freitas;-23,109;-45,933;2018-02-25 01:10:00.0;0,0
SÃO JOSÉ DOS CAMPOS;354990407A;SP;Freitas;-23,109;-45,933;2018-02-25 02:10:00.0;0,2
SÃO JOSÉ DOS CAMPOS;354990407A;SP;Freitas;-23,109;-45,933;2018-02-25 03:10:00.0;0,0
SÃO JOSÉ DOS CAMPOS;354990407A;SP;Freitas;-23,109;-45,933;2018-02-25 04:10:00.0;0,0
SÃO JOSÉ DOS CAMPOS;354990407A;SP;Freitas;-23,109;-45,933;2018-02-25 05:10:00.0;0,0
SÃO JOSÉ DOS CAMPOS;354990407A;SP;Freitas;-23,109;-45,933;2018-02-25 06:10:00.0;0,0
SÃO JOSÉ DOS CAMPOS;354990407A;SP;Freitas;-23,109;-45,933;2018-02-25 07:10:00.0;0,0
SÃO JOSÉ DOS CAMPOS;354990407A;SP;Freitas;-23,109;-45,933;2018-02-25 07:20:00.0;0,2
SÃO JOSÉ DOS CAMPOS;354990407A;SP;Freitas;-23,109;-45,933;2018-02-25 08:10:00.0;0,0
SÃO JOSÉ DOS CAMPOS;354990407A;SP;Freitas;-23,109;-45,933;2018-02-25 09:10:00.0;0,0
SÃO JOSÉ DOS CAMPOS;354990407A;SP;Freitas;-23,109;-45,933;2018-02-25 10:10:00.0;0,0
SÃO JOSÉ DOS CAMPOS;354990407A;SP;Freitas;-23,109;-45,933;2018-02-25 11:10:00.0;0,0
SÃO JOSÉ DOS CAMPOS;354990407A;SP;Freitas;-23,109;-45,933;2018-02-25 12:00:00.0;0,2
SÃO JOSÉ DOS CAMPOS;354990407A;SP;Freitas;-23,109;-45,933;2018-02-25 12:10:00.0;0,0
SÃO JOSÉ DOS CAMPOS;354990407A;SP;Freitas;-23,109;-45,933;2018-02-25 13:10:00.0;0,0
SÃO JOSÉ DOS CAMPOS;354990407A;SP;Freitas;-23,109;-45,933;2018-02-25 14:10:00.0;0,0
SÃO JOSÉ DOS CAMPOS;354990407A;SP;Freitas;-23,109;-45,933;2018-02-25 15:10:00.0;0,0
SÃO JOSÉ DOS CAMPOS;354990407A;SP;Freitas;-23,109;-45,933;2018-02-25 15:50:00.0;0,2
SÃO JOSÉ DOS CAMPOS;354990407A;SP;Freitas;-23,109;-45,933;2018-02-25 16:10:00.0;0,0
SÃO JOSÉ DOS CAMPOS;354990407A;SP;Freitas;-23,109;-45,933;2018-02-25 17:10:00.0;0,0
SÃO JOSÉ DOS CAMPOS;354990407A;SP;Freitas;-23,109;-45,933;2018-02-25 18:10:00.0;0,0
SÃO JOSÉ DOS CAMPOS;354990407A;SP;Freitas;-23,109;-45,933;2018-02-25 19:10:00.0;0,0
SÃO JOSÉ DOS CAMPOS;354990407A;SP;Freitas;-23,109;-45,933;2018-02-25 20:10:00.0;0,0
SÃO JOSÉ DOS CAMPOS;354990407A;SP;Freitas;-23,109;-45,933;2018-02-25 20:20:00.0;0,2
SÃO JOSÉ DOS CAMPOS;354990407A;SP;Freitas;-23,109;-45,933;2018-02-25 21:10:00.0;0,0
SÃO JOSÉ DOS CAMPOS;354990407A;SP;Freitas;-23,109;-45,933;2018-02-25 22:10:00.0;0,0
SÃO JOSÉ DOS CAMPOS;354990407A;SP;Freitas;-23,109;-45,933;2018-02-25 23:10:00.0;0,0
SÃO JOSÉ DOS CAMPOS;354990407A;SP;Freitas;-23,109;-45,933;2018-02-26 00:10:00.0;0,0
SÃO JOSÉ DOS CAMPOS;354990407A;SP;Freitas;-23,109;-45,933;2018-02-26 01:10:00.0;0,0
SÃO JOSÉ DOS CAMPOS;354990407A;SP;Freitas;-23,109;-45,933;2018-02-26 01:40:00.0;0,2
SÃO JOSÉ DOS CAMPOS;354990407A;SP;Freitas;-23,109;-45,933;2018-02-26 02:10:00.0;0,0
SÃO JOSÉ DOS CAMPOS;354990407A;SP;Freitas;-23,109;-45,933;2018-02-26 03:10:00.0;0,0
SÃO JOSÉ DOS CAMPOS;354990407A;SP;Freitas;-23,109;-45,933;2018-02-26 04:10:00.0;0,0
SÃO JOSÉ DOS CAMPOS;354990407A;SP;Freitas;-23,109;-45,933;2018-02-26 05:10:00.0;0,0
SÃO JOSÉ DOS CAMPOS;354990407A;SP;Freitas;-23,109;-45,933;2018-02-26 06:10:00.0;0,0
SÃO JOSÉ DOS CAMPOS;354990407A;SP;Freitas;-23,109;-45,933;2018-02-26 07:10:00.0;0,0
SÃO JOSÉ DOS CAMPOS;354990407A;SP;Freitas;-23,109;-45,933;2018-02-26 07:30:00.0;0,2
SÃO JOSÉ DOS CAMPOS;354990407A;SP;Freitas;-23,109;-45,933;2018-02-26 08:10:00.0;0,0
SÃO JOSÉ DOS CAMPOS;354990407A;SP;Freitas;-23,109;-45,933;2018-02-26 09:10:00.0;0,0
SÃO JOSÉ DOS CAMPOS;354990407A;SP;Freitas;-23,109;-45,933;2018-02-26 10:10:00.0;0,0
SÃO JOSÉ DOS CAMPOS;354990407A;SP;Freitas;-23,109;-45,933;2018-02-26 11:10:00.0;0,0
SÃO JOSÉ DOS CAMPOS;354990407A;SP;Freitas;-23,109;-45,933;2018-02-26 12:10:00.0;0,0
SÃO JOSÉ DOS CAMPOS;354990407A;SP;Freitas;-23,109;-45,933;2018-02-26 12:20:00.0;0,2
SÃO JOSÉ DOS CAMPOS;354990407A;SP;Freitas;-23,109;-45,933;2018-02-26 13:10:00.0;0,0
SÃO JOSÉ DOS CAMPOS;354990407A;SP;Freitas;-23,109;-45,933;2018-02-26 14:10:00.0;0,0
SÃO JOSÉ DOS CAMPOS;354990407A;SP;Freitas;-23,109;-45,933;2018-02-26 15:10:00.0;0,0
SÃO JOSÉ DOS CAMPOS;354990407A;SP;Freitas;-23,109;-45,933;2018-02-26 16:10:00.0;0,0
SÃO JOSÉ DOS CAMPOS;354990407A;SP;Freitas;-23,109;-45,933;2018-02-26 16:20:00.0;0,2
SÃO JOSÉ DOS CAMPOS;354990407A;SP;Freitas;-23,109;-45,933;2018-02-26 17:10:00.0;0,0
SÃO JOSÉ DOS CAMPOS;354990407A;SP;Freitas;-23,109;-45,933;2018-02-26 18:10:00.0;0,0
SÃO JOSÉ DOS CAMPOS;354990407A;SP;Freitas;-23,109;-45,933;2018-02-26 19:10:00.0;0,0
SÃO JOSÉ DOS CAMPOS;354990407A;SP;Freitas;-23,109;-45,933;2018-02-26 20:10:00.0;0,0
SÃO JOSÉ DOS CAMPOS;354990407A;SP;Freitas;-23,109;-45,933;2018-02-26 21:10:00.0;0,0
SÃO JOSÉ DOS CAMPOS;354990407A;SP;Freitas;-23,109;-45,933;2018-02-26 21:30:00.0;0,2
SÃO JOSÉ DOS CAMPOS;354990407A;SP;Freitas;-23,109;-45,933;2018-02-26 22:10:00.0;0,0
SÃO JOSÉ DOS CAMPOS;354990407A;SP;Freitas;-23,109;-45,933;2018-02-26 23:10:00.0;0,0
SÃO JOSÉ DOS CAMPOS;354990407A;SP;Freitas;-23,109;-45,933;2018-02-27 00:10:00.0;0,0
SÃO JOSÉ DOS CAMPOS;354990407A;SP;Freitas;-23,109;-45,933;2018-02-27 01:10:00.0;0,0
SÃO JOSÉ DOS CAMPOS;354990407A;SP;Freitas;-23,109;-45,933;2018-02-27 02:10:00.0;0,0
SÃO JOSÉ DOS CAMPOS;354990407A;SP;Freitas;-23,109;-45,933;2018-02-27 02:50:00.0;0,2
SÃO JOSÉ DOS CAMPOS;354990407A;SP;Freitas;-23,109;-45,933;2018-02-27 03:10:00.0;0,0
SÃO JOSÉ DOS CAMPOS;354990407A;SP;Freitas;-23,109;-45,933;2018-02-27 04:10:00.0;0,0
SÃO JOSÉ DOS CAMPOS;354990407A;SP;Freitas;-23,109;-45,933;2018-02-27 05:10:00.0;0,0
SÃO JOSÉ DOS CAMPOS;354990407A;SP;Freitas;-23,109;-45,933;2018-02-27 06:10:00.0;0,0
SÃO JOSÉ DOS CAMPOS;354990407A;SP;Freitas;-23,109;-45,933;2018-02-27 07:10:00.0;0,0
SÃO JOSÉ DOS CAMPOS;354990407A;SP;Freitas;-23,109;-45,933;2018-02-27 07:50:00.0;0,2
SÃO JOSÉ DOS CAMPOS;354990407A;SP;Freitas;-23,109;-45,933;2018-02-27 08:10:00.0;0,0
SÃO JOSÉ DOS CAMPOS;354990407A;SP;Freitas;-23,109;-45,933;2018-02-27 09:10:00.0;0,0
SÃO JOSÉ DOS CAMPOS;354990407A;SP;Freitas;-23,109;-45,933;2018-02-27 10:10:00.0;0,0
SÃO JOSÉ DOS CAMPOS;354990407A;SP;Freitas;-23,109;-45,933;2018-02-27 11:10:00.0;0,0
SÃO JOSÉ DOS CAMPOS;354990407A;SP;Freitas;-23,109;-45,933;2018-02-27 12:10:00.0;0,0
SÃO JOSÉ DOS CAMPOS;354990407A;SP;Freitas;-23,109;-45,933;2018-02-27 12:20:00.0;0,2
SÃO JOSÉ DOS CAMPOS;354990407A;SP;Freitas;-23,109;-45,933;2018-02-27 13:10:00.0;0,0
SÃO JOSÉ DOS CAMPOS;354990407A;SP;Freitas;-23,109;-45,933;2018-02-27 14:10:00.0;0,0
SÃO JOSÉ DOS CAMPOS;354990407A;SP;Freitas;-23,109;-45,933;2018-02-27 15:10:00.0;0,0
SÃO JOSÉ DOS CAMPOS;354990407A;SP;Freitas;-23,109;-45,933;2018-02-27 15:50:00.0;0,2
SÃO JOSÉ DOS CAMPOS;354990407A;SP;Freitas;-23,109;-45,933;2018-02-27 16:10:00.0;0,0
SÃO JOSÉ DOS CAMPOS;354990407A;SP;Freitas;-23,109;-45,933;2018-02-27 17:10:00.0;0,0
SÃO JOSÉ DOS CAMPOS;354990407A;SP;Freitas;-23,109;-45,933;2018-02-27 18:10:00.0;0,0
SÃO JOSÉ DOS CAMPOS;354990407A;SP;Freitas;-23,109;-45,933;2018-02-27 19:10:00.0;0,0
SÃO JOSÉ DOS CAMPOS;354990407A;SP;Freitas;-23,109;-45,933;2018-02-27 19:30:00.0;0,2
SÃO JOSÉ DOS CAMPOS;354990407A;SP;Freitas;-23,109;-45,933;2018-02-27 20:10:00.0;0,0
SÃO JOSÉ DOS CAMPOS;354990407A;SP;Freitas;-23,109;-45,933;2018-02-27 21:10:00.0;0,0
SÃO JOSÉ DOS CAMPOS;354990407A;SP;Freitas;-23,109;-45,933;2018-02-27 22:10:00.0;0,0
SÃO JOSÉ DOS CAMPOS;354990407A;SP;Freitas;-23,109;-45,933;2018-02-27 23:10:00.0;0,0
SÃO JOSÉ DOS CAMPOS;354990407A;SP;Freitas;-23,109;-45,933;2018-02-27 23:50:00.0;0,2
SÃO JOSÉ DOS CAMPOS;354990407A;SP;Freitas;-23,109;-45,933;2018-02-28 00:10:00.0;0,0
SÃO JOSÉ DOS CAMPOS;354990407A;SP;Freitas;-23,109;-45,933;2018-02-28 01:10:00.0;0,0
SÃO JOSÉ DOS CAMPOS;354990407A;SP;Freitas;-23,109;-45,933;2018-02-28 02:10:00.0;0,0
SÃO JOSÉ DOS CAMPOS;354990407A;SP;Freitas;-23,109;-45,933;2018-02-28 03:10:00.0;0,0
SÃO JOSÉ DOS CAMPOS;354990407A;SP;Freitas;-23,109;-45,933;2018-02-28 04:10:00.0;0,0
SÃO JOSÉ DOS CAMPOS;354990407A;SP;Freitas;-23,109;-45,933;2018-02-28 04:40:00.0;0,2
SÃO JOSÉ DOS CAMPOS;354990407A;SP;Freitas;-23,109;-45,933;2018-02-28 05:10:00.0;0,0
SÃO JOSÉ DOS CAMPOS;354990407A;SP;Freitas;-23,109;-45,933;2018-02-28 06:10:00.0;0,0
SÃO JOSÉ DOS CAMPOS;354990407A;SP;Freitas;-23,109;-45,933;2018-02-28 07:10:00.0;0,0
SÃO JOSÉ DOS CAMPOS;354990407A;SP;Freitas;-23,109;-45,933;2018-02-28 08:10:00.0;0,0
SÃO JOSÉ DOS CAMPOS;354990407A;SP;Freitas;-23,109;-45,933;2018-02-28 09:10:00.0;0,0
SÃO JOSÉ DOS CAMPOS;354990407A;SP;Freitas;-23,109;-45,933;2018-02-28 09:50:00.0;0,2
SÃO JOSÉ DOS CAMPOS;354990407A;SP;Freitas;-23,109;-45,933;2018-02-28 10:10:00.0;0,0
SÃO JOSÉ DOS CAMPOS;354990407A;SP;Freitas;-23,109;-45,933;2018-02-28 11:10:00.0;0,0
SÃO JOSÉ DOS CAMPOS;354990407A;SP;Freitas;-23,109;-45,933;2018-02-28 12:10:00.0;0,0
SÃO JOSÉ DOS CAMPOS;354990407A;SP;Freitas;-23,109;-45,933;2018-02-28 13:10:00.0;0,0
SÃO JOSÉ DOS CAMPOS;354990407A;SP;Freitas;-23,109;-45,933;2018-02-28 13:20:00.0;0,2
SÃO JOSÉ DOS CAMPOS;354990407A;SP;Freitas;-23,109;-45,933;2018-02-28 14:10:00.0;0,0
SÃO JOSÉ DOS CAMPOS;354990407A;SP;Freitas;-23,109;-45,933;2018-02-28 15:10:00.0;0,0
SÃO JOSÉ DOS CAMPOS;354990407A;SP;Freitas;-23,109;-45,933;2018-02-28 16:10:00.0;0,0
SÃO JOSÉ DOS CAMPOS;354990407A;SP;Freitas;-23,109;-45,933;2018-02-28 16:30:00.0;0,2
SÃO JOSÉ DOS CAMPOS;354990407A;SP;Freitas;-23,109;-45,933;2018-02-28 17:10:00.0;0,0
SÃO JOSÉ DOS CAMPOS;354990407A;SP;Freitas;-23,109;-45,933;2018-02-28 18:10:00.0;0,0
SÃO JOSÉ DOS CAMPOS;354990407A;SP;Freitas;-23,109;-45,933;2018-02-28 19:10:00.0;0,0
SÃO JOSÉ DOS CAMPOS;354990407A;SP;Freitas;-23,109;-45,933;2018-02-28 20:10:00.0;0,0
SÃO JOSÉ DOS CAMPOS;354990407A;SP;Freitas;-23,109;-45,933;2018-02-28 20:40:00.0;0,2
SÃO JOSÉ DOS CAMPOS;354990407A;SP;Freitas;-23,109;-45,933;2018-02-28 21:10:00.0;0,0
SÃO JOSÉ DOS CAMPOS;354990407A;SP;Freitas;-23,109;-45,933;2018-02-28 22:10:00.0;0,0
SÃO JOSÉ DOS CAMPOS;354990407A;SP;Freitas;-23,109;-45,933;2018-02-28 23:10:00.0;0,0
SÃO JOSÉ DOS CAMPOS;354990408A;SP;Buquirinha;-23,111;-45,913;2018-02-01 00:00:00.0;0,2
SÃO JOSÉ DOS CAMPOS;354990408A;SP;Buquirinha;-23,111;-45,913;2018-02-01 00:10:00.0;0,0
SÃO JOSÉ DOS CAMPOS;354990408A;SP;Buquirinha;-23,111;-45,913;2018-02-01 00:40:00.0;0,2
SÃO JOSÉ DOS CAMPOS;354990408A;SP;Buquirinha;-23,111;-45,913;2018-02-01 01:10:00.0;0,2
SÃO JOSÉ DOS CAMPOS;354990408A;SP;Buquirinha;-23,111;-45,913;2018-02-01 01:50:00.0;0,2
SÃO JOSÉ DOS CAMPOS;354990408A;SP;Buquirinha;-23,111;-45,913;2018-02-01 02:10:00.0;0,0
SÃO JOSÉ DOS CAMPOS;354990408A;SP;Buquirinha;-23,111;-45,913;2018-02-01 02:30:00.0;0,2
SÃO JOSÉ DOS CAMPOS;354990408A;SP;Buquirinha;-23,111;-45,913;2018-02-01 03:00:00.0;0,2
SÃO JOSÉ DOS CAMPOS;354990408A;SP;Buquirinha;-23,111;-45,913;2018-02-01 03:10:00.0;0,0
SÃO JOSÉ DOS CAMPOS;354990408A;SP;Buquirinha;-23,111;-45,913;2018-02-01 03:40:00.0;0,2
SÃO JOSÉ DOS CAMPOS;354990408A;SP;Buquirinha;-23,111;-45,913;2018-02-01 04:10:00.0;0,0
SÃO JOSÉ DOS CAMPOS;354990408A;SP;Buquirinha;-23,111;-45,913;2018-02-01 04:20:00.0;0,2
SÃO JOSÉ DOS CAMPOS;354990408A;SP;Buquirinha;-23,111;-45,913;2018-02-01 04:50:00.0;0,2
SÃO JOSÉ DOS CAMPOS;354990408A;SP;Buquirinha;-23,111;-45,913;2018-02-01 05:10:00.0;0,0
SÃO JOSÉ DOS CAMPOS;354990408A;SP;Buquirinha;-23,111;-45,913;2018-02-01 05:30:00.0;0,2
SÃO JOSÉ DOS CAMPOS;354990408A;SP;Buquirinha;-23,111;-45,913;2018-02-01 06:10:00.0;0,2
SÃO JOSÉ DOS CAMPOS;354990408A;SP;Buquirinha;-23,111;-45,913;2018-02-01 06:40:00.0;0,2
SÃO JOSÉ DOS CAMPOS;354990408A;SP;Buquirinha;-23,111;-45,913;2018-02-01 07:10:00.0;0,0
SÃO JOSÉ DOS CAMPOS;354990408A;SP;Buquirinha;-23,111;-45,913;2018-02-01 07:20:00.0;0,2
SÃO JOSÉ DOS CAMPOS;354990408A;SP;Buquirinha;-23,111;-45,913;2018-02-01 08:00:00.0;0,2
SÃO JOSÉ DOS CAMPOS;354990408A;SP;Buquirinha;-23,111;-45,913;2018-02-01 08:10:00.0;0,0
SÃO JOSÉ DOS CAMPOS;354990408A;SP;Buquirinha;-23,111;-45,913;2018-02-01 08:40:00.0;0,2
SÃO JOSÉ DOS CAMPOS;354990408A;SP;Buquirinha;-23,111;-45,913;2018-02-01 09:10:00.0;0,0
SÃO JOSÉ DOS CAMPOS;354990408A;SP;Buquirinha;-23,111;-45,913;2018-02-01 09:20:00.0;0,2
SÃO JOSÉ DOS CAMPOS;354990408A;SP;Buquirinha;-23,111;-45,913;2018-02-01 10:00:00.0;0,2
SÃO JOSÉ DOS CAMPOS;354990408A;SP;Buquirinha;-23,111;-45,913;2018-02-01 10:10:00.0;0,0
SÃO JOSÉ DOS CAMPOS;354990408A;SP;Buquirinha;-23,111;-45,913;2018-02-01 10:30:00.0;0,2
SÃO JOSÉ DOS CAMPOS;354990408A;SP;Buquirinha;-23,111;-45,913;2018-02-01 11:10:00.0;0,2
SÃO JOSÉ DOS CAMPOS;354990408A;SP;Buquirinha;-23,111;-45,913;2018-02-01 11:40:00.0;0,2
SÃO JOSÉ DOS CAMPOS;354990408A;SP;Buquirinha;-23,111;-45,913;2018-02-01 12:10:00.0;0,0
SÃO JOSÉ DOS CAMPOS;354990408A;SP;Buquirinha;-23,111;-45,913;2018-02-01 12:20:00.0;0,2
SÃO JOSÉ DOS CAMPOS;354990408A;SP;Buquirinha;-23,111;-45,913;2018-02-01 12:50:00.0;0,2
SÃO JOSÉ DOS CAMPOS;354990408A;SP;Buquirinha;-23,111;-45,913;2018-02-01 13:10:00.0;0,0
SÃO JOSÉ DOS CAMPOS;354990408A;SP;Buquirinha;-23,111;-45,913;2018-02-01 13:20:00.0;0,2
SÃO JOSÉ DOS CAMPOS;354990408A;SP;Buquirinha;-23,111;-45,913;2018-02-01 13:50:00.0;0,2
SÃO JOSÉ DOS CAMPOS;354990408A;SP;Buquirinha;-23,111;-45,913;2018-02-01 14:10:00.0;0,0
SÃO JOSÉ DOS CAMPOS;354990408A;SP;Buquirinha;-23,111;-45,913;2018-02-01 14:20:00.0;0,2
SÃO JOSÉ DOS CAMPOS;354990408A;SP;Buquirinha;-23,111;-45,913;2018-02-01 14:50:00.0;0,2
SÃO JOSÉ DOS CAMPOS;354990408A;SP;Buquirinha;-23,111;-45,913;2018-02-01 15:10:00.0;0,0
SÃO JOSÉ DOS CAMPOS;354990408A;SP;Buquirinha;-23,111;-45,913;2018-02-01 15:20:00.0;0,2
SÃO JOSÉ DOS CAMPOS;354990408A;SP;Buquirinha;-23,111;-45,913;2018-02-01 15:50:00.0;0,2
SÃO JOSÉ DOS CAMPOS;354990408A;SP;Buquirinha;-23,111;-45,913;2018-02-01 16:10:00.0;0,0
SÃO JOSÉ DOS CAMPOS;354990408A;SP;Buquirinha;-23,111;-45,913;2018-02-01 16:20:00.0;0,2
SÃO JOSÉ DOS CAMPOS;354990408A;SP;Buquirinha;-23,111;-45,913;2018-02-01 16:50:00.0;0,2
SÃO JOSÉ DOS CAMPOS;354990408A;SP;Buquirinha;-23,111;-45,913;2018-02-01 17:10:00.0;0,0
SÃO JOSÉ DOS CAMPOS;354990408A;SP;Buquirinha;-23,111;-45,913;2018-02-01 17:20:00.0;0,2
SÃO JOSÉ DOS CAMPOS;354990408A;SP;Buquirinha;-23,111;-45,913;2018-02-01 18:00:00.0;0,2
SÃO JOSÉ DOS CAMPOS;354990408A;SP;Buquirinha;-23,111;-45,913;2018-02-01 18:30:00.0;0,2
SÃO JOSÉ DOS CAMPOS;354990408A;SP;Buquirinha;-23,111;-45,913;2018-02-01 19:00:00.0;0,2
SÃO JOSÉ DOS CAMPOS;354990408A;SP;Buquirinha;-23,111;-45,913;2018-02-01 19:10:00.0;0,0
SÃO JOSÉ DOS CAMPOS;354990408A;SP;Buquirinha;-23,111;-45,913;2018-02-01 19:40:00.0;0,2
SÃO JOSÉ DOS CAMPOS;354990408A;SP;Buquirinha;-23,111;-45,913;2018-02-01 20:10:00.0;0,2
SÃO JOSÉ DOS CAMPOS;354990408A;SP;Buquirinha;-23,111;-45,913;2018-02-01 20:50:00.0;0,2
SÃO JOSÉ DOS CAMPOS;354990408A;SP;Buquirinha;-23,111;-45,913;2018-02-01 21:10:00.0;0,0
SÃO JOSÉ DOS CAMPOS;354990408A;SP;Buquirinha;-23,111;-45,913;2018-02-01 21:30:00.0;0,2
SÃO JOSÉ DOS CAMPOS;354990408A;SP;Buquirinha;-23,111;-45,913;2018-02-01 22:10:00.0;0,2
SÃO JOSÉ DOS CAMPOS;354990408A;SP;Buquirinha;-23,111;-45,913;2018-02-01 22:50:00.0;0,2
SÃO JOSÉ DOS CAMPOS;354990408A;SP;Buquirinha;-23,111;-45,913;2018-02-01 23:10:00.0;0,0
SÃO JOSÉ DOS CAMPOS;354990408A;SP;Buquirinha;-23,111;-45,913;2018-02-01 23:30:00.0;0,2
SÃO JOSÉ DOS CAMPOS;354990408A;SP;Buquirinha;-23,111;-45,913;2018-02-02 00:10:00.0;0,2
SÃO JOSÉ DOS CAMPOS;354990408A;SP;Buquirinha;-23,111;-45,913;2018-02-02 00:50:00.0;0,2
SÃO JOSÉ DOS CAMPOS;354990408A;SP;Buquirinha;-23,111;-45,913;2018-02-02 01:10:00.0;0,0
SÃO JOSÉ DOS CAMPOS;354990408A;SP;Buquirinha;-23,111;-45,913;2018-02-02 01:30:00.0;0,2
SÃO JOSÉ DOS CAMPOS;354990408A;SP;Buquirinha;-23,111;-45,913;2018-02-02 02:10:00.0;0,0
SÃO JOSÉ DOS CAMPOS;354990408A;SP;Buquirinha;-23,111;-45,913;2018-02-02 02:20:00.0;0,2
SÃO JOSÉ DOS CAMPOS;354990408A;SP;Buquirinha;-23,111;-45,913;2018-02-02 03:00:00.0;0,2
SÃO JOSÉ DOS CAMPOS;354990408A;SP;Buquirinha;-23,111;-45,913;2018-02-02 03:10:00.0;0,0
SÃO JOSÉ DOS CAMPOS;354990408A;SP;Buquirinha;-23,111;-45,913;2018-02-02 03:40:00.0;0,2
SÃO JOSÉ DOS CAMPOS;354990408A;SP;Buquirinha;-23,111;-45,913;2018-02-02 04:10:00.0;0,0
SÃO JOSÉ DOS CAMPOS;354990408A;SP;Buquirinha;-23,111;-45,913;2018-02-02 04:20:00.0;0,2
SÃO JOSÉ DOS CAMPOS;354990408A;SP;Buquirinha;-23,111;-45,913;2018-02-02 05:00:00.0;0,2
SÃO JOSÉ DOS CAMPOS;354990408A;SP;Buquirinha;-23,111;-45,913;2018-02-02 05:20:00.0;0,0
SÃO JOSÉ DOS CAMPOS;354990408A;SP;Buquirinha;-23,111;-45,913;2018-02-02 05:50:00.0;0,2
SÃO JOSÉ DOS CAMPOS;354990408A;SP;Buquirinha;-23,111;-45,913;2018-02-02 06:10:00.0;0,0
SÃO JOSÉ DOS CAMPOS;354990408A;SP;Buquirinha;-23,111;-45,913;2018-02-02 06:30:00.0;0,2
SÃO JOSÉ DOS CAMPOS;354990408A;SP;Buquirinha;-23,111;-45,913;2018-02-02 07:10:00.0;0,2
SÃO JOSÉ DOS CAMPOS;354990408A;SP;Buquirinha;-23,111;-45,913;2018-02-02 07:50:00.0;0,2
SÃO JOSÉ DOS CAMPOS;354990408A;SP;Buquirinha;-23,111;-45,913;2018-02-02 08:10:00.0;0,0
SÃO JOSÉ DOS CAMPOS;354990408A;SP;Buquirinha;-23,111;-45,913;2018-02-02 08:30:00.0;0,2
SÃO JOSÉ DOS CAMPOS;354990408A;SP;Buquirinha;-23,111;-45,913;2018-02-02 09:10:00.0;0,2
SÃO JOSÉ DOS CAMPOS;354990408A;SP;Buquirinha;-23,111;-45,913;2018-02-02 09:50:00.0;0,2
SÃO JOSÉ DOS CAMPOS;354990408A;SP;Buquirinha;-23,111;-45,913;2018-02-02 10:40:00.0;0,2
SÃO JOSÉ DOS CAMPOS;354990408A;SP;Buquirinha;-23,111;-45,913;2018-02-02 11:10:00.0;0,2
SÃO JOSÉ DOS CAMPOS;354990408A;SP;Buquirinha;-23,111;-45,913;2018-02-02 11:50:00.0;0,2
SÃO JOSÉ DOS CAMPOS;354990408A;SP;Buquirinha;-23,111;-45,913;2018-02-02 12:10:00.0;0,0
SÃO JOSÉ DOS CAMPOS;354990408A;SP;Buquirinha;-23,111;-45,913;2018-02-02 12:30:00.0;0,2
SÃO JOSÉ DOS CAMPOS;354990408A;SP;Buquirinha;-23,111;-45,913;2018-02-02 13:10:00.0;0,0
SÃO JOSÉ DOS CAMPOS;354990408A;SP;Buquirinha;-23,111;-45,913;2018-02-02 13:20:00.0;0,2
SÃO JOSÉ DOS CAMPOS;354990408A;SP;Buquirinha;-23,111;-45,913;2018-02-02 14:00:00.0;0,2
SÃO JOSÉ DOS CAMPOS;354990408A;SP;Buquirinha;-23,111;-45,913;2018-02-02 14:10:00.0;0,0
SÃO JOSÉ DOS CAMPOS;354990408A;SP;Buquirinha;-23,111;-45,913;2018-02-02 14:40:00.0;0,2
SÃO JOSÉ DOS CAMPOS;354990408A;SP;Buquirinha;-23,111;-45,913;2018-02-02 15:10:00.0;0,2
SÃO JOSÉ DOS CAMPOS;354990408A;SP;Buquirinha;-23,111;-45,913;2018-02-02 15:50:00.0;0,2
SÃO JOSÉ DOS CAMPOS;354990408A;SP;Buquirinha;-23,111;-45,913;2018-02-02 16:10:00.0;0,0
SÃO JOSÉ DOS CAMPOS;354990408A;SP;Buquirinha;-23,111;-45,913;2018-02-02 16:20:00.0;0,2
SÃO JOSÉ DOS CAMPOS;354990408A;SP;Buquirinha;-23,111;-45,913;2018-02-02 17:00:00.0;0,2
SÃO JOSÉ DOS CAMPOS;354990408A;SP;Buquirinha;-23,111;-45,913;2018-02-02 17:10:00.0;0,0
SÃO JOSÉ DOS CAMPOS;354990408A;SP;Buquirinha;-23,111;-45,913;2018-02-02 17:40:00.0;0,2
SÃO JOSÉ DOS CAMPOS;354990408A;SP;Buquirinha;-23,111;-45,913;2018-02-02 18:10:00.0;0,0
SÃO JOSÉ DOS CAMPOS;354990408A;SP;Buquirinha;-23,111;-45,913;2018-02-02 18:30:00.0;0,2
SÃO JOSÉ DOS CAMPOS;354990408A;SP;Buquirinha;-23,111;-45,913;2018-02-02 19:10:00.0;0,2
SÃO JOSÉ DOS CAMPOS;354990408A;SP;Buquirinha;-23,111;-45,913;2018-02-02 19:50:00.0;0,2
SÃO JOSÉ DOS CAMPOS;354990408A;SP;Buquirinha;-23,111;-45,913;2018-02-02 20:10:00.0;0,0
SÃO JOSÉ DOS CAMPOS;354990408A;SP;Buquirinha;-23,111;-45,913;2018-02-02 20:30:00.0;0,2
SÃO JOSÉ DOS CAMPOS;354990408A;SP;Buquirinha;-23,111;-45,913;2018-02-02 21:10:00.0;0,0
SÃO JOSÉ DOS CAMPOS;354990408A;SP;Buquirinha;-23,111;-45,913;2018-02-02 21:20:00.0;0,2
SÃO JOSÉ DOS CAMPOS;354990408A;SP;Buquirinha;-23,111;-45,913;2018-02-02 22:10:00.0;0,2
SÃO JOSÉ DOS CAMPOS;354990408A;SP;Buquirinha;-23,111;-45,913;2018-02-02 23:00:00.0;0,2
SÃO JOSÉ DOS CAMPOS;354990408A;SP;Buquirinha;-23,111;-45,913;2018-02-02 23:10:00.0;0,0
SÃO JOSÉ DOS CAMPOS;354990408A;SP;Buquirinha;-23,111;-45,913;2018-02-02 23:50:00.0;0,2
SÃO JOSÉ DOS CAMPOS;354990408A;SP;Buquirinha;-23,111;-45,913;2018-02-03 00:10:00.0;0,0
SÃO JOSÉ DOS CAMPOS;354990408A;SP;Buquirinha;-23,111;-45,913;2018-02-03 00:40:00.0;0,2
SÃO JOSÉ DOS CAMPOS;354990408A;SP;Buquirinha;-23,111;-45,913;2018-02-03 01:10:00.0;0,0
SÃO JOSÉ DOS CAMPOS;354990408A;SP;Buquirinha;-23,111;-45,913;2018-02-03 01:30:00.0;0,2
SÃO JOSÉ DOS CAMPOS;354990408A;SP;Buquirinha;-23,111;-45,913;2018-02-03 02:10:00.0;0,0
SÃO JOSÉ DOS CAMPOS;354990408A;SP;Buquirinha;-23,111;-45,913;2018-02-03 02:20:00.0;0,2
SÃO JOSÉ DOS CAMPOS;354990408A;SP;Buquirinha;-23,111;-45,913;2018-02-03 03:10:00.0;0,2
SÃO JOSÉ DOS CAMPOS;354990408A;SP;Buquirinha;-23,111;-45,913;2018-02-03 04:10:00.0;0,2
SÃO JOSÉ DOS CAMPOS;354990408A;SP;Buquirinha;-23,111;-45,913;2018-02-03 05:00:00.0;0,2
SÃO JOSÉ DOS CAMPOS;354990408A;SP;Buquirinha;-23,111;-45,913;2018-02-03 05:10:00.0;0,0
SÃO JOSÉ DOS CAMPOS;354990408A;SP;Buquirinha;-23,111;-45,913;2018-02-03 06:00:00.0;0,2
SÃO JOSÉ DOS CAMPOS;354990408A;SP;Buquirinha;-23,111;-45,913;2018-02-03 06:10:00.0;0,0
SÃO JOSÉ DOS CAMPOS;354990408A;SP;Buquirinha;-23,111;-45,913;2018-02-03 06:50:00.0;0,2
SÃO JOSÉ DOS CAMPOS;354990408A;SP;Buquirinha;-23,111;-45,913;2018-02-03 07:10:00.0;0,0
SÃO JOSÉ DOS CAMPOS;354990408A;SP;Buquirinha;-23,111;-45,913;2018-02-03 07:50:00.0;0,2
SÃO JOSÉ DOS CAMPOS;354990408A;SP;Buquirinha;-23,111;-45,913;2018-02-03 08:10:00.0;0,0
SÃO JOSÉ DOS CAMPOS;354990408A;SP;Buquirinha;-23,111;-45,913;2018-02-03 08:50:00.0;0,2
SÃO JOSÉ DOS CAMPOS;354990408A;SP;Buquirinha;-23,111;-45,913;2018-02-03 09:10:00.0;0,0
SÃO JOSÉ DOS CAMPOS;354990408A;SP;Buquirinha;-23,111;-45,913;2018-02-03 09:40:00.0;0,2
SÃO JOSÉ DOS CAMPOS;354990408A;SP;Buquirinha;-23,111;-45,913;2018-02-03 10:10:00.0;0,0
SÃO JOSÉ DOS CAMPOS;354990408A;SP;Buquirinha;-23,111;-45,913;2018-02-03 10:40:00.0;0,2
SÃO JOSÉ DOS CAMPOS;354990408A;SP;Buquirinha;-23,111;-45,913;2018-02-03 11:10:00.0;0,0
SÃO JOSÉ DOS CAMPOS;354990408A;SP;Buquirinha;-23,111;-45,913;2018-02-03 11:30:00.0;0,2
SÃO JOSÉ DOS CAMPOS;354990408A;SP;Buquirinha;-23,111;-45,913;2018-02-03 12:10:00.0;0,2
SÃO JOSÉ DOS CAMPOS;354990408A;SP;Buquirinha;-23,111;-45,913;2018-02-03 12:50:00.0;0,2
SÃO JOSÉ DOS CAMPOS;354990408A;SP;Buquirinha;-23,111;-45,913;2018-02-03 13:40:00.0;0,2
SÃO JOSÉ DOS CAMPOS;354990408A;SP;Buquirinha;-23,111;-45,913;2018-02-03 14:10:00.0;0,0
SÃO JOSÉ DOS CAMPOS;354990408A;SP;Buquirinha;-23,111;-45,913;2018-02-03 14:20:00.0;0,2
SÃO JOSÉ DOS CAMPOS;354990408A;SP;Buquirinha;-23,111;-45,913;2018-02-03 15:00:00.0;0,2
SÃO JOSÉ DOS CAMPOS;354990408A;SP;Buquirinha;-23,111;-45,913;2018-02-03 15:10:00.0;0,0
SÃO JOSÉ DOS CAMPOS;354990408A;SP;Buquirinha;-23,111;-45,913;2018-02-03 15:50:00.0;0,2
SÃO JOSÉ DOS CAMPOS;354990408A;SP;Buquirinha;-23,111;-45,913;2018-02-03 16:10:00.0;0,0
SÃO JOSÉ DOS CAMPOS;354990408A;SP;Buquirinha;-23,111;-45,913;2018-02-03 16:30:00.0;0,2
SÃO JOSÉ DOS CAMPOS;354990408A;SP;Buquirinha;-23,111;-45,913;2018-02-03 17:10:00.0;0,2
SÃO JOSÉ DOS CAMPOS;354990408A;SP;Buquirinha;-23,111;-45,913;2018-02-03 17:50:00.0;0,2
SÃO JOSÉ DOS CAMPOS;354990408A;SP;Buquirinha;-23,111;-45,913;2018-02-03 18:10:00.0;0,0
SÃO JOSÉ DOS CAMPOS;354990408A;SP;Buquirinha;-23,111;-45,913;2018-02-03 18:50:00.0;0,2
SÃO JOSÉ DOS CAMPOS;354990408A;SP;Buquirinha;-23,111;-45,913;2018-02-03 19:10:00.0;0,0
SÃO JOSÉ DOS CAMPOS;354990408A;SP;Buquirinha;-23,111;-45,913;2018-02-03 19:30:00.0;0,2
SÃO JOSÉ DOS CAMPOS;354990408A;SP;Buquirinha;-23,111;-45,913;2018-02-03 20:10:00.0;0,0
SÃO JOSÉ DOS CAMPOS;354990408A;SP;Buquirinha;-23,111;-45,913;2018-02-03 20:30:00.0;0,2
SÃO JOSÉ DOS CAMPOS;354990408A;SP;Buquirinha;-23,111;-45,913;2018-02-03 21:10:00.0;0,0
SÃO JOSÉ DOS CAMPOS;354990408A;SP;Buquirinha;-23,111;-45,913;2018-02-03 21:20:00.0;0,2
SÃO JOSÉ DOS CAMPOS;354990408A;SP;Buquirinha;-23,111;-45,913;2018-02-03 22:10:00.0;0,0
SÃO JOSÉ DOS CAMPOS;354990408A;SP;Buquirinha;-23,111;-45,913;2018-02-03 22:20:00.0;0,2
SÃO JOSÉ DOS CAMPOS;354990408A;SP;Buquirinha;-23,111;-45,913;2018-02-03 23:10:00.0;0,0
SÃO JOSÉ DOS CAMPOS;354990408A;SP;Buquirinha;-23,111;-45,913;2018-02-03 23:20:00.0;0,2
SÃO JOSÉ DOS CAMPOS;354990408A;SP;Buquirinha;-23,111;-45,913;2018-02-04 00:10:00.0;0,2
SÃO JOSÉ DOS CAMPOS;354990408A;SP;Buquirinha;-23,111;-45,913;2018-02-04 01:10:00.0;0,2
SÃO JOSÉ DOS CAMPOS;354990408A;SP;Buquirinha;-23,111;-45,913;2018-02-04 02:10:00.0;0,2
SÃO JOSÉ DOS CAMPOS;354990408A;SP;Buquirinha;-23,111;-45,913;2018-02-04 03:10:00.0;0,2
SÃO JOSÉ DOS CAMPOS;354990408A;SP;Buquirinha;-23,111;-45,913;2018-02-04 04:10:00.0;0,0
SÃO JOSÉ DOS CAMPOS;354990408A;SP;Buquirinha;-23,111;-45,913;2018-02-04 04:20:00.0;0,2
SÃO JOSÉ DOS CAMPOS;354990408A;SP;Buquirinha;-23,111;-45,913;2018-02-04 05:10:00.0;0,0
SÃO JOSÉ DOS CAMPOS;354990408A;SP;Buquirinha;-23,111;-45,913;2018-02-04 05:20:00.0;0,2
SÃO JOSÉ DOS CAMPOS;354990408A;SP;Buquirinha;-23,111;-45,913;2018-02-04 06:10:00.0;0,0
SÃO JOSÉ DOS CAMPOS;354990408A;SP;Buquirinha;-23,111;-45,913;2018-02-04 06:20:00.0;0,2
SÃO JOSÉ DOS CAMPOS;354990408A;SP;Buquirinha;-23,111;-45,913;2018-02-04 07:10:00.0;0,0
SÃO JOSÉ DOS CAMPOS;354990408A;SP;Buquirinha;-23,111;-45,913;2018-02-04 07:30:00.0;0,2
SÃO JOSÉ DOS CAMPOS;354990408A;SP;Buquirinha;-23,111;-45,913;2018-02-04 08:10:00.0;0,0
SÃO JOSÉ DOS CAMPOS;354990408A;SP;Buquirinha;-23,111;-45,913;2018-02-04 08:30:00.0;0,2
SÃO JOSÉ DOS CAMPOS;354990408A;SP;Buquirinha;-23,111;-45,913;2018-02-04 09:10:00.0;0,0
SÃO JOSÉ DOS CAMPOS;354990408A;SP;Buquirinha;-23,111;-45,913;2018-02-04 09:40:00.0;0,2
SÃO JOSÉ DOS CAMPOS;354990408A;SP;Buquirinha;-23,111;-45,913;2018-02-04 10:10:00.0;0,0
SÃO JOSÉ DOS CAMPOS;354990408A;SP;Buquirinha;-23,111;-45,913;2018-02-04 10:40:00.0;0,2
SÃO JOSÉ DOS CAMPOS;354990408A;SP;Buquirinha;-23,111;-45,913;2018-02-04 11:10:00.0;0,0
SÃO JOSÉ DOS CAMPOS;354990408A;SP;Buquirinha;-23,111;-45,913;2018-02-04 11:30:00.0;0,2
SÃO JOSÉ DOS CAMPOS;354990408A;SP;Buquirinha;-23,111;-45,913;2018-02-04 12:10:00.0;0,0
SÃO JOSÉ DOS CAMPOS;354990408A;SP;Buquirinha;-23,111;-45,913;2018-02-04 12:30:00.0;0,2
SÃO JOSÉ DOS CAMPOS;354990408A;SP;Buquirinha;-23,111;-45,913;2018-02-04 13:10:00.0;0,0
SÃO JOSÉ DOS CAMPOS;354990408A;SP;Buquirinha;-23,111;-45,913;2018-02-04 13:20:00.0;0,2
SÃO JOSÉ DOS CAMPOS;354990408A;SP;Buquirinha;-23,111;-45,913;2018-02-04 14:10:00.0;0,0
SÃO JOSÉ DOS CAMPOS;354990408A;SP;Buquirinha;-23,111;-45,913;2018-02-04 14:20:00.0;0,2
SÃO JOSÉ DOS CAMPOS;354990408A;SP;Buquirinha;-23,111;-45,913;2018-02-04 15:10:00.0;0,2
SÃO JOSÉ DOS CAMPOS;354990408A;SP;Buquirinha;-23,111;-45,913;2018-02-04 16:10:00.0;0,2
SÃO JOSÉ DOS CAMPOS;354990408A;SP;Buquirinha;-23,111;-45,913;2018-02-04 17:00:00.0;0,2
SÃO JOSÉ DOS CAMPOS;354990408A;SP;Buquirinha;-23,111;-45,913;2018-02-04 17:10:00.0;0,0
SÃO JOSÉ DOS CAMPOS;354990408A;SP;Buquirinha;-23,111;-45,913;2018-02-04 18:00:00.0;0,2
SÃO JOSÉ DOS CAMPOS;354990408A;SP;Buquirinha;-23,111;-45,913;2018-02-04 18:10:00.0;0,0
SÃO JOSÉ DOS CAMPOS;354990408A;SP;Buquirinha;-23,111;-45,913;2018-02-04 19:00:00.0;0,2
SÃO JOSÉ DOS CAMPOS;354990408A;SP;Buquirinha;-23,111;-45,913;2018-02-04 19:10:00.0;0,0
SÃO JOSÉ DOS CAMPOS;354990408A;SP;Buquirinha;-23,111;-45,913;2018-02-04 20:00:00.0;0,2
SÃO JOSÉ DOS CAMPOS;354990408A;SP;Buquirinha;-23,111;-45,913;2018-02-04 21:10:00.0;0,2
SÃO JOSÉ DOS CAMPOS;354990408A;SP;Buquirinha;-23,111;-45,913;2018-02-04 22:10:00.0;0,0
SÃO JOSÉ DOS CAMPOS;354990408A;SP;Buquirinha;-23,111;-45,913;2018-02-04 22:20:00.0;0,2
SÃO JOSÉ DOS CAMPOS;354990408A;SP;Buquirinha;-23,111;-45,913;2018-02-04 23:10:00.0;0,0
SÃO JOSÉ DOS CAMPOS;354990408A;SP;Buquirinha;-23,111;-45,913;2018-02-04 23:30:00.0;0,2
SÃO JOSÉ DOS CAMPOS;354990408A;SP;Buquirinha;-23,111;-45,913;2018-02-05 00:10:00.0;0,0
SÃO JOSÉ DOS CAMPOS;354990408A;SP;Buquirinha;-23,111;-45,913;2018-02-05 00:40:00.0;0,2
SÃO JOSÉ DOS CAMPOS;354990408A;SP;Buquirinha;-23,111;-45,913;2018-02-05 01:10:00.0;0,0
SÃO JOSÉ DOS CAMPOS;354990408A;SP;Buquirinha;-23,111;-45,913;2018-02-05 01:50:00.0;0,2
SÃO JOSÉ DOS CAMPOS;354990408A;SP;Buquirinha;-23,111;-45,913;2018-02-05 02:10:00.0;0,0
SÃO JOSÉ DOS CAMPOS;354990408A;SP;Buquirinha;-23,111;-45,913;2018-02-05 03:10:00.0;0,2
SÃO JOSÉ DOS CAMPOS;354990408A;SP;Buquirinha;-23,111;-45,913;2018-02-05 04:10:00.0;0,0
SÃO JOSÉ DOS CAMPOS;354990408A;SP;Buquirinha;-23,111;-45,913;2018-02-05 04:20:00.0;0,2
SÃO JOSÉ DOS CAMPOS;354990408A;SP;Buquirinha;-23,111;-45,913;2018-02-05 05:10:00.0;0,0
SÃO JOSÉ DOS CAMPOS;354990408A;SP;Buquirinha;-23,111;-45,913;2018-02-05 05:50:00.0;0,2
SÃO JOSÉ DOS CAMPOS;354990408A;SP;Buquirinha;-23,111;-45,913;2018-02-05 06:10:00.0;0,0
SÃO JOSÉ DOS CAMPOS;354990408A;SP;Buquirinha;-23,111;-45,913;2018-02-05 07:10:00.0;0,2
SÃO JOSÉ DOS CAMPOS;354990408A;SP;Buquirinha;-23,111;-45,913;2018-02-05 08:10:00.0;0,0
SÃO JOSÉ DOS CAMPOS;354990408A;SP;Buquirinha;-23,111;-45,913;2018-02-05 08:50:00.0;0,2
SÃO JOSÉ DOS CAMPOS;354990408A;SP;Buquirinha;-23,111;-45,913;2018-02-05 09:10:00.0;0,0
SÃO JOSÉ DOS CAMPOS;354990408A;SP;Buquirinha;-23,111;-45,913;2018-02-05 10:10:00.0;0,0
SÃO JOSÉ DOS CAMPOS;354990408A;SP;Buquirinha;-23,111;-45,913;2018-02-05 10:20:00.0;0,2
SÃO JOSÉ DOS CAMPOS;354990408A;SP;Buquirinha;-23,111;-45,913;2018-02-05 11:10:00.0;0,0
SÃO JOSÉ DOS CAMPOS;354990408A;SP;Buquirinha;-23,111;-45,913;2018-02-05 11:50:00.0;0,2
SÃO JOSÉ DOS CAMPOS;354990408A;SP;Buquirinha;-23,111;-45,913;2018-02-05 12:10:00.0;0,0
SÃO JOSÉ DOS CAMPOS;354990408A;SP;Buquirinha;-23,111;-45,913;2018-02-05 13:10:00.0;0,2
SÃO JOSÉ DOS CAMPOS;354990408A;SP;Buquirinha;-23,111;-45,913;2018-02-05 14:10:00.0;0,0
SÃO JOSÉ DOS CAMPOS;354990408A;SP;Buquirinha;-23,111;-45,913;2018-02-05 14:30:00.0;0,2
SÃO JOSÉ DOS CAMPOS;354990408A;SP;Buquirinha;-23,111;-45,913;2018-02-05 15:10:00.0;0,0
SÃO JOSÉ DOS CAMPOS;354990408A;SP;Buquirinha;-23,111;-45,913;2018-02-05 16:10:00.0;0,0
SÃO JOSÉ DOS CAMPOS;354990408A;SP;Buquirinha;-23,111;-45,913;2018-02-05 17:10:00.0;0,0
SÃO JOSÉ DOS CAMPOS;354990408A;SP;Buquirinha;-23,111;-45,913;2018-02-05 18:10:00.0;0,0
SÃO JOSÉ DOS CAMPOS;354990408A;SP;Buquirinha;-23,111;-45,913;2018-02-05 19:10:00.0;0,0
SÃO JOSÉ DOS CAMPOS;354990408A;SP;Buquirinha;-23,111;-45,913;2018-02-05 20:10:00.0;0,0
SÃO JOSÉ DOS CAMPOS;354990408A;SP;Buquirinha;-23,111;-45,913;2018-02-05 21:10:00.0;0,0
SÃO JOSÉ DOS CAMPOS;354990408A;SP;Buquirinha;-23,111;-45,913;2018-02-05 22:10:00.0;0,0
SÃO JOSÉ DOS CAMPOS;354990408A;SP;Buquirinha;-23,111;-45,913;2018-02-05 23:10:00.0;0,0
SÃO JOSÉ DOS CAMPOS;354990408A;SP;Buquirinha;-23,111;-45,913;2018-02-06 00:10:00.0;0,0
SÃO JOSÉ DOS CAMPOS;354990408A;SP;Buquirinha;-23,111;-45,913;2018-02-06 01:10:00.0;0,0
SÃO JOSÉ DOS CAMPOS;354990408A;SP;Buquirinha;-23,111;-45,913;2018-02-06 02:10:00.0;0,0
SÃO JOSÉ DOS CAMPOS;354990408A;SP;Buquirinha;-23,111;-45,913;2018-02-06 03:10:00.0;0,0
SÃO JOSÉ DOS CAMPOS;354990408A;SP;Buquirinha;-23,111;-45,913;2018-02-06 04:10:00.0;0,0
SÃO JOSÉ DOS CAMPOS;354990408A;SP;Buquirinha;-23,111;-45,913;2018-02-06 05:10:00.0;0,0
SÃO JOSÉ DOS CAMPOS;354990408A;SP;Buquirinha;-23,111;-45,913;2018-02-06 06:10:00.0;0,0
SÃO JOSÉ DOS CAMPOS;354990408A;SP;Buquirinha;-23,111;-45,913;2018-02-06 07:10:00.0;0,0
SÃO JOSÉ DOS CAMPOS;354990408A;SP;Buquirinha;-23,111;-45,913;2018-02-06 08:10:00.0;0,0
SÃO JOSÉ DOS CAMPOS;354990408A;SP;Buquirinha;-23,111;-45,913;2018-02-06 09:10:00.0;0,0
SÃO JOSÉ DOS CAMPOS;354990408A;SP;Buquirinha;-23,111;-45,913;2018-02-06 10:10:00.0;0,0
SÃO JOSÉ DOS CAMPOS;354990408A;SP;Buquirinha;-23,111;-45,913;2018-02-06 11:10:00.0;0,0
SÃO JOSÉ DOS CAMPOS;354990408A;SP;Buquirinha;-23,111;-45,913;2018-02-06 12:10:00.0;0,0
SÃO JOSÉ DOS CAMPOS;354990408A;SP;Buquirinha;-23,111;-45,913;2018-02-06 13:10:00.0;0,0
SÃO JOSÉ DOS CAMPOS;354990408A;SP;Buquirinha;-23,111;-45,913;2018-02-06 14:10:00.0;0,0
SÃO JOSÉ DOS CAMPOS;354990408A;SP;Buquirinha;-23,111;-45,913;2018-02-06 15:10:00.0;0,0
SÃO JOSÉ DOS CAMPOS;354990408A;SP;Buquirinha;-23,111;-45,913;2018-02-06 20:10:00.0;0,2
SÃO JOSÉ DOS CAMPOS;354990408A;SP;Buquirinha;-23,111;-45,913;2018-02-06 20:20:00.0;0,2
SÃO JOSÉ DOS CAMPOS;354990408A;SP;Buquirinha;-23,111;-45,913;2018-02-06 20:30:00.0;0,2
SÃO JOSÉ DOS CAMPOS;354990408A;SP;Buquirinha;-23,111;-45,913;2018-02-06 21:00:00.0;0,2
SÃO JOSÉ DOS CAMPOS;354990408A;SP;Buquirinha;-23,111;-45,913;2018-02-06 21:30:00.0;0,2
SÃO JOSÉ DOS CAMPOS;354990408A;SP;Buquirinha;-23,111;-45,913;2018-02-06 22:00:00.0;0,2
SÃO JOSÉ DOS CAMPOS;354990408A;SP;Buquirinha;-23,111;-45,913;2018-02-06 22:50:00.0;0,2
SÃO JOSÉ DOS CAMPOS;354990408A;SP;Buquirinha;-23,111;-45,913;2018-02-06 23:40:00.0;0,2
SÃO JOSÉ DOS CAMPOS;354990408A;SP;Buquirinha;-23,111;-45,913;2018-02-07 00:20:00.0;0,2
SÃO JOSÉ DOS CAMPOS;354990408A;SP;Buquirinha;-23,111;-45,913;2018-02-07 01:20:00.0;0,2
SÃO JOSÉ DOS CAMPOS;354990408A;SP;Buquirinha;-23,111;-45,913;2018-02-07 02:20:00.0;0,2
SÃO JOSÉ DOS CAMPOS;354990408A;SP;Buquirinha;-23,111;-45,913;2018-02-07 03:40:00.0;0,2
SÃO JOSÉ DOS CAMPOS;354990408A;SP;Buquirinha;-23,111;-45,913;2018-02-07 16:10:00.0;0,0
SÃO JOSÉ DOS CAMPOS;354990408A;SP;Buquirinha;-23,111;-45,913;2018-02-07 17:10:00.0;0,0
SÃO JOSÉ DOS CAMPOS;354990408A;SP;Buquirinha;-23,111;-45,913;2018-02-07 18:10:00.0;0,0
SÃO JOSÉ DOS CAMPOS;354990408A;SP;Buquirinha;-23,111;-45,913;2018-02-07 19:10:00.0;0,0
SÃO JOSÉ DOS CAMPOS;354990408A;SP;Buquirinha;-23,111;-45,913;2018-02-07 20:10:00.0;0,0
SÃO JOSÉ DOS CAMPOS;354990408A;SP;Buquirinha;-23,111;-45,913;2018-02-07 21:10:00.0;0,0
SÃO JOSÉ DOS CAMPOS;354990408A;SP;Buquirinha;-23,111;-45,913;2018-02-07 22:10:00.0;0,0
SÃO JOSÉ DOS CAMPOS;354990408A;SP;Buquirinha;-23,111;-45,913;2018-02-07 23:10:00.0;0,0
SÃO JOSÉ DOS CAMPOS;354990408A;SP;Buquirinha;-23,111;-45,913;2018-02-08 00:10:00.0;0,0
SÃO JOSÉ DOS CAMPOS;354990408A;SP;Buquirinha;-23,111;-45,913;2018-02-08 01:10:00.0;0,0
SÃO JOSÉ DOS CAMPOS;354990408A;SP;Buquirinha;-23,111;-45,913;2018-02-08 02:10:00.0;0,0
SÃO JOSÉ DOS CAMPOS;354990408A;SP;Buquirinha;-23,111;-45,913;2018-02-08 03:10:00.0;0,0
SÃO JOSÉ DOS CAMPOS;354990408A;SP;Buquirinha;-23,111;-45,913;2018-02-08 04:10:00.0;0,0
SÃO JOSÉ DOS CAMPOS;354990408A;SP;Buquirinha;-23,111;-45,913;2018-02-08 05:10:00.0;0,0
SÃO JOSÉ DOS CAMPOS;354990408A;SP;Buquirinha;-23,111;-45,913;2018-02-08 06:10:00.0;0,0
SÃO JOSÉ DOS CAMPOS;354990408A;SP;Buquirinha;-23,111;-45,913;2018-02-08 07:10:00.0;0,0
SÃO JOSÉ DOS CAMPOS;354990408A;SP;Buquirinha;-23,111;-45,913;2018-02-08 08:10:00.0;0,0
SÃO JOSÉ DOS CAMPOS;354990408A;SP;Buquirinha;-23,111;-45,913;2018-02-08 09:10:00.0;0,0
SÃO JOSÉ DOS CAMPOS;354990408A;SP;Buquirinha;-23,111;-45,913;2018-02-08 10:10:00.0;0,0
SÃO JOSÉ DOS CAMPOS;354990408A;SP;Buquirinha;-23,111;-45,913;2018-02-08 11:10:00.0;0,0
SÃO JOSÉ DOS CAMPOS;354990408A;SP;Buquirinha;-23,111;-45,913;2018-02-08 12:10:00.0;0,0
SÃO JOSÉ DOS CAMPOS;354990408A;SP;Buquirinha;-23,111;-45,913;2018-02-08 13:10:00.0;0,0
SÃO JOSÉ DOS CAMPOS;354990408A;SP;Buquirinha;-23,111;-45,913;2018-02-08 14:10:00.0;0,0
SÃO JOSÉ DOS CAMPOS;354990408A;SP;Buquirinha;-23,111;-45,913;2018-02-08 15:10:00.0;0,0
SÃO JOSÉ DOS CAMPOS;354990408A;SP;Buquirinha;-23,111;-45,913;2018-02-08 16:10:00.0;0,0
SÃO JOSÉ DOS CAMPOS;354990408A;SP;Buquirinha;-23,111;-45,913;2018-02-08 17:10:00.0;0,0
SÃO JOSÉ DOS CAMPOS;354990408A;SP;Buquirinha;-23,111;-45,913;2018-02-08 18:10:00.0;0,0
SÃO JOSÉ DOS CAMPOS;354990408A;SP;Buquirinha;-23,111;-45,913;2018-02-08 19:10:00.0;0,0
SÃO JOSÉ DOS CAMPOS;354990408A;SP;Buquirinha;-23,111;-45,913;2018-02-08 20:10:00.0;0,0
SÃO JOSÉ DOS CAMPOS;354990408A;SP;Buquirinha;-23,111;-45,913;2018-02-08 21:10:00.0;0,0
SÃO JOSÉ DOS CAMPOS;354990408A;SP;Buquirinha;-23,111;-45,913;2018-02-08 22:10:00.0;0,0
SÃO JOSÉ DOS CAMPOS;354990408A;SP;Buquirinha;-23,111;-45,913;2018-02-08 23:10:00.0;0,0
SÃO JOSÉ DOS CAMPOS;354990408A;SP;Buquirinha;-23,111;-45,913;2018-02-09 00:10:00.0;0,0
SÃO JOSÉ DOS CAMPOS;354990408A;SP;Buquirinha;-23,111;-45,913;2018-02-09 01:10:00.0;0,0
SÃO JOSÉ DOS CAMPOS;354990408A;SP;Buquirinha;-23,111;-45,913;2018-02-09 02:10:00.0;0,0
SÃO JOSÉ DOS CAMPOS;354990408A;SP;Buquirinha;-23,111;-45,913;2018-02-09 03:10:00.0;0,0
SÃO JOSÉ DOS CAMPOS;354990408A;SP;Buquirinha;-23,111;-45,913;2018-02-09 04:10:00.0;0,0
SÃO JOSÉ DOS CAMPOS;354990408A;SP;Buquirinha;-23,111;-45,913;2018-02-09 05:10:00.0;0,0
SÃO JOSÉ DOS CAMPOS;354990408A;SP;Buquirinha;-23,111;-45,913;2018-02-09 06:10:00.0;0,0
SÃO JOSÉ DOS CAMPOS;354990408A;SP;Buquirinha;-23,111;-45,913;2018-02-09 07:10:00.0;0,0
SÃO JOSÉ DOS CAMPOS;354990408A;SP;Buquirinha;-23,111;-45,913;2018-02-09 08:10:00.0;0,0
SÃO JOSÉ DOS CAMPOS;354990408A;SP;Buquirinha;-23,111;-45,913;2018-02-09 09:10:00.0;0,0
SÃO JOSÉ DOS CAMPOS;354990408A;SP;Buquirinha;-23,111;-45,913;2018-02-09 10:10:00.0;0,0
SÃO JOSÉ DOS CAMPOS;354990408A;SP;Buquirinha;-23,111;-45,913;2018-02-09 11:10:00.0;0,0
SÃO JOSÉ DOS CAMPOS;354990408A;SP;Buquirinha;-23,111;-45,913;2018-02-09 12:10:00.0;0,0
SÃO JOSÉ DOS CAMPOS;354990408A;SP;Buquirinha;-23,111;-45,913;2018-02-09 13:10:00.0;0,0
SÃO JOSÉ DOS CAMPOS;354990408A;SP;Buquirinha;-23,111;-45,913;2018-02-09 14:10:00.0;0,0
SÃO JOSÉ DOS CAMPOS;354990408A;SP;Buquirinha;-23,111;-45,913;2018-02-09 15:10:00.0;0,0
SÃO JOSÉ DOS CAMPOS;354990408A;SP;Buquirinha;-23,111;-45,913;2018-02-09 16:10:00.0;0,0
SÃO JOSÉ DOS CAMPOS;354990408A;SP;Buquirinha;-23,111;-45,913;2018-02-09 17:10:00.0;0,0
SÃO JOSÉ DOS CAMPOS;354990408A;SP;Buquirinha;-23,111;-45,913;2018-02-09 18:10:00.0;0,0
SÃO JOSÉ DOS CAMPOS;354990408A;SP;Buquirinha;-23,111;-45,913;2018-02-09 19:10:00.0;0,0
SÃO JOSÉ DOS CAMPOS;354990408A;SP;Buquirinha;-23,111;-45,913;2018-02-09 20:10:00.0;0,0
SÃO JOSÉ DOS CAMPOS;354990408A;SP;Buquirinha;-23,111;-45,913;2018-02-09 21:10:00.0;0,0
SÃO JOSÉ DOS CAMPOS;354990408A;SP;Buquirinha;-23,111;-45,913;2018-02-09 22:10:00.0;0,0
SÃO JOSÉ DOS CAMPOS;354990408A;SP;Buquirinha;-23,111;-45,913;2018-02-09 23:10:00.0;0,0
SÃO JOSÉ DOS CAMPOS;354990408A;SP;Buquirinha;-23,111;-45,913;2018-02-10 00:10:00.0;0,0
SÃO JOSÉ DOS CAMPOS;354990408A;SP;Buquirinha;-23,111;-45,913;2018-02-10 01:10:00.0;0,0
SÃO JOSÉ DOS CAMPOS;354990408A;SP;Buquirinha;-23,111;-45,913;2018-02-10 02:10:00.0;0,0
SÃO JOSÉ DOS CAMPOS;354990408A;SP;Buquirinha;-23,111;-45,913;2018-02-10 03:10:00.0;0,0
SÃO JOSÉ DOS CAMPOS;354990408A;SP;Buquirinha;-23,111;-45,913;2018-02-10 04:10:00.0;0,0
SÃO JOSÉ DOS CAMPOS;354990408A;SP;Buquirinha;-23,111;-45,913;2018-02-10 05:10:00.0;0,0
SÃO JOSÉ DOS CAMPOS;354990408A;SP;Buquirinha;-23,111;-45,913;2018-02-10 06:10:00.0;0,0
SÃO JOSÉ DOS CAMPOS;354990408A;SP;Buquirinha;-23,111;-45,913;2018-02-10 07:10:00.0;0,0
SÃO JOSÉ DOS CAMPOS;354990408A;SP;Buquirinha;-23,111;-45,913;2018-02-10 08:10:00.0;0,0
SÃO JOSÉ DOS CAMPOS;354990408A;SP;Buquirinha;-23,111;-45,913;2018-02-10 09:10:00.0;0,0
SÃO JOSÉ DOS CAMPOS;354990408A;SP;Buquirinha;-23,111;-45,913;2018-02-10 10:10:00.0;0,0
SÃO JOSÉ DOS CAMPOS;354990408A;SP;Buquirinha;-23,111;-45,913;2018-02-10 11:10:00.0;0,0
SÃO JOSÉ DOS CAMPOS;354990408A;SP;Buquirinha;-23,111;-45,913;2018-02-10 12:10:00.0;0,0
SÃO JOSÉ DOS CAMPOS;354990408A;SP;Buquirinha;-23,111;-45,913;2018-02-10 13:10:00.0;0,0
SÃO JOSÉ DOS CAMPOS;354990408A;SP;Buquirinha;-23,111;-45,913;2018-02-10 14:10:00.0;0,0
SÃO JOSÉ DOS CAMPOS;354990408A;SP;Buquirinha;-23,111;-45,913;2018-02-10 15:10:00.0;0,0
SÃO JOSÉ DOS CAMPOS;354990408A;SP;Buquirinha;-23,111;-45,913;2018-02-10 16:10:00.0;0,59
SÃO JOSÉ DOS CAMPOS;354990408A;SP;Buquirinha;-23,111;-45,913;2018-02-10 16:20:00.0;0,59
SÃO JOSÉ DOS CAMPOS;354990408A;SP;Buquirinha;-23,111;-45,913;2018-02-10 16:30:00.0;0,2
SÃO JOSÉ DOS CAMPOS;354990408A;SP;Buquirinha;-23,111;-45,913;2018-02-10 16:40:00.0;0,2
SÃO JOSÉ DOS CAMPOS;354990408A;SP;Buquirinha;-23,111;-45,913;2018-02-10 17:00:00.0;0,2
SÃO JOSÉ DOS CAMPOS;354990408A;SP;Buquirinha;-23,111;-45,913;2018-02-10 17:10:00.0;0,0
SÃO JOSÉ DOS CAMPOS;354990408A;SP;Buquirinha;-23,111;-45,913;2018-02-10 17:30:00.0;0,2
SÃO JOSÉ DOS CAMPOS;354990408A;SP;Buquirinha;-23,111;-45,913;2018-02-10 17:40:00.0;0,2
SÃO JOSÉ DOS CAMPOS;354990408A;SP;Buquirinha;-23,111;-45,913;2018-02-10 17:50:00.0;0,2
SÃO JOSÉ DOS CAMPOS;354990408A;SP;Buquirinha;-23,111;-45,913;2018-02-10 18:00:00.0;0,2
SÃO JOSÉ DOS CAMPOS;354990408A;SP;Buquirinha;-23,111;-45,913;2018-02-10 18:10:00.0;0,2
SÃO JOSÉ DOS CAMPOS;354990408A;SP;Buquirinha;-23,111;-45,913;2018-02-10 18:20:00.0;0,2
SÃO JOSÉ DOS CAMPOS;354990408A;SP;Buquirinha;-23,111;-45,913;2018-02-10 18:40:00.0;0,2
SÃO JOSÉ DOS CAMPOS;354990408A;SP;Buquirinha;-23,111;-45,913;2018-02-10 18:50:00.0;0,2
SÃO JOSÉ DOS CAMPOS;354990408A;SP;Buquirinha;-23,111;-45,913;2018-02-10 19:20:00.0;0,2
SÃO JOSÉ DOS CAMPOS;354990408A;SP;Buquirinha;-23,111;-45,913;2018-02-10 19:40:00.0;0,2
SÃO JOSÉ DOS CAMPOS;354990408A;SP;Buquirinha;-23,111;-45,913;2018-02-10 20:00:00.0;0,2
SÃO JOSÉ DOS CAMPOS;354990408A;SP;Buquirinha;-23,111;-45,913;2018-02-10 20:20:00.0;0,0
SÃO JOSÉ DOS CAMPOS;354990408A;SP;Buquirinha;-23,111;-45,913;2018-02-10 21:10:00.0;0,0
SÃO JOSÉ DOS CAMPOS;354990408A;SP;Buquirinha;-23,111;-45,913;2018-02-10 21:30:00.0;0,2
SÃO JOSÉ DOS CAMPOS;354990408A;SP;Buquirinha;-23,111;-45,913;2018-02-10 22:10:00.0;0,2
SÃO JOSÉ DOS CAMPOS;354990408A;SP;Buquirinha;-23,111;-45,913;2018-02-10 23:10:00.0;0,0
SÃO JOSÉ DOS CAMPOS;354990408A;SP;Buquirinha;-23,111;-45,913;2018-02-11 00:10:00.0;0,0
SÃO JOSÉ DOS CAMPOS;354990408A;SP;Buquirinha;-23,111;-45,913;2018-02-11 01:10:00.0;0,0
SÃO JOSÉ DOS CAMPOS;354990408A;SP;Buquirinha;-23,111;-45,913;2018-02-11 02:10:00.0;0,0
SÃO JOSÉ DOS CAMPOS;354990408A;SP;Buquirinha;-23,111;-45,913;2018-02-11 03:10:00.0;0,0
SÃO JOSÉ DOS CAMPOS;354990408A;SP;Buquirinha;-23,111;-45,913;2018-02-11 04:10:00.0;0,0
SÃO JOSÉ DOS CAMPOS;354990408A;SP;Buquirinha;-23,111;-45,913;2018-02-11 05:10:00.0;0,0
SÃO JOSÉ DOS CAMPOS;354990408A;SP;Buquirinha;-23,111;-45,913;2018-02-11 06:10:00.0;0,0
SÃO JOSÉ DOS CAMPOS;354990408A;SP;Buquirinha;-23,111;-45,913;2018-02-11 07:10:00.0;0,0
SÃO JOSÉ DOS CAMPOS;354990408A;SP;Buquirinha;-23,111;-45,913;2018-02-11 08:10:00.0;0,0
SÃO JOSÉ DOS CAMPOS;354990408A;SP;Buquirinha;-23,111;-45,913;2018-02-11 09:10:00.0;0,0
SÃO JOSÉ DOS CAMPOS;354990408A;SP;Buquirinha;-23,111;-45,913;2018-02-11 10:10:00.0;0,0
SÃO JOSÉ DOS CAMPOS;354990408A;SP;Buquirinha;-23,111;-45,913;2018-02-11 11:10:00.0;0,0
SÃO JOSÉ DOS CAMPOS;354990408A;SP;Buquirinha;-23,111;-45,913;2018-02-11 12:10:00.0;0,0
SÃO JOSÉ DOS CAMPOS;354990408A;SP;Buquirinha;-23,111;-45,913;2018-02-11 13:10:00.0;0,0
SÃO JOSÉ DOS CAMPOS;354990408A;SP;Buquirinha;-23,111;-45,913;2018-02-11 14:10:00.0;0,0
SÃO JOSÉ DOS CAMPOS;354990408A;SP;Buquirinha;-23,111;-45,913;2018-02-11 15:10:00.0;0,0
SÃO JOSÉ DOS CAMPOS;354990408A;SP;Buquirinha;-23,111;-45,913;2018-02-11 16:10:00.0;0,0
SÃO JOSÉ DOS CAMPOS;354990408A;SP;Buquirinha;-23,111;-45,913;2018-02-11 17:10:00.0;0,0
SÃO JOSÉ DOS CAMPOS;354990408A;SP;Buquirinha;-23,111;-45,913;2018-02-11 18:10:00.0;0,0
SÃO JOSÉ DOS CAMPOS;354990408A;SP;Buquirinha;-23,111;-45,913;2018-02-11 19:10:00.0;0,0
SÃO JOSÉ DOS CAMPOS;354990408A;SP;Buquirinha;-23,111;-45,913;2018-02-11 20:10:00.0;0,0
SÃO JOSÉ DOS CAMPOS;354990408A;SP;Buquirinha;-23,111;-45,913;2018-02-11 21:10:00.0;0,0
SÃO JOSÉ DOS CAMPOS;354990408A;SP;Buquirinha;-23,111;-45,913;2018-02-11 22:10:00.0;0,0
SÃO JOSÉ DOS CAMPOS;354990408A;SP;Buquirinha;-23,111;-45,913;2018-02-11 23:10:00.0;0,0
SÃO JOSÉ DOS CAMPOS;354990408A;SP;Buquirinha;-23,111;-45,913;2018-02-12 00:10:00.0;0,0
SÃO JOSÉ DOS CAMPOS;354990408A;SP;Buquirinha;-23,111;-45,913;2018-02-12 01:10:00.0;0,0
SÃO JOSÉ DOS CAMPOS;354990408A;SP;Buquirinha;-23,111;-45,913;2018-02-12 02:10:00.0;0,0
SÃO JOSÉ DOS CAMPOS;354990408A;SP;Buquirinha;-23,111;-45,913;2018-02-12 03:10:00.0;0,0
SÃO JOSÉ DOS CAMPOS;354990408A;SP;Buquirinha;-23,111;-45,913;2018-02-12 04:10:00.0;0,0
SÃO JOSÉ DOS CAMPOS;354990408A;SP;Buquirinha;-23,111;-45,913;2018-02-12 05:10:00.0;0,0
SÃO JOSÉ DOS CAMPOS;354990408A;SP;Buquirinha;-23,111;-45,913;2018-02-12 06:10:00.0;0,0
SÃO JOSÉ DOS CAMPOS;354990408A;SP;Buquirinha;-23,111;-45,913;2018-02-12 07:10:00.0;0,0
SÃO JOSÉ DOS CAMPOS;354990408A;SP;Buquirinha;-23,111;-45,913;2018-02-12 08:10:00.0;0,0
SÃO JOSÉ DOS CAMPOS;354990408A;SP;Buquirinha;-23,111;-45,913;2018-02-12 09:10:00.0;0,0
SÃO JOSÉ DOS CAMPOS;354990408A;SP;Buquirinha;-23,111;-45,913;2018-02-12 10:10:00.0;0,0
SÃO JOSÉ DOS CAMPOS;354990408A;SP;Buquirinha;-23,111;-45,913;2018-02-12 11:10:00.0;0,0
SÃO JOSÉ DOS CAMPOS;354990408A;SP;Buquirinha;-23,111;-45,913;2018-02-12 12:10:00.0;0,0
SÃO JOSÉ DOS CAMPOS;354990408A;SP;Buquirinha;-23,111;-45,913;2018-02-12 13:10:00.0;0,0
SÃO JOSÉ DOS CAMPOS;354990408A;SP;Buquirinha;-23,111;-45,913;2018-02-12 14:10:00.0;0,0
SÃO JOSÉ DOS CAMPOS;354990408A;SP;Buquirinha;-23,111;-45,913;2018-02-12 15:10:00.0;0,0
SÃO JOSÉ DOS CAMPOS;354990408A;SP;Buquirinha;-23,111;-45,913;2018-02-12 16:10:00.0;0,0
SÃO JOSÉ DOS CAMPOS;354990408A;SP;Buquirinha;-23,111;-45,913;2018-02-12 17:10:00.0;0,0
SÃO JOSÉ DOS CAMPOS;354990408A;SP;Buquirinha;-23,111;-45,913;2018-02-12 18:10:00.0;0,0
SÃO JOSÉ DOS CAMPOS;354990408A;SP;Buquirinha;-23,111;-45,913;2018-02-12 19:10:00.0;0,0
SÃO JOSÉ DOS CAMPOS;354990408A;SP;Buquirinha;-23,111;-45,913;2018-02-12 20:10:00.0;0,0
SÃO JOSÉ DOS CAMPOS;354990408A;SP;Buquirinha;-23,111;-45,913;2018-02-12 20:20:00.0;0,39
SÃO JOSÉ DOS CAMPOS;354990408A;SP;Buquirinha;-23,111;-45,913;2018-02-12 20:30:00.0;0,39
SÃO JOSÉ DOS CAMPOS;354990408A;SP;Buquirinha;-23,111;-45,913;2018-02-12 20:40:00.0;0,39
SÃO JOSÉ DOS CAMPOS;354990408A;SP;Buquirinha;-23,111;-45,913;2018-02-12 20:50:00.0;0,2
SÃO JOSÉ DOS CAMPOS;354990408A;SP;Buquirinha;-23,111;-45,913;2018-02-12 21:00:00.0;0,2
SÃO JOSÉ DOS CAMPOS;354990408A;SP;Buquirinha;-23,111;-45,913;2018-02-12 21:10:00.0;0,2
SÃO JOSÉ DOS CAMPOS;354990408A;SP;Buquirinha;-23,111;-45,913;2018-02-12 21:20:00.0;0,2
SÃO JOSÉ DOS CAMPOS;354990408A;SP;Buquirinha;-23,111;-45,913;2018-02-12 21:40:00.0;0,2
SÃO JOSÉ DOS CAMPOS;354990408A;SP;Buquirinha;-23,111;-45,913;2018-02-12 21:50:00.0;0,2
SÃO JOSÉ DOS CAMPOS;354990408A;SP;Buquirinha;-23,111;-45,913;2018-02-12 22:10:00.0;0,2
SÃO JOSÉ DOS CAMPOS;354990408A;SP;Buquirinha;-23,111;-45,913;2018-02-12 22:20:00.0;0,2
SÃO JOSÉ DOS CAMPOS;354990408A;SP;Buquirinha;-23,111;-45,913;2018-02-12 22:40:00.0;0,2
SÃO JOSÉ DOS CAMPOS;354990408A;SP;Buquirinha;-23,111;-45,913;2018-02-12 22:50:00.0;0,2
SÃO JOSÉ DOS CAMPOS;354990408A;SP;Buquirinha;-23,111;-45,913;2018-02-12 23:10:00.0;0,2
SÃO JOSÉ DOS CAMPOS;354990408A;SP;Buquirinha;-23,111;-45,913;2018-02-12 23:20:00.0;0,2
SÃO JOSÉ DOS CAMPOS;354990408A;SP;Buquirinha;-23,111;-45,913;2018-02-12 23:40:00.0;0,2
SÃO JOSÉ DOS CAMPOS;354990408A;SP;Buquirinha;-23,111;-45,913;2018-02-12 23:50:00.0;0,2
SÃO JOSÉ DOS CAMPOS;354990408A;SP;Buquirinha;-23,111;-45,913;2018-02-13 00:00:00.0;0,2
SÃO JOSÉ DOS CAMPOS;354990408A;SP;Buquirinha;-23,111;-45,913;2018-02-13 00:20:00.0;0,2
SÃO JOSÉ DOS CAMPOS;354990408A;SP;Buquirinha;-23,111;-45,913;2018-02-13 00:40:00.0;0,2
SÃO JOSÉ DOS CAMPOS;354990408A;SP;Buquirinha;-23,111;-45,913;2018-02-13 01:00:00.0;0,2
SÃO JOSÉ DOS CAMPOS;354990408A;SP;Buquirinha;-23,111;-45,913;2018-02-13 01:10:00.0;0,0
SÃO JOSÉ DOS CAMPOS;354990408A;SP;Buquirinha;-23,111;-45,913;2018-02-13 01:30:00.0;0,2
SÃO JOSÉ DOS CAMPOS;354990408A;SP;Buquirinha;-23,111;-45,913;2018-02-13 01:50:00.0;0,2
SÃO JOSÉ DOS CAMPOS;354990408A;SP;Buquirinha;-23,111;-45,913;2018-02-13 02:10:00.0;0,2
SÃO JOSÉ DOS CAMPOS;354990408A;SP;Buquirinha;-23,111;-45,913;2018-02-13 02:30:00.0;0,2
SÃO JOSÉ DOS CAMPOS;354990408A;SP;Buquirinha;-23,111;-45,913;2018-02-13 03:00:00.0;0,2
SÃO JOSÉ DOS CAMPOS;354990408A;SP;Buquirinha;-23,111;-45,913;2018-02-13 03:20:00.0;0,2
SÃO JOSÉ DOS CAMPOS;354990408A;SP;Buquirinha;-23,111;-45,913;2018-02-13 03:50:00.0;0,2
SÃO JOSÉ DOS CAMPOS;354990408A;SP;Buquirinha;-23,111;-45,913;2018-02-13 04:10:00.0;0,2
SÃO JOSÉ DOS CAMPOS;354990408A;SP;Buquirinha;-23,111;-45,913;2018-02-13 04:40:00.0;0,2
SÃO JOSÉ DOS CAMPOS;354990408A;SP;Buquirinha;-23,111;-45,913;2018-02-13 05:00:00.0;0,2
SÃO JOSÉ DOS CAMPOS;354990408A;SP;Buquirinha;-23,111;-45,913;2018-02-13 05:10:00.0;0,0
SÃO JOSÉ DOS CAMPOS;354990408A;SP;Buquirinha;-23,111;-45,913;2018-02-13 05:30:00.0;0,2
SÃO JOSÉ DOS CAMPOS;354990408A;SP;Buquirinha;-23,111;-45,913;2018-02-13 05:50:00.0;0,2
SÃO JOSÉ DOS CAMPOS;354990408A;SP;Buquirinha;-23,111;-45,913;2018-02-13 06:10:00.0;0,2
SÃO JOSÉ DOS CAMPOS;354990408A;SP;Buquirinha;-23,111;-45,913;2018-02-13 06:40:00.0;0,2
SÃO JOSÉ DOS CAMPOS;354990408A;SP;Buquirinha;-23,111;-45,913;2018-02-13 07:00:00.0;0,2
SÃO JOSÉ DOS CAMPOS;354990408A;SP;Buquirinha;-23,111;-45,913;2018-02-13 07:10:00.0;0,0
SÃO JOSÉ DOS CAMPOS;354990408A;SP;Buquirinha;-23,111;-45,913;2018-02-13 07:20:00.0;0,2
SÃO JOSÉ DOS CAMPOS;354990408A;SP;Buquirinha;-23,111;-45,913;2018-02-13 07:40:00.0;0,2
SÃO JOSÉ DOS CAMPOS;354990408A;SP;Buquirinha;-23,111;-45,913;2018-02-13 08:00:00.0;0,2
SÃO JOSÉ DOS CAMPOS;354990408A;SP;Buquirinha;-23,111;-45,913;2018-02-13 08:10:00.0;0,0
SÃO JOSÉ DOS CAMPOS;354990408A;SP;Buquirinha;-23,111;-45,913;2018-02-13 08:30:00.0;0,2
SÃO JOSÉ DOS CAMPOS;354990408A;SP;Buquirinha;-23,111;-45,913;2018-02-13 08:50:00.0;0,2
SÃO JOSÉ DOS CAMPOS;354990408A;SP;Buquirinha;-23,111;-45,913;2018-02-13 09:10:00.0;0,2
SÃO JOSÉ DOS CAMPOS;354990408A;SP;Buquirinha;-23,111;-45,913;2018-02-13 09:40:00.0;0,2
SÃO JOSÉ DOS CAMPOS;354990408A;SP;Buquirinha;-23,111;-45,913;2018-02-13 10:00:00.0;0,2
SÃO JOSÉ DOS CAMPOS;354990408A;SP;Buquirinha;-23,111;-45,913;2018-02-13 10:10:00.0;0,0
SÃO JOSÉ DOS CAMPOS;354990408A;SP;Buquirinha;-23,111;-45,913;2018-02-13 10:30:00.0;0,2
SÃO JOSÉ DOS CAMPOS;354990408A;SP;Buquirinha;-23,111;-45,913;2018-02-13 11:00:00.0;0,2
SÃO JOSÉ DOS CAMPOS;354990408A;SP;Buquirinha;-23,111;-45,913;2018-02-13 11:10:00.0;0,0
SÃO JOSÉ DOS CAMPOS;354990408A;SP;Buquirinha;-23,111;-45,913;2018-02-13 11:30:00.0;0,2
SÃO JOSÉ DOS CAMPOS;354990408A;SP;Buquirinha;-23,111;-45,913;2018-02-13 12:00:00.0;0,2
SÃO JOSÉ DOS CAMPOS;354990408A;SP;Buquirinha;-23,111;-45,913;2018-02-13 12:10:00.0;0,0
SÃO JOSÉ DOS CAMPOS;354990408A;SP;Buquirinha;-23,111;-45,913;2018-02-13 12:30:00.0;0,2
SÃO JOSÉ DOS CAMPOS;354990408A;SP;Buquirinha;-23,111;-45,913;2018-02-13 13:00:00.0;0,2
SÃO JOSÉ DOS CAMPOS;354990408A;SP;Buquirinha;-23,111;-45,913;2018-02-13 13:10:00.0;0,0
SÃO JOSÉ DOS CAMPOS;354990408A;SP;Buquirinha;-23,111;-45,913;2018-02-13 13:40:00.0;0,2
SÃO JOSÉ DOS CAMPOS;354990408A;SP;Buquirinha;-23,111;-45,913;2018-02-13 14:00:00.0;0,2
SÃO JOSÉ DOS CAMPOS;354990408A;SP;Buquirinha;-23,111;-45,913;2018-02-13 14:10:00.0;0,0
SÃO JOSÉ DOS CAMPOS;354990408A;SP;Buquirinha;-23,111;-45,913;2018-02-13 14:40:00.0;0,2
SÃO JOSÉ DOS CAMPOS;354990408A;SP;Buquirinha;-23,111;-45,913;2018-02-13 15:10:00.0;0,2
SÃO JOSÉ DOS CAMPOS;354990408A;SP;Buquirinha;-23,111;-45,913;2018-02-13 15:50:00.0;0,2
SÃO JOSÉ DOS CAMPOS;354990408A;SP;Buquirinha;-23,111;-45,913;2018-02-13 16:10:00.0;0,0
SÃO JOSÉ DOS CAMPOS;354990408A;SP;Buquirinha;-23,111;-45,913;2018-02-13 16:30:00.0;0,2
SÃO JOSÉ DOS CAMPOS;354990408A;SP;Buquirinha;-23,111;-45,913;2018-02-13 17:10:00.0;0,2
SÃO JOSÉ DOS CAMPOS;354990408A;SP;Buquirinha;-23,111;-45,913;2018-02-13 17:50:00.0;0,2
SÃO JOSÉ DOS CAMPOS;354990408A;SP;Buquirinha;-23,111;-45,913;2018-02-13 18:10:00.0;0,0
SÃO JOSÉ DOS CAMPOS;354990408A;SP;Buquirinha;-23,111;-45,913;2018-02-13 18:30:00.0;0,2
SÃO JOSÉ DOS CAMPOS;354990408A;SP;Buquirinha;-23,111;-45,913;2018-02-13 19:00:00.0;0,2
SÃO JOSÉ DOS CAMPOS;354990408A;SP;Buquirinha;-23,111;-45,913;2018-02-13 19:10:00.0;0,0
SÃO JOSÉ DOS CAMPOS;354990408A;SP;Buquirinha;-23,111;-45,913;2018-02-13 19:30:00.0;0,2
SÃO JOSÉ DOS CAMPOS;354990408A;SP;Buquirinha;-23,111;-45,913;2018-02-13 20:00:00.0;0,2
SÃO JOSÉ DOS CAMPOS;354990408A;SP;Buquirinha;-23,111;-45,913;2018-02-13 20:10:00.0;0,0
SÃO JOSÉ DOS CAMPOS;354990408A;SP;Buquirinha;-23,111;-45,913;2018-02-13 20:40:00.0;0,2
SÃO JOSÉ DOS CAMPOS;354990408A;SP;Buquirinha;-23,111;-45,913;2018-02-13 21:10:00.0;0,2
SÃO JOSÉ DOS CAMPOS;354990408A;SP;Buquirinha;-23,111;-45,913;2018-02-13 21:40:00.0;0,2
SÃO JOSÉ DOS CAMPOS;354990408A;SP;Buquirinha;-23,111;-45,913;2018-02-13 22:10:00.0;0,2
SÃO JOSÉ DOS CAMPOS;354990408A;SP;Buquirinha;-23,111;-45,913;2018-02-13 22:40:00.0;0,2
SÃO JOSÉ DOS CAMPOS;354990408A;SP;Buquirinha;-23,111;-45,913;2018-02-13 23:10:00.0;0,2
SÃO JOSÉ DOS CAMPOS;354990408A;SP;Buquirinha;-23,111;-45,913;2018-02-13 23:40:00.0;0,2
SÃO JOSÉ DOS CAMPOS;354990408A;SP;Buquirinha;-23,111;-45,913;2018-02-14 00:10:00.0;0,2
SÃO JOSÉ DOS CAMPOS;354990408A;SP;Buquirinha;-23,111;-45,913;2018-02-14 00:50:00.0;0,2
SÃO JOSÉ DOS CAMPOS;354990408A;SP;Buquirinha;-23,111;-45,913;2018-02-14 01:10:00.0;0,0
SÃO JOSÉ DOS CAMPOS;354990408A;SP;Buquirinha;-23,111;-45,913;2018-02-14 01:20:00.0;0,2
SÃO JOSÉ DOS CAMPOS;354990408A;SP;Buquirinha;-23,111;-45,913;2018-02-14 01:50:00.0;0,2
SÃO JOSÉ DOS CAMPOS;354990408A;SP;Buquirinha;-23,111;-45,913;2018-02-14 02:10:00.0;0,0
SÃO JOSÉ DOS CAMPOS;354990408A;SP;Buquirinha;-23,111;-45,913;2018-02-14 02:20:00.0;0,2
SÃO JOSÉ DOS CAMPOS;354990408A;SP;Buquirinha;-23,111;-45,913;2018-02-14 02:50:00.0;0,2
SÃO JOSÉ DOS CAMPOS;354990408A;SP;Buquirinha;-23,111;-45,913;2018-02-14 03:10:00.0;0,0
SÃO JOSÉ DOS CAMPOS;354990408A;SP;Buquirinha;-23,111;-45,913;2018-02-14 03:20:00.0;0,2
SÃO JOSÉ DOS CAMPOS;354990408A;SP;Buquirinha;-23,111;-45,913;2018-02-14 03:50:00.0;0,2
SÃO JOSÉ DOS CAMPOS;354990408A;SP;Buquirinha;-23,111;-45,913;2018-02-14 04:10:00.0;0,2
SÃO JOSÉ DOS CAMPOS;354990408A;SP;Buquirinha;-23,111;-45,913;2018-02-14 04:40:00.0;0,2
SÃO JOSÉ DOS CAMPOS;354990408A;SP;Buquirinha;-23,111;-45,913;2018-02-14 05:10:00.0;0,2
SÃO JOSÉ DOS CAMPOS;354990408A;SP;Buquirinha;-23,111;-45,913;2018-02-14 05:40:00.0;0,2
SÃO JOSÉ DOS CAMPOS;354990408A;SP;Buquirinha;-23,111;-45,913;2018-02-14 06:00:00.0;0,2
SÃO JOSÉ DOS CAMPOS;354990408A;SP;Buquirinha;-23,111;-45,913;2018-02-14 06:10:00.0;0,0
SÃO JOSÉ DOS CAMPOS;354990408A;SP;Buquirinha;-23,111;-45,913;2018-02-14 06:30:00.0;0,2
SÃO JOSÉ DOS CAMPOS;354990408A;SP;Buquirinha;-23,111;-45,913;2018-02-14 06:50:00.0;0,2
SÃO JOSÉ DOS CAMPOS;354990408A;SP;Buquirinha;-23,111;-45,913;2018-02-14 07:10:00.0;0,0
SÃO JOSÉ DOS CAMPOS;354990408A;SP;Buquirinha;-23,111;-45,913;2018-02-14 07:20:00.0;0,2
SÃO JOSÉ DOS CAMPOS;354990408A;SP;Buquirinha;-23,111;-45,913;2018-02-14 07:40:00.0;0,2
SÃO JOSÉ DOS CAMPOS;354990408A;SP;Buquirinha;-23,111;-45,913;2018-02-14 08:00:00.0;0,2
SÃO JOSÉ DOS CAMPOS;354990408A;SP;Buquirinha;-23,111;-45,913;2018-02-14 08:10:00.0;0,0
SÃO JOSÉ DOS CAMPOS;354990408A;SP;Buquirinha;-23,111;-45,913;2018-02-14 08:20:00.0;0,2
SÃO JOSÉ DOS CAMPOS;354990408A;SP;Buquirinha;-23,111;-45,913;2018-02-14 08:50:00.0;0,2
SÃO JOSÉ DOS CAMPOS;354990408A;SP;Buquirinha;-23,111;-45,913;2018-02-14 09:10:00.0;0,2
SÃO JOSÉ DOS CAMPOS;354990408A;SP;Buquirinha;-23,111;-45,913;2018-02-14 09:30:00.0;0,2
SÃO JOSÉ DOS CAMPOS;354990408A;SP;Buquirinha;-23,111;-45,913;2018-02-14 10:00:00.0;0,2
SÃO JOSÉ DOS CAMPOS;354990408A;SP;Buquirinha;-23,111;-45,913;2018-02-14 10:10:00.0;0,0
SÃO JOSÉ DOS CAMPOS;354990408A;SP;Buquirinha;-23,111;-45,913;2018-02-14 10:20:00.0;0,2
SÃO JOSÉ DOS CAMPOS;354990408A;SP;Buquirinha;-23,111;-45,913;2018-02-14 10:40:00.0;0,2
SÃO JOSÉ DOS CAMPOS;354990408A;SP;Buquirinha;-23,111;-45,913;2018-02-14 11:10:00.0;0,2
SÃO JOSÉ DOS CAMPOS;354990408A;SP;Buquirinha;-23,111;-45,913;2018-02-14 11:30:00.0;0,2
SÃO JOSÉ DOS CAMPOS;354990408A;SP;Buquirinha;-23,111;-45,913;2018-02-14 12:00:00.0;0,2
SÃO JOSÉ DOS CAMPOS;354990408A;SP;Buquirinha;-23,111;-45,913;2018-02-14 12:20:00.0;0,2
SÃO JOSÉ DOS CAMPOS;354990408A;SP;Buquirinha;-23,111;-45,913;2018-02-14 12:40:00.0;0,2
SÃO JOSÉ DOS CAMPOS;354990408A;SP;Buquirinha;-23,111;-45,913;2018-02-14 13:00:00.0;0,2
SÃO JOSÉ DOS CAMPOS;354990408A;SP;Buquirinha;-23,111;-45,913;2018-02-14 13:10:00.0;0,0
SÃO JOSÉ DOS CAMPOS;354990408A;SP;Buquirinha;-23,111;-45,913;2018-02-14 13:20:00.0;0,2
SÃO JOSÉ DOS CAMPOS;354990408A;SP;Buquirinha;-23,111;-45,913;2018-02-14 13:50:00.0;0,2
SÃO JOSÉ DOS CAMPOS;354990408A;SP;Buquirinha;-23,111;-45,913;2018-02-14 14:10:00.0;0,2
SÃO JOSÉ DOS CAMPOS;354990408A;SP;Buquirinha;-23,111;-45,913;2018-02-14 14:40:00.0;0,2
SÃO JOSÉ DOS CAMPOS;354990408A;SP;Buquirinha;-23,111;-45,913;2018-02-14 15:10:00.0;0,2
SÃO JOSÉ DOS CAMPOS;354990408A;SP;Buquirinha;-23,111;-45,913;2018-02-14 15:40:00.0;0,2
SÃO JOSÉ DOS CAMPOS;354990408A;SP;Buquirinha;-23,111;-45,913;2018-02-14 16:10:00.0;0,2
SÃO JOSÉ DOS CAMPOS;354990408A;SP;Buquirinha;-23,111;-45,913;2018-02-14 16:50:00.0;0,2
SÃO JOSÉ DOS CAMPOS;354990408A;SP;Buquirinha;-23,111;-45,913;2018-02-14 17:10:00.0;0,0
SÃO JOSÉ DOS CAMPOS;354990408A;SP;Buquirinha;-23,111;-45,913;2018-02-14 17:30:00.0;0,2
SÃO JOSÉ DOS CAMPOS;354990408A;SP;Buquirinha;-23,111;-45,913;2018-02-14 18:10:00.0;0,2
SÃO JOSÉ DOS CAMPOS;354990408A;SP;Buquirinha;-23,111;-45,913;2018-02-14 19:00:00.0;0,2
SÃO JOSÉ DOS CAMPOS;354990408A;SP;Buquirinha;-23,111;-45,913;2018-02-14 19:10:00.0;0,0
SÃO JOSÉ DOS CAMPOS;354990408A;SP;Buquirinha;-23,111;-45,913;2018-02-14 19:40:00.0;0,2
SÃO JOSÉ DOS CAMPOS;354990408A;SP;Buquirinha;-23,111;-45,913;2018-02-14 20:10:00.0;0,0
SÃO JOSÉ DOS CAMPOS;354990408A;SP;Buquirinha;-23,111;-45,913;2018-02-14 20:30:00.0;0,2
SÃO JOSÉ DOS CAMPOS;354990408A;SP;Buquirinha;-23,111;-45,913;2018-02-14 21:10:00.0;0,2
SÃO JOSÉ DOS CAMPOS;354990408A;SP;Buquirinha;-23,111;-45,913;2018-02-14 22:00:00.0;0,2
SÃO JOSÉ DOS CAMPOS;354990408A;SP;Buquirinha;-23,111;-45,913;2018-02-14 22:10:00.0;0,0
SÃO JOSÉ DOS CAMPOS;354990408A;SP;Buquirinha;-23,111;-45,913;2018-02-14 22:40:00.0;0,2
SÃO JOSÉ DOS CAMPOS;354990408A;SP;Buquirinha;-23,111;-45,913;2018-02-14 23:10:00.0;0,0
SÃO JOSÉ DOS CAMPOS;354990408A;SP;Buquirinha;-23,111;-45,913;2018-02-14 23:30:00.0;0,2
SÃO JOSÉ DOS CAMPOS;354990408A;SP;Buquirinha;-23,111;-45,913;2018-02-15 00:10:00.0;0,2
SÃO JOSÉ DOS CAMPOS;354990408A;SP;Buquirinha;-23,111;-45,913;2018-02-15 01:00:00.0;0,2
SÃO JOSÉ DOS CAMPOS;354990408A;SP;Buquirinha;-23,111;-45,913;2018-02-15 01:10:00.0;0,0
SÃO JOSÉ DOS CAMPOS;354990408A;SP;Buquirinha;-23,111;-45,913;2018-02-15 01:40:00.0;0,2
SÃO JOSÉ DOS CAMPOS;354990408A;SP;Buquirinha;-23,111;-45,913;2018-02-15 02:10:00.0;0,0
SÃO JOSÉ DOS CAMPOS;354990408A;SP;Buquirinha;-23,111;-45,913;2018-02-15 02:30:00.0;0,2
SÃO JOSÉ DOS CAMPOS;354990408A;SP;Buquirinha;-23,111;-45,913;2018-02-15 03:10:00.0;0,2
SÃO JOSÉ DOS CAMPOS;354990408A;SP;Buquirinha;-23,111;-45,913;2018-02-15 04:00:00.0;0,2
SÃO JOSÉ DOS CAMPOS;354990408A;SP;Buquirinha;-23,111;-45,913;2018-02-15 04:10:00.0;0,0
SÃO JOSÉ DOS CAMPOS;354990408A;SP;Buquirinha;-23,111;-45,913;2018-02-15 04:50:00.0;0,2
SÃO JOSÉ DOS CAMPOS;354990408A;SP;Buquirinha;-23,111;-45,913;2018-02-15 05:10:00.0;0,0
SÃO JOSÉ DOS CAMPOS;354990408A;SP;Buquirinha;-23,111;-45,913;2018-02-15 05:30:00.0;0,2
SÃO JOSÉ DOS CAMPOS;354990408A;SP;Buquirinha;-23,111;-45,913;2018-02-15 06:10:00.0;0,2
SÃO JOSÉ DOS CAMPOS;354990408A;SP;Buquirinha;-23,111;-45,913;2018-02-15 07:00:00.0;0,2
SÃO JOSÉ DOS CAMPOS;354990408A;SP;Buquirinha;-23,111;-45,913;2018-02-15 07:10:00.0;0,0
SÃO JOSÉ DOS CAMPOS;354990408A;SP;Buquirinha;-23,111;-45,913;2018-02-15 07:40:00.0;0,2
SÃO JOSÉ DOS CAMPOS;354990408A;SP;Buquirinha;-23,111;-45,913;2018-02-15 08:10:00.0;0,0
SÃO JOSÉ DOS CAMPOS;354990408A;SP;Buquirinha;-23,111;-45,913;2018-02-15 08:20:00.0;0,2
SÃO JOSÉ DOS CAMPOS;354990408A;SP;Buquirinha;-23,111;-45,913;2018-02-15 09:00:00.0;0,2
SÃO JOSÉ DOS CAMPOS;354990408A;SP;Buquirinha;-23,111;-45,913;2018-02-15 09:10:00.0;0,0
SÃO JOSÉ DOS CAMPOS;354990408A;SP;Buquirinha;-23,111;-45,913;2018-02-15 09:40:00.0;0,2
SÃO JOSÉ DOS CAMPOS;354990408A;SP;Buquirinha;-23,111;-45,913;2018-02-15 10:10:00.0;0,0
SÃO JOSÉ DOS CAMPOS;354990408A;SP;Buquirinha;-23,111;-45,913;2018-02-15 10:20:00.0;0,2
SÃO JOSÉ DOS CAMPOS;354990408A;SP;Buquirinha;-23,111;-45,913;2018-02-15 11:00:00.0;0,2
SÃO JOSÉ DOS CAMPOS;354990408A;SP;Buquirinha;-23,111;-45,913;2018-02-15 11:10:00.0;0,0
SÃO JOSÉ DOS CAMPOS;354990408A;SP;Buquirinha;-23,111;-45,913;2018-02-15 11:40:00.0;0,2
SÃO JOSÉ DOS CAMPOS;354990408A;SP;Buquirinha;-23,111;-45,913;2018-02-15 12:10:00.0;0,0
SÃO JOSÉ DOS CAMPOS;354990408A;SP;Buquirinha;-23,111;-45,913;2018-02-15 12:20:00.0;0,2
SÃO JOSÉ DOS CAMPOS;354990408A;SP;Buquirinha;-23,111;-45,913;2018-02-15 13:00:00.0;0,2
SÃO JOSÉ DOS CAMPOS;354990408A;SP;Buquirinha;-23,111;-45,913;2018-02-15 13:10:00.0;0,0
SÃO JOSÉ DOS CAMPOS;354990408A;SP;Buquirinha;-23,111;-45,913;2018-02-15 13:40:00.0;0,2
SÃO JOSÉ DOS CAMPOS;354990408A;SP;Buquirinha;-23,111;-45,913;2018-02-15 14:10:00.0;0,0
SÃO JOSÉ DOS CAMPOS;354990408A;SP;Buquirinha;-23,111;-45,913;2018-02-15 14:20:00.0;0,2
SÃO JOSÉ DOS CAMPOS;354990408A;SP;Buquirinha;-23,111;-45,913;2018-02-15 15:10:00.0;0,2
SÃO JOSÉ DOS CAMPOS;354990408A;SP;Buquirinha;-23,111;-45,913;2018-02-15 15:50:00.0;0,2
SÃO JOSÉ DOS CAMPOS;354990408A;SP;Buquirinha;-23,111;-45,913;2018-02-15 16:10:00.0;0,0
SÃO JOSÉ DOS CAMPOS;354990408A;SP;Buquirinha;-23,111;-45,913;2018-02-15 16:50:00.0;0,2
SÃO JOSÉ DOS CAMPOS;354990408A;SP;Buquirinha;-23,111;-45,913;2018-02-15 17:10:00.0;0,0
SÃO JOSÉ DOS CAMPOS;354990408A;SP;Buquirinha;-23,111;-45,913;2018-02-15 17:50:00.0;0,2
SÃO JOSÉ DOS CAMPOS;354990408A;SP;Buquirinha;-23,111;-45,913;2018-02-15 18:10:00.0;0,0
SÃO JOSÉ DOS CAMPOS;354990408A;SP;Buquirinha;-23,111;-45,913;2018-02-15 18:50:00.0;0,2
SÃO JOSÉ DOS CAMPOS;354990408A;SP;Buquirinha;-23,111;-45,913;2018-02-15 19:10:00.0;0,0
SÃO JOSÉ DOS CAMPOS;354990408A;SP;Buquirinha;-23,111;-45,913;2018-02-15 19:50:00.0;0,2
SÃO JOSÉ DOS CAMPOS;354990408A;SP;Buquirinha;-23,111;-45,913;2018-02-15 20:10:00.0;0,0
SÃO JOSÉ DOS CAMPOS;354990408A;SP;Buquirinha;-23,111;-45,913;2018-02-15 21:00:00.0;0,2
SÃO JOSÉ DOS CAMPOS;354990408A;SP;Buquirinha;-23,111;-45,913;2018-02-15 21:10:00.0;0,0
SÃO JOSÉ DOS CAMPOS;354990408A;SP;Buquirinha;-23,111;-45,913;2018-02-15 22:10:00.0;0,2
SÃO JOSÉ DOS CAMPOS;354990408A;SP;Buquirinha;-23,111;-45,913;2018-02-15 23:10:00.0;0,2
SÃO JOSÉ DOS CAMPOS;354990408A;SP;Buquirinha;-23,111;-45,913;2018-02-16 00:10:00.0;0,2
SÃO JOSÉ DOS CAMPOS;354990408A;SP;Buquirinha;-23,111;-45,913;2018-02-16 01:10:00.0;0,0
SÃO JOSÉ DOS CAMPOS;354990408A;SP;Buquirinha;-23,111;-45,913;2018-02-16 01:20:00.0;0,2
SÃO JOSÉ DOS CAMPOS;354990408A;SP;Buquirinha;-23,111;-45,913;2018-02-16 02:10:00.0;0,0
SÃO JOSÉ DOS CAMPOS;354990408A;SP;Buquirinha;-23,111;-45,913;2018-02-16 02:30:00.0;0,2
SÃO JOSÉ DOS CAMPOS;354990408A;SP;Buquirinha;-23,111;-45,913;2018-02-16 03:10:00.0;0,0
SÃO JOSÉ DOS CAMPOS;354990408A;SP;Buquirinha;-23,111;-45,913;2018-02-16 03:30:00.0;0,2
SÃO JOSÉ DOS CAMPOS;354990408A;SP;Buquirinha;-23,111;-45,913;2018-02-16 04:10:00.0;0,0
SÃO JOSÉ DOS CAMPOS;354990408A;SP;Buquirinha;-23,111;-45,913;2018-02-16 04:30:00.0;0,2
SÃO JOSÉ DOS CAMPOS;354990408A;SP;Buquirinha;-23,111;-45,913;2018-02-16 05:10:00.0;0,0
SÃO JOSÉ DOS CAMPOS;354990408A;SP;Buquirinha;-23,111;-45,913;2018-02-16 05:40:00.0;0,2
SÃO JOSÉ DOS CAMPOS;354990408A;SP;Buquirinha;-23,111;-45,913;2018-02-16 06:10:00.0;0,0
SÃO JOSÉ DOS CAMPOS;354990408A;SP;Buquirinha;-23,111;-45,913;2018-02-16 06:50:00.0;0,2
SÃO JOSÉ DOS CAMPOS;354990408A;SP;Buquirinha;-23,111;-45,913;2018-02-16 07:10:00.0;0,0
SÃO JOSÉ DOS CAMPOS;354990408A;SP;Buquirinha;-23,111;-45,913;2018-02-16 08:10:00.0;0,0
SÃO JOSÉ DOS CAMPOS;354990408A;SP;Buquirinha;-23,111;-45,913;2018-02-16 08:20:00.0;0,2
SÃO JOSÉ DOS CAMPOS;354990408A;SP;Buquirinha;-23,111;-45,913;2018-02-16 09:10:00.0;0,0
SÃO JOSÉ DOS CAMPOS;354990408A;SP;Buquirinha;-23,111;-45,913;2018-02-16 09:30:00.0;0,2
SÃO JOSÉ DOS CAMPOS;354990408A;SP;Buquirinha;-23,111;-45,913;2018-02-16 10:10:00.0;0,0
SÃO JOSÉ DOS CAMPOS;354990408A;SP;Buquirinha;-23,111;-45,913;2018-02-16 10:50:00.0;0,2
SÃO JOSÉ DOS CAMPOS;354990408A;SP;Buquirinha;-23,111;-45,913;2018-02-16 11:10:00.0;0,0
SÃO JOSÉ DOS CAMPOS;354990408A;SP;Buquirinha;-23,111;-45,913;2018-02-16 11:50:00.0;0,2
SÃO JOSÉ DOS CAMPOS;354990408A;SP;Buquirinha;-23,111;-45,913;2018-02-16 12:10:00.0;0,0
SÃO JOSÉ DOS CAMPOS;354990408A;SP;Buquirinha;-23,111;-45,913;2018-02-16 12:40:00.0;0,2
SÃO JOSÉ DOS CAMPOS;354990408A;SP;Buquirinha;-23,111;-45,913;2018-02-16 13:10:00.0;0,0
SÃO JOSÉ DOS CAMPOS;354990408A;SP;Buquirinha;-23,111;-45,913;2018-02-16 13:50:00.0;0,2
SÃO JOSÉ DOS CAMPOS;354990408A;SP;Buquirinha;-23,111;-45,913;2018-02-16 14:10:00.0;0,0
SÃO JOSÉ DOS CAMPOS;354990408A;SP;Buquirinha;-23,111;-45,913;2018-02-16 15:00:00.0;0,2
SÃO JOSÉ DOS CAMPOS;354990408A;SP;Buquirinha;-23,111;-45,913;2018-02-16 15:10:00.0;0,0
SÃO JOSÉ DOS CAMPOS;354990408A;SP;Buquirinha;-23,111;-45,913;2018-02-16 16:10:00.0;0,0
SÃO JOSÉ DOS CAMPOS;354990408A;SP;Buquirinha;-23,111;-45,913;2018-02-16 16:50:00.0;0,2
SÃO JOSÉ DOS CAMPOS;354990408A;SP;Buquirinha;-23,111;-45,913;2018-02-16 17:10:00.0;0,0
SÃO JOSÉ DOS CAMPOS;354990408A;SP;Buquirinha;-23,111;-45,913;2018-02-16 18:10:00.0;0,0
SÃO JOSÉ DOS CAMPOS;354990408A;SP;Buquirinha;-23,111;-45,913;2018-02-16 19:00:00.0;0,2
SÃO JOSÉ DOS CAMPOS;354990408A;SP;Buquirinha;-23,111;-45,913;2018-02-16 19:10:00.0;0,0
SÃO JOSÉ DOS CAMPOS;354990408A;SP;Buquirinha;-23,111;-45,913;2018-02-16 20:10:00.0;0,0
SÃO JOSÉ DOS CAMPOS;354990408A;SP;Buquirinha;-23,111;-45,913;2018-02-16 21:10:00.0;0,2
SÃO JOSÉ DOS CAMPOS;354990408A;SP;Buquirinha;-23,111;-45,913;2018-02-16 22:10:00.0;0,0
SÃO JOSÉ DOS CAMPOS;354990408A;SP;Buquirinha;-23,111;-45,913;2018-02-16 23:10:00.0;0,0
SÃO JOSÉ DOS CAMPOS;354990408A;SP;Buquirinha;-23,111;-45,913;2018-02-16 23:20:00.0;0,2
SÃO JOSÉ DOS CAMPOS;354990408A;SP;Buquirinha;-23,111;-45,913;2018-02-17 00:10:00.0;0,0
SÃO JOSÉ DOS CAMPOS;354990408A;SP;Buquirinha;-23,111;-45,913;2018-02-17 01:10:00.0;0,0
SÃO JOSÉ DOS CAMPOS;354990408A;SP;Buquirinha;-23,111;-45,913;2018-02-17 01:30:00.0;0,2
SÃO JOSÉ DOS CAMPOS;354990408A;SP;Buquirinha;-23,111;-45,913;2018-02-17 02:10:00.0;0,0
SÃO JOSÉ DOS CAMPOS;354990408A;SP;Buquirinha;-23,111;-45,913;2018-02-17 03:10:00.0;0,0
SÃO JOSÉ DOS CAMPOS;354990408A;SP;Buquirinha;-23,111;-45,913;2018-02-17 03:40:00.0;0,2
SÃO JOSÉ DOS CAMPOS;354990408A;SP;Buquirinha;-23,111;-45,913;2018-02-17 04:10:00.0;0,0
SÃO JOSÉ DOS CAMPOS;354990408A;SP;Buquirinha;-23,111;-45,913;2018-02-17 05:10:00.0;0,0
SÃO JOSÉ DOS CAMPOS;354990408A;SP;Buquirinha;-23,111;-45,913;2018-02-17 06:10:00.0;0,0
SÃO JOSÉ DOS CAMPOS;354990408A;SP;Buquirinha;-23,111;-45,913;2018-02-17 07:10:00.0;0,0
SÃO JOSÉ DOS CAMPOS;354990408A;SP;Buquirinha;-23,111;-45,913;2018-02-17 08:10:00.0;0,0
SÃO JOSÉ DOS CAMPOS;354990408A;SP;Buquirinha;-23,111;-45,913;2018-02-17 09:10:00.0;0,0
SÃO JOSÉ DOS CAMPOS;354990408A;SP;Buquirinha;-23,111;-45,913;2018-02-17 10:10:00.0;0,0
SÃO JOSÉ DOS CAMPOS;354990408A;SP;Buquirinha;-23,111;-45,913;2018-02-17 11:10:00.0;0,0
SÃO JOSÉ DOS CAMPOS;354990408A;SP;Buquirinha;-23,111;-45,913;2018-02-17 12:10:00.0;0,0
SÃO JOSÉ DOS CAMPOS;354990408A;SP;Buquirinha;-23,111;-45,913;2018-02-17 13:10:00.0;0,0
SÃO JOSÉ DOS CAMPOS;354990408A;SP;Buquirinha;-23,111;-45,913;2018-02-17 14:10:00.0;0,0
SÃO JOSÉ DOS CAMPOS;354990408A;SP;Buquirinha;-23,111;-45,913;2018-02-17 15:10:00.0;0,0
SÃO JOSÉ DOS CAMPOS;354990408A;SP;Buquirinha;-23,111;-45,913;2018-02-17 16:10:00.0;0,0
SÃO JOSÉ DOS CAMPOS;354990408A;SP;Buquirinha;-23,111;-45,913;2018-02-17 17:10:00.0;0,0
SÃO JOSÉ DOS CAMPOS;354990408A;SP;Buquirinha;-23,111;-45,913;2018-02-17 18:10:00.0;0,0
SÃO JOSÉ DOS CAMPOS;354990408A;SP;Buquirinha;-23,111;-45,913;2018-02-17 19:10:00.0;0,0
SÃO JOSÉ DOS CAMPOS;354990408A;SP;Buquirinha;-23,111;-45,913;2018-02-17 20:10:00.0;0,0
SÃO JOSÉ DOS CAMPOS;354990408A;SP;Buquirinha;-23,111;-45,913;2018-02-17 21:10:00.0;0,0
SÃO JOSÉ DOS CAMPOS;354990408A;SP;Buquirinha;-23,111;-45,913;2018-02-17 22:10:00.0;0,0
SÃO JOSÉ DOS CAMPOS;354990408A;SP;Buquirinha;-23,111;-45,913;2018-02-17 23:10:00.0;0,0
SÃO JOSÉ DOS CAMPOS;354990408A;SP;Buquirinha;-23,111;-45,913;2018-02-18 00:10:00.0;0,0
SÃO JOSÉ DOS CAMPOS;354990408A;SP;Buquirinha;-23,111;-45,913;2018-02-18 01:10:00.0;0,0
SÃO JOSÉ DOS CAMPOS;354990408A;SP;Buquirinha;-23,111;-45,913;2018-02-18 02:10:00.0;0,0
SÃO JOSÉ DOS CAMPOS;354990408A;SP;Buquirinha;-23,111;-45,913;2018-02-18 03:10:00.0;0,0
SÃO JOSÉ DOS CAMPOS;354990408A;SP;Buquirinha;-23,111;-45,913;2018-02-18 04:10:00.0;0,0
SÃO JOSÉ DOS CAMPOS;354990408A;SP;Buquirinha;-23,111;-45,913;2018-02-18 05:10:00.0;0,0
SÃO JOSÉ DOS CAMPOS;354990408A;SP;Buquirinha;-23,111;-45,913;2018-02-18 06:10:00.0;0,0
SÃO JOSÉ DOS CAMPOS;354990408A;SP;Buquirinha;-23,111;-45,913;2018-02-18 07:10:00.0;0,0
SÃO JOSÉ DOS CAMPOS;354990408A;SP;Buquirinha;-23,111;-45,913;2018-02-18 08:10:00.0;0,0
SÃO JOSÉ DOS CAMPOS;354990408A;SP;Buquirinha;-23,111;-45,913;2018-02-18 09:10:00.0;0,0
SÃO JOSÉ DOS CAMPOS;354990408A;SP;Buquirinha;-23,111;-45,913;2018-02-18 10:10:00.0;0,0
SÃO JOSÉ DOS CAMPOS;354990408A;SP;Buquirinha;-23,111;-45,913;2018-02-18 11:10:00.0;0,0
SÃO JOSÉ DOS CAMPOS;354990408A;SP;Buquirinha;-23,111;-45,913;2018-02-18 12:10:00.0;0,0
SÃO JOSÉ DOS CAMPOS;354990408A;SP;Buquirinha;-23,111;-45,913;2018-02-18 13:10:00.0;0,0
SÃO JOSÉ DOS CAMPOS;354990408A;SP;Buquirinha;-23,111;-45,913;2018-02-18 14:10:00.0;0,0
SÃO JOSÉ DOS CAMPOS;354990408A;SP;Buquirinha;-23,111;-45,913;2018-02-18 14:50:00.0;0,2
SÃO JOSÉ DOS CAMPOS;354990408A;SP;Buquirinha;-23,111;-45,913;2018-02-18 15:10:00.0;0,0
SÃO JOSÉ DOS CAMPOS;354990408A;SP;Buquirinha;-23,111;-45,913;2018-02-18 16:10:00.0;0,0
SÃO JOSÉ DOS CAMPOS;354990408A;SP;Buquirinha;-23,111;-45,913;2018-02-18 16:20:00.0;0,2
SÃO JOSÉ DOS CAMPOS;354990408A;SP;Buquirinha;-23,111;-45,913;2018-02-18 17:10:00.0;0,0
SÃO JOSÉ DOS CAMPOS;354990408A;SP;Buquirinha;-23,111;-45,913;2018-02-18 17:50:00.0;0,2
SÃO JOSÉ DOS CAMPOS;354990408A;SP;Buquirinha;-23,111;-45,913;2018-02-18 18:10:00.0;0,0
SÃO JOSÉ DOS CAMPOS;354990408A;SP;Buquirinha;-23,111;-45,913;2018-02-18 19:10:00.0;0,0
SÃO JOSÉ DOS CAMPOS;354990408A;SP;Buquirinha;-23,111;-45,913;2018-02-18 19:20:00.0;0,2
SÃO JOSÉ DOS CAMPOS;354990408A;SP;Buquirinha;-23,111;-45,913;2018-02-18 20:20:00.0;0,2
SÃO JOSÉ DOS CAMPOS;354990408A;SP;Buquirinha;-23,111;-45,913;2018-02-18 21:10:00.0;0,2
SÃO JOSÉ DOS CAMPOS;354990408A;SP;Buquirinha;-23,111;-45,913;2018-02-18 22:00:00.0;0,2
SÃO JOSÉ DOS CAMPOS;354990408A;SP;Buquirinha;-23,111;-45,913;2018-02-18 22:10:00.0;0,0
SÃO JOSÉ DOS CAMPOS;354990408A;SP;Buquirinha;-23,111;-45,913;2018-02-18 22:40:00.0;0,2
SÃO JOSÉ DOS CAMPOS;354990408A;SP;Buquirinha;-23,111;-45,913;2018-02-18 23:10:00.0;0,0
SÃO JOSÉ DOS CAMPOS;354990408A;SP;Buquirinha;-23,111;-45,913;2018-02-18 23:20:00.0;0,2
SÃO JOSÉ DOS CAMPOS;354990408A;SP;Buquirinha;-23,111;-45,913;2018-02-19 00:00:00.0;0,2
SÃO JOSÉ DOS CAMPOS;354990408A;SP;Buquirinha;-23,111;-45,913;2018-02-19 00:10:00.0;0,0
SÃO JOSÉ DOS CAMPOS;354990408A;SP;Buquirinha;-23,111;-45,913;2018-02-19 00:30:00.0;0,2
SÃO JOSÉ DOS CAMPOS;354990408A;SP;Buquirinha;-23,111;-45,913;2018-02-19 01:10:00.0;0,2
SÃO JOSÉ DOS CAMPOS;354990408A;SP;Buquirinha;-23,111;-45,913;2018-02-19 01:40:00.0;0,2
SÃO JOSÉ DOS CAMPOS;354990408A;SP;Buquirinha;-23,111;-45,913;2018-02-19 02:10:00.0;0,0
SÃO JOSÉ DOS CAMPOS;354990408A;SP;Buquirinha;-23,111;-45,913;2018-02-19 02:20:00.0;0,2
SÃO JOSÉ DOS CAMPOS;354990408A;SP;Buquirinha;-23,111;-45,913;2018-02-19 02:50:00.0;0,2
SÃO JOSÉ DOS CAMPOS;354990408A;SP;Buquirinha;-23,111;-45,913;2018-02-19 03:10:00.0;0,0
SÃO JOSÉ DOS CAMPOS;354990408A;SP;Buquirinha;-23,111;-45,913;2018-02-19 03:20:00.0;0,2
SÃO JOSÉ DOS CAMPOS;354990408A;SP;Buquirinha;-23,111;-45,913;2018-02-19 03:50:00.0;0,2
SÃO JOSÉ DOS CAMPOS;354990408A;SP;Buquirinha;-23,111;-45,913;2018-02-19 04:10:00.0;0,2
SÃO JOSÉ DOS CAMPOS;354990408A;SP;Buquirinha;-23,111;-45,913;2018-02-19 04:40:00.0;0,2
SÃO JOSÉ DOS CAMPOS;354990408A;SP;Buquirinha;-23,111;-45,913;2018-02-19 05:10:00.0;0,2
SÃO JOSÉ DOS CAMPOS;354990408A;SP;Buquirinha;-23,111;-45,913;2018-02-19 05:20:00.0;0,0
SÃO JOSÉ DOS CAMPOS;354990408A;SP;Buquirinha;-23,111;-45,913;2018-02-19 05:30:00.0;0,2
SÃO JOSÉ DOS CAMPOS;354990408A;SP;Buquirinha;-23,111;-45,913;2018-02-19 06:10:00.0;0,2
SÃO JOSÉ DOS CAMPOS;354990408A;SP;Buquirinha;-23,111;-45,913;2018-02-19 06:40:00.0;0,2
SÃO JOSÉ DOS CAMPOS;354990408A;SP;Buquirinha;-23,111;-45,913;2018-02-19 07:10:00.0;0,2
SÃO JOSÉ DOS CAMPOS;354990408A;SP;Buquirinha;-23,111;-45,913;2018-02-19 07:20:00.0;0,0
SÃO JOSÉ DOS CAMPOS;354990408A;SP;Buquirinha;-23,111;-45,913;2018-02-19 07:30:00.0;0,2
SÃO JOSÉ DOS CAMPOS;354990408A;SP;Buquirinha;-23,111;-45,913;2018-02-19 08:00:00.0;0,2
SÃO JOSÉ DOS CAMPOS;354990408A;SP;Buquirinha;-23,111;-45,913;2018-02-19 08:10:00.0;0,0
SÃO JOSÉ DOS CAMPOS;354990408A;SP;Buquirinha;-23,111;-45,913;2018-02-19 08:30:00.0;0,2
SÃO JOSÉ DOS CAMPOS;354990408A;SP;Buquirinha;-23,111;-45,913;2018-02-19 09:00:00.0;0,2
SÃO JOSÉ DOS CAMPOS;354990408A;SP;Buquirinha;-23,111;-45,913;2018-02-19 09:10:00.0;0,0
SÃO JOSÉ DOS CAMPOS;354990408A;SP;Buquirinha;-23,111;-45,913;2018-02-19 09:30:00.0;0,2
SÃO JOSÉ DOS CAMPOS;354990408A;SP;Buquirinha;-23,111;-45,913;2018-02-19 10:10:00.0;0,2
SÃO JOSÉ DOS CAMPOS;354990408A;SP;Buquirinha;-23,111;-45,913;2018-02-19 10:20:00.0;0,0
SÃO JOSÉ DOS CAMPOS;354990408A;SP;Buquirinha;-23,111;-45,913;2018-02-19 10:40:00.0;0,2
SÃO JOSÉ DOS CAMPOS;354990408A;SP;Buquirinha;-23,111;-45,913;2018-02-19 11:10:00.0;0,2
SÃO JOSÉ DOS CAMPOS;354990408A;SP;Buquirinha;-23,111;-45,913;2018-02-19 11:40:00.0;0,2
SÃO JOSÉ DOS CAMPOS;354990408A;SP;Buquirinha;-23,111;-45,913;2018-02-19 12:10:00.0;0,0
SÃO JOSÉ DOS CAMPOS;354990408A;SP;Buquirinha;-23,111;-45,913;2018-02-19 12:20:00.0;0,2
SÃO JOSÉ DOS CAMPOS;354990408A;SP;Buquirinha;-23,111;-45,913;2018-02-19 13:10:00.0;0,0
SÃO JOSÉ DOS CAMPOS;354990408A;SP;Buquirinha;-23,111;-45,913;2018-02-19 14:10:00.0;0,0
SÃO JOSÉ DOS CAMPOS;354990408A;SP;Buquirinha;-23,111;-45,913;2018-02-19 15:10:00.0;0,0
SÃO JOSÉ DOS CAMPOS;354990408A;SP;Buquirinha;-23,111;-45,913;2018-02-19 16:10:00.0;0,0
SÃO JOSÉ DOS CAMPOS;354990408A;SP;Buquirinha;-23,111;-45,913;2018-02-19 17:10:00.0;0,0
SÃO JOSÉ DOS CAMPOS;354990408A;SP;Buquirinha;-23,111;-45,913;2018-02-19 18:10:00.0;0,0
SÃO JOSÉ DOS CAMPOS;354990408A;SP;Buquirinha;-23,111;-45,913;2018-02-19 19:10:00.0;0,0
SÃO JOSÉ DOS CAMPOS;354990408A;SP;Buquirinha;-23,111;-45,913;2018-02-19 20:00:00.0;0,2
SÃO JOSÉ DOS CAMPOS;354990408A;SP;Buquirinha;-23,111;-45,913;2018-02-19 20:10:00.0;0,2
SÃO JOSÉ DOS CAMPOS;354990408A;SP;Buquirinha;-23,111;-45,913;2018-02-19 20:20:00.0;0,2
SÃO JOSÉ DOS CAMPOS;354990408A;SP;Buquirinha;-23,111;-45,913;2018-02-19 20:30:00.0;0,39
SÃO JOSÉ DOS CAMPOS;354990408A;SP;Buquirinha;-23,111;-45,913;2018-02-19 20:50:00.0;0,2
SÃO JOSÉ DOS CAMPOS;354990408A;SP;Buquirinha;-23,111;-45,913;2018-02-19 21:00:00.0;0,2
SÃO JOSÉ DOS CAMPOS;354990408A;SP;Buquirinha;-23,111;-45,913;2018-02-19 21:20:00.0;0,0
SÃO JOSÉ DOS CAMPOS;354990408A;SP;Buquirinha;-23,111;-45,913;2018-02-19 21:40:00.0;0,2
SÃO JOSÉ DOS CAMPOS;354990408A;SP;Buquirinha;-23,111;-45,913;2018-02-19 22:10:00.0;0,2
SÃO JOSÉ DOS CAMPOS;354990408A;SP;Buquirinha;-23,111;-45,913;2018-02-19 22:50:00.0;0,2
SÃO JOSÉ DOS CAMPOS;354990408A;SP;Buquirinha;-23,111;-45,913;2018-02-19 23:10:00.0;0,0
SÃO JOSÉ DOS CAMPOS;354990408A;SP;Buquirinha;-23,111;-45,913;2018-02-19 23:40:00.0;0,2
SÃO JOSÉ DOS CAMPOS;354990408A;SP;Buquirinha;-23,111;-45,913;2018-02-20 00:10:00.0;0,0
SÃO JOSÉ DOS CAMPOS;354990408A;SP;Buquirinha;-23,111;-45,913;2018-02-20 01:10:00.0;0,0
SÃO JOSÉ DOS CAMPOS;354990408A;SP;Buquirinha;-23,111;-45,913;2018-02-20 02:10:00.0;0,0
SÃO JOSÉ DOS CAMPOS;354990408A;SP;Buquirinha;-23,111;-45,913;2018-02-20 03:10:00.0;0,0
SÃO JOSÉ DOS CAMPOS;354990408A;SP;Buquirinha;-23,111;-45,913;2018-02-20 04:10:00.0;0,0
SÃO JOSÉ DOS CAMPOS;354990408A;SP;Buquirinha;-23,111;-45,913;2018-02-20 04:20:00.0;0,2
SÃO JOSÉ DOS CAMPOS;354990408A;SP;Buquirinha;-23,111;-45,913;2018-02-20 05:10:00.0;0,0
SÃO JOSÉ DOS CAMPOS;354990408A;SP;Buquirinha;-23,111;-45,913;2018-02-20 06:10:00.0;0,0
SÃO JOSÉ DOS CAMPOS;354990408A;SP;Buquirinha;-23,111;-45,913;2018-02-20 07:10:00.0;0,0
SÃO JOSÉ DOS CAMPOS;354990408A;SP;Buquirinha;-23,111;-45,913;2018-02-20 08:10:00.0;0,0
SÃO JOSÉ DOS CAMPOS;354990408A;SP;Buquirinha;-23,111;-45,913;2018-02-20 09:10:00.0;0,0
SÃO JOSÉ DOS CAMPOS;354990408A;SP;Buquirinha;-23,111;-45,913;2018-02-20 10:10:00.0;0,0
SÃO JOSÉ DOS CAMPOS;354990408A;SP;Buquirinha;-23,111;-45,913;2018-02-20 11:10:00.0;0,0
SÃO JOSÉ DOS CAMPOS;354990408A;SP;Buquirinha;-23,111;-45,913;2018-02-20 12:10:00.0;0,0
SÃO JOSÉ DOS CAMPOS;354990408A;SP;Buquirinha;-23,111;-45,913;2018-02-20 13:10:00.0;0,0
SÃO JOSÉ DOS CAMPOS;354990408A;SP;Buquirinha;-23,111;-45,913;2018-02-20 14:10:00.0;0,0
SÃO JOSÉ DOS CAMPOS;354990408A;SP;Buquirinha;-23,111;-45,913;2018-02-20 15:10:00.0;0,0
SÃO JOSÉ DOS CAMPOS;354990408A;SP;Buquirinha;-23,111;-45,913;2018-02-20 16:10:00.0;0,0
SÃO JOSÉ DOS CAMPOS;354990408A;SP;Buquirinha;-23,111;-45,913;2018-02-20 17:10:00.0;0,0
SÃO JOSÉ DOS CAMPOS;354990408A;SP;Buquirinha;-23,111;-45,913;2018-02-20 18:10:00.0;0,0
SÃO JOSÉ DOS CAMPOS;354990408A;SP;Buquirinha;-23,111;-45,913;2018-02-20 19:10:00.0;0,0
SÃO JOSÉ DOS CAMPOS;354990408A;SP;Buquirinha;-23,111;-45,913;2018-02-20 20:10:00.0;0,0
SÃO JOSÉ DOS CAMPOS;354990408A;SP;Buquirinha;-23,111;-45,913;2018-02-20 21:10:00.0;0,2
SÃO JOSÉ DOS CAMPOS;354990408A;SP;Buquirinha;-23,111;-45,913;2018-02-20 21:40:00.0;0,2
SÃO JOSÉ DOS CAMPOS;354990408A;SP;Buquirinha;-23,111;-45,913;2018-02-20 22:10:00.0;0,0
SÃO JOSÉ DOS CAMPOS;354990408A;SP;Buquirinha;-23,111;-45,913;2018-02-20 23:10:00.0;0,2
SÃO JOSÉ DOS CAMPOS;354990408A;SP;Buquirinha;-23,111;-45,913;2018-02-21 00:10:00.0;0,0
SÃO JOSÉ DOS CAMPOS;354990408A;SP;Buquirinha;-23,111;-45,913;2018-02-21 01:10:00.0;0,0
SÃO JOSÉ DOS CAMPOS;354990408A;SP;Buquirinha;-23,111;-45,913;2018-02-21 02:10:00.0;0,0
SÃO JOSÉ DOS CAMPOS;354990408A;SP;Buquirinha;-23,111;-45,913;2018-02-21 03:10:00.0;0,0
SÃO JOSÉ DOS CAMPOS;354990408A;SP;Buquirinha;-23,111;-45,913;2018-02-21 04:10:00.0;0,0
SÃO JOSÉ DOS CAMPOS;354990408A;SP;Buquirinha;-23,111;-45,913;2018-02-21 05:10:00.0;0,0
SÃO JOSÉ DOS CAMPOS;354990408A;SP;Buquirinha;-23,111;-45,913;2018-02-21 06:00:00.0;0,2
SÃO JOSÉ DOS CAMPOS;354990408A;SP;Buquirinha;-23,111;-45,913;2018-02-21 06:10:00.0;0,0
SÃO JOSÉ DOS CAMPOS;354990408A;SP;Buquirinha;-23,111;-45,913;2018-02-21 06:50:00.0;0,2
SÃO JOSÉ DOS CAMPOS;354990408A;SP;Buquirinha;-23,111;-45,913;2018-02-21 07:10:00.0;0,0
SÃO JOSÉ DOS CAMPOS;354990408A;SP;Buquirinha;-23,111;-45,913;2018-02-21 07:40:00.0;0,2
SÃO JOSÉ DOS CAMPOS;354990408A;SP;Buquirinha;-23,111;-45,913;2018-02-21 08:10:00.0;0,0
SÃO JOSÉ DOS CAMPOS;354990408A;SP;Buquirinha;-23,111;-45,913;2018-02-21 09:10:00.0;0,0
SÃO JOSÉ DOS CAMPOS;354990408A;SP;Buquirinha;-23,111;-45,913;2018-02-21 09:40:00.0;0,2
SÃO JOSÉ DOS CAMPOS;354990408A;SP;Buquirinha;-23,111;-45,913;2018-02-21 10:10:00.0;0,0
SÃO JOSÉ DOS CAMPOS;354990408A;SP;Buquirinha;-23,111;-45,913;2018-02-21 10:20:00.0;0,2
SÃO JOSÉ DOS CAMPOS;354990408A;SP;Buquirinha;-23,111;-45,913;2018-02-21 11:10:00.0;0,2
SÃO JOSÉ DOS CAMPOS;354990408A;SP;Buquirinha;-23,111;-45,913;2018-02-21 12:10:00.0;0,0
SÃO JOSÉ DOS CAMPOS;354990408A;SP;Buquirinha;-23,111;-45,913;2018-02-21 12:50:00.0;0,2
SÃO JOSÉ DOS CAMPOS;354990408A;SP;Buquirinha;-23,111;-45,913;2018-02-21 13:10:00.0;0,0
SÃO JOSÉ DOS CAMPOS;354990408A;SP;Buquirinha;-23,111;-45,913;2018-02-21 14:10:00.0;0,0
SÃO JOSÉ DOS CAMPOS;354990408A;SP;Buquirinha;-23,111;-45,913;2018-02-21 15:10:00.0;0,0
SÃO JOSÉ DOS CAMPOS;354990408A;SP;Buquirinha;-23,111;-45,913;2018-02-21 16:10:00.0;0,0
SÃO JOSÉ DOS CAMPOS;354990408A;SP;Buquirinha;-23,111;-45,913;2018-02-21 17:10:00.0;0,0
SÃO JOSÉ DOS CAMPOS;354990408A;SP;Buquirinha;-23,111;-45,913;2018-02-21 18:10:00.0;0,0
SÃO JOSÉ DOS CAMPOS;354990408A;SP;Buquirinha;-23,111;-45,913;2018-02-21 19:10:00.0;0,0
SÃO JOSÉ DOS CAMPOS;354990408A;SP;Buquirinha;-23,111;-45,913;2018-02-21 20:10:00.0;0,0
SÃO JOSÉ DOS CAMPOS;354990408A;SP;Buquirinha;-23,111;-45,913;2018-02-21 21:10:00.0;0,0
SÃO JOSÉ DOS CAMPOS;354990408A;SP;Buquirinha;-23,111;-45,913;2018-02-21 22:10:00.0;0,0
SÃO JOSÉ DOS CAMPOS;354990408A;SP;Buquirinha;-23,111;-45,913;2018-02-21 23:10:00.0;0,0
SÃO JOSÉ DOS CAMPOS;354990408A;SP;Buquirinha;-23,111;-45,913;2018-02-22 00:10:00.0;0,0
SÃO JOSÉ DOS CAMPOS;354990408A;SP;Buquirinha;-23,111;-45,913;2018-02-22 01:10:00.0;0,0
SÃO JOSÉ DOS CAMPOS;354990408A;SP;Buquirinha;-23,111;-45,913;2018-02-22 02:10:00.0;0,0
SÃO JOSÉ DOS CAMPOS;354990408A;SP;Buquirinha;-23,111;-45,913;2018-02-22 03:10:00.0;0,0
SÃO JOSÉ DOS CAMPOS;354990408A;SP;Buquirinha;-23,111;-45,913;2018-02-22 04:10:00.0;0,0
SÃO JOSÉ DOS CAMPOS;354990408A;SP;Buquirinha;-23,111;-45,913;2018-02-22 05:10:00.0;0,0
SÃO JOSÉ DOS CAMPOS;354990408A;SP;Buquirinha;-23,111;-45,913;2018-02-22 06:10:00.0;0,0
SÃO JOSÉ DOS CAMPOS;354990408A;SP;Buquirinha;-23,111;-45,913;2018-02-22 07:10:00.0;0,0
SÃO JOSÉ DOS CAMPOS;354990408A;SP;Buquirinha;-23,111;-45,913;2018-02-22 08:10:00.0;0,0
SÃO JOSÉ DOS CAMPOS;354990408A;SP;Buquirinha;-23,111;-45,913;2018-02-22 09:10:00.0;0,0
SÃO JOSÉ DOS CAMPOS;354990408A;SP;Buquirinha;-23,111;-45,913;2018-02-22 10:10:00.0;0,0
SÃO JOSÉ DOS CAMPOS;354990408A;SP;Buquirinha;-23,111;-45,913;2018-02-22 11:10:00.0;0,0
SÃO JOSÉ DOS CAMPOS;354990408A;SP;Buquirinha;-23,111;-45,913;2018-02-22 12:10:00.0;0,0
SÃO JOSÉ DOS CAMPOS;354990408A;SP;Buquirinha;-23,111;-45,913;2018-02-22 13:10:00.0;0,0
SÃO JOSÉ DOS CAMPOS;354990408A;SP;Buquirinha;-23,111;-45,913;2018-02-22 14:10:00.0;0,0
SÃO JOSÉ DOS CAMPOS;354990408A;SP;Buquirinha;-23,111;-45,913;2018-02-22 15:10:00.0;0,0
SÃO JOSÉ DOS CAMPOS;354990408A;SP;Buquirinha;-23,111;-45,913;2018-02-22 15:30:00.0;0,2
SÃO JOSÉ DOS CAMPOS;354990408A;SP;Buquirinha;-23,111;-45,913;2018-02-22 16:10:00.0;0,0
SÃO JOSÉ DOS CAMPOS;354990408A;SP;Buquirinha;-23,111;-45,913;2018-02-22 17:10:00.0;0,0
SÃO JOSÉ DOS CAMPOS;354990408A;SP;Buquirinha;-23,111;-45,913;2018-02-22 18:10:00.0;0,0
SÃO JOSÉ DOS CAMPOS;354990408A;SP;Buquirinha;-23,111;-45,913;2018-02-22 19:10:00.0;0,0
SÃO JOSÉ DOS CAMPOS;354990408A;SP;Buquirinha;-23,111;-45,913;2018-02-22 20:10:00.0;0,0
SÃO JOSÉ DOS CAMPOS;354990408A;SP;Buquirinha;-23,111;-45,913;2018-02-22 21:10:00.0;0,0
SÃO JOSÉ DOS CAMPOS;354990408A;SP;Buquirinha;-23,111;-45,913;2018-02-22 22:10:00.0;0,0
SÃO JOSÉ DOS CAMPOS;354990408A;SP;Buquirinha;-23,111;-45,913;2018-02-22 23:10:00.0;0,0
SÃO JOSÉ DOS CAMPOS;354990408A;SP;Buquirinha;-23,111;-45,913;2018-02-23 00:10:00.0;0,0
SÃO JOSÉ DOS CAMPOS;354990408A;SP;Buquirinha;-23,111;-45,913;2018-02-23 00:30:00.0;0,79
SÃO JOSÉ DOS CAMPOS;354990408A;SP;Buquirinha;-23,111;-45,913;2018-02-23 00:40:00.0;0,59
SÃO JOSÉ DOS CAMPOS;354990408A;SP;Buquirinha;-23,111;-45,913;2018-02-23 00:50:00.0;0,2
SÃO JOSÉ DOS CAMPOS;354990408A;SP;Buquirinha;-23,111;-45,913;2018-02-23 01:00:00.0;0,2
SÃO JOSÉ DOS CAMPOS;354990408A;SP;Buquirinha;-23,111;-45,913;2018-02-23 01:10:00.0;0,2
SÃO JOSÉ DOS CAMPOS;354990408A;SP;Buquirinha;-23,111;-45,913;2018-02-23 01:20:00.0;0,2
SÃO JOSÉ DOS CAMPOS;354990408A;SP;Buquirinha;-23,111;-45,913;2018-02-23 01:40:00.0;0,2
SÃO JOSÉ DOS CAMPOS;354990408A;SP;Buquirinha;-23,111;-45,913;2018-02-23 01:50:00.0;0,2
SÃO JOSÉ DOS CAMPOS;354990408A;SP;Buquirinha;-23,111;-45,913;2018-02-23 02:10:00.0;0,2
SÃO JOSÉ DOS CAMPOS;354990408A;SP;Buquirinha;-23,111;-45,913;2018-02-23 02:30:00.0;0,2
SÃO JOSÉ DOS CAMPOS;354990408A;SP;Buquirinha;-23,111;-45,913;2018-02-23 03:00:00.0;0,2
SÃO JOSÉ DOS CAMPOS;354990408A;SP;Buquirinha;-23,111;-45,913;2018-02-23 03:20:00.0;0,2
SÃO JOSÉ DOS CAMPOS;354990408A;SP;Buquirinha;-23,111;-45,913;2018-02-23 03:30:00.0;0,2
SÃO JOSÉ DOS CAMPOS;354990408A;SP;Buquirinha;-23,111;-45,913;2018-02-23 03:40:00.0;0,2
SÃO JOSÉ DOS CAMPOS;354990408A;SP;Buquirinha;-23,111;-45,913;2018-02-23 03:50:00.0;0,2
SÃO JOSÉ DOS CAMPOS;354990408A;SP;Buquirinha;-23,111;-45,913;2018-02-23 04:10:00.0;0,2
SÃO JOSÉ DOS CAMPOS;354990408A;SP;Buquirinha;-23,111;-45,913;2018-02-23 04:20:00.0;0,2
SÃO JOSÉ DOS CAMPOS;354990408A;SP;Buquirinha;-23,111;-45,913;2018-02-23 04:30:00.0;0,2
SÃO JOSÉ DOS CAMPOS;354990408A;SP;Buquirinha;-23,111;-45,913;2018-02-23 04:40:00.0;0,2
SÃO JOSÉ DOS CAMPOS;354990408A;SP;Buquirinha;-23,111;-45,913;2018-02-23 04:50:00.0;0,2
SÃO JOSÉ DOS CAMPOS;354990408A;SP;Buquirinha;-23,111;-45,913;2018-02-23 05:10:00.0;0,2
SÃO JOSÉ DOS CAMPOS;354990408A;SP;Buquirinha;-23,111;-45,913;2018-02-23 05:20:00.0;0,2
SÃO JOSÉ DOS CAMPOS;354990408A;SP;Buquirinha;-23,111;-45,913;2018-02-23 05:40:00.0;0,2
SÃO JOSÉ DOS CAMPOS;354990408A;SP;Buquirinha;-23,111;-45,913;2018-02-23 05:50:00.0;0,2
SÃO JOSÉ DOS CAMPOS;354990408A;SP;Buquirinha;-23,111;-45,913;2018-02-23 06:00:00.0;0,2
SÃO JOSÉ DOS CAMPOS;354990408A;SP;Buquirinha;-23,111;-45,913;2018-02-23 06:20:00.0;0,2
SÃO JOSÉ DOS CAMPOS;354990408A;SP;Buquirinha;-23,111;-45,913;2018-02-23 06:30:00.0;0,2
SÃO JOSÉ DOS CAMPOS;354990408A;SP;Buquirinha;-23,111;-45,913;2018-02-23 06:40:00.0;0,2
SÃO JOSÉ DOS CAMPOS;354990408A;SP;Buquirinha;-23,111;-45,913;2018-02-23 06:50:00.0;0,2
SÃO JOSÉ DOS CAMPOS;354990408A;SP;Buquirinha;-23,111;-45,913;2018-02-23 07:00:00.0;0,2
SÃO JOSÉ DOS CAMPOS;354990408A;SP;Buquirinha;-23,111;-45,913;2018-02-23 07:10:00.0;0,2
SÃO JOSÉ DOS CAMPOS;354990408A;SP;Buquirinha;-23,111;-45,913;2018-02-23 07:20:00.0;0,2
SÃO JOSÉ DOS CAMPOS;354990408A;SP;Buquirinha;-23,111;-45,913;2018-02-23 07:30:00.0;0,2
SÃO JOSÉ DOS CAMPOS;354990408A;SP;Buquirinha;-23,111;-45,913;2018-02-23 07:40:00.0;0,2
SÃO JOSÉ DOS CAMPOS;354990408A;SP;Buquirinha;-23,111;-45,913;2018-02-23 07:50:00.0;0,2
SÃO JOSÉ DOS CAMPOS;354990408A;SP;Buquirinha;-23,111;-45,913;2018-02-23 08:10:00.0;0,2
SÃO JOSÉ DOS CAMPOS;354990408A;SP;Buquirinha;-23,111;-45,913;2018-02-23 08:20:00.0;0,2
SÃO JOSÉ DOS CAMPOS;354990408A;SP;Buquirinha;-23,111;-45,913;2018-02-23 09:00:00.0;0,2
SÃO JOSÉ DOS CAMPOS;354990408A;SP;Buquirinha;-23,111;-45,913;2018-02-23 10:10:00.0;0,0
SÃO JOSÉ DOS CAMPOS;354990408A;SP;Buquirinha;-23,111;-45,913;2018-02-23 11:10:00.0;0,0
SÃO JOSÉ DOS CAMPOS;354990408A;SP;Buquirinha;-23,111;-45,913;2018-02-23 12:10:00.0;0,0
SÃO JOSÉ DOS CAMPOS;354990408A;SP;Buquirinha;-23,111;-45,913;2018-02-23 13:10:00.0;0,0
SÃO JOSÉ DOS CAMPOS;354990408A;SP;Buquirinha;-23,111;-45,913;2018-02-23 14:10:00.0;0,0
SÃO JOSÉ DOS CAMPOS;354990408A;SP;Buquirinha;-23,111;-45,913;2018-02-23 15:10:00.0;0,0
SÃO JOSÉ DOS CAMPOS;354990408A;SP;Buquirinha;-23,111;-45,913;2018-02-23 16:10:00.0;0,0
SÃO JOSÉ DOS CAMPOS;354990408A;SP;Buquirinha;-23,111;-45,913;2018-02-23 17:10:00.0;0,0
SÃO JOSÉ DOS CAMPOS;354990408A;SP;Buquirinha;-23,111;-45,913;2018-02-23 18:10:00.0;0,0
SÃO JOSÉ DOS CAMPOS;354990408A;SP;Buquirinha;-23,111;-45,913;2018-02-23 19:10:00.0;0,0
SÃO JOSÉ DOS CAMPOS;354990408A;SP;Buquirinha;-23,111;-45,913;2018-02-23 20:10:00.0;0,0
SÃO JOSÉ DOS CAMPOS;354990408A;SP;Buquirinha;-23,111;-45,913;2018-02-23 21:10:00.0;0,0
SÃO JOSÉ DOS CAMPOS;354990408A;SP;Buquirinha;-23,111;-45,913;2018-02-23 22:10:00.0;0,0
SÃO JOSÉ DOS CAMPOS;354990408A;SP;Buquirinha;-23,111;-45,913;2018-02-23 23:10:00.0;0,0
SÃO JOSÉ DOS CAMPOS;354990408A;SP;Buquirinha;-23,111;-45,913;2018-02-24 00:10:00.0;0,0
SÃO JOSÉ DOS CAMPOS;354990408A;SP;Buquirinha;-23,111;-45,913;2018-02-24 01:10:00.0;0,0
SÃO JOSÉ DOS CAMPOS;354990408A;SP;Buquirinha;-23,111;-45,913;2018-02-24 02:10:00.0;0,0
SÃO JOSÉ DOS CAMPOS;354990408A;SP;Buquirinha;-23,111;-45,913;2018-02-24 03:10:00.0;0,0
SÃO JOSÉ DOS CAMPOS;354990408A;SP;Buquirinha;-23,111;-45,913;2018-02-24 04:10:00.0;0,0
SÃO JOSÉ DOS CAMPOS;354990408A;SP;Buquirinha;-23,111;-45,913;2018-02-24 05:10:00.0;0,0
SÃO JOSÉ DOS CAMPOS;354990408A;SP;Buquirinha;-23,111;-45,913;2018-02-24 06:10:00.0;0,0
SÃO JOSÉ DOS CAMPOS;354990408A;SP;Buquirinha;-23,111;-45,913;2018-02-24 07:10:00.0;0,0
SÃO JOSÉ DOS CAMPOS;354990408A;SP;Buquirinha;-23,111;-45,913;2018-02-24 08:10:00.0;0,0
SÃO JOSÉ DOS CAMPOS;354990408A;SP;Buquirinha;-23,111;-45,913;2018-02-24 09:10:00.0;0,0
SÃO JOSÉ DOS CAMPOS;354990408A;SP;Buquirinha;-23,111;-45,913;2018-02-24 10:10:00.0;0,0
SÃO JOSÉ DOS CAMPOS;354990408A;SP;Buquirinha;-23,111;-45,913;2018-02-24 11:10:00.0;0,0
SÃO JOSÉ DOS CAMPOS;354990408A;SP;Buquirinha;-23,111;-45,913;2018-02-24 12:10:00.0;0,0
SÃO JOSÉ DOS CAMPOS;354990408A;SP;Buquirinha;-23,111;-45,913;2018-02-24 13:10:00.0;0,0
SÃO JOSÉ DOS CAMPOS;354990408A;SP;Buquirinha;-23,111;-45,913;2018-02-24 14:10:00.0;0,0
SÃO JOSÉ DOS CAMPOS;354990408A;SP;Buquirinha;-23,111;-45,913;2018-02-24 15:10:00.0;0,0
SÃO JOSÉ DOS CAMPOS;354990408A;SP;Buquirinha;-23,111;-45,913;2018-02-24 16:10:00.0;0,0
SÃO JOSÉ DOS CAMPOS;354990408A;SP;Buquirinha;-23,111;-45,913;2018-02-24 17:10:00.0;0,0
SÃO JOSÉ DOS CAMPOS;354990408A;SP;Buquirinha;-23,111;-45,913;2018-02-24 18:10:00.0;0,0
SÃO JOSÉ DOS CAMPOS;354990408A;SP;Buquirinha;-23,111;-45,913;2018-02-24 19:10:00.0;0,0
SÃO JOSÉ DOS CAMPOS;354990408A;SP;Buquirinha;-23,111;-45,913;2018-02-24 20:10:00.0;0,0
SÃO JOSÉ DOS CAMPOS;354990408A;SP;Buquirinha;-23,111;-45,913;2018-02-24 21:10:00.0;0,0
SÃO JOSÉ DOS CAMPOS;354990408A;SP;Buquirinha;-23,111;-45,913;2018-02-24 22:10:00.0;0,0
SÃO JOSÉ DOS CAMPOS;354990408A;SP;Buquirinha;-23,111;-45,913;2018-02-24 23:10:00.0;0,0
SÃO JOSÉ DOS CAMPOS;354990408A;SP;Buquirinha;-23,111;-45,913;2018-02-25 00:10:00.0;0,0
SÃO JOSÉ DOS CAMPOS;354990408A;SP;Buquirinha;-23,111;-45,913;2018-02-25 01:10:00.0;0,0
SÃO JOSÉ DOS CAMPOS;354990408A;SP;Buquirinha;-23,111;-45,913;2018-02-25 02:10:00.0;0,0
SÃO JOSÉ DOS CAMPOS;354990408A;SP;Buquirinha;-23,111;-45,913;2018-02-25 03:10:00.0;0,0
SÃO JOSÉ DOS CAMPOS;354990408A;SP;Buquirinha;-23,111;-45,913;2018-02-25 04:10:00.0;0,0
SÃO JOSÉ DOS CAMPOS;354990408A;SP;Buquirinha;-23,111;-45,913;2018-02-25 05:10:00.0;0,0
SÃO JOSÉ DOS CAMPOS;354990408A;SP;Buquirinha;-23,111;-45,913;2018-02-25 06:10:00.0;0,0
SÃO JOSÉ DOS CAMPOS;354990408A;SP;Buquirinha;-23,111;-45,913;2018-02-25 07:10:00.0;0,0
SÃO JOSÉ DOS CAMPOS;354990408A;SP;Buquirinha;-23,111;-45,913;2018-02-25 08:10:00.0;0,0
SÃO JOSÉ DOS CAMPOS;354990408A;SP;Buquirinha;-23,111;-45,913;2018-02-25 09:10:00.0;0,0
SÃO JOSÉ DOS CAMPOS;354990408A;SP;Buquirinha;-23,111;-45,913;2018-02-25 10:10:00.0;0,0
SÃO JOSÉ DOS CAMPOS;354990408A;SP;Buquirinha;-23,111;-45,913;2018-02-25 11:10:00.0;0,0
SÃO JOSÉ DOS CAMPOS;354990408A;SP;Buquirinha;-23,111;-45,913;2018-02-25 12:10:00.0;0,0
SÃO JOSÉ DOS CAMPOS;354990408A;SP;Buquirinha;-23,111;-45,913;2018-02-25 13:10:00.0;0,0
SÃO JOSÉ DOS CAMPOS;354990408A;SP;Buquirinha;-23,111;-45,913;2018-02-25 14:10:00.0;0,0
SÃO JOSÉ DOS CAMPOS;354990408A;SP;Buquirinha;-23,111;-45,913;2018-02-25 15:10:00.0;0,0
SÃO JOSÉ DOS CAMPOS;354990408A;SP;Buquirinha;-23,111;-45,913;2018-02-25 16:10:00.0;0,0
SÃO JOSÉ DOS CAMPOS;354990408A;SP;Buquirinha;-23,111;-45,913;2018-02-25 17:10:00.0;0,0
SÃO JOSÉ DOS CAMPOS;354990408A;SP;Buquirinha;-23,111;-45,913;2018-02-25 18:10:00.0;0,0
SÃO JOSÉ DOS CAMPOS;354990408A;SP;Buquirinha;-23,111;-45,913;2018-02-25 19:10:00.0;0,0
SÃO JOSÉ DOS CAMPOS;354990408A;SP;Buquirinha;-23,111;-45,913;2018-02-25 20:10:00.0;0,0
SÃO JOSÉ DOS CAMPOS;354990408A;SP;Buquirinha;-23,111;-45,913;2018-02-25 21:10:00.0;0,0
SÃO JOSÉ DOS CAMPOS;354990408A;SP;Buquirinha;-23,111;-45,913;2018-02-25 22:10:00.0;0,0
SÃO JOSÉ DOS CAMPOS;354990408A;SP;Buquirinha;-23,111;-45,913;2018-02-25 23:10:00.0;0,0
SÃO JOSÉ DOS CAMPOS;354990408A;SP;Buquirinha;-23,111;-45,913;2018-02-25 23:50:00.0;0,39
SÃO JOSÉ DOS CAMPOS;354990408A;SP;Buquirinha;-23,111;-45,913;2018-02-26 00:00:00.0;0,39
SÃO JOSÉ DOS CAMPOS;354990408A;SP;Buquirinha;-23,111;-45,913;2018-02-26 00:10:00.0;0,2
SÃO JOSÉ DOS CAMPOS;354990408A;SP;Buquirinha;-23,111;-45,913;2018-02-26 00:20:00.0;0,2
SÃO JOSÉ DOS CAMPOS;354990408A;SP;Buquirinha;-23,111;-45,913;2018-02-26 00:30:00.0;0,2
SÃO JOSÉ DOS CAMPOS;354990408A;SP;Buquirinha;-23,111;-45,913;2018-02-26 00:40:00.0;0,39
SÃO JOSÉ DOS CAMPOS;354990408A;SP;Buquirinha;-23,111;-45,913;2018-02-26 00:50:00.0;0,2
SÃO JOSÉ DOS CAMPOS;354990408A;SP;Buquirinha;-23,111;-45,913;2018-02-26 01:00:00.0;0,39
SÃO JOSÉ DOS CAMPOS;354990408A;SP;Buquirinha;-23,111;-45,913;2018-02-26 01:10:00.0;0,2
SÃO JOSÉ DOS CAMPOS;354990408A;SP;Buquirinha;-23,111;-45,913;2018-02-26 01:20:00.0;0,2
SÃO JOSÉ DOS CAMPOS;354990408A;SP;Buquirinha;-23,111;-45,913;2018-02-26 01:30:00.0;0,2
SÃO JOSÉ DOS CAMPOS;354990408A;SP;Buquirinha;-23,111;-45,913;2018-02-26 01:50:00.0;0,2
SÃO JOSÉ DOS CAMPOS;354990408A;SP;Buquirinha;-23,111;-45,913;2018-02-26 02:00:00.0;0,2
SÃO JOSÉ DOS CAMPOS;354990408A;SP;Buquirinha;-23,111;-45,913;2018-02-26 02:10:00.0;0,0
SÃO JOSÉ DOS CAMPOS;354990408A;SP;Buquirinha;-23,111;-45,913;2018-02-26 03:10:00.0;0,0
SÃO JOSÉ DOS CAMPOS;354990408A;SP;Buquirinha;-23,111;-45,913;2018-02-26 04:10:00.0;0,0
SÃO JOSÉ DOS CAMPOS;354990408A;SP;Buquirinha;-23,111;-45,913;2018-02-26 04:40:00.0;0,2
SÃO JOSÉ DOS CAMPOS;354990408A;SP;Buquirinha;-23,111;-45,913;2018-02-26 05:10:00.0;0,0
SÃO JOSÉ DOS CAMPOS;354990408A;SP;Buquirinha;-23,111;-45,913;2018-02-26 06:10:00.0;0,0
SÃO JOSÉ DOS CAMPOS;354990408A;SP;Buquirinha;-23,111;-45,913;2018-02-26 07:10:00.0;0,0
SÃO JOSÉ DOS CAMPOS;354990408A;SP;Buquirinha;-23,111;-45,913;2018-02-26 08:10:00.0;0,0
SÃO JOSÉ DOS CAMPOS;354990408A;SP;Buquirinha;-23,111;-45,913;2018-02-26 09:10:00.0;0,0
SÃO JOSÉ DOS CAMPOS;354990408A;SP;Buquirinha;-23,111;-45,913;2018-02-26 10:10:00.0;0,0
SÃO JOSÉ DOS CAMPOS;354990408A;SP;Buquirinha;-23,111;-45,913;2018-02-26 11:10:00.0;0,0
SÃO JOSÉ DOS CAMPOS;354990408A;SP;Buquirinha;-23,111;-45,913;2018-02-26 12:10:00.0;0,0
SÃO JOSÉ DOS CAMPOS;354990408A;SP;Buquirinha;-23,111;-45,913;2018-02-26 13:10:00.0;0,0
SÃO JOSÉ DOS CAMPOS;354990408A;SP;Buquirinha;-23,111;-45,913;2018-02-26 14:10:00.0;0,0
SÃO JOSÉ DOS CAMPOS;354990408A;SP;Buquirinha;-23,111;-45,913;2018-02-26 15:10:00.0;0,0
SÃO JOSÉ DOS CAMPOS;354990408A;SP;Buquirinha;-23,111;-45,913;2018-02-26 16:10:00.0;0,0
SÃO JOSÉ DOS CAMPOS;354990408A;SP;Buquirinha;-23,111;-45,913;2018-02-26 17:10:00.0;0,0
SÃO JOSÉ DOS CAMPOS;354990408A;SP;Buquirinha;-23,111;-45,913;2018-02-26 18:10:00.0;0,0
SÃO JOSÉ DOS CAMPOS;354990408A;SP;Buquirinha;-23,111;-45,913;2018-02-26 19:10:00.0;0,2
SÃO JOSÉ DOS CAMPOS;354990408A;SP;Buquirinha;-23,111;-45,913;2018-02-26 19:20:00.0;0,2
SÃO JOSÉ DOS CAMPOS;354990408A;SP;Buquirinha;-23,111;-45,913;2018-02-26 19:30:00.0;0,2
SÃO JOSÉ DOS CAMPOS;354990408A;SP;Buquirinha;-23,111;-45,913;2018-02-26 19:50:00.0;0,2
SÃO JOSÉ DOS CAMPOS;354990408A;SP;Buquirinha;-23,111;-45,913;2018-02-26 20:10:00.0;0,2
SÃO JOSÉ DOS CAMPOS;354990408A;SP;Buquirinha;-23,111;-45,913;2018-02-26 20:30:00.0;0,2
SÃO JOSÉ DOS CAMPOS;354990408A;SP;Buquirinha;-23,111;-45,913;2018-02-26 20:50:00.0;0,2
SÃO JOSÉ DOS CAMPOS;354990408A;SP;Buquirinha;-23,111;-45,913;2018-02-26 21:00:00.0;0,2
SÃO JOSÉ DOS CAMPOS;354990408A;SP;Buquirinha;-23,111;-45,913;2018-02-26 21:10:00.0;0,0
SÃO JOSÉ DOS CAMPOS;354990408A;SP;Buquirinha;-23,111;-45,913;2018-02-26 21:20:00.0;0,2
SÃO JOSÉ DOS CAMPOS;354990408A;SP;Buquirinha;-23,111;-45,913;2018-02-26 21:40:00.0;0,2
SÃO JOSÉ DOS CAMPOS;354990408A;SP;Buquirinha;-23,111;-45,913;2018-02-26 22:00:00.0;0,2
SÃO JOSÉ DOS CAMPOS;354990408A;SP;Buquirinha;-23,111;-45,913;2018-02-26 22:10:00.0;0,0
SÃO JOSÉ DOS CAMPOS;354990408A;SP;Buquirinha;-23,111;-45,913;2018-02-26 22:20:00.0;0,2
SÃO JOSÉ DOS CAMPOS;354990408A;SP;Buquirinha;-23,111;-45,913;2018-02-26 22:40:00.0;0,2
SÃO JOSÉ DOS CAMPOS;354990408A;SP;Buquirinha;-23,111;-45,913;2018-02-26 23:00:00.0;0,2
SÃO JOSÉ DOS CAMPOS;354990408A;SP;Buquirinha;-23,111;-45,913;2018-02-26 23:10:00.0;0,0
SÃO JOSÉ DOS CAMPOS;354990408A;SP;Buquirinha;-23,111;-45,913;2018-02-26 23:20:00.0;0,2
SÃO JOSÉ DOS CAMPOS;354990408A;SP;Buquirinha;-23,111;-45,913;2018-02-26 23:40:00.0;0,2
SÃO JOSÉ DOS CAMPOS;354990408A;SP;Buquirinha;-23,111;-45,913;2018-02-27 00:00:00.0;0,2
SÃO JOSÉ DOS CAMPOS;354990408A;SP;Buquirinha;-23,111;-45,913;2018-02-27 00:10:00.0;0,0
SÃO JOSÉ DOS CAMPOS;354990408A;SP;Buquirinha;-23,111;-45,913;2018-02-27 00:30:00.0;0,2
SÃO JOSÉ DOS CAMPOS;354990408A;SP;Buquirinha;-23,111;-45,913;2018-02-27 00:50:00.0;0,2
SÃO JOSÉ DOS CAMPOS;354990408A;SP;Buquirinha;-23,111;-45,913;2018-02-27 01:10:00.0;0,2
SÃO JOSÉ DOS CAMPOS;354990408A;SP;Buquirinha;-23,111;-45,913;2018-02-27 01:30:00.0;0,2
SÃO JOSÉ DOS CAMPOS;354990408A;SP;Buquirinha;-23,111;-45,913;2018-02-27 01:50:00.0;0,2
SÃO JOSÉ DOS CAMPOS;354990408A;SP;Buquirinha;-23,111;-45,913;2018-02-27 02:20:00.0;0,2
SÃO JOSÉ DOS CAMPOS;354990408A;SP;Buquirinha;-23,111;-45,913;2018-02-27 02:40:00.0;0,2
SÃO JOSÉ DOS CAMPOS;354990408A;SP;Buquirinha;-23,111;-45,913;2018-02-27 03:00:00.0;0,2
SÃO JOSÉ DOS CAMPOS;354990408A;SP;Buquirinha;-23,111;-45,913;2018-02-27 03:10:00.0;0,0
SÃO JOSÉ DOS CAMPOS;354990408A;SP;Buquirinha;-23,111;-45,913;2018-02-27 03:20:00.0;0,2
SÃO JOSÉ DOS CAMPOS;354990408A;SP;Buquirinha;-23,111;-45,913;2018-02-27 03:50:00.0;0,2
SÃO JOSÉ DOS CAMPOS;354990408A;SP;Buquirinha;-23,111;-45,913;2018-02-27 04:10:00.0;0,2
SÃO JOSÉ DOS CAMPOS;354990408A;SP;Buquirinha;-23,111;-45,913;2018-02-27 04:30:00.0;0,2
SÃO JOSÉ DOS CAMPOS;354990408A;SP;Buquirinha;-23,111;-45,913;2018-02-27 05:00:00.0;0,2
SÃO JOSÉ DOS CAMPOS;354990408A;SP;Buquirinha;-23,111;-45,913;2018-02-27 05:20:00.0;0,2
SÃO JOSÉ DOS CAMPOS;354990408A;SP;Buquirinha;-23,111;-45,913;2018-02-27 05:50:00.0;0,2
SÃO JOSÉ DOS CAMPOS;354990408A;SP;Buquirinha;-23,111;-45,913;2018-02-27 06:10:00.0;0,2
SÃO JOSÉ DOS CAMPOS;354990408A;SP;Buquirinha;-23,111;-45,913;2018-02-27 06:40:00.0;0,2
SÃO JOSÉ DOS CAMPOS;354990408A;SP;Buquirinha;-23,111;-45,913;2018-02-27 07:00:00.0;0,2
SÃO JOSÉ DOS CAMPOS;354990408A;SP;Buquirinha;-23,111;-45,913;2018-02-27 07:10:00.0;0,0
SÃO JOSÉ DOS CAMPOS;354990408A;SP;Buquirinha;-23,111;-45,913;2018-02-27 07:30:00.0;0,2
SÃO JOSÉ DOS CAMPOS;354990408A;SP;Buquirinha;-23,111;-45,913;2018-02-27 07:50:00.0;0,2
SÃO JOSÉ DOS CAMPOS;354990408A;SP;Buquirinha;-23,111;-45,913;2018-02-27 08:10:00.0;0,0
SÃO JOSÉ DOS CAMPOS;354990408A;SP;Buquirinha;-23,111;-45,913;2018-02-27 08:20:00.0;0,2
SÃO JOSÉ DOS CAMPOS;354990408A;SP;Buquirinha;-23,111;-45,913;2018-02-27 08:50:00.0;0,2
SÃO JOSÉ DOS CAMPOS;354990408A;SP;Buquirinha;-23,111;-45,913;2018-02-27 09:10:00.0;0,0
SÃO JOSÉ DOS CAMPOS;354990408A;SP;Buquirinha;-23,111;-45,913;2018-02-27 09:20:00.0;0,2
SÃO JOSÉ DOS CAMPOS;354990408A;SP;Buquirinha;-23,111;-45,913;2018-02-27 09:50:00.0;0,2
SÃO JOSÉ DOS CAMPOS;354990408A;SP;Buquirinha;-23,111;-45,913;2018-02-27 10:10:00.0;0,0
SÃO JOSÉ DOS CAMPOS;354990408A;SP;Buquirinha;-23,111;-45,913;2018-02-27 10:30:00.0;0,2
SÃO JOSÉ DOS CAMPOS;354990408A;SP;Buquirinha;-23,111;-45,913;2018-02-27 11:00:00.0;0,2
SÃO JOSÉ DOS CAMPOS;354990408A;SP;Buquirinha;-23,111;-45,913;2018-02-27 11:10:00.0;0,0
SÃO JOSÉ DOS CAMPOS;354990408A;SP;Buquirinha;-23,111;-45,913;2018-02-27 11:40:00.0;0,2
SÃO JOSÉ DOS CAMPOS;354990408A;SP;Buquirinha;-23,111;-45,913;2018-02-27 12:10:00.0;0,0
SÃO JOSÉ DOS CAMPOS;354990408A;SP;Buquirinha;-23,111;-45,913;2018-02-27 12:20:00.0;0,2
SÃO JOSÉ DOS CAMPOS;354990408A;SP;Buquirinha;-23,111;-45,913;2018-02-27 13:10:00.0;0,0
SÃO JOSÉ DOS CAMPOS;354990408A;SP;Buquirinha;-23,111;-45,913;2018-02-27 13:30:00.0;0,2
SÃO JOSÉ DOS CAMPOS;354990408A;SP;Buquirinha;-23,111;-45,913;2018-02-27 14:10:00.0;0,0
SÃO JOSÉ DOS CAMPOS;354990408A;SP;Buquirinha;-23,111;-45,913;2018-02-27 14:30:00.0;0,2
SÃO JOSÉ DOS CAMPOS;354990408A;SP;Buquirinha;-23,111;-45,913;2018-02-27 15:10:00.0;0,0
SÃO JOSÉ DOS CAMPOS;354990408A;SP;Buquirinha;-23,111;-45,913;2018-02-27 16:10:00.0;0,0
SÃO JOSÉ DOS CAMPOS;354990408A;SP;Buquirinha;-23,111;-45,913;2018-02-27 16:20:00.0;0,2
SÃO JOSÉ DOS CAMPOS;354990408A;SP;Buquirinha;-23,111;-45,913;2018-02-27 17:10:00.0;0,0
SÃO JOSÉ DOS CAMPOS;354990408A;SP;Buquirinha;-23,111;-45,913;2018-02-27 18:10:00.0;0,0
SÃO JOSÉ DOS CAMPOS;354990408A;SP;Buquirinha;-23,111;-45,913;2018-02-27 18:30:00.0;0,2
SÃO JOSÉ DOS CAMPOS;354990408A;SP;Buquirinha;-23,111;-45,913;2018-02-27 19:10:00.0;0,0
SÃO JOSÉ DOS CAMPOS;354990408A;SP;Buquirinha;-23,111;-45,913;2018-02-27 20:10:00.0;0,0
SÃO JOSÉ DOS CAMPOS;354990408A;SP;Buquirinha;-23,111;-45,913;2018-02-27 21:00:00.0;0,2
SÃO JOSÉ DOS CAMPOS;354990408A;SP;Buquirinha;-23,111;-45,913;2018-02-27 21:10:00.0;0,0
SÃO JOSÉ DOS CAMPOS;354990408A;SP;Buquirinha;-23,111;-45,913;2018-02-27 22:10:00.0;0,0
SÃO JOSÉ DOS CAMPOS;354990408A;SP;Buquirinha;-23,111;-45,913;2018-02-27 22:40:00.0;0,2
SÃO JOSÉ DOS CAMPOS;354990408A;SP;Buquirinha;-23,111;-45,913;2018-02-27 23:10:00.0;0,0
SÃO JOSÉ DOS CAMPOS;354990408A;SP;Buquirinha;-23,111;-45,913;2018-02-28 00:10:00.0;0,2
SÃO JOSÉ DOS CAMPOS;354990408A;SP;Buquirinha;-23,111;-45,913;2018-02-28 01:10:00.0;0,0
SÃO JOSÉ DOS CAMPOS;354990408A;SP;Buquirinha;-23,111;-45,913;2018-02-28 01:30:00.0;0,2
SÃO JOSÉ DOS CAMPOS;354990408A;SP;Buquirinha;-23,111;-45,913;2018-02-28 02:10:00.0;0,0
SÃO JOSÉ DOS CAMPOS;354990408A;SP;Buquirinha;-23,111;-45,913;2018-02-28 03:00:00.0;0,2
SÃO JOSÉ DOS CAMPOS;354990408A;SP;Buquirinha;-23,111;-45,913;2018-02-28 03:10:00.0;0,0
SÃO JOSÉ DOS CAMPOS;354990408A;SP;Buquirinha;-23,111;-45,913;2018-02-28 04:10:00.0;0,0
SÃO JOSÉ DOS CAMPOS;354990408A;SP;Buquirinha;-23,111;-45,913;2018-02-28 04:20:00.0;0,2
SÃO JOSÉ DOS CAMPOS;354990408A;SP;Buquirinha;-23,111;-45,913;2018-02-28 05:10:00.0;0,0
SÃO JOSÉ DOS CAMPOS;354990408A;SP;Buquirinha;-23,111;-45,913;2018-02-28 05:40:00.0;0,2
SÃO JOSÉ DOS CAMPOS;354990408A;SP;Buquirinha;-23,111;-45,913;2018-02-28 06:10:00.0;0,0
SÃO JOSÉ DOS CAMPOS;354990408A;SP;Buquirinha;-23,111;-45,913;2018-02-28 07:00:00.0;0,2
SÃO JOSÉ DOS CAMPOS;354990408A;SP;Buquirinha;-23,111;-45,913;2018-02-28 08:10:00.0;0,2
SÃO JOSÉ DOS CAMPOS;354990408A;SP;Buquirinha;-23,111;-45,913;2018-02-28 09:10:00.0;0,0
SÃO JOSÉ DOS CAMPOS;354990408A;SP;Buquirinha;-23,111;-45,913;2018-02-28 09:30:00.0;0,2
SÃO JOSÉ DOS CAMPOS;354990408A;SP;Buquirinha;-23,111;-45,913;2018-02-28 10:10:00.0;0,0
SÃO JOSÉ DOS CAMPOS;354990408A;SP;Buquirinha;-23,111;-45,913;2018-02-28 11:00:00.0;0,2
SÃO JOSÉ DOS CAMPOS;354990408A;SP;Buquirinha;-23,111;-45,913;2018-02-28 11:10:00.0;0,0
SÃO JOSÉ DOS CAMPOS;354990408A;SP;Buquirinha;-23,111;-45,913;2018-02-28 12:10:00.0;0,2
SÃO JOSÉ DOS CAMPOS;354990408A;SP;Buquirinha;-23,111;-45,913;2018-02-28 13:10:00.0;0,0
SÃO JOSÉ DOS CAMPOS;354990408A;SP;Buquirinha;-23,111;-45,913;2018-02-28 14:10:00.0;0,2
SÃO JOSÉ DOS CAMPOS;354990408A;SP;Buquirinha;-23,111;-45,913;2018-02-28 15:10:00.0;0,0
SÃO JOSÉ DOS CAMPOS;354990408A;SP;Buquirinha;-23,111;-45,913;2018-02-28 16:10:00.0;0,0
SÃO JOSÉ DOS CAMPOS;354990408A;SP;Buquirinha;-23,111;-45,913;2018-02-28 17:10:00.0;0,0
SÃO JOSÉ DOS CAMPOS;354990408A;SP;Buquirinha;-23,111;-45,913;2018-02-28 18:10:00.0;0,0
SÃO JOSÉ DOS CAMPOS;354990408A;SP;Buquirinha;-23,111;-45,913;2018-02-28 19:10:00.0;0,0
SÃO JOSÉ DOS CAMPOS;354990408A;SP;Buquirinha;-23,111;-45,913;2018-02-28 20:10:00.0;0,0
SÃO JOSÉ DOS CAMPOS;354990408A;SP;Buquirinha;-23,111;-45,913;2018-02-28 21:10:00.0;0,0
SÃO JOSÉ DOS CAMPOS;354990408A;SP;Buquirinha;-23,111;-45,913;2018-02-28 22:10:00.0;0,0
SÃO JOSÉ DOS CAMPOS;354990408A;SP;Buquirinha;-23,111;-45,913;2018-02-28 23:00:00.0;0,2
SÃO JOSÉ DOS CAMPOS;354990408A;SP;Buquirinha;-23,111;-45,913;2018-02-28 23:10:00.0;0,0
SÃO JOSÉ DOS CAMPOS;354990409A;SP;Residencial Flamboyant;-23,216;-45,852;2018-02-01 00:10:00.0;0,0
SÃO JOSÉ DOS CAMPOS;354990409A;SP;Residencial Flamboyant;-23,216;-45,852;2018-02-01 01:10:00.0;0,0
SÃO JOSÉ DOS CAMPOS;354990409A;SP;Residencial Flamboyant;-23,216;-45,852;2018-02-01 01:30:00.0;0,2
SÃO JOSÉ DOS CAMPOS;354990409A;SP;Residencial Flamboyant;-23,216;-45,852;2018-02-01 02:10:00.0;0,0
SÃO JOSÉ DOS CAMPOS;354990409A;SP;Residencial Flamboyant;-23,216;-45,852;2018-02-01 02:40:00.0;0,2
SÃO JOSÉ DOS CAMPOS;354990409A;SP;Residencial Flamboyant;-23,216;-45,852;2018-02-01 03:10:00.0;0,0
SÃO JOSÉ DOS CAMPOS;354990409A;SP;Residencial Flamboyant;-23,216;-45,852;2018-02-01 04:10:00.0;0,0
SÃO JOSÉ DOS CAMPOS;354990409A;SP;Residencial Flamboyant;-23,216;-45,852;2018-02-01 04:30:00.0;0,2
SÃO JOSÉ DOS CAMPOS;354990409A;SP;Residencial Flamboyant;-23,216;-45,852;2018-02-01 05:10:00.0;0,0
SÃO JOSÉ DOS CAMPOS;354990409A;SP;Residencial Flamboyant;-23,216;-45,852;2018-02-01 05:40:00.0;0,2
SÃO JOSÉ DOS CAMPOS;354990409A;SP;Residencial Flamboyant;-23,216;-45,852;2018-02-01 06:10:00.0;0,0
SÃO JOSÉ DOS CAMPOS;354990409A;SP;Residencial Flamboyant;-23,216;-45,852;2018-02-01 07:10:00.0;0,0
SÃO JOSÉ DOS CAMPOS;354990409A;SP;Residencial Flamboyant;-23,216;-45,852;2018-02-01 07:30:00.0;0,2
SÃO JOSÉ DOS CAMPOS;354990409A;SP;Residencial Flamboyant;-23,216;-45,852;2018-02-01 08:10:00.0;0,0
SÃO JOSÉ DOS CAMPOS;354990409A;SP;Residencial Flamboyant;-23,216;-45,852;2018-02-01 08:40:00.0;0,2
SÃO JOSÉ DOS CAMPOS;354990409A;SP;Residencial Flamboyant;-23,216;-45,852;2018-02-01 09:10:00.0;0,0
SÃO JOSÉ DOS CAMPOS;354990409A;SP;Residencial Flamboyant;-23,216;-45,852;2018-02-01 10:10:00.0;0,2
SÃO JOSÉ DOS CAMPOS;354990409A;SP;Residencial Flamboyant;-23,216;-45,852;2018-02-01 11:10:00.0;0,2
SÃO JOSÉ DOS CAMPOS;354990409A;SP;Residencial Flamboyant;-23,216;-45,852;2018-02-01 12:10:00.0;0,0
SÃO JOSÉ DOS CAMPOS;354990409A;SP;Residencial Flamboyant;-23,216;-45,852;2018-02-01 12:40:00.0;0,2
SÃO JOSÉ DOS CAMPOS;354990409A;SP;Residencial Flamboyant;-23,216;-45,852;2018-02-01 13:10:00.0;0,0
SÃO JOSÉ DOS CAMPOS;354990409A;SP;Residencial Flamboyant;-23,216;-45,852;2018-02-01 13:30:00.0;0,2
SÃO JOSÉ DOS CAMPOS;354990409A;SP;Residencial Flamboyant;-23,216;-45,852;2018-02-01 14:10:00.0;0,0
SÃO JOSÉ DOS CAMPOS;354990409A;SP;Residencial Flamboyant;-23,216;-45,852;2018-02-01 14:50:00.0;0,2
SÃO JOSÉ DOS CAMPOS;354990409A;SP;Residencial Flamboyant;-23,216;-45,852;2018-02-01 15:10:00.0;0,0
SÃO JOSÉ DOS CAMPOS;354990409A;SP;Residencial Flamboyant;-23,216;-45,852;2018-02-01 15:40:00.0;0,2
SÃO JOSÉ DOS CAMPOS;354990409A;SP;Residencial Flamboyant;-23,216;-45,852;2018-02-01 16:10:00.0;0,0
SÃO JOSÉ DOS CAMPOS;354990409A;SP;Residencial Flamboyant;-23,216;-45,852;2018-02-01 17:10:00.0;0,2
SÃO JOSÉ DOS CAMPOS;354990409A;SP;Residencial Flamboyant;-23,216;-45,852;2018-02-01 17:20:00.0;0,0
SÃO JOSÉ DOS CAMPOS;354990409A;SP;Residencial Flamboyant;-23,216;-45,852;2018-02-01 17:50:00.0;0,2
SÃO JOSÉ DOS CAMPOS;354990409A;SP;Residencial Flamboyant;-23,216;-45,852;2018-02-01 18:10:00.0;0,0
SÃO JOSÉ DOS CAMPOS;354990409A;SP;Residencial Flamboyant;-23,216;-45,852;2018-02-01 19:10:00.0;0,2
SÃO JOSÉ DOS CAMPOS;354990409A;SP;Residencial Flamboyant;-23,216;-45,852;2018-02-01 20:00:00.0;0,2
SÃO JOSÉ DOS CAMPOS;354990409A;SP;Residencial Flamboyant;-23,216;-45,852;2018-02-01 20:10:00.0;0,0
SÃO JOSÉ DOS CAMPOS;354990409A;SP;Residencial Flamboyant;-23,216;-45,852;2018-02-01 21:00:00.0;0,2
SÃO JOSÉ DOS CAMPOS;354990409A;SP;Residencial Flamboyant;-23,216;-45,852;2018-02-01 21:10:00.0;0,0
SÃO JOSÉ DOS CAMPOS;354990409A;SP;Residencial Flamboyant;-23,216;-45,852;2018-02-01 21:40:00.0;0,2
SÃO JOSÉ DOS CAMPOS;354990409A;SP;Residencial Flamboyant;-23,216;-45,852;2018-02-01 22:10:00.0;0,0
SÃO JOSÉ DOS CAMPOS;354990409A;SP;Residencial Flamboyant;-23,216;-45,852;2018-02-01 22:40:00.0;0,2
SÃO JOSÉ DOS CAMPOS;354990409A;SP;Residencial Flamboyant;-23,216;-45,852;2018-02-01 23:10:00.0;0,0
SÃO JOSÉ DOS CAMPOS;354990409A;SP;Residencial Flamboyant;-23,216;-45,852;2018-02-01 23:20:00.0;0,2
SÃO JOSÉ DOS CAMPOS;354990409A;SP;Residencial Flamboyant;-23,216;-45,852;2018-02-02 00:10:00.0;0,0
SÃO JOSÉ DOS CAMPOS;354990409A;SP;Residencial Flamboyant;-23,216;-45,852;2018-02-02 00:30:00.0;0,2
SÃO JOSÉ DOS CAMPOS;354990409A;SP;Residencial Flamboyant;-23,216;-45,852;2018-02-02 01:10:00.0;0,2
SÃO JOSÉ DOS CAMPOS;354990409A;SP;Residencial Flamboyant;-23,216;-45,852;2018-02-02 02:10:00.0;0,0
SÃO JOSÉ DOS CAMPOS;354990409A;SP;Residencial Flamboyant;-23,216;-45,852;2018-02-02 02:30:00.0;0,2
SÃO JOSÉ DOS CAMPOS;354990409A;SP;Residencial Flamboyant;-23,216;-45,852;2018-02-02 03:10:00.0;0,2
SÃO JOSÉ DOS CAMPOS;354990409A;SP;Residencial Flamboyant;-23,216;-45,852;2018-02-02 04:10:00.0;0,0
SÃO JOSÉ DOS CAMPOS;354990409A;SP;Residencial Flamboyant;-23,216;-45,852;2018-02-02 04:30:00.0;0,2
SÃO JOSÉ DOS CAMPOS;354990409A;SP;Residencial Flamboyant;-23,216;-45,852;2018-02-02 05:10:00.0;0,2
SÃO JOSÉ DOS CAMPOS;354990409A;SP;Residencial Flamboyant;-23,216;-45,852;2018-02-02 06:10:00.0;0,0
SÃO JOSÉ DOS CAMPOS;354990409A;SP;Residencial Flamboyant;-23,216;-45,852;2018-02-02 06:20:00.0;0,2
SÃO JOSÉ DOS CAMPOS;354990409A;SP;Residencial Flamboyant;-23,216;-45,852;2018-02-02 07:00:00.0;0,2
SÃO JOSÉ DOS CAMPOS;354990409A;SP;Residencial Flamboyant;-23,216;-45,852;2018-02-02 07:10:00.0;0,0
SÃO JOSÉ DOS CAMPOS;354990409A;SP;Residencial Flamboyant;-23,216;-45,852;2018-02-02 08:10:00.0;0,0
SÃO JOSÉ DOS CAMPOS;354990409A;SP;Residencial Flamboyant;-23,216;-45,852;2018-02-02 08:20:00.0;0,2
SÃO JOSÉ DOS CAMPOS;354990409A;SP;Residencial Flamboyant;-23,216;-45,852;2018-02-02 09:00:00.0;0,2
SÃO JOSÉ DOS CAMPOS;354990409A;SP;Residencial Flamboyant;-23,216;-45,852;2018-02-02 09:10:00.0;0,0
SÃO JOSÉ DOS CAMPOS;354990409A;SP;Residencial Flamboyant;-23,216;-45,852;2018-02-02 10:10:00.0;0,0
SÃO JOSÉ DOS CAMPOS;354990409A;SP;Residencial Flamboyant;-23,216;-45,852;2018-02-02 10:20:00.0;0,2
SÃO JOSÉ DOS CAMPOS;354990409A;SP;Residencial Flamboyant;-23,216;-45,852;2018-02-02 11:10:00.0;0,2
SÃO JOSÉ DOS CAMPOS;354990409A;SP;Residencial Flamboyant;-23,216;-45,852;2018-02-02 12:10:00.0;0,0
SÃO JOSÉ DOS CAMPOS;354990409A;SP;Residencial Flamboyant;-23,216;-45,852;2018-02-02 12:30:00.0;0,2
SÃO JOSÉ DOS CAMPOS;354990409A;SP;Residencial Flamboyant;-23,216;-45,852;2018-02-02 13:00:00.0;0,2
SÃO JOSÉ DOS CAMPOS;354990409A;SP;Residencial Flamboyant;-23,216;-45,852;2018-02-02 13:20:00.0;0,0
SÃO JOSÉ DOS CAMPOS;354990409A;SP;Residencial Flamboyant;-23,216;-45,852;2018-02-02 14:10:00.0;0,2
SÃO JOSÉ DOS CAMPOS;354990409A;SP;Residencial Flamboyant;-23,216;-45,852;2018-02-02 14:50:00.0;0,2
SÃO JOSÉ DOS CAMPOS;354990409A;SP;Residencial Flamboyant;-23,216;-45,852;2018-02-02 15:10:00.0;0,0
SÃO JOSÉ DOS CAMPOS;354990409A;SP;Residencial Flamboyant;-23,216;-45,852;2018-02-02 16:00:00.0;0,2
SÃO JOSÉ DOS CAMPOS;354990409A;SP;Residencial Flamboyant;-23,216;-45,852;2018-02-02 16:10:00.0;0,0
SÃO JOSÉ DOS CAMPOS;354990409A;SP;Residencial Flamboyant;-23,216;-45,852;2018-02-02 16:40:00.0;0,2
SÃO JOSÉ DOS CAMPOS;354990409A;SP;Residencial Flamboyant;-23,216;-45,852;2018-02-02 17:10:00.0;0,0
SÃO JOSÉ DOS CAMPOS;354990409A;SP;Residencial Flamboyant;-23,216;-45,852;2018-02-02 18:00:00.0;0,2
SÃO JOSÉ DOS CAMPOS;354990409A;SP;Residencial Flamboyant;-23,216;-45,852;2018-02-02 18:10:00.0;0,0
SÃO JOSÉ DOS CAMPOS;354990409A;SP;Residencial Flamboyant;-23,216;-45,852;2018-02-02 18:40:00.0;0,2
SÃO JOSÉ DOS CAMPOS;354990409A;SP;Residencial Flamboyant;-23,216;-45,852;2018-02-02 19:10:00.0;0,0
SÃO JOSÉ DOS CAMPOS;354990409A;SP;Residencial Flamboyant;-23,216;-45,852;2018-02-02 20:00:00.0;0,2
SÃO JOSÉ DOS CAMPOS;354990409A;SP;Residencial Flamboyant;-23,216;-45,852;2018-02-02 20:20:00.0;0,0
SÃO JOSÉ DOS CAMPOS;354990409A;SP;Residencial Flamboyant;-23,216;-45,852;2018-02-02 21:00:00.0;0,2
SÃO JOSÉ DOS CAMPOS;354990409A;SP;Residencial Flamboyant;-23,216;-45,852;2018-02-02 21:10:00.0;0,0
SÃO JOSÉ DOS CAMPOS;354990409A;SP;Residencial Flamboyant;-23,216;-45,852;2018-02-02 22:10:00.0;0,0
SÃO JOSÉ DOS CAMPOS;354990409A;SP;Residencial Flamboyant;-23,216;-45,852;2018-02-02 22:50:00.0;0,2
SÃO JOSÉ DOS CAMPOS;354990409A;SP;Residencial Flamboyant;-23,216;-45,852;2018-02-02 23:10:00.0;0,0
SÃO JOSÉ DOS CAMPOS;354990409A;SP;Residencial Flamboyant;-23,216;-45,852;2018-02-03 00:10:00.0;0,2
SÃO JOSÉ DOS CAMPOS;354990409A;SP;Residencial Flamboyant;-23,216;-45,852;2018-02-03 01:10:00.0;0,0
SÃO JOSÉ DOS CAMPOS;354990409A;SP;Residencial Flamboyant;-23,216;-45,852;2018-02-03 02:00:00.0;0,2
SÃO JOSÉ DOS CAMPOS;354990409A;SP;Residencial Flamboyant;-23,216;-45,852;2018-02-03 02:10:00.0;0,0
SÃO JOSÉ DOS CAMPOS;354990409A;SP;Residencial Flamboyant;-23,216;-45,852;2018-02-03 03:10:00.0;0,0
SÃO JOSÉ DOS CAMPOS;354990409A;SP;Residencial Flamboyant;-23,216;-45,852;2018-02-03 03:20:00.0;0,2
SÃO JOSÉ DOS CAMPOS;354990409A;SP;Residencial Flamboyant;-23,216;-45,852;2018-02-03 04:10:00.0;0,0
SÃO JOSÉ DOS CAMPOS;354990409A;SP;Residencial Flamboyant;-23,216;-45,852;2018-02-03 05:10:00.0;0,0
SÃO JOSÉ DOS CAMPOS;354990409A;SP;Residencial Flamboyant;-23,216;-45,852;2018-02-03 05:20:00.0;0,2
SÃO JOSÉ DOS CAMPOS;354990409A;SP;Residencial Flamboyant;-23,216;-45,852;2018-02-03 06:10:00.0;0,0
SÃO JOSÉ DOS CAMPOS;354990409A;SP;Residencial Flamboyant;-23,216;-45,852;2018-02-03 06:30:00.0;0,2
SÃO JOSÉ DOS CAMPOS;354990409A;SP;Residencial Flamboyant;-23,216;-45,852;2018-02-03 07:10:00.0;0,0
SÃO JOSÉ DOS CAMPOS;354990409A;SP;Residencial Flamboyant;-23,216;-45,852;2018-02-03 08:10:00.0;0,0
SÃO JOSÉ DOS CAMPOS;354990409A;SP;Residencial Flamboyant;-23,216;-45,852;2018-02-03 08:40:00.0;0,2
SÃO JOSÉ DOS CAMPOS;354990409A;SP;Residencial Flamboyant;-23,216;-45,852;2018-02-03 09:10:00.0;0,0
SÃO JOSÉ DOS CAMPOS;354990409A;SP;Residencial Flamboyant;-23,216;-45,852;2018-02-03 10:00:00.0;0,2
SÃO JOSÉ DOS CAMPOS;354990409A;SP;Residencial Flamboyant;-23,216;-45,852;2018-02-03 10:10:00.0;0,0
SÃO JOSÉ DOS CAMPOS;354990409A;SP;Residencial Flamboyant;-23,216;-45,852;2018-02-03 11:10:00.0;0,0
SÃO JOSÉ DOS CAMPOS;354990409A;SP;Residencial Flamboyant;-23,216;-45,852;2018-02-03 11:50:00.0;0,2
SÃO JOSÉ DOS CAMPOS;354990409A;SP;Residencial Flamboyant;-23,216;-45,852;2018-02-03 12:10:00.0;0,0
SÃO JOSÉ DOS CAMPOS;354990409A;SP;Residencial Flamboyant;-23,216;-45,852;2018-02-03 12:40:00.0;0,2
SÃO JOSÉ DOS CAMPOS;354990409A;SP;Residencial Flamboyant;-23,216;-45,852;2018-02-03 13:10:00.0;0,0
SÃO JOSÉ DOS CAMPOS;354990409A;SP;Residencial Flamboyant;-23,216;-45,852;2018-02-03 14:10:00.0;0,0
SÃO JOSÉ DOS CAMPOS;354990409A;SP;Residencial Flamboyant;-23,216;-45,852;2018-02-03 14:20:00.0;0,2
SÃO JOSÉ DOS CAMPOS;354990409A;SP;Residencial Flamboyant;-23,216;-45,852;2018-02-03 15:10:00.0;0,2
SÃO JOSÉ DOS CAMPOS;354990409A;SP;Residencial Flamboyant;-23,216;-45,852;2018-02-03 16:10:00.0;0,0
SÃO JOSÉ DOS CAMPOS;354990409A;SP;Residencial Flamboyant;-23,216;-45,852;2018-02-03 16:40:00.0;0,2
SÃO JOSÉ DOS CAMPOS;354990409A;SP;Residencial Flamboyant;-23,216;-45,852;2018-02-03 17:10:00.0;0,0
SÃO JOSÉ DOS CAMPOS;354990409A;SP;Residencial Flamboyant;-23,216;-45,852;2018-02-03 17:40:00.0;0,2
SÃO JOSÉ DOS CAMPOS;354990409A;SP;Residencial Flamboyant;-23,216;-45,852;2018-02-03 18:10:00.0;0,0
SÃO JOSÉ DOS CAMPOS;354990409A;SP;Residencial Flamboyant;-23,216;-45,852;2018-02-03 19:10:00.0;0,0
SÃO JOSÉ DOS CAMPOS;354990409A;SP;Residencial Flamboyant;-23,216;-45,852;2018-02-03 19:30:00.0;0,2
SÃO JOSÉ DOS CAMPOS;354990409A;SP;Residencial Flamboyant;-23,216;-45,852;2018-02-03 20:10:00.0;0,0
SÃO JOSÉ DOS CAMPOS;354990409A;SP;Residencial Flamboyant;-23,216;-45,852;2018-02-03 20:30:00.0;0,2
SÃO JOSÉ DOS CAMPOS;354990409A;SP;Residencial Flamboyant;-23,216;-45,852;2018-02-03 21:10:00.0;0,0
SÃO JOSÉ DOS CAMPOS;354990409A;SP;Residencial Flamboyant;-23,216;-45,852;2018-02-03 22:10:00.0;0,0
SÃO JOSÉ DOS CAMPOS;354990409A;SP;Residencial Flamboyant;-23,216;-45,852;2018-02-03 22:30:00.0;0,2
SÃO JOSÉ DOS CAMPOS;354990409A;SP;Residencial Flamboyant;-23,216;-45,852;2018-02-03 23:10:00.0;0,0
SÃO JOSÉ DOS CAMPOS;354990409A;SP;Residencial Flamboyant;-23,216;-45,852;2018-02-03 23:50:00.0;0,2
SÃO JOSÉ DOS CAMPOS;354990409A;SP;Residencial Flamboyant;-23,216;-45,852;2018-02-04 00:10:00.0;0,0
SÃO JOSÉ DOS CAMPOS;354990409A;SP;Residencial Flamboyant;-23,216;-45,852;2018-02-04 01:10:00.0;0,0
SÃO JOSÉ DOS CAMPOS;354990409A;SP;Residencial Flamboyant;-23,216;-45,852;2018-02-04 02:10:00.0;0,2
SÃO JOSÉ DOS CAMPOS;354990409A;SP;Residencial Flamboyant;-23,216;-45,852;2018-02-04 03:10:00.0;0,0
SÃO JOSÉ DOS CAMPOS;354990409A;SP;Residencial Flamboyant;-23,216;-45,852;2018-02-04 03:30:00.0;0,2
SÃO JOSÉ DOS CAMPOS;354990409A;SP;Residencial Flamboyant;-23,216;-45,852;2018-02-04 04:10:00.0;0,0
SÃO JOSÉ DOS CAMPOS;354990409A;SP;Residencial Flamboyant;-23,216;-45,852;2018-02-04 05:10:00.0;0,0
SÃO JOSÉ DOS CAMPOS;354990409A;SP;Residencial Flamboyant;-23,216;-45,852;2018-02-04 05:40:00.0;0,2
SÃO JOSÉ DOS CAMPOS;354990409A;SP;Residencial Flamboyant;-23,216;-45,852;2018-02-04 06:10:00.0;0,0
SÃO JOSÉ DOS CAMPOS;354990409A;SP;Residencial Flamboyant;-23,216;-45,852;2018-02-04 07:00:00.0;0,2
SÃO JOSÉ DOS CAMPOS;354990409A;SP;Residencial Flamboyant;-23,216;-45,852;2018-02-04 07:10:00.0;0,0
SÃO JOSÉ DOS CAMPOS;354990409A;SP;Residencial Flamboyant;-23,216;-45,852;2018-02-04 08:10:00.0;0,0
SÃO JOSÉ DOS CAMPOS;354990409A;SP;Residencial Flamboyant;-23,216;-45,852;2018-02-04 09:10:00.0;0,0
SÃO JOSÉ DOS CAMPOS;354990409A;SP;Residencial Flamboyant;-23,216;-45,852;2018-02-04 09:30:00.0;0,2
SÃO JOSÉ DOS CAMPOS;354990409A;SP;Residencial Flamboyant;-23,216;-45,852;2018-02-04 10:10:00.0;0,0
SÃO JOSÉ DOS CAMPOS;354990409A;SP;Residencial Flamboyant;-23,216;-45,852;2018-02-04 10:50:00.0;0,2
SÃO JOSÉ DOS CAMPOS;354990409A;SP;Residencial Flamboyant;-23,216;-45,852;2018-02-04 11:10:00.0;0,0
SÃO JOSÉ DOS CAMPOS;354990409A;SP;Residencial Flamboyant;-23,216;-45,852;2018-02-04 12:10:00.0;0,0
SÃO JOSÉ DOS CAMPOS;354990409A;SP;Residencial Flamboyant;-23,216;-45,852;2018-02-04 12:50:00.0;0,2
SÃO JOSÉ DOS CAMPOS;354990409A;SP;Residencial Flamboyant;-23,216;-45,852;2018-02-04 13:10:00.0;0,0
SÃO JOSÉ DOS CAMPOS;354990409A;SP;Residencial Flamboyant;-23,216;-45,852;2018-02-04 13:50:00.0;0,2
SÃO JOSÉ DOS CAMPOS;354990409A;SP;Residencial Flamboyant;-23,216;-45,852;2018-02-04 14:10:00.0;0,0
SÃO JOSÉ DOS CAMPOS;354990409A;SP;Residencial Flamboyant;-23,216;-45,852;2018-02-04 15:10:00.0;0,0
SÃO JOSÉ DOS CAMPOS;354990409A;SP;Residencial Flamboyant;-23,216;-45,852;2018-02-04 15:30:00.0;0,2
SÃO JOSÉ DOS CAMPOS;354990409A;SP;Residencial Flamboyant;-23,216;-45,852;2018-02-04 16:10:00.0;0,0
SÃO JOSÉ DOS CAMPOS;354990409A;SP;Residencial Flamboyant;-23,216;-45,852;2018-02-04 16:40:00.0;0,2
SÃO JOSÉ DOS CAMPOS;354990409A;SP;Residencial Flamboyant;-23,216;-45,852;2018-02-04 17:10:00.0;0,0
SÃO JOSÉ DOS CAMPOS;354990409A;SP;Residencial Flamboyant;-23,216;-45,852;2018-02-04 18:10:00.0;0,0
SÃO JOSÉ DOS CAMPOS;354990409A;SP;Residencial Flamboyant;-23,216;-45,852;2018-02-04 18:30:00.0;0,2
SÃO JOSÉ DOS CAMPOS;354990409A;SP;Residencial Flamboyant;-23,216;-45,852;2018-02-04 19:10:00.0;0,0
SÃO JOSÉ DOS CAMPOS;354990409A;SP;Residencial Flamboyant;-23,216;-45,852;2018-02-04 19:30:00.0;0,2
SÃO JOSÉ DOS CAMPOS;354990409A;SP;Residencial Flamboyant;-23,216;-45,852;2018-02-04 20:10:00.0;0,0
SÃO JOSÉ DOS CAMPOS;354990409A;SP;Residencial Flamboyant;-23,216;-45,852;2018-02-04 21:10:00.0;0,0
SÃO JOSÉ DOS CAMPOS;354990409A;SP;Residencial Flamboyant;-23,216;-45,852;2018-02-04 21:50:00.0;0,2
SÃO JOSÉ DOS CAMPOS;354990409A;SP;Residencial Flamboyant;-23,216;-45,852;2018-02-04 22:10:00.0;0,0
SÃO JOSÉ DOS CAMPOS;354990409A;SP;Residencial Flamboyant;-23,216;-45,852;2018-02-04 23:00:00.0;0,2
SÃO JOSÉ DOS CAMPOS;354990409A;SP;Residencial Flamboyant;-23,216;-45,852;2018-02-04 23:10:00.0;0,0
SÃO JOSÉ DOS CAMPOS;354990409A;SP;Residencial Flamboyant;-23,216;-45,852;2018-02-05 00:10:00.0;0,0
SÃO JOSÉ DOS CAMPOS;354990409A;SP;Residencial Flamboyant;-23,216;-45,852;2018-02-05 01:10:00.0;0,0
SÃO JOSÉ DOS CAMPOS;354990409A;SP;Residencial Flamboyant;-23,216;-45,852;2018-02-05 01:20:00.0;0,2
SÃO JOSÉ DOS CAMPOS;354990409A;SP;Residencial Flamboyant;-23,216;-45,852;2018-02-05 02:10:00.0;0,0
SÃO JOSÉ DOS CAMPOS;354990409A;SP;Residencial Flamboyant;-23,216;-45,852;2018-02-05 02:40:00.0;0,2
SÃO JOSÉ DOS CAMPOS;354990409A;SP;Residencial Flamboyant;-23,216;-45,852;2018-02-05 03:10:00.0;0,0
SÃO JOSÉ DOS CAMPOS;354990409A;SP;Residencial Flamboyant;-23,216;-45,852;2018-02-05 04:10:00.0;0,0
SÃO JOSÉ DOS CAMPOS;354990409A;SP;Residencial Flamboyant;-23,216;-45,852;2018-02-05 05:00:00.0;0,2
SÃO JOSÉ DOS CAMPOS;354990409A;SP;Residencial Flamboyant;-23,216;-45,852;2018-02-05 05:10:00.0;0,0
SÃO JOSÉ DOS CAMPOS;354990409A;SP;Residencial Flamboyant;-23,216;-45,852;2018-02-05 06:10:00.0;0,0
SÃO JOSÉ DOS CAMPOS;354990409A;SP;Residencial Flamboyant;-23,216;-45,852;2018-02-05 06:30:00.0;0,2
SÃO JOSÉ DOS CAMPOS;354990409A;SP;Residencial Flamboyant;-23,216;-45,852;2018-02-05 07:10:00.0;0,0
SÃO JOSÉ DOS CAMPOS;354990409A;SP;Residencial Flamboyant;-23,216;-45,852;2018-02-05 08:10:00.0;0,0
SÃO JOSÉ DOS CAMPOS;354990409A;SP;Residencial Flamboyant;-23,216;-45,852;2018-02-05 09:00:00.0;0,2
SÃO JOSÉ DOS CAMPOS;354990409A;SP;Residencial Flamboyant;-23,216;-45,852;2018-02-05 09:10:00.0;0,0
SÃO JOSÉ DOS CAMPOS;354990409A;SP;Residencial Flamboyant;-23,216;-45,852;2018-02-05 10:10:00.0;0,0
SÃO JOSÉ DOS CAMPOS;354990409A;SP;Residencial Flamboyant;-23,216;-45,852;2018-02-05 10:20:00.0;0,2
SÃO JOSÉ DOS CAMPOS;354990409A;SP;Residencial Flamboyant;-23,216;-45,852;2018-02-05 11:10:00.0;0,0
SÃO JOSÉ DOS CAMPOS;354990409A;SP;Residencial Flamboyant;-23,216;-45,852;2018-02-05 12:10:00.0;0,0
SÃO JOSÉ DOS CAMPOS;354990409A;SP;Residencial Flamboyant;-23,216;-45,852;2018-02-05 12:20:00.0;0,2
SÃO JOSÉ DOS CAMPOS;354990409A;SP;Residencial Flamboyant;-23,216;-45,852;2018-02-05 13:10:00.0;0,0
SÃO JOSÉ DOS CAMPOS;354990409A;SP;Residencial Flamboyant;-23,216;-45,852;2018-02-05 13:40:00.0;0,2
SÃO JOSÉ DOS CAMPOS;354990409A;SP;Residencial Flamboyant;-23,216;-45,852;2018-02-05 14:10:00.0;0,0
SÃO JOSÉ DOS CAMPOS;354990409A;SP;Residencial Flamboyant;-23,216;-45,852;2018-02-05 15:10:00.0;0,0
SÃO JOSÉ DOS CAMPOS;354990409A;SP;Residencial Flamboyant;-23,216;-45,852;2018-02-05 15:30:00.0;0,2
SÃO JOSÉ DOS CAMPOS;354990409A;SP;Residencial Flamboyant;-23,216;-45,852;2018-02-05 16:10:00.0;0,0
SÃO JOSÉ DOS CAMPOS;354990409A;SP;Residencial Flamboyant;-23,216;-45,852;2018-02-05 16:40:00.0;0,2
SÃO JOSÉ DOS CAMPOS;354990409A;SP;Residencial Flamboyant;-23,216;-45,852;2018-02-05 17:10:00.0;0,0
SÃO JOSÉ DOS CAMPOS;354990409A;SP;Residencial Flamboyant;-23,216;-45,852;2018-02-05 18:10:00.0;0,0
SÃO JOSÉ DOS CAMPOS;354990409A;SP;Residencial Flamboyant;-23,216;-45,852;2018-02-05 19:00:00.0;0,2
SÃO JOSÉ DOS CAMPOS;354990409A;SP;Residencial Flamboyant;-23,216;-45,852;2018-02-05 19:10:00.0;0,0
SÃO JOSÉ DOS CAMPOS;354990409A;SP;Residencial Flamboyant;-23,216;-45,852;2018-02-05 20:10:00.0;0,2
SÃO JOSÉ DOS CAMPOS;354990409A;SP;Residencial Flamboyant;-23,216;-45,852;2018-02-05 21:10:00.0;0,0
SÃO JOSÉ DOS CAMPOS;354990409A;SP;Residencial Flamboyant;-23,216;-45,852;2018-02-05 22:10:00.0;0,0
SÃO JOSÉ DOS CAMPOS;354990409A;SP;Residencial Flamboyant;-23,216;-45,852;2018-02-05 22:30:00.0;0,2
SÃO JOSÉ DOS CAMPOS;354990409A;SP;Residencial Flamboyant;-23,216;-45,852;2018-02-05 23:10:00.0;0,0
SÃO JOSÉ DOS CAMPOS;354990409A;SP;Residencial Flamboyant;-23,216;-45,852;2018-02-06 00:10:00.0;0,2
SÃO JOSÉ DOS CAMPOS;354990409A;SP;Residencial Flamboyant;-23,216;-45,852;2018-02-06 01:10:00.0;0,0
SÃO JOSÉ DOS CAMPOS;354990409A;SP;Residencial Flamboyant;-23,216;-45,852;2018-02-06 02:10:00.0;0,0
SÃO JOSÉ DOS CAMPOS;354990409A;SP;Residencial Flamboyant;-23,216;-45,852;2018-02-06 02:30:00.0;0,2
SÃO JOSÉ DOS CAMPOS;354990409A;SP;Residencial Flamboyant;-23,216;-45,852;2018-02-06 03:10:00.0;0,0
SÃO JOSÉ DOS CAMPOS;354990409A;SP;Residencial Flamboyant;-23,216;-45,852;2018-02-06 04:10:00.0;0,2
SÃO JOSÉ DOS CAMPOS;354990409A;SP;Residencial Flamboyant;-23,216;-45,852;2018-02-06 05:10:00.0;0,0
SÃO JOSÉ DOS CAMPOS;354990409A;SP;Residencial Flamboyant;-23,216;-45,852;2018-02-06 06:10:00.0;0,0
SÃO JOSÉ DOS CAMPOS;354990409A;SP;Residencial Flamboyant;-23,216;-45,852;2018-02-06 06:40:00.0;0,2
SÃO JOSÉ DOS CAMPOS;354990409A;SP;Residencial Flamboyant;-23,216;-45,852;2018-02-06 07:10:00.0;0,0
SÃO JOSÉ DOS CAMPOS;354990409A;SP;Residencial Flamboyant;-23,216;-45,852;2018-02-06 08:10:00.0;0,0
SÃO JOSÉ DOS CAMPOS;354990409A;SP;Residencial Flamboyant;-23,216;-45,852;2018-02-06 08:20:00.0;0,2
SÃO JOSÉ DOS CAMPOS;354990409A;SP;Residencial Flamboyant;-23,216;-45,852;2018-02-06 09:10:00.0;0,0
SÃO JOSÉ DOS CAMPOS;354990409A;SP;Residencial Flamboyant;-23,216;-45,852;2018-02-06 10:10:00.0;0,0
SÃO JOSÉ DOS CAMPOS;354990409A;SP;Residencial Flamboyant;-23,216;-45,852;2018-02-06 10:50:00.0;0,2
SÃO JOSÉ DOS CAMPOS;354990409A;SP;Residencial Flamboyant;-23,216;-45,852;2018-02-06 11:10:00.0;0,0
SÃO JOSÉ DOS CAMPOS;354990409A;SP;Residencial Flamboyant;-23,216;-45,852;2018-02-06 12:10:00.0;0,2
SÃO JOSÉ DOS CAMPOS;354990409A;SP;Residencial Flamboyant;-23,216;-45,852;2018-02-06 13:10:00.0;0,0
SÃO JOSÉ DOS CAMPOS;354990409A;SP;Residencial Flamboyant;-23,216;-45,852;2018-02-06 14:10:00.0;0,0
SÃO JOSÉ DOS CAMPOS;354990409A;SP;Residencial Flamboyant;-23,216;-45,852;2018-02-06 14:20:00.0;0,2
SÃO JOSÉ DOS CAMPOS;354990409A;SP;Residencial Flamboyant;-23,216;-45,852;2018-02-06 15:10:00.0;0,0
SÃO JOSÉ DOS CAMPOS;354990409A;SP;Residencial Flamboyant;-23,216;-45,852;2018-02-06 15:40:00.0;0,2
SÃO JOSÉ DOS CAMPOS;354990409A;SP;Residencial Flamboyant;-23,216;-45,852;2018-02-06 16:10:00.0;0,0
SÃO JOSÉ DOS CAMPOS;354990409A;SP;Residencial Flamboyant;-23,216;-45,852;2018-02-06 17:10:00.0;0,0
SÃO JOSÉ DOS CAMPOS;354990409A;SP;Residencial Flamboyant;-23,216;-45,852;2018-02-06 17:50:00.0;0,2
SÃO JOSÉ DOS CAMPOS;354990409A;SP;Residencial Flamboyant;-23,216;-45,852;2018-02-06 18:10:00.0;0,0
SÃO JOSÉ DOS CAMPOS;354990409A;SP;Residencial Flamboyant;-23,216;-45,852;2018-02-06 19:10:00.0;0,2
SÃO JOSÉ DOS CAMPOS;354990409A;SP;Residencial Flamboyant;-23,216;-45,852;2018-02-06 20:10:00.0;0,0
SÃO JOSÉ DOS CAMPOS;354990409A;SP;Residencial Flamboyant;-23,216;-45,852;2018-02-06 21:10:00.0;0,0
SÃO JOSÉ DOS CAMPOS;354990409A;SP;Residencial Flamboyant;-23,216;-45,852;2018-02-06 21:50:00.0;0,2
SÃO JOSÉ DOS CAMPOS;354990409A;SP;Residencial Flamboyant;-23,216;-45,852;2018-02-06 22:10:00.0;0,0
SÃO JOSÉ DOS CAMPOS;354990409A;SP;Residencial Flamboyant;-23,216;-45,852;2018-02-06 23:10:00.0;0,0
SÃO JOSÉ DOS CAMPOS;354990409A;SP;Residencial Flamboyant;-23,216;-45,852;2018-02-06 23:20:00.0;0,2
SÃO JOSÉ DOS CAMPOS;354990409A;SP;Residencial Flamboyant;-23,216;-45,852;2018-02-07 00:10:00.0;0,0
SÃO JOSÉ DOS CAMPOS;354990409A;SP;Residencial Flamboyant;-23,216;-45,852;2018-02-07 01:10:00.0;0,0
SÃO JOSÉ DOS CAMPOS;354990409A;SP;Residencial Flamboyant;-23,216;-45,852;2018-02-07 02:10:00.0;0,2
SÃO JOSÉ DOS CAMPOS;354990409A;SP;Residencial Flamboyant;-23,216;-45,852;2018-02-07 03:10:00.0;0,0
SÃO JOSÉ DOS CAMPOS;354990409A;SP;Residencial Flamboyant;-23,216;-45,852;2018-02-07 03:50:00.0;0,2
SÃO JOSÉ DOS CAMPOS;354990409A;SP;Residencial Flamboyant;-23,216;-45,852;2018-02-07 04:10:00.0;0,0
SÃO JOSÉ DOS CAMPOS;354990409A;SP;Residencial Flamboyant;-23,216;-45,852;2018-02-07 05:10:00.0;0,0
SÃO JOSÉ DOS CAMPOS;354990409A;SP;Residencial Flamboyant;-23,216;-45,852;2018-02-07 06:10:00.0;0,0
SÃO JOSÉ DOS CAMPOS;354990409A;SP;Residencial Flamboyant;-23,216;-45,852;2018-02-07 06:40:00.0;0,2
SÃO JOSÉ DOS CAMPOS;354990409A;SP;Residencial Flamboyant;-23,216;-45,852;2018-02-07 07:10:00.0;0,0
SÃO JOSÉ DOS CAMPOS;354990409A;SP;Residencial Flamboyant;-23,216;-45,852;2018-02-07 08:10:00.0;0,0
SÃO JOSÉ DOS CAMPOS;354990409A;SP;Residencial Flamboyant;-23,216;-45,852;2018-02-07 08:20:00.0;0,2
SÃO JOSÉ DOS CAMPOS;354990409A;SP;Residencial Flamboyant;-23,216;-45,852;2018-02-07 09:10:00.0;0,0
SÃO JOSÉ DOS CAMPOS;354990409A;SP;Residencial Flamboyant;-23,216;-45,852;2018-02-07 10:10:00.0;0,0
SÃO JOSÉ DOS CAMPOS;354990409A;SP;Residencial Flamboyant;-23,216;-45,852;2018-02-07 10:50:00.0;0,2
SÃO JOSÉ DOS CAMPOS;354990409A;SP;Residencial Flamboyant;-23,216;-45,852;2018-02-07 11:10:00.0;0,0
SÃO JOSÉ DOS CAMPOS;354990409A;SP;Residencial Flamboyant;-23,216;-45,852;2018-02-07 12:10:00.0;0,0
SÃO JOSÉ DOS CAMPOS;354990409A;SP;Residencial Flamboyant;-23,216;-45,852;2018-02-07 12:20:00.0;0,2
SÃO JOSÉ DOS CAMPOS;354990409A;SP;Residencial Flamboyant;-23,216;-45,852;2018-02-07 13:10:00.0;0,0
SÃO JOSÉ DOS CAMPOS;354990409A;SP;Residencial Flamboyant;-23,216;-45,852;2018-02-07 14:10:00.0;0,0
SÃO JOSÉ DOS CAMPOS;354990409A;SP;Residencial Flamboyant;-23,216;-45,852;2018-02-07 14:30:00.0;0,2
SÃO JOSÉ DOS CAMPOS;354990409A;SP;Residencial Flamboyant;-23,216;-45,852;2018-02-07 15:10:00.0;0,0
SÃO JOSÉ DOS CAMPOS;354990409A;SP;Residencial Flamboyant;-23,216;-45,852;2018-02-07 15:40:00.0;0,2
SÃO JOSÉ DOS CAMPOS;354990409A;SP;Residencial Flamboyant;-23,216;-45,852;2018-02-07 16:10:00.0;0,0
SÃO JOSÉ DOS CAMPOS;354990409A;SP;Residencial Flamboyant;-23,216;-45,852;2018-02-07 17:10:00.0;0,0
SÃO JOSÉ DOS CAMPOS;354990409A;SP;Residencial Flamboyant;-23,216;-45,852;2018-02-07 18:10:00.0;0,2
SÃO JOSÉ DOS CAMPOS;354990409A;SP;Residencial Flamboyant;-23,216;-45,852;2018-02-07 19:10:00.0;0,0
SÃO JOSÉ DOS CAMPOS;354990409A;SP;Residencial Flamboyant;-23,216;-45,852;2018-02-07 19:30:00.0;0,2
SÃO JOSÉ DOS CAMPOS;354990409A;SP;Residencial Flamboyant;-23,216;-45,852;2018-02-07 20:10:00.0;0,0
SÃO JOSÉ DOS CAMPOS;354990409A;SP;Residencial Flamboyant;-23,216;-45,852;2018-02-07 21:10:00.0;0,0
SÃO JOSÉ DOS CAMPOS;354990409A;SP;Residencial Flamboyant;-23,216;-45,852;2018-02-07 22:10:00.0;0,0
SÃO JOSÉ DOS CAMPOS;354990409A;SP;Residencial Flamboyant;-23,216;-45,852;2018-02-07 22:30:00.0;0,2
SÃO JOSÉ DOS CAMPOS;354990409A;SP;Residencial Flamboyant;-23,216;-45,852;2018-02-07 23:10:00.0;0,0
SÃO JOSÉ DOS CAMPOS;354990409A;SP;Residencial Flamboyant;-23,216;-45,852;2018-02-08 00:10:00.0;0,0
SÃO JOSÉ DOS CAMPOS;354990409A;SP;Residencial Flamboyant;-23,216;-45,852;2018-02-08 00:20:00.0;0,2
SÃO JOSÉ DOS CAMPOS;354990409A;SP;Residencial Flamboyant;-23,216;-45,852;2018-02-08 01:10:00.0;0,0
SÃO JOSÉ DOS CAMPOS;354990409A;SP;Residencial Flamboyant;-23,216;-45,852;2018-02-08 02:10:00.0;0,0
SÃO JOSÉ DOS CAMPOS;354990409A;SP;Residencial Flamboyant;-23,216;-45,852;2018-02-08 03:10:00.0;0,0
SÃO JOSÉ DOS CAMPOS;354990409A;SP;Residencial Flamboyant;-23,216;-45,852;2018-02-08 03:50:00.0;0,2
SÃO JOSÉ DOS CAMPOS;354990409A;SP;Residencial Flamboyant;-23,216;-45,852;2018-02-08 04:10:00.0;0,0
SÃO JOSÉ DOS CAMPOS;354990409A;SP;Residencial Flamboyant;-23,216;-45,852;2018-02-08 05:10:00.0;0,0
SÃO JOSÉ DOS CAMPOS;354990409A;SP;Residencial Flamboyant;-23,216;-45,852;2018-02-08 05:50:00.0;0,2
SÃO JOSÉ DOS CAMPOS;354990409A;SP;Residencial Flamboyant;-23,216;-45,852;2018-02-08 06:10:00.0;0,0
SÃO JOSÉ DOS CAMPOS;354990409A;SP;Residencial Flamboyant;-23,216;-45,852;2018-02-08 07:10:00.0;0,0
SÃO JOSÉ DOS CAMPOS;354990409A;SP;Residencial Flamboyant;-23,216;-45,852;2018-02-08 08:10:00.0;0,0
SÃO JOSÉ DOS CAMPOS;354990409A;SP;Residencial Flamboyant;-23,216;-45,852;2018-02-08 09:10:00.0;0,0
SÃO JOSÉ DOS CAMPOS;354990409A;SP;Residencial Flamboyant;-23,216;-45,852;2018-02-08 09:30:00.0;0,2
SÃO JOSÉ DOS CAMPOS;354990409A;SP;Residencial Flamboyant;-23,216;-45,852;2018-02-08 10:10:00.0;0,0
SÃO JOSÉ DOS CAMPOS;354990409A;SP;Residencial Flamboyant;-23,216;-45,852;2018-02-08 11:10:00.0;0,0
SÃO JOSÉ DOS CAMPOS;354990409A;SP;Residencial Flamboyant;-23,216;-45,852;2018-02-08 11:30:00.0;0,2
SÃO JOSÉ DOS CAMPOS;354990409A;SP;Residencial Flamboyant;-23,216;-45,852;2018-02-08 12:10:00.0;0,0
SÃO JOSÉ DOS CAMPOS;354990409A;SP;Residencial Flamboyant;-23,216;-45,852;2018-02-08 13:10:00.0;0,0
SÃO JOSÉ DOS CAMPOS;354990409A;SP;Residencial Flamboyant;-23,216;-45,852;2018-02-08 14:10:00.0;0,2
SÃO JOSÉ DOS CAMPOS;354990409A;SP;Residencial Flamboyant;-23,216;-45,852;2018-02-08 15:10:00.0;0,0
SÃO JOSÉ DOS CAMPOS;354990409A;SP;Residencial Flamboyant;-23,216;-45,852;2018-02-08 15:40:00.0;0,2
SÃO JOSÉ DOS CAMPOS;354990409A;SP;Residencial Flamboyant;-23,216;-45,852;2018-02-08 16:10:00.0;0,0
SÃO JOSÉ DOS CAMPOS;354990409A;SP;Residencial Flamboyant;-23,216;-45,852;2018-02-08 17:10:00.0;0,0
SÃO JOSÉ DOS CAMPOS;354990409A;SP;Residencial Flamboyant;-23,216;-45,852;2018-02-08 18:10:00.0;0,0
SÃO JOSÉ DOS CAMPOS;354990409A;SP;Residencial Flamboyant;-23,216;-45,852;2018-02-08 19:10:00.0;0,0
SÃO JOSÉ DOS CAMPOS;354990409A;SP;Residencial Flamboyant;-23,216;-45,852;2018-02-08 20:10:00.0;0,0
SÃO JOSÉ DOS CAMPOS;354990409A;SP;Residencial Flamboyant;-23,216;-45,852;2018-02-08 20:50:00.0;0,2
SÃO JOSÉ DOS CAMPOS;354990409A;SP;Residencial Flamboyant;-23,216;-45,852;2018-02-08 21:10:00.0;0,0
SÃO JOSÉ DOS CAMPOS;354990409A;SP;Residencial Flamboyant;-23,216;-45,852;2018-02-08 22:10:00.0;0,0
SÃO JOSÉ DOS CAMPOS;354990409A;SP;Residencial Flamboyant;-23,216;-45,852;2018-02-08 23:00:00.0;0,2
SÃO JOSÉ DOS CAMPOS;354990409A;SP;Residencial Flamboyant;-23,216;-45,852;2018-02-09 00:10:00.0;0,0
SÃO JOSÉ DOS CAMPOS;354990409A;SP;Residencial Flamboyant;-23,216;-45,852;2018-02-09 01:10:00.0;0,0
SÃO JOSÉ DOS CAMPOS;354990409A;SP;Residencial Flamboyant;-23,216;-45,852;2018-02-09 02:10:00.0;0,0
SÃO JOSÉ DOS CAMPOS;354990409A;SP;Residencial Flamboyant;-23,216;-45,852;2018-02-09 03:10:00.0;0,0
SÃO JOSÉ DOS CAMPOS;354990409A;SP;Residencial Flamboyant;-23,216;-45,852;2018-02-09 03:40:00.0;0,2
SÃO JOSÉ DOS CAMPOS;354990409A;SP;Residencial Flamboyant;-23,216;-45,852;2018-02-09 04:10:00.0;0,0
SÃO JOSÉ DOS CAMPOS;354990409A;SP;Residencial Flamboyant;-23,216;-45,852;2018-02-09 05:10:00.0;0,0
SÃO JOSÉ DOS CAMPOS;354990409A;SP;Residencial Flamboyant;-23,216;-45,852;2018-02-09 06:10:00.0;0,2
SÃO JOSÉ DOS CAMPOS;354990409A;SP;Residencial Flamboyant;-23,216;-45,852;2018-02-09 07:10:00.0;0,0
SÃO JOSÉ DOS CAMPOS;354990409A;SP;Residencial Flamboyant;-23,216;-45,852;2018-02-09 08:10:00.0;0,0
SÃO JOSÉ DOS CAMPOS;354990409A;SP;Residencial Flamboyant;-23,216;-45,852;2018-02-09 09:10:00.0;0,0
SÃO JOSÉ DOS CAMPOS;354990409A;SP;Residencial Flamboyant;-23,216;-45,852;2018-02-09 10:10:00.0;0,0
SÃO JOSÉ DOS CAMPOS;354990409A;SP;Residencial Flamboyant;-23,216;-45,852;2018-02-09 10:50:00.0;0,2
SÃO JOSÉ DOS CAMPOS;354990409A;SP;Residencial Flamboyant;-23,216;-45,852;2018-02-09 11:10:00.0;0,0
SÃO JOSÉ DOS CAMPOS;354990409A;SP;Residencial Flamboyant;-23,216;-45,852;2018-02-09 12:10:00.0;0,0
SÃO JOSÉ DOS CAMPOS;354990409A;SP;Residencial Flamboyant;-23,216;-45,852;2018-02-09 12:40:00.0;0,2
SÃO JOSÉ DOS CAMPOS;354990409A;SP;Residencial Flamboyant;-23,216;-45,852;2018-02-09 13:10:00.0;0,0
SÃO JOSÉ DOS CAMPOS;354990409A;SP;Residencial Flamboyant;-23,216;-45,852;2018-02-09 14:10:00.0;0,0
SÃO JOSÉ DOS CAMPOS;354990409A;SP;Residencial Flamboyant;-23,216;-45,852;2018-02-09 15:10:00.0;0,0
SÃO JOSÉ DOS CAMPOS;354990409A;SP;Residencial Flamboyant;-23,216;-45,852;2018-02-09 16:10:00.0;0,0
SÃO JOSÉ DOS CAMPOS;354990409A;SP;Residencial Flamboyant;-23,216;-45,852;2018-02-09 16:50:00.0;0,2
SÃO JOSÉ DOS CAMPOS;354990409A;SP;Residencial Flamboyant;-23,216;-45,852;2018-02-09 17:10:00.0;0,0
SÃO JOSÉ DOS CAMPOS;354990409A;SP;Residencial Flamboyant;-23,216;-45,852;2018-02-09 18:10:00.0;0,0
SÃO JOSÉ DOS CAMPOS;354990409A;SP;Residencial Flamboyant;-23,216;-45,852;2018-02-09 19:10:00.0;0,0
SÃO JOSÉ DOS CAMPOS;354990409A;SP;Residencial Flamboyant;-23,216;-45,852;2018-02-09 20:10:00.0;0,0
SÃO JOSÉ DOS CAMPOS;354990409A;SP;Residencial Flamboyant;-23,216;-45,852;2018-02-09 21:10:00.0;0,0
SÃO JOSÉ DOS CAMPOS;354990409A;SP;Residencial Flamboyant;-23,216;-45,852;2018-02-09 22:10:00.0;0,0
SÃO JOSÉ DOS CAMPOS;354990409A;SP;Residencial Flamboyant;-23,216;-45,852;2018-02-09 23:10:00.0;0,0
SÃO JOSÉ DOS CAMPOS;354990409A;SP;Residencial Flamboyant;-23,216;-45,852;2018-02-10 00:10:00.0;0,0
SÃO JOSÉ DOS CAMPOS;354990409A;SP;Residencial Flamboyant;-23,216;-45,852;2018-02-10 01:10:00.0;0,0
SÃO JOSÉ DOS CAMPOS;354990409A;SP;Residencial Flamboyant;-23,216;-45,852;2018-02-10 02:10:00.0;0,0
SÃO JOSÉ DOS CAMPOS;354990409A;SP;Residencial Flamboyant;-23,216;-45,852;2018-02-10 03:10:00.0;0,0
SÃO JOSÉ DOS CAMPOS;354990409A;SP;Residencial Flamboyant;-23,216;-45,852;2018-02-10 04:10:00.0;0,0
SÃO JOSÉ DOS CAMPOS;354990409A;SP;Residencial Flamboyant;-23,216;-45,852;2018-02-10 05:10:00.0;0,0
SÃO JOSÉ DOS CAMPOS;354990409A;SP;Residencial Flamboyant;-23,216;-45,852;2018-02-10 06:10:00.0;0,0
SÃO JOSÉ DOS CAMPOS;354990409A;SP;Residencial Flamboyant;-23,216;-45,852;2018-02-10 07:10:00.0;0,0
SÃO JOSÉ DOS CAMPOS;354990409A;SP;Residencial Flamboyant;-23,216;-45,852;2018-02-10 08:10:00.0;0,0
SÃO JOSÉ DOS CAMPOS;354990409A;SP;Residencial Flamboyant;-23,216;-45,852;2018-02-10 09:10:00.0;0,0
SÃO JOSÉ DOS CAMPOS;354990409A;SP;Residencial Flamboyant;-23,216;-45,852;2018-02-10 10:10:00.0;0,0
SÃO JOSÉ DOS CAMPOS;354990409A;SP;Residencial Flamboyant;-23,216;-45,852;2018-02-10 11:10:00.0;0,0
SÃO JOSÉ DOS CAMPOS;354990409A;SP;Residencial Flamboyant;-23,216;-45,852;2018-02-10 12:10:00.0;0,0
SÃO JOSÉ DOS CAMPOS;354990409A;SP;Residencial Flamboyant;-23,216;-45,852;2018-02-10 13:10:00.0;0,0
SÃO JOSÉ DOS CAMPOS;354990409A;SP;Residencial Flamboyant;-23,216;-45,852;2018-02-10 14:10:00.0;0,0
SÃO JOSÉ DOS CAMPOS;354990409A;SP;Residencial Flamboyant;-23,216;-45,852;2018-02-10 15:10:00.0;0,0
SÃO JOSÉ DOS CAMPOS;354990409A;SP;Residencial Flamboyant;-23,216;-45,852;2018-02-10 16:10:00.0;0,0
SÃO JOSÉ DOS CAMPOS;354990409A;SP;Residencial Flamboyant;-23,216;-45,852;2018-02-10 17:10:00.0;0,0
SÃO JOSÉ DOS CAMPOS;354990409A;SP;Residencial Flamboyant;-23,216;-45,852;2018-02-10 18:10:00.0;0,0
SÃO JOSÉ DOS CAMPOS;354990409A;SP;Residencial Flamboyant;-23,216;-45,852;2018-02-10 18:40:00.0;0,2
SÃO JOSÉ DOS CAMPOS;354990409A;SP;Residencial Flamboyant;-23,216;-45,852;2018-02-10 19:10:00.0;0,0
SÃO JOSÉ DOS CAMPOS;354990409A;SP;Residencial Flamboyant;-23,216;-45,852;2018-02-10 20:10:00.0;0,0
SÃO JOSÉ DOS CAMPOS;354990409A;SP;Residencial Flamboyant;-23,216;-45,852;2018-02-10 20:50:00.0;0,2
SÃO JOSÉ DOS CAMPOS;354990409A;SP;Residencial Flamboyant;-23,216;-45,852;2018-02-10 21:10:00.0;0,2
SÃO JOSÉ DOS CAMPOS;354990409A;SP;Residencial Flamboyant;-23,216;-45,852;2018-02-10 21:50:00.0;0,2
SÃO JOSÉ DOS CAMPOS;354990409A;SP;Residencial Flamboyant;-23,216;-45,852;2018-02-10 22:10:00.0;0,0
SÃO JOSÉ DOS CAMPOS;354990409A;SP;Residencial Flamboyant;-23,216;-45,852;2018-02-10 23:10:00.0;0,0
SÃO JOSÉ DOS CAMPOS;354990409A;SP;Residencial Flamboyant;-23,216;-45,852;2018-02-11 00:10:00.0;0,0
SÃO JOSÉ DOS CAMPOS;354990409A;SP;Residencial Flamboyant;-23,216;-45,852;2018-02-11 01:10:00.0;0,0
SÃO JOSÉ DOS CAMPOS;354990409A;SP;Residencial Flamboyant;-23,216;-45,852;2018-02-11 02:10:00.0;0,0
SÃO JOSÉ DOS CAMPOS;354990409A;SP;Residencial Flamboyant;-23,216;-45,852;2018-02-11 03:10:00.0;0,0
SÃO JOSÉ DOS CAMPOS;354990409A;SP;Residencial Flamboyant;-23,216;-45,852;2018-02-11 04:10:00.0;0,0
SÃO JOSÉ DOS CAMPOS;354990409A;SP;Residencial Flamboyant;-23,216;-45,852;2018-02-11 05:10:00.0;0,0
SÃO JOSÉ DOS CAMPOS;354990409A;SP;Residencial Flamboyant;-23,216;-45,852;2018-02-11 06:10:00.0;0,0
SÃO JOSÉ DOS CAMPOS;354990409A;SP;Residencial Flamboyant;-23,216;-45,852;2018-02-11 07:10:00.0;0,0
SÃO JOSÉ DOS CAMPOS;354990409A;SP;Residencial Flamboyant;-23,216;-45,852;2018-02-11 08:10:00.0;0,0
SÃO JOSÉ DOS CAMPOS;354990409A;SP;Residencial Flamboyant;-23,216;-45,852;2018-02-11 09:10:00.0;0,0
SÃO JOSÉ DOS CAMPOS;354990409A;SP;Residencial Flamboyant;-23,216;-45,852;2018-02-11 10:10:00.0;0,0
SÃO JOSÉ DOS CAMPOS;354990409A;SP;Residencial Flamboyant;-23,216;-45,852;2018-02-11 11:10:00.0;0,0
SÃO JOSÉ DOS CAMPOS;354990409A;SP;Residencial Flamboyant;-23,216;-45,852;2018-02-11 12:10:00.0;0,0
SÃO JOSÉ DOS CAMPOS;354990409A;SP;Residencial Flamboyant;-23,216;-45,852;2018-02-11 13:10:00.0;0,0
SÃO JOSÉ DOS CAMPOS;354990409A;SP;Residencial Flamboyant;-23,216;-45,852;2018-02-11 14:10:00.0;0,0
SÃO JOSÉ DOS CAMPOS;354990409A;SP;Residencial Flamboyant;-23,216;-45,852;2018-02-11 15:10:00.0;0,0
SÃO JOSÉ DOS CAMPOS;354990409A;SP;Residencial Flamboyant;-23,216;-45,852;2018-02-11 16:10:00.0;0,0
SÃO JOSÉ DOS CAMPOS;354990409A;SP;Residencial Flamboyant;-23,216;-45,852;2018-02-11 17:10:00.0;0,0
SÃO JOSÉ DOS CAMPOS;354990409A;SP;Residencial Flamboyant;-23,216;-45,852;2018-02-11 18:10:00.0;0,0
SÃO JOSÉ DOS CAMPOS;354990409A;SP;Residencial Flamboyant;-23,216;-45,852;2018-02-11 19:10:00.0;0,0
SÃO JOSÉ DOS CAMPOS;354990409A;SP;Residencial Flamboyant;-23,216;-45,852;2018-02-11 20:10:00.0;0,0
SÃO JOSÉ DOS CAMPOS;354990409A;SP;Residencial Flamboyant;-23,216;-45,852;2018-02-11 21:10:00.0;0,0
SÃO JOSÉ DOS CAMPOS;354990409A;SP;Residencial Flamboyant;-23,216;-45,852;2018-02-11 22:10:00.0;0,0
SÃO JOSÉ DOS CAMPOS;354990409A;SP;Residencial Flamboyant;-23,216;-45,852;2018-02-11 23:10:00.0;0,0
SÃO JOSÉ DOS CAMPOS;354990409A;SP;Residencial Flamboyant;-23,216;-45,852;2018-02-12 00:10:00.0;0,0
SÃO JOSÉ DOS CAMPOS;354990409A;SP;Residencial Flamboyant;-23,216;-45,852;2018-02-12 01:10:00.0;0,0
SÃO JOSÉ DOS CAMPOS;354990409A;SP;Residencial Flamboyant;-23,216;-45,852;2018-02-12 02:10:00.0;0,0
SÃO JOSÉ DOS CAMPOS;354990409A;SP;Residencial Flamboyant;-23,216;-45,852;2018-02-12 03:10:00.0;0,0
SÃO JOSÉ DOS CAMPOS;354990409A;SP;Residencial Flamboyant;-23,216;-45,852;2018-02-12 04:10:00.0;0,0
SÃO JOSÉ DOS CAMPOS;354990409A;SP;Residencial Flamboyant;-23,216;-45,852;2018-02-12 05:10:00.0;0,0
SÃO JOSÉ DOS CAMPOS;354990409A;SP;Residencial Flamboyant;-23,216;-45,852;2018-02-12 06:10:00.0;0,0
SÃO JOSÉ DOS CAMPOS;354990409A;SP;Residencial Flamboyant;-23,216;-45,852;2018-02-12 07:10:00.0;0,0
SÃO JOSÉ DOS CAMPOS;354990409A;SP;Residencial Flamboyant;-23,216;-45,852;2018-02-12 08:10:00.0;0,0
SÃO JOSÉ DOS CAMPOS;354990409A;SP;Residencial Flamboyant;-23,216;-45,852;2018-02-12 09:10:00.0;0,0
SÃO JOSÉ DOS CAMPOS;354990409A;SP;Residencial Flamboyant;-23,216;-45,852;2018-02-12 10:10:00.0;0,0
SÃO JOSÉ DOS CAMPOS;354990409A;SP;Residencial Flamboyant;-23,216;-45,852;2018-02-12 11:10:00.0;0,0
SÃO JOSÉ DOS CAMPOS;354990409A;SP;Residencial Flamboyant;-23,216;-45,852;2018-02-12 12:10:00.0;0,0
SÃO JOSÉ DOS CAMPOS;354990409A;SP;Residencial Flamboyant;-23,216;-45,852;2018-02-12 13:10:00.0;0,0
SÃO JOSÉ DOS CAMPOS;354990409A;SP;Residencial Flamboyant;-23,216;-45,852;2018-02-12 14:10:00.0;0,0
SÃO JOSÉ DOS CAMPOS;354990409A;SP;Residencial Flamboyant;-23,216;-45,852;2018-02-12 15:10:00.0;0,0
SÃO JOSÉ DOS CAMPOS;354990409A;SP;Residencial Flamboyant;-23,216;-45,852;2018-02-12 16:10:00.0;0,0
SÃO JOSÉ DOS CAMPOS;354990409A;SP;Residencial Flamboyant;-23,216;-45,852;2018-02-12 17:10:00.0;0,0
SÃO JOSÉ DOS CAMPOS;354990409A;SP;Residencial Flamboyant;-23,216;-45,852;2018-02-12 18:10:00.0;0,0
SÃO JOSÉ DOS CAMPOS;354990409A;SP;Residencial Flamboyant;-23,216;-45,852;2018-02-12 19:10:00.0;0,0
SÃO JOSÉ DOS CAMPOS;354990409A;SP;Residencial Flamboyant;-23,216;-45,852;2018-02-12 20:10:00.0;0,0
SÃO JOSÉ DOS CAMPOS;354990409A;SP;Residencial Flamboyant;-23,216;-45,852;2018-02-12 20:50:00.0;0,2
SÃO JOSÉ DOS CAMPOS;354990409A;SP;Residencial Flamboyant;-23,216;-45,852;2018-02-12 22:10:00.0;0,0
SÃO JOSÉ DOS CAMPOS;354990409A;SP;Residencial Flamboyant;-23,216;-45,852;2018-02-12 23:10:00.0;0,0
SÃO JOSÉ DOS CAMPOS;354990409A;SP;Residencial Flamboyant;-23,216;-45,852;2018-02-13 00:10:00.0;0,0
SÃO JOSÉ DOS CAMPOS;354990409A;SP;Residencial Flamboyant;-23,216;-45,852;2018-02-13 00:30:00.0;0,39
SÃO JOSÉ DOS CAMPOS;354990409A;SP;Residencial Flamboyant;-23,216;-45,852;2018-02-13 00:40:00.0;0,39
SÃO JOSÉ DOS CAMPOS;354990409A;SP;Residencial Flamboyant;-23,216;-45,852;2018-02-13 00:50:00.0;0,2
SÃO JOSÉ DOS CAMPOS;354990409A;SP;Residencial Flamboyant;-23,216;-45,852;2018-02-13 01:00:00.0;0,2
SÃO JOSÉ DOS CAMPOS;354990409A;SP;Residencial Flamboyant;-23,216;-45,852;2018-02-13 01:10:00.0;0,2
SÃO JOSÉ DOS CAMPOS;354990409A;SP;Residencial Flamboyant;-23,216;-45,852;2018-02-13 01:20:00.0;0,2
SÃO JOSÉ DOS CAMPOS;354990409A;SP;Residencial Flamboyant;-23,216;-45,852;2018-02-13 01:40:00.0;0,2
SÃO JOSÉ DOS CAMPOS;354990409A;SP;Residencial Flamboyant;-23,216;-45,852;2018-02-13 01:50:00.0;0,2
SÃO JOSÉ DOS CAMPOS;354990409A;SP;Residencial Flamboyant;-23,216;-45,852;2018-02-13 02:10:00.0;0,2
SÃO JOSÉ DOS CAMPOS;354990409A;SP;Residencial Flamboyant;-23,216;-45,852;2018-02-13 02:30:00.0;0,2
SÃO JOSÉ DOS CAMPOS;354990409A;SP;Residencial Flamboyant;-23,216;-45,852;2018-02-13 03:00:00.0;0,2
SÃO JOSÉ DOS CAMPOS;354990409A;SP;Residencial Flamboyant;-23,216;-45,852;2018-02-13 03:10:00.0;0,0
SÃO JOSÉ DOS CAMPOS;354990409A;SP;Residencial Flamboyant;-23,216;-45,852;2018-02-13 03:20:00.0;0,2
SÃO JOSÉ DOS CAMPOS;354990409A;SP;Residencial Flamboyant;-23,216;-45,852;2018-02-13 03:50:00.0;0,2
SÃO JOSÉ DOS CAMPOS;354990409A;SP;Residencial Flamboyant;-23,216;-45,852;2018-02-13 04:10:00.0;0,2
SÃO JOSÉ DOS CAMPOS;354990409A;SP;Residencial Flamboyant;-23,216;-45,852;2018-02-13 05:00:00.0;0,2
SÃO JOSÉ DOS CAMPOS;354990409A;SP;Residencial Flamboyant;-23,216;-45,852;2018-02-13 05:10:00.0;0,0
SÃO JOSÉ DOS CAMPOS;354990409A;SP;Residencial Flamboyant;-23,216;-45,852;2018-02-13 05:30:00.0;0,2
SÃO JOSÉ DOS CAMPOS;354990409A;SP;Residencial Flamboyant;-23,216;-45,852;2018-02-13 06:10:00.0;0,0
SÃO JOSÉ DOS CAMPOS;354990409A;SP;Residencial Flamboyant;-23,216;-45,852;2018-02-13 07:00:00.0;0,2
SÃO JOSÉ DOS CAMPOS;354990409A;SP;Residencial Flamboyant;-23,216;-45,852;2018-02-13 07:10:00.0;0,0
SÃO JOSÉ DOS CAMPOS;354990409A;SP;Residencial Flamboyant;-23,216;-45,852;2018-02-13 08:00:00.0;0,2
SÃO JOSÉ DOS CAMPOS;354990409A;SP;Residencial Flamboyant;-23,216;-45,852;2018-02-13 08:10:00.0;0,0
SÃO JOSÉ DOS CAMPOS;354990409A;SP;Residencial Flamboyant;-23,216;-45,852;2018-02-13 09:10:00.0;0,0
SÃO JOSÉ DOS CAMPOS;354990409A;SP;Residencial Flamboyant;-23,216;-45,852;2018-02-13 10:10:00.0;0,2
SÃO JOSÉ DOS CAMPOS;354990409A;SP;Residencial Flamboyant;-23,216;-45,852;2018-02-13 11:10:00.0;0,0
SÃO JOSÉ DOS CAMPOS;354990409A;SP;Residencial Flamboyant;-23,216;-45,852;2018-02-13 11:30:00.0;0,2
SÃO JOSÉ DOS CAMPOS;354990409A;SP;Residencial Flamboyant;-23,216;-45,852;2018-02-13 12:10:00.0;0,0
SÃO JOSÉ DOS CAMPOS;354990409A;SP;Residencial Flamboyant;-23,216;-45,852;2018-02-13 13:10:00.0;0,0
SÃO JOSÉ DOS CAMPOS;354990409A;SP;Residencial Flamboyant;-23,216;-45,852;2018-02-13 14:00:00.0;0,2
SÃO JOSÉ DOS CAMPOS;354990409A;SP;Residencial Flamboyant;-23,216;-45,852;2018-02-13 14:10:00.0;0,0
SÃO JOSÉ DOS CAMPOS;354990409A;SP;Residencial Flamboyant;-23,216;-45,852;2018-02-13 15:10:00.0;0,0
SÃO JOSÉ DOS CAMPOS;354990409A;SP;Residencial Flamboyant;-23,216;-45,852;2018-02-13 15:30:00.0;0,2
SÃO JOSÉ DOS CAMPOS;354990409A;SP;Residencial Flamboyant;-23,216;-45,852;2018-02-13 16:10:00.0;0,0
SÃO JOSÉ DOS CAMPOS;354990409A;SP;Residencial Flamboyant;-23,216;-45,852;2018-02-13 17:10:00.0;0,0
SÃO JOSÉ DOS CAMPOS;354990409A;SP;Residencial Flamboyant;-23,216;-45,852;2018-02-13 18:00:00.0;0,2
SÃO JOSÉ DOS CAMPOS;354990409A;SP;Residencial Flamboyant;-23,216;-45,852;2018-02-13 18:10:00.0;0,0
SÃO JOSÉ DOS CAMPOS;354990409A;SP;Residencial Flamboyant;-23,216;-45,852;2018-02-13 19:10:00.0;0,0
SÃO JOSÉ DOS CAMPOS;354990409A;SP;Residencial Flamboyant;-23,216;-45,852;2018-02-13 19:30:00.0;0,2
SÃO JOSÉ DOS CAMPOS;354990409A;SP;Residencial Flamboyant;-23,216;-45,852;2018-02-13 20:10:00.0;0,0
SÃO JOSÉ DOS CAMPOS;354990409A;SP;Residencial Flamboyant;-23,216;-45,852;2018-02-13 21:10:00.0;0,0
SÃO JOSÉ DOS CAMPOS;354990409A;SP;Residencial Flamboyant;-23,216;-45,852;2018-02-13 21:50:00.0;0,2
SÃO JOSÉ DOS CAMPOS;354990409A;SP;Residencial Flamboyant;-23,216;-45,852;2018-02-13 22:10:00.0;0,0
SÃO JOSÉ DOS CAMPOS;354990409A;SP;Residencial Flamboyant;-23,216;-45,852;2018-02-13 23:10:00.0;0,2
SÃO JOSÉ DOS CAMPOS;354990409A;SP;Residencial Flamboyant;-23,216;-45,852;2018-02-14 00:10:00.0;0,0
SÃO JOSÉ DOS CAMPOS;354990409A;SP;Residencial Flamboyant;-23,216;-45,852;2018-02-14 01:10:00.0;0,0
SÃO JOSÉ DOS CAMPOS;354990409A;SP;Residencial Flamboyant;-23,216;-45,852;2018-02-14 01:30:00.0;0,2
SÃO JOSÉ DOS CAMPOS;354990409A;SP;Residencial Flamboyant;-23,216;-45,852;2018-02-14 02:10:00.0;0,0
SÃO JOSÉ DOS CAMPOS;354990409A;SP;Residencial Flamboyant;-23,216;-45,852;2018-02-14 02:50:00.0;0,2
SÃO JOSÉ DOS CAMPOS;354990409A;SP;Residencial Flamboyant;-23,216;-45,852;2018-02-14 03:10:00.0;0,0
SÃO JOSÉ DOS CAMPOS;354990409A;SP;Residencial Flamboyant;-23,216;-45,852;2018-02-14 04:10:00.0;0,0
SÃO JOSÉ DOS CAMPOS;354990409A;SP;Residencial Flamboyant;-23,216;-45,852;2018-02-14 05:10:00.0;0,2
SÃO JOSÉ DOS CAMPOS;354990409A;SP;Residencial Flamboyant;-23,216;-45,852;2018-02-14 06:10:00.0;0,0
SÃO JOSÉ DOS CAMPOS;354990409A;SP;Residencial Flamboyant;-23,216;-45,852;2018-02-14 06:30:00.0;0,2
SÃO JOSÉ DOS CAMPOS;354990409A;SP;Residencial Flamboyant;-23,216;-45,852;2018-02-14 07:10:00.0;0,0
SÃO JOSÉ DOS CAMPOS;354990409A;SP;Residencial Flamboyant;-23,216;-45,852;2018-02-14 08:10:00.0;0,0
SÃO JOSÉ DOS CAMPOS;354990409A;SP;Residencial Flamboyant;-23,216;-45,852;2018-02-14 09:00:00.0;0,2
SÃO JOSÉ DOS CAMPOS;354990409A;SP;Residencial Flamboyant;-23,216;-45,852;2018-02-14 09:10:00.0;0,0
SÃO JOSÉ DOS CAMPOS;354990409A;SP;Residencial Flamboyant;-23,216;-45,852;2018-02-14 10:10:00.0;0,0
SÃO JOSÉ DOS CAMPOS;354990409A;SP;Residencial Flamboyant;-23,216;-45,852;2018-02-14 10:20:00.0;0,2
SÃO JOSÉ DOS CAMPOS;354990409A;SP;Residencial Flamboyant;-23,216;-45,852;2018-02-14 11:10:00.0;0,0
SÃO JOSÉ DOS CAMPOS;354990409A;SP;Residencial Flamboyant;-23,216;-45,852;2018-02-14 12:10:00.0;0,0
SÃO JOSÉ DOS CAMPOS;354990409A;SP;Residencial Flamboyant;-23,216;-45,852;2018-02-14 12:40:00.0;0,2
SÃO JOSÉ DOS CAMPOS;354990409A;SP;Residencial Flamboyant;-23,216;-45,852;2018-02-14 13:10:00.0;0,0
SÃO JOSÉ DOS CAMPOS;354990409A;SP;Residencial Flamboyant;-23,216;-45,852;2018-02-14 14:00:00.0;0,2
SÃO JOSÉ DOS CAMPOS;354990409A;SP;Residencial Flamboyant;-23,216;-45,852;2018-02-14 14:10:00.0;0,0
SÃO JOSÉ DOS CAMPOS;354990409A;SP;Residencial Flamboyant;-23,216;-45,852;2018-02-14 15:10:00.0;0,0
SÃO JOSÉ DOS CAMPOS;354990409A;SP;Residencial Flamboyant;-23,216;-45,852;2018-02-14 16:10:00.0;0,0
SÃO JOSÉ DOS CAMPOS;354990409A;SP;Residencial Flamboyant;-23,216;-45,852;2018-02-14 16:50:00.0;0,2
SÃO JOSÉ DOS CAMPOS;354990409A;SP;Residencial Flamboyant;-23,216;-45,852;2018-02-14 17:10:00.0;0,0
SÃO JOSÉ DOS CAMPOS;354990409A;SP;Residencial Flamboyant;-23,216;-45,852;2018-02-14 18:10:00.0;0,0
SÃO JOSÉ DOS CAMPOS;354990409A;SP;Residencial Flamboyant;-23,216;-45,852;2018-02-14 18:20:00.0;0,2
SÃO JOSÉ DOS CAMPOS;354990409A;SP;Residencial Flamboyant;-23,216;-45,852;2018-02-14 19:10:00.0;0,0
SÃO JOSÉ DOS CAMPOS;354990409A;SP;Residencial Flamboyant;-23,216;-45,852;2018-02-14 20:10:00.0;0,0
SÃO JOSÉ DOS CAMPOS;354990409A;SP;Residencial Flamboyant;-23,216;-45,852;2018-02-14 20:30:00.0;0,2
SÃO JOSÉ DOS CAMPOS;354990409A;SP;Residencial Flamboyant;-23,216;-45,852;2018-02-14 21:10:00.0;0,0
SÃO JOSÉ DOS CAMPOS;354990409A;SP;Residencial Flamboyant;-23,216;-45,852;2018-02-14 21:50:00.0;0,2
SÃO JOSÉ DOS CAMPOS;354990409A;SP;Residencial Flamboyant;-23,216;-45,852;2018-02-14 23:10:00.0;0,0
SÃO JOSÉ DOS CAMPOS;354990409A;SP;Residencial Flamboyant;-23,216;-45,852;2018-02-15 00:10:00.0;0,0
SÃO JOSÉ DOS CAMPOS;354990409A;SP;Residencial Flamboyant;-23,216;-45,852;2018-02-15 00:20:00.0;0,2
SÃO JOSÉ DOS CAMPOS;354990409A;SP;Residencial Flamboyant;-23,216;-45,852;2018-02-15 01:10:00.0;0,0
SÃO JOSÉ DOS CAMPOS;354990409A;SP;Residencial Flamboyant;-23,216;-45,852;2018-02-15 01:50:00.0;0,2
SÃO JOSÉ DOS CAMPOS;354990409A;SP;Residencial Flamboyant;-23,216;-45,852;2018-02-15 02:10:00.0;0,0
SÃO JOSÉ DOS CAMPOS;354990409A;SP;Residencial Flamboyant;-23,216;-45,852;2018-02-15 03:10:00.0;0,0
SÃO JOSÉ DOS CAMPOS;354990409A;SP;Residencial Flamboyant;-23,216;-45,852;2018-02-15 04:10:00.0;0,0
SÃO JOSÉ DOS CAMPOS;354990409A;SP;Residencial Flamboyant;-23,216;-45,852;2018-02-15 04:20:00.0;0,2
SÃO JOSÉ DOS CAMPOS;354990409A;SP;Residencial Flamboyant;-23,216;-45,852;2018-02-15 05:10:00.0;0,0
SÃO JOSÉ DOS CAMPOS;354990409A;SP;Residencial Flamboyant;-23,216;-45,852;2018-02-15 05:50:00.0;0,2
SÃO JOSÉ DOS CAMPOS;354990409A;SP;Residencial Flamboyant;-23,216;-45,852;2018-02-15 06:10:00.0;0,0
SÃO JOSÉ DOS CAMPOS;354990409A;SP;Residencial Flamboyant;-23,216;-45,852;2018-02-15 07:10:00.0;0,0
SÃO JOSÉ DOS CAMPOS;354990409A;SP;Residencial Flamboyant;-23,216;-45,852;2018-02-15 08:10:00.0;0,0
SÃO JOSÉ DOS CAMPOS;354990409A;SP;Residencial Flamboyant;-23,216;-45,852;2018-02-15 08:20:00.0;0,2
SÃO JOSÉ DOS CAMPOS;354990409A;SP;Residencial Flamboyant;-23,216;-45,852;2018-02-15 09:10:00.0;0,0
SÃO JOSÉ DOS CAMPOS;354990409A;SP;Residencial Flamboyant;-23,216;-45,852;2018-02-15 09:50:00.0;0,2
SÃO JOSÉ DOS CAMPOS;354990409A;SP;Residencial Flamboyant;-23,216;-45,852;2018-02-15 10:10:00.0;0,0
SÃO JOSÉ DOS CAMPOS;354990409A;SP;Residencial Flamboyant;-23,216;-45,852;2018-02-15 11:10:00.0;0,0
SÃO JOSÉ DOS CAMPOS;354990409A;SP;Residencial Flamboyant;-23,216;-45,852;2018-02-15 12:10:00.0;0,0
SÃO JOSÉ DOS CAMPOS;354990409A;SP;Residencial Flamboyant;-23,216;-45,852;2018-02-15 12:20:00.0;0,2
SÃO JOSÉ DOS CAMPOS;354990409A;SP;Residencial Flamboyant;-23,216;-45,852;2018-02-15 13:10:00.0;0,0
SÃO JOSÉ DOS CAMPOS;354990409A;SP;Residencial Flamboyant;-23,216;-45,852;2018-02-15 13:40:00.0;0,2
SÃO JOSÉ DOS CAMPOS;354990409A;SP;Residencial Flamboyant;-23,216;-45,852;2018-02-15 14:10:00.0;0,0
SÃO JOSÉ DOS CAMPOS;354990409A;SP;Residencial Flamboyant;-23,216;-45,852;2018-02-15 15:10:00.0;0,0
SÃO JOSÉ DOS CAMPOS;354990409A;SP;Residencial Flamboyant;-23,216;-45,852;2018-02-15 15:50:00.0;0,2
SÃO JOSÉ DOS CAMPOS;354990409A;SP;Residencial Flamboyant;-23,216;-45,852;2018-02-15 16:10:00.0;0,0
SÃO JOSÉ DOS CAMPOS;354990409A;SP;Residencial Flamboyant;-23,216;-45,852;2018-02-15 17:00:00.0;0,2
SÃO JOSÉ DOS CAMPOS;354990409A;SP;Residencial Flamboyant;-23,216;-45,852;2018-02-15 17:10:00.0;0,0
SÃO JOSÉ DOS CAMPOS;354990409A;SP;Residencial Flamboyant;-23,216;-45,852;2018-02-15 18:10:00.0;0,0
SÃO JOSÉ DOS CAMPOS;354990409A;SP;Residencial Flamboyant;-23,216;-45,852;2018-02-15 19:10:00.0;0,0
SÃO JOSÉ DOS CAMPOS;354990409A;SP;Residencial Flamboyant;-23,216;-45,852;2018-02-15 19:40:00.0;0,2
SÃO JOSÉ DOS CAMPOS;354990409A;SP;Residencial Flamboyant;-23,216;-45,852;2018-02-15 20:10:00.0;0,0
SÃO JOSÉ DOS CAMPOS;354990409A;SP;Residencial Flamboyant;-23,216;-45,852;2018-02-15 21:00:00.0;0,2
SÃO JOSÉ DOS CAMPOS;354990409A;SP;Residencial Flamboyant;-23,216;-45,852;2018-02-15 21:10:00.0;0,0
SÃO JOSÉ DOS CAMPOS;354990409A;SP;Residencial Flamboyant;-23,216;-45,852;2018-02-15 22:10:00.0;0,0
SÃO JOSÉ DOS CAMPOS;354990409A;SP;Residencial Flamboyant;-23,216;-45,852;2018-02-15 23:10:00.0;0,0
SÃO JOSÉ DOS CAMPOS;354990409A;SP;Residencial Flamboyant;-23,216;-45,852;2018-02-15 23:30:00.0;0,2
SÃO JOSÉ DOS CAMPOS;354990409A;SP;Residencial Flamboyant;-23,216;-45,852;2018-02-16 00:10:00.0;0,0
SÃO JOSÉ DOS CAMPOS;354990409A;SP;Residencial Flamboyant;-23,216;-45,852;2018-02-16 00:50:00.0;0,2
SÃO JOSÉ DOS CAMPOS;354990409A;SP;Residencial Flamboyant;-23,216;-45,852;2018-02-16 02:10:00.0;0,0
SÃO JOSÉ DOS CAMPOS;354990409A;SP;Residencial Flamboyant;-23,216;-45,852;2018-02-16 03:10:00.0;0,0
SÃO JOSÉ DOS CAMPOS;354990409A;SP;Residencial Flamboyant;-23,216;-45,852;2018-02-16 03:30:00.0;0,2
SÃO JOSÉ DOS CAMPOS;354990409A;SP;Residencial Flamboyant;-23,216;-45,852;2018-02-16 04:10:00.0;0,0
SÃO JOSÉ DOS CAMPOS;354990409A;SP;Residencial Flamboyant;-23,216;-45,852;2018-02-16 05:00:00.0;0,2
SÃO JOSÉ DOS CAMPOS;354990409A;SP;Residencial Flamboyant;-23,216;-45,852;2018-02-16 05:10:00.0;0,0
SÃO JOSÉ DOS CAMPOS;354990409A;SP;Residencial Flamboyant;-23,216;-45,852;2018-02-16 06:10:00.0;0,0
SÃO JOSÉ DOS CAMPOS;354990409A;SP;Residencial Flamboyant;-23,216;-45,852;2018-02-16 07:10:00.0;0,0
SÃO JOSÉ DOS CAMPOS;354990409A;SP;Residencial Flamboyant;-23,216;-45,852;2018-02-16 07:40:00.0;0,2
SÃO JOSÉ DOS CAMPOS;354990409A;SP;Residencial Flamboyant;-23,216;-45,852;2018-02-16 08:10:00.0;0,0
SÃO JOSÉ DOS CAMPOS;354990409A;SP;Residencial Flamboyant;-23,216;-45,852;2018-02-16 09:10:00.0;0,2
SÃO JOSÉ DOS CAMPOS;354990409A;SP;Residencial Flamboyant;-23,216;-45,852;2018-02-16 10:10:00.0;0,0
SÃO JOSÉ DOS CAMPOS;354990409A;SP;Residencial Flamboyant;-23,216;-45,852;2018-02-16 11:10:00.0;0,0
SÃO JOSÉ DOS CAMPOS;354990409A;SP;Residencial Flamboyant;-23,216;-45,852;2018-02-16 11:40:00.0;0,2
SÃO JOSÉ DOS CAMPOS;354990409A;SP;Residencial Flamboyant;-23,216;-45,852;2018-02-16 12:10:00.0;0,0
SÃO JOSÉ DOS CAMPOS;354990409A;SP;Residencial Flamboyant;-23,216;-45,852;2018-02-16 12:50:00.0;0,2
SÃO JOSÉ DOS CAMPOS;354990409A;SP;Residencial Flamboyant;-23,216;-45,852;2018-02-16 13:10:00.0;0,0
SÃO JOSÉ DOS CAMPOS;354990409A;SP;Residencial Flamboyant;-23,216;-45,852;2018-02-16 14:10:00.0;0,0
SÃO JOSÉ DOS CAMPOS;354990409A;SP;Residencial Flamboyant;-23,216;-45,852;2018-02-16 15:10:00.0;0,2
SÃO JOSÉ DOS CAMPOS;354990409A;SP;Residencial Flamboyant;-23,216;-45,852;2018-02-16 16:10:00.0;0,0
SÃO JOSÉ DOS CAMPOS;354990409A;SP;Residencial Flamboyant;-23,216;-45,852;2018-02-16 16:30:00.0;0,2
SÃO JOSÉ DOS CAMPOS;354990409A;SP;Residencial Flamboyant;-23,216;-45,852;2018-02-16 17:10:00.0;0,0
SÃO JOSÉ DOS CAMPOS;354990409A;SP;Residencial Flamboyant;-23,216;-45,852;2018-02-16 18:10:00.0;0,0
SÃO JOSÉ DOS CAMPOS;354990409A;SP;Residencial Flamboyant;-23,216;-45,852;2018-02-16 18:40:00.0;0,2
SÃO JOSÉ DOS CAMPOS;354990409A;SP;Residencial Flamboyant;-23,216;-45,852;2018-02-16 19:10:00.0;0,0
SÃO JOSÉ DOS CAMPOS;354990409A;SP;Residencial Flamboyant;-23,216;-45,852;2018-02-16 20:00:00.0;0,2
SÃO JOSÉ DOS CAMPOS;354990409A;SP;Residencial Flamboyant;-23,216;-45,852;2018-02-16 20:10:00.0;0,0
SÃO JOSÉ DOS CAMPOS;354990409A;SP;Residencial Flamboyant;-23,216;-45,852;2018-02-16 21:10:00.0;0,0
SÃO JOSÉ DOS CAMPOS;354990409A;SP;Residencial Flamboyant;-23,216;-45,852;2018-02-16 22:10:00.0;0,0
SÃO JOSÉ DOS CAMPOS;354990409A;SP;Residencial Flamboyant;-23,216;-45,852;2018-02-16 22:30:00.0;0,2
SÃO JOSÉ DOS CAMPOS;354990409A;SP;Residencial Flamboyant;-23,216;-45,852;2018-02-16 23:10:00.0;0,0
SÃO JOSÉ DOS CAMPOS;354990409A;SP;Residencial Flamboyant;-23,216;-45,852;2018-02-16 23:50:00.0;0,2
SÃO JOSÉ DOS CAMPOS;354990409A;SP;Residencial Flamboyant;-23,216;-45,852;2018-02-17 00:10:00.0;0,0
SÃO JOSÉ DOS CAMPOS;354990409A;SP;Residencial Flamboyant;-23,216;-45,852;2018-02-17 01:10:00.0;0,0
SÃO JOSÉ DOS CAMPOS;354990409A;SP;Residencial Flamboyant;-23,216;-45,852;2018-02-17 02:10:00.0;0,0
SÃO JOSÉ DOS CAMPOS;354990409A;SP;Residencial Flamboyant;-23,216;-45,852;2018-02-17 02:40:00.0;0,2
SÃO JOSÉ DOS CAMPOS;354990409A;SP;Residencial Flamboyant;-23,216;-45,852;2018-02-17 03:10:00.0;0,0
SÃO JOSÉ DOS CAMPOS;354990409A;SP;Residencial Flamboyant;-23,216;-45,852;2018-02-17 04:10:00.0;0,0
SÃO JOSÉ DOS CAMPOS;354990409A;SP;Residencial Flamboyant;-23,216;-45,852;2018-02-17 04:20:00.0;0,2
SÃO JOSÉ DOS CAMPOS;354990409A;SP;Residencial Flamboyant;-23,216;-45,852;2018-02-17 05:10:00.0;0,0
SÃO JOSÉ DOS CAMPOS;354990409A;SP;Residencial Flamboyant;-23,216;-45,852;2018-02-17 06:10:00.0;0,0
SÃO JOSÉ DOS CAMPOS;354990409A;SP;Residencial Flamboyant;-23,216;-45,852;2018-02-17 07:00:00.0;0,2
SÃO JOSÉ DOS CAMPOS;354990409A;SP;Residencial Flamboyant;-23,216;-45,852;2018-02-17 07:10:00.0;0,0
SÃO JOSÉ DOS CAMPOS;354990409A;SP;Residencial Flamboyant;-23,216;-45,852;2018-02-17 08:10:00.0;0,0
SÃO JOSÉ DOS CAMPOS;354990409A;SP;Residencial Flamboyant;-23,216;-45,852;2018-02-17 08:40:00.0;0,2
SÃO JOSÉ DOS CAMPOS;354990409A;SP;Residencial Flamboyant;-23,216;-45,852;2018-02-17 09:10:00.0;0,0
SÃO JOSÉ DOS CAMPOS;354990409A;SP;Residencial Flamboyant;-23,216;-45,852;2018-02-17 10:10:00.0;0,0
SÃO JOSÉ DOS CAMPOS;354990409A;SP;Residencial Flamboyant;-23,216;-45,852;2018-02-17 11:10:00.0;0,0
SÃO JOSÉ DOS CAMPOS;354990409A;SP;Residencial Flamboyant;-23,216;-45,852;2018-02-17 11:20:00.0;0,2
SÃO JOSÉ DOS CAMPOS;354990409A;SP;Residencial Flamboyant;-23,216;-45,852;2018-02-17 12:10:00.0;0,0
SÃO JOSÉ DOS CAMPOS;354990409A;SP;Residencial Flamboyant;-23,216;-45,852;2018-02-17 12:40:00.0;0,2
SÃO JOSÉ DOS CAMPOS;354990409A;SP;Residencial Flamboyant;-23,216;-45,852;2018-02-17 13:10:00.0;0,0
SÃO JOSÉ DOS CAMPOS;354990409A;SP;Residencial Flamboyant;-23,216;-45,852;2018-02-17 14:10:00.0;0,0
SÃO JOSÉ DOS CAMPOS;354990409A;SP;Residencial Flamboyant;-23,216;-45,852;2018-02-17 15:10:00.0;0,0
SÃO JOSÉ DOS CAMPOS;354990409A;SP;Residencial Flamboyant;-23,216;-45,852;2018-02-17 16:10:00.0;0,2
SÃO JOSÉ DOS CAMPOS;354990409A;SP;Residencial Flamboyant;-23,216;-45,852;2018-02-17 17:10:00.0;0,0
SÃO JOSÉ DOS CAMPOS;354990409A;SP;Residencial Flamboyant;-23,216;-45,852;2018-02-17 17:30:00.0;0,2
SÃO JOSÉ DOS CAMPOS;354990409A;SP;Residencial Flamboyant;-23,216;-45,852;2018-02-17 18:10:00.0;0,0
SÃO JOSÉ DOS CAMPOS;354990409A;SP;Residencial Flamboyant;-23,216;-45,852;2018-02-17 19:10:00.0;0,0
SÃO JOSÉ DOS CAMPOS;354990409A;SP;Residencial Flamboyant;-23,216;-45,852;2018-02-17 20:00:00.0;0,2
SÃO JOSÉ DOS CAMPOS;354990409A;SP;Residencial Flamboyant;-23,216;-45,852;2018-02-17 20:10:00.0;0,0
SÃO JOSÉ DOS CAMPOS;354990409A;SP;Residencial Flamboyant;-23,216;-45,852;2018-02-17 21:10:00.0;0,0
SÃO JOSÉ DOS CAMPOS;354990409A;SP;Residencial Flamboyant;-23,216;-45,852;2018-02-17 21:30:00.0;0,2
SÃO JOSÉ DOS CAMPOS;354990409A;SP;Residencial Flamboyant;-23,216;-45,852;2018-02-17 22:10:00.0;0,0
SÃO JOSÉ DOS CAMPOS;354990409A;SP;Residencial Flamboyant;-23,216;-45,852;2018-02-17 23:10:00.0;0,0
SÃO JOSÉ DOS CAMPOS;354990409A;SP;Residencial Flamboyant;-23,216;-45,852;2018-02-18 00:10:00.0;0,0
SÃO JOSÉ DOS CAMPOS;354990409A;SP;Residencial Flamboyant;-23,216;-45,852;2018-02-18 00:20:00.0;0,2
SÃO JOSÉ DOS CAMPOS;354990409A;SP;Residencial Flamboyant;-23,216;-45,852;2018-02-18 01:10:00.0;0,0
SÃO JOSÉ DOS CAMPOS;354990409A;SP;Residencial Flamboyant;-23,216;-45,852;2018-02-18 01:50:00.0;0,2
SÃO JOSÉ DOS CAMPOS;354990409A;SP;Residencial Flamboyant;-23,216;-45,852;2018-02-18 03:10:00.0;0,0
SÃO JOSÉ DOS CAMPOS;354990409A;SP;Residencial Flamboyant;-23,216;-45,852;2018-02-18 04:10:00.0;0,0
SÃO JOSÉ DOS CAMPOS;354990409A;SP;Residencial Flamboyant;-23,216;-45,852;2018-02-18 04:50:00.0;0,2
SÃO JOSÉ DOS CAMPOS;354990409A;SP;Residencial Flamboyant;-23,216;-45,852;2018-02-18 05:10:00.0;0,0
SÃO JOSÉ DOS CAMPOS;354990409A;SP;Residencial Flamboyant;-23,216;-45,852;2018-02-18 06:10:00.0;0,0
SÃO JOSÉ DOS CAMPOS;354990409A;SP;Residencial Flamboyant;-23,216;-45,852;2018-02-18 06:30:00.0;0,2
SÃO JOSÉ DOS CAMPOS;354990409A;SP;Residencial Flamboyant;-23,216;-45,852;2018-02-18 07:10:00.0;0,0
SÃO JOSÉ DOS CAMPOS;354990409A;SP;Residencial Flamboyant;-23,216;-45,852;2018-02-18 08:10:00.0;0,0
SÃO JOSÉ DOS CAMPOS;354990409A;SP;Residencial Flamboyant;-23,216;-45,852;2018-02-18 09:10:00.0;0,0
SÃO JOSÉ DOS CAMPOS;354990409A;SP;Residencial Flamboyant;-23,216;-45,852;2018-02-18 09:20:00.0;0,2
SÃO JOSÉ DOS CAMPOS;354990409A;SP;Residencial Flamboyant;-23,216;-45,852;2018-02-18 10:10:00.0;0,0
SÃO JOSÉ DOS CAMPOS;354990409A;SP;Residencial Flamboyant;-23,216;-45,852;2018-02-18 11:00:00.0;0,2
SÃO JOSÉ DOS CAMPOS;354990409A;SP;Residencial Flamboyant;-23,216;-45,852;2018-02-18 11:10:00.0;0,0
SÃO JOSÉ DOS CAMPOS;354990409A;SP;Residencial Flamboyant;-23,216;-45,852;2018-02-18 12:10:00.0;0,0
SÃO JOSÉ DOS CAMPOS;354990409A;SP;Residencial Flamboyant;-23,216;-45,852;2018-02-18 13:10:00.0;0,0
SÃO JOSÉ DOS CAMPOS;354990409A;SP;Residencial Flamboyant;-23,216;-45,852;2018-02-18 13:40:00.0;0,2
SÃO JOSÉ DOS CAMPOS;354990409A;SP;Residencial Flamboyant;-23,216;-45,852;2018-02-18 14:10:00.0;0,0
SÃO JOSÉ DOS CAMPOS;354990409A;SP;Residencial Flamboyant;-23,216;-45,852;2018-02-18 15:10:00.0;0,2
SÃO JOSÉ DOS CAMPOS;354990409A;SP;Residencial Flamboyant;-23,216;-45,852;2018-02-18 16:10:00.0;0,0
SÃO JOSÉ DOS CAMPOS;354990409A;SP;Residencial Flamboyant;-23,216;-45,852;2018-02-18 17:10:00.0;0,0
SÃO JOSÉ DOS CAMPOS;354990409A;SP;Residencial Flamboyant;-23,216;-45,852;2018-02-18 17:50:00.0;0,2
SÃO JOSÉ DOS CAMPOS;354990409A;SP;Residencial Flamboyant;-23,216;-45,852;2018-02-18 18:10:00.0;0,0
SÃO JOSÉ DOS CAMPOS;354990409A;SP;Residencial Flamboyant;-23,216;-45,852;2018-02-18 19:10:00.0;0,0
SÃO JOSÉ DOS CAMPOS;354990409A;SP;Residencial Flamboyant;-23,216;-45,852;2018-02-18 19:20:00.0;0,2
SÃO JOSÉ DOS CAMPOS;354990409A;SP;Residencial Flamboyant;-23,216;-45,852;2018-02-18 20:40:00.0;0,0
SÃO JOSÉ DOS CAMPOS;354990409A;SP;Residencial Flamboyant;-23,216;-45,852;2018-02-18 21:10:00.0;0,0
SÃO JOSÉ DOS CAMPOS;354990409A;SP;Residencial Flamboyant;-23,216;-45,852;2018-02-18 22:00:00.0;0,2
SÃO JOSÉ DOS CAMPOS;354990409A;SP;Residencial Flamboyant;-23,216;-45,852;2018-02-18 22:10:00.0;0,0
SÃO JOSÉ DOS CAMPOS;354990409A;SP;Residencial Flamboyant;-23,216;-45,852;2018-02-18 23:10:00.0;0,0
SÃO JOSÉ DOS CAMPOS;354990409A;SP;Residencial Flamboyant;-23,216;-45,852;2018-02-18 23:30:00.0;0,2
SÃO JOSÉ DOS CAMPOS;354990409A;SP;Residencial Flamboyant;-23,216;-45,852;2018-02-19 00:10:00.0;0,0
SÃO JOSÉ DOS CAMPOS;354990409A;SP;Residencial Flamboyant;-23,216;-45,852;2018-02-19 01:10:00.0;0,0
SÃO JOSÉ DOS CAMPOS;354990409A;SP;Residencial Flamboyant;-23,216;-45,852;2018-02-19 02:10:00.0;0,0
SÃO JOSÉ DOS CAMPOS;354990409A;SP;Residencial Flamboyant;-23,216;-45,852;2018-02-19 02:30:00.0;0,2
SÃO JOSÉ DOS CAMPOS;354990409A;SP;Residencial Flamboyant;-23,216;-45,852;2018-02-19 03:10:00.0;0,0
SÃO JOSÉ DOS CAMPOS;354990409A;SP;Residencial Flamboyant;-23,216;-45,852;2018-02-19 04:00:00.0;0,2
SÃO JOSÉ DOS CAMPOS;354990409A;SP;Residencial Flamboyant;-23,216;-45,852;2018-02-19 04:10:00.0;0,0
SÃO JOSÉ DOS CAMPOS;354990409A;SP;Residencial Flamboyant;-23,216;-45,852;2018-02-19 05:10:00.0;0,0
SÃO JOSÉ DOS CAMPOS;354990409A;SP;Residencial Flamboyant;-23,216;-45,852;2018-02-19 06:10:00.0;0,0
SÃO JOSÉ DOS CAMPOS;354990409A;SP;Residencial Flamboyant;-23,216;-45,852;2018-02-19 06:50:00.0;0,2
SÃO JOSÉ DOS CAMPOS;354990409A;SP;Residencial Flamboyant;-23,216;-45,852;2018-02-19 07:10:00.0;0,0
SÃO JOSÉ DOS CAMPOS;354990409A;SP;Residencial Flamboyant;-23,216;-45,852;2018-02-19 08:10:00.0;0,0
SÃO JOSÉ DOS CAMPOS;354990409A;SP;Residencial Flamboyant;-23,216;-45,852;2018-02-19 08:30:00.0;0,2
SÃO JOSÉ DOS CAMPOS;354990409A;SP;Residencial Flamboyant;-23,216;-45,852;2018-02-19 09:10:00.0;0,0
SÃO JOSÉ DOS CAMPOS;354990409A;SP;Residencial Flamboyant;-23,216;-45,852;2018-02-19 10:10:00.0;0,0
SÃO JOSÉ DOS CAMPOS;354990409A;SP;Residencial Flamboyant;-23,216;-45,852;2018-02-19 11:10:00.0;0,0
SÃO JOSÉ DOS CAMPOS;354990409A;SP;Residencial Flamboyant;-23,216;-45,852;2018-02-19 11:20:00.0;0,2
SÃO JOSÉ DOS CAMPOS;354990409A;SP;Residencial Flamboyant;-23,216;-45,852;2018-02-19 12:10:00.0;0,0
SÃO JOSÉ DOS CAMPOS;354990409A;SP;Residencial Flamboyant;-23,216;-45,852;2018-02-19 12:40:00.0;0,2
SÃO JOSÉ DOS CAMPOS;354990409A;SP;Residencial Flamboyant;-23,216;-45,852;2018-02-19 13:10:00.0;0,0
SÃO JOSÉ DOS CAMPOS;354990409A;SP;Residencial Flamboyant;-23,216;-45,852;2018-02-19 14:10:00.0;0,0
SÃO JOSÉ DOS CAMPOS;354990409A;SP;Residencial Flamboyant;-23,216;-45,852;2018-02-19 15:10:00.0;0,0
SÃO JOSÉ DOS CAMPOS;354990409A;SP;Residencial Flamboyant;-23,216;-45,852;2018-02-19 15:40:00.0;0,2
SÃO JOSÉ DOS CAMPOS;354990409A;SP;Residencial Flamboyant;-23,216;-45,852;2018-02-19 16:10:00.0;0,0
SÃO JOSÉ DOS CAMPOS;354990409A;SP;Residencial Flamboyant;-23,216;-45,852;2018-02-19 16:50:00.0;0,2
SÃO JOSÉ DOS CAMPOS;354990409A;SP;Residencial Flamboyant;-23,216;-45,852;2018-02-19 18:10:00.0;0,0
SÃO JOSÉ DOS CAMPOS;354990409A;SP;Residencial Flamboyant;-23,216;-45,852;2018-02-19 19:10:00.0;0,0
SÃO JOSÉ DOS CAMPOS;354990409A;SP;Residencial Flamboyant;-23,216;-45,852;2018-02-19 19:50:00.0;0,2
SÃO JOSÉ DOS CAMPOS;354990409A;SP;Residencial Flamboyant;-23,216;-45,852;2018-02-19 20:10:00.0;0,0
SÃO JOSÉ DOS CAMPOS;354990409A;SP;Residencial Flamboyant;-23,216;-45,852;2018-02-19 21:10:00.0;0,0
SÃO JOSÉ DOS CAMPOS;354990409A;SP;Residencial Flamboyant;-23,216;-45,852;2018-02-19 21:20:00.0;0,2
SÃO JOSÉ DOS CAMPOS;354990409A;SP;Residencial Flamboyant;-23,216;-45,852;2018-02-19 22:10:00.0;0,0
SÃO JOSÉ DOS CAMPOS;354990409A;SP;Residencial Flamboyant;-23,216;-45,852;2018-02-19 23:10:00.0;0,0
SÃO JOSÉ DOS CAMPOS;354990409A;SP;Residencial Flamboyant;-23,216;-45,852;2018-02-20 00:00:00.0;0,2
SÃO JOSÉ DOS CAMPOS;354990409A;SP;Residencial Flamboyant;-23,216;-45,852;2018-02-20 00:20:00.0;0,0
SÃO JOSÉ DOS CAMPOS;354990409A;SP;Residencial Flamboyant;-23,216;-45,852;2018-02-20 01:10:00.0;0,0
SÃO JOSÉ DOS CAMPOS;354990409A;SP;Residencial Flamboyant;-23,216;-45,852;2018-02-20 01:50:00.0;0,2
SÃO JOSÉ DOS CAMPOS;354990409A;SP;Residencial Flamboyant;-23,216;-45,852;2018-02-20 02:10:00.0;0,0
SÃO JOSÉ DOS CAMPOS;354990409A;SP;Residencial Flamboyant;-23,216;-45,852;2018-02-20 03:10:00.0;0,0
SÃO JOSÉ DOS CAMPOS;354990409A;SP;Residencial Flamboyant;-23,216;-45,852;2018-02-20 04:10:00.0;0,0
SÃO JOSÉ DOS CAMPOS;354990409A;SP;Residencial Flamboyant;-23,216;-45,852;2018-02-20 04:30:00.0;0,2
SÃO JOSÉ DOS CAMPOS;354990409A;SP;Residencial Flamboyant;-23,216;-45,852;2018-02-20 05:10:00.0;0,0
SÃO JOSÉ DOS CAMPOS;354990409A;SP;Residencial Flamboyant;-23,216;-45,852;2018-02-20 06:10:00.0;0,2
SÃO JOSÉ DOS CAMPOS;354990409A;SP;Residencial Flamboyant;-23,216;-45,852;2018-02-20 07:10:00.0;0,0
SÃO JOSÉ DOS CAMPOS;354990409A;SP;Residencial Flamboyant;-23,216;-45,852;2018-02-20 08:10:00.0;0,0
SÃO JOSÉ DOS CAMPOS;354990409A;SP;Residencial Flamboyant;-23,216;-45,852;2018-02-20 09:00:00.0;0,2
SÃO JOSÉ DOS CAMPOS;354990409A;SP;Residencial Flamboyant;-23,216;-45,852;2018-02-20 09:10:00.0;0,0
SÃO JOSÉ DOS CAMPOS;354990409A;SP;Residencial Flamboyant;-23,216;-45,852;2018-02-20 10:10:00.0;0,0
SÃO JOSÉ DOS CAMPOS;354990409A;SP;Residencial Flamboyant;-23,216;-45,852;2018-02-20 10:50:00.0;0,2
SÃO JOSÉ DOS CAMPOS;354990409A;SP;Residencial Flamboyant;-23,216;-45,852;2018-02-20 11:10:00.0;0,0
SÃO JOSÉ DOS CAMPOS;354990409A;SP;Residencial Flamboyant;-23,216;-45,852;2018-02-20 12:10:00.0;0,0
SÃO JOSÉ DOS CAMPOS;354990409A;SP;Residencial Flamboyant;-23,216;-45,852;2018-02-20 13:00:00.0;0,2
SÃO JOSÉ DOS CAMPOS;354990409A;SP;Residencial Flamboyant;-23,216;-45,852;2018-02-20 13:10:00.0;0,0
SÃO JOSÉ DOS CAMPOS;354990409A;SP;Residencial Flamboyant;-23,216;-45,852;2018-02-20 14:10:00.0;0,2
SÃO JOSÉ DOS CAMPOS;354990409A;SP;Residencial Flamboyant;-23,216;-45,852;2018-02-20 15:10:00.0;0,0
SÃO JOSÉ DOS CAMPOS;354990409A;SP;Residencial Flamboyant;-23,216;-45,852;2018-02-20 16:10:00.0;0,0
SÃO JOSÉ DOS CAMPOS;354990409A;SP;Residencial Flamboyant;-23,216;-45,852;2018-02-20 16:30:00.0;0,2
SÃO JOSÉ DOS CAMPOS;354990409A;SP;Residencial Flamboyant;-23,216;-45,852;2018-02-20 17:10:00.0;0,0
SÃO JOSÉ DOS CAMPOS;354990409A;SP;Residencial Flamboyant;-23,216;-45,852;2018-02-20 17:50:00.0;0,2
SÃO JOSÉ DOS CAMPOS;354990409A;SP;Residencial Flamboyant;-23,216;-45,852;2018-02-20 18:10:00.0;0,0
SÃO JOSÉ DOS CAMPOS;354990409A;SP;Residencial Flamboyant;-23,216;-45,852;2018-02-20 19:10:00.0;0,0
SÃO JOSÉ DOS CAMPOS;354990409A;SP;Residencial Flamboyant;-23,216;-45,852;2018-02-20 20:10:00.0;0,0
SÃO JOSÉ DOS CAMPOS;354990409A;SP;Residencial Flamboyant;-23,216;-45,852;2018-02-20 20:30:00.0;0,2
SÃO JOSÉ DOS CAMPOS;354990409A;SP;Residencial Flamboyant;-23,216;-45,852;2018-02-20 21:10:00.0;0,0
SÃO JOSÉ DOS CAMPOS;354990409A;SP;Residencial Flamboyant;-23,216;-45,852;2018-02-20 22:00:00.0;0,2
SÃO JOSÉ DOS CAMPOS;354990409A;SP;Residencial Flamboyant;-23,216;-45,852;2018-02-20 22:10:00.0;0,0
SÃO JOSÉ DOS CAMPOS;354990409A;SP;Residencial Flamboyant;-23,216;-45,852;2018-02-20 23:10:00.0;0,0
SÃO JOSÉ DOS CAMPOS;354990409A;SP;Residencial Flamboyant;-23,216;-45,852;2018-02-21 00:10:00.0;0,0
SÃO JOSÉ DOS CAMPOS;354990409A;SP;Residencial Flamboyant;-23,216;-45,852;2018-02-21 00:40:00.0;0,2
SÃO JOSÉ DOS CAMPOS;354990409A;SP;Residencial Flamboyant;-23,216;-45,852;2018-02-21 01:10:00.0;0,0
SÃO JOSÉ DOS CAMPOS;354990409A;SP;Residencial Flamboyant;-23,216;-45,852;2018-02-21 02:10:00.0;0,0
SÃO JOSÉ DOS CAMPOS;354990409A;SP;Residencial Flamboyant;-23,216;-45,852;2018-02-21 02:20:00.0;0,2
SÃO JOSÉ DOS CAMPOS;354990409A;SP;Residencial Flamboyant;-23,216;-45,852;2018-02-21 03:10:00.0;0,0
SÃO JOSÉ DOS CAMPOS;354990409A;SP;Residencial Flamboyant;-23,216;-45,852;2018-02-21 04:10:00.0;0,0
SÃO JOSÉ DOS CAMPOS;354990409A;SP;Residencial Flamboyant;-23,216;-45,852;2018-02-21 05:10:00.0;0,2
SÃO JOSÉ DOS CAMPOS;354990409A;SP;Residencial Flamboyant;-23,216;-45,852;2018-02-21 06:10:00.0;0,0
SÃO JOSÉ DOS CAMPOS;354990409A;SP;Residencial Flamboyant;-23,216;-45,852;2018-02-21 06:50:00.0;0,2
SÃO JOSÉ DOS CAMPOS;354990409A;SP;Residencial Flamboyant;-23,216;-45,852;2018-02-21 07:10:00.0;0,0
SÃO JOSÉ DOS CAMPOS;354990409A;SP;Residencial Flamboyant;-23,216;-45,852;2018-02-21 08:10:00.0;0,0
SÃO JOSÉ DOS CAMPOS;354990409A;SP;Residencial Flamboyant;-23,216;-45,852;2018-02-21 09:10:00.0;0,0
SÃO JOSÉ DOS CAMPOS;354990409A;SP;Residencial Flamboyant;-23,216;-45,852;2018-02-21 09:50:00.0;0,2
SÃO JOSÉ DOS CAMPOS;354990409A;SP;Residencial Flamboyant;-23,216;-45,852;2018-02-21 10:10:00.0;0,0
SÃO JOSÉ DOS CAMPOS;354990409A;SP;Residencial Flamboyant;-23,216;-45,852;2018-02-21 11:10:00.0;0,0
SÃO JOSÉ DOS CAMPOS;354990409A;SP;Residencial Flamboyant;-23,216;-45,852;2018-02-21 11:20:00.0;0,2
SÃO JOSÉ DOS CAMPOS;354990409A;SP;Residencial Flamboyant;-23,216;-45,852;2018-02-21 12:10:00.0;0,0
SÃO JOSÉ DOS CAMPOS;354990409A;SP;Residencial Flamboyant;-23,216;-45,852;2018-02-21 13:10:00.0;0,0
SÃO JOSÉ DOS CAMPOS;354990409A;SP;Residencial Flamboyant;-23,216;-45,852;2018-02-21 13:40:00.0;0,2
SÃO JOSÉ DOS CAMPOS;354990409A;SP;Residencial Flamboyant;-23,216;-45,852;2018-02-21 14:10:00.0;0,0
SÃO JOSÉ DOS CAMPOS;354990409A;SP;Residencial Flamboyant;-23,216;-45,852;2018-02-21 15:00:00.0;0,2
SÃO JOSÉ DOS CAMPOS;354990409A;SP;Residencial Flamboyant;-23,216;-45,852;2018-02-21 15:10:00.0;0,0
SÃO JOSÉ DOS CAMPOS;354990409A;SP;Residencial Flamboyant;-23,216;-45,852;2018-02-21 16:10:00.0;0,0
SÃO JOSÉ DOS CAMPOS;354990409A;SP;Residencial Flamboyant;-23,216;-45,852;2018-02-21 17:10:00.0;0,0
SÃO JOSÉ DOS CAMPOS;354990409A;SP;Residencial Flamboyant;-23,216;-45,852;2018-02-21 17:30:00.0;0,2
SÃO JOSÉ DOS CAMPOS;354990409A;SP;Residencial Flamboyant;-23,216;-45,852;2018-02-21 18:10:00.0;0,0
SÃO JOSÉ DOS CAMPOS;354990409A;SP;Residencial Flamboyant;-23,216;-45,852;2018-02-21 18:40:00.0;0,2
SÃO JOSÉ DOS CAMPOS;354990409A;SP;Residencial Flamboyant;-23,216;-45,852;2018-02-21 19:10:00.0;0,0
SÃO JOSÉ DOS CAMPOS;354990409A;SP;Residencial Flamboyant;-23,216;-45,852;2018-02-21 20:10:00.0;0,0
SÃO JOSÉ DOS CAMPOS;354990409A;SP;Residencial Flamboyant;-23,216;-45,852;2018-02-21 21:10:00.0;0,0
SÃO JOSÉ DOS CAMPOS;354990409A;SP;Residencial Flamboyant;-23,216;-45,852;2018-02-21 21:40:00.0;0,2
SÃO JOSÉ DOS CAMPOS;354990409A;SP;Residencial Flamboyant;-23,216;-45,852;2018-02-21 22:10:00.0;0,0
SÃO JOSÉ DOS CAMPOS;354990409A;SP;Residencial Flamboyant;-23,216;-45,852;2018-02-21 23:10:00.0;0,2
SÃO JOSÉ DOS CAMPOS;354990409A;SP;Residencial Flamboyant;-23,216;-45,852;2018-02-22 00:10:00.0;0,0
SÃO JOSÉ DOS CAMPOS;354990409A;SP;Residencial Flamboyant;-23,216;-45,852;2018-02-22 01:10:00.0;0,0
SÃO JOSÉ DOS CAMPOS;354990409A;SP;Residencial Flamboyant;-23,216;-45,852;2018-02-22 02:10:00.0;0,0
SÃO JOSÉ DOS CAMPOS;354990409A;SP;Residencial Flamboyant;-23,216;-45,852;2018-02-22 02:20:00.0;0,2
SÃO JOSÉ DOS CAMPOS;354990409A;SP;Residencial Flamboyant;-23,216;-45,852;2018-02-22 03:10:00.0;0,0
SÃO JOSÉ DOS CAMPOS;354990409A;SP;Residencial Flamboyant;-23,216;-45,852;2018-02-22 04:00:00.0;0,2
SÃO JOSÉ DOS CAMPOS;354990409A;SP;Residencial Flamboyant;-23,216;-45,852;2018-02-22 04:10:00.0;0,0
SÃO JOSÉ DOS CAMPOS;354990409A;SP;Residencial Flamboyant;-23,216;-45,852;2018-02-22 05:10:00.0;0,0
SÃO JOSÉ DOS CAMPOS;354990409A;SP;Residencial Flamboyant;-23,216;-45,852;2018-02-22 06:10:00.0;0,0
SÃO JOSÉ DOS CAMPOS;354990409A;SP;Residencial Flamboyant;-23,216;-45,852;2018-02-22 07:10:00.0;0,0
SÃO JOSÉ DOS CAMPOS;354990409A;SP;Residencial Flamboyant;-23,216;-45,852;2018-02-22 07:20:00.0;0,2
SÃO JOSÉ DOS CAMPOS;354990409A;SP;Residencial Flamboyant;-23,216;-45,852;2018-02-22 08:10:00.0;0,0
SÃO JOSÉ DOS CAMPOS;354990409A;SP;Residencial Flamboyant;-23,216;-45,852;2018-02-22 09:00:00.0;0,2
SÃO JOSÉ DOS CAMPOS;354990409A;SP;Residencial Flamboyant;-23,216;-45,852;2018-02-22 09:10:00.0;0,0
SÃO JOSÉ DOS CAMPOS;354990409A;SP;Residencial Flamboyant;-23,216;-45,852;2018-02-22 10:10:00.0;0,0
SÃO JOSÉ DOS CAMPOS;354990409A;SP;Residencial Flamboyant;-23,216;-45,852;2018-02-22 11:10:00.0;0,0
SÃO JOSÉ DOS CAMPOS;354990409A;SP;Residencial Flamboyant;-23,216;-45,852;2018-02-22 12:10:00.0;0,2
SÃO JOSÉ DOS CAMPOS;354990409A;SP;Residencial Flamboyant;-23,216;-45,852;2018-02-22 12:20:00.0;0,0
SÃO JOSÉ DOS CAMPOS;354990409A;SP;Residencial Flamboyant;-23,216;-45,852;2018-02-22 13:10:00.0;0,0
SÃO JOSÉ DOS CAMPOS;354990409A;SP;Residencial Flamboyant;-23,216;-45,852;2018-02-22 13:20:00.0;0,2
SÃO JOSÉ DOS CAMPOS;354990409A;SP;Residencial Flamboyant;-23,216;-45,852;2018-02-22 14:10:00.0;0,0
SÃO JOSÉ DOS CAMPOS;354990409A;SP;Residencial Flamboyant;-23,216;-45,852;2018-02-22 15:10:00.0;0,0
SÃO JOSÉ DOS CAMPOS;354990409A;SP;Residencial Flamboyant;-23,216;-45,852;2018-02-22 16:10:00.0;0,2
SÃO JOSÉ DOS CAMPOS;354990409A;SP;Residencial Flamboyant;-23,216;-45,852;2018-02-22 17:10:00.0;0,0
SÃO JOSÉ DOS CAMPOS;354990409A;SP;Residencial Flamboyant;-23,216;-45,852;2018-02-22 17:20:00.0;0,2
SÃO JOSÉ DOS CAMPOS;354990409A;SP;Residencial Flamboyant;-23,216;-45,852;2018-02-22 18:10:00.0;0,0
SÃO JOSÉ DOS CAMPOS;354990409A;SP;Residencial Flamboyant;-23,216;-45,852;2018-02-22 19:10:00.0;0,0
SÃO JOSÉ DOS CAMPOS;354990409A;SP;Residencial Flamboyant;-23,216;-45,852;2018-02-22 20:10:00.0;0,0
SÃO JOSÉ DOS CAMPOS;354990409A;SP;Residencial Flamboyant;-23,216;-45,852;2018-02-22 20:20:00.0;0,2
SÃO JOSÉ DOS CAMPOS;354990409A;SP;Residencial Flamboyant;-23,216;-45,852;2018-02-22 21:10:00.0;0,0
SÃO JOSÉ DOS CAMPOS;354990409A;SP;Residencial Flamboyant;-23,216;-45,852;2018-02-22 22:00:00.0;0,2
SÃO JOSÉ DOS CAMPOS;354990409A;SP;Residencial Flamboyant;-23,216;-45,852;2018-02-22 22:10:00.0;0,0
SÃO JOSÉ DOS CAMPOS;354990409A;SP;Residencial Flamboyant;-23,216;-45,852;2018-02-22 23:10:00.0;0,0
SÃO JOSÉ DOS CAMPOS;354990409A;SP;Residencial Flamboyant;-23,216;-45,852;2018-02-23 00:10:00.0;0,0
SÃO JOSÉ DOS CAMPOS;354990409A;SP;Residencial Flamboyant;-23,216;-45,852;2018-02-23 01:10:00.0;0,0
SÃO JOSÉ DOS CAMPOS;354990409A;SP;Residencial Flamboyant;-23,216;-45,852;2018-02-23 01:20:00.0;0,2
SÃO JOSÉ DOS CAMPOS;354990409A;SP;Residencial Flamboyant;-23,216;-45,852;2018-02-23 02:10:00.0;0,0
SÃO JOSÉ DOS CAMPOS;354990409A;SP;Residencial Flamboyant;-23,216;-45,852;2018-02-23 03:10:00.0;0,0
SÃO JOSÉ DOS CAMPOS;354990409A;SP;Residencial Flamboyant;-23,216;-45,852;2018-02-23 03:20:00.0;0,2
SÃO JOSÉ DOS CAMPOS;354990409A;SP;Residencial Flamboyant;-23,216;-45,852;2018-02-23 04:10:00.0;0,0
SÃO JOSÉ DOS CAMPOS;354990409A;SP;Residencial Flamboyant;-23,216;-45,852;2018-02-23 05:10:00.0;0,0
SÃO JOSÉ DOS CAMPOS;354990409A;SP;Residencial Flamboyant;-23,216;-45,852;2018-02-23 06:10:00.0;0,0
SÃO JOSÉ DOS CAMPOS;354990409A;SP;Residencial Flamboyant;-23,216;-45,852;2018-02-23 06:40:00.0;0,2
SÃO JOSÉ DOS CAMPOS;354990409A;SP;Residencial Flamboyant;-23,216;-45,852;2018-02-23 07:10:00.0;0,0
SÃO JOSÉ DOS CAMPOS;354990409A;SP;Residencial Flamboyant;-23,216;-45,852;2018-02-23 08:10:00.0;0,0
SÃO JOSÉ DOS CAMPOS;354990409A;SP;Residencial Flamboyant;-23,216;-45,852;2018-02-23 08:50:00.0;0,2
SÃO JOSÉ DOS CAMPOS;354990409A;SP;Residencial Flamboyant;-23,216;-45,852;2018-02-23 09:10:00.0;0,0
SÃO JOSÉ DOS CAMPOS;354990409A;SP;Residencial Flamboyant;-23,216;-45,852;2018-02-23 10:10:00.0;0,0
SÃO JOSÉ DOS CAMPOS;354990409A;SP;Residencial Flamboyant;-23,216;-45,852;2018-02-23 11:10:00.0;0,0
SÃO JOSÉ DOS CAMPOS;354990409A;SP;Residencial Flamboyant;-23,216;-45,852;2018-02-23 11:50:00.0;0,2
SÃO JOSÉ DOS CAMPOS;354990409A;SP;Residencial Flamboyant;-23,216;-45,852;2018-02-23 12:10:00.0;0,0
SÃO JOSÉ DOS CAMPOS;354990409A;SP;Residencial Flamboyant;-23,216;-45,852;2018-02-23 13:10:00.0;0,0
SÃO JOSÉ DOS CAMPOS;354990409A;SP;Residencial Flamboyant;-23,216;-45,852;2018-02-23 13:30:00.0;0,2
SÃO JOSÉ DOS CAMPOS;354990409A;SP;Residencial Flamboyant;-23,216;-45,852;2018-02-23 14:10:00.0;0,0
SÃO JOSÉ DOS CAMPOS;354990409A;SP;Residencial Flamboyant;-23,216;-45,852;2018-02-23 15:10:00.0;0,0
SÃO JOSÉ DOS CAMPOS;354990409A;SP;Residencial Flamboyant;-23,216;-45,852;2018-02-23 16:10:00.0;0,0
SÃO JOSÉ DOS CAMPOS;354990409A;SP;Residencial Flamboyant;-23,216;-45,852;2018-02-23 16:20:00.0;0,2
SÃO JOSÉ DOS CAMPOS;354990409A;SP;Residencial Flamboyant;-23,216;-45,852;2018-02-23 17:10:00.0;0,0
SÃO JOSÉ DOS CAMPOS;354990409A;SP;Residencial Flamboyant;-23,216;-45,852;2018-02-23 17:50:00.0;0,2
SÃO JOSÉ DOS CAMPOS;354990409A;SP;Residencial Flamboyant;-23,216;-45,852;2018-02-23 18:10:00.0;0,0
SÃO JOSÉ DOS CAMPOS;354990409A;SP;Residencial Flamboyant;-23,216;-45,852;2018-02-23 19:10:00.0;0,0
SÃO JOSÉ DOS CAMPOS;354990409A;SP;Residencial Flamboyant;-23,216;-45,852;2018-02-23 20:10:00.0;0,0
SÃO JOSÉ DOS CAMPOS;354990409A;SP;Residencial Flamboyant;-23,216;-45,852;2018-02-23 21:10:00.0;0,0
SÃO JOSÉ DOS CAMPOS;354990409A;SP;Residencial Flamboyant;-23,216;-45,852;2018-02-23 21:50:00.0;0,2
SÃO JOSÉ DOS CAMPOS;354990409A;SP;Residencial Flamboyant;-23,216;-45,852;2018-02-23 22:10:00.0;0,0
SÃO JOSÉ DOS CAMPOS;354990409A;SP;Residencial Flamboyant;-23,216;-45,852;2018-02-23 23:10:00.0;0,0
SÃO JOSÉ DOS CAMPOS;354990409A;SP;Residencial Flamboyant;-23,216;-45,852;2018-02-24 00:00:00.0;0,2
SÃO JOSÉ DOS CAMPOS;354990409A;SP;Residencial Flamboyant;-23,216;-45,852;2018-02-24 00:10:00.0;0,0
SÃO JOSÉ DOS CAMPOS;354990409A;SP;Residencial Flamboyant;-23,216;-45,852;2018-02-24 01:10:00.0;0,0
SÃO JOSÉ DOS CAMPOS;354990409A;SP;Residencial Flamboyant;-23,216;-45,852;2018-02-24 02:10:00.0;0,0
SÃO JOSÉ DOS CAMPOS;354990409A;SP;Residencial Flamboyant;-23,216;-45,852;2018-02-24 03:10:00.0;0,0
SÃO JOSÉ DOS CAMPOS;354990409A;SP;Residencial Flamboyant;-23,216;-45,852;2018-02-24 04:00:00.0;0,2
SÃO JOSÉ DOS CAMPOS;354990409A;SP;Residencial Flamboyant;-23,216;-45,852;2018-02-24 04:10:00.0;0,0
SÃO JOSÉ DOS CAMPOS;354990409A;SP;Residencial Flamboyant;-23,216;-45,852;2018-02-24 05:10:00.0;0,0
SÃO JOSÉ DOS CAMPOS;354990409A;SP;Residencial Flamboyant;-23,216;-45,852;2018-02-24 06:10:00.0;0,0
SÃO JOSÉ DOS CAMPOS;354990409A;SP;Residencial Flamboyant;-23,216;-45,852;2018-02-24 06:40:00.0;0,2
SÃO JOSÉ DOS CAMPOS;354990409A;SP;Residencial Flamboyant;-23,216;-45,852;2018-02-24 07:10:00.0;0,0
SÃO JOSÉ DOS CAMPOS;354990409A;SP;Residencial Flamboyant;-23,216;-45,852;2018-02-24 08:10:00.0;0,0
SÃO JOSÉ DOS CAMPOS;354990409A;SP;Residencial Flamboyant;-23,216;-45,852;2018-02-24 09:10:00.0;0,0
SÃO JOSÉ DOS CAMPOS;354990409A;SP;Residencial Flamboyant;-23,216;-45,852;2018-02-24 10:10:00.0;0,0
SÃO JOSÉ DOS CAMPOS;354990409A;SP;Residencial Flamboyant;-23,216;-45,852;2018-02-24 11:00:00.0;0,2
SÃO JOSÉ DOS CAMPOS;354990409A;SP;Residencial Flamboyant;-23,216;-45,852;2018-02-24 11:10:00.0;0,0
SÃO JOSÉ DOS CAMPOS;354990409A;SP;Residencial Flamboyant;-23,216;-45,852;2018-02-24 12:10:00.0;0,0
SÃO JOSÉ DOS CAMPOS;354990409A;SP;Residencial Flamboyant;-23,216;-45,852;2018-02-24 13:00:00.0;0,2
SÃO JOSÉ DOS CAMPOS;354990409A;SP;Residencial Flamboyant;-23,216;-45,852;2018-02-24 13:10:00.0;0,0
SÃO JOSÉ DOS CAMPOS;354990409A;SP;Residencial Flamboyant;-23,216;-45,852;2018-02-24 14:10:00.0;0,0
SÃO JOSÉ DOS CAMPOS;354990409A;SP;Residencial Flamboyant;-23,216;-45,852;2018-02-24 15:10:00.0;0,0
SÃO JOSÉ DOS CAMPOS;354990409A;SP;Residencial Flamboyant;-23,216;-45,852;2018-02-24 16:10:00.0;0,0
SÃO JOSÉ DOS CAMPOS;354990409A;SP;Residencial Flamboyant;-23,216;-45,852;2018-02-24 17:10:00.0;0,0
SÃO JOSÉ DOS CAMPOS;354990409A;SP;Residencial Flamboyant;-23,216;-45,852;2018-02-24 17:20:00.0;0,2
SÃO JOSÉ DOS CAMPOS;354990409A;SP;Residencial Flamboyant;-23,216;-45,852;2018-02-24 18:10:00.0;0,0
SÃO JOSÉ DOS CAMPOS;354990409A;SP;Residencial Flamboyant;-23,216;-45,852;2018-02-24 19:10:00.0;0,0
SÃO JOSÉ DOS CAMPOS;354990409A;SP;Residencial Flamboyant;-23,216;-45,852;2018-02-24 20:10:00.0;0,2
SÃO JOSÉ DOS CAMPOS;354990409A;SP;Residencial Flamboyant;-23,216;-45,852;2018-02-24 21:10:00.0;0,0
SÃO JOSÉ DOS CAMPOS;354990409A;SP;Residencial Flamboyant;-23,216;-45,852;2018-02-24 22:10:00.0;0,0
SÃO JOSÉ DOS CAMPOS;354990409A;SP;Residencial Flamboyant;-23,216;-45,852;2018-02-24 23:10:00.0;0,0
SÃO JOSÉ DOS CAMPOS;354990409A;SP;Residencial Flamboyant;-23,216;-45,852;2018-02-25 00:10:00.0;0,0
SÃO JOSÉ DOS CAMPOS;354990409A;SP;Residencial Flamboyant;-23,216;-45,852;2018-02-25 01:10:00.0;0,0
SÃO JOSÉ DOS CAMPOS;354990409A;SP;Residencial Flamboyant;-23,216;-45,852;2018-02-25 01:50:00.0;0,2
SÃO JOSÉ DOS CAMPOS;354990409A;SP;Residencial Flamboyant;-23,216;-45,852;2018-02-25 02:10:00.0;0,0
SÃO JOSÉ DOS CAMPOS;354990409A;SP;Residencial Flamboyant;-23,216;-45,852;2018-02-25 03:10:00.0;0,0
SÃO JOSÉ DOS CAMPOS;354990409A;SP;Residencial Flamboyant;-23,216;-45,852;2018-02-25 04:10:00.0;0,0
SÃO JOSÉ DOS CAMPOS;354990409A;SP;Residencial Flamboyant;-23,216;-45,852;2018-02-25 05:10:00.0;0,0
SÃO JOSÉ DOS CAMPOS;354990409A;SP;Residencial Flamboyant;-23,216;-45,852;2018-02-25 05:20:00.0;0,2
SÃO JOSÉ DOS CAMPOS;354990409A;SP;Residencial Flamboyant;-23,216;-45,852;2018-02-25 06:10:00.0;0,0
SÃO JOSÉ DOS CAMPOS;354990409A;SP;Residencial Flamboyant;-23,216;-45,852;2018-02-25 07:10:00.0;0,0
SÃO JOSÉ DOS CAMPOS;354990409A;SP;Residencial Flamboyant;-23,216;-45,852;2018-02-25 08:10:00.0;0,0
SÃO JOSÉ DOS CAMPOS;354990409A;SP;Residencial Flamboyant;-23,216;-45,852;2018-02-25 09:10:00.0;0,0
SÃO JOSÉ DOS CAMPOS;354990409A;SP;Residencial Flamboyant;-23,216;-45,852;2018-02-25 10:10:00.0;0,0
SÃO JOSÉ DOS CAMPOS;354990409A;SP;Residencial Flamboyant;-23,216;-45,852;2018-02-25 11:10:00.0;0,0
SÃO JOSÉ DOS CAMPOS;354990409A;SP;Residencial Flamboyant;-23,216;-45,852;2018-02-25 12:10:00.0;0,0
SÃO JOSÉ DOS CAMPOS;354990409A;SP;Residencial Flamboyant;-23,216;-45,852;2018-02-25 13:10:00.0;0,0
SÃO JOSÉ DOS CAMPOS;354990409A;SP;Residencial Flamboyant;-23,216;-45,852;2018-02-25 14:10:00.0;0,0
SÃO JOSÉ DOS CAMPOS;354990409A;SP;Residencial Flamboyant;-23,216;-45,852;2018-02-25 15:10:00.0;0,0
SÃO JOSÉ DOS CAMPOS;354990409A;SP;Residencial Flamboyant;-23,216;-45,852;2018-02-25 16:10:00.0;0,0
SÃO JOSÉ DOS CAMPOS;354990409A;SP;Residencial Flamboyant;-23,216;-45,852;2018-02-25 17:10:00.0;0,0
SÃO JOSÉ DOS CAMPOS;354990409A;SP;Residencial Flamboyant;-23,216;-45,852;2018-02-25 18:10:00.0;0,0
SÃO JOSÉ DOS CAMPOS;354990409A;SP;Residencial Flamboyant;-23,216;-45,852;2018-02-25 19:10:00.0;0,0
SÃO JOSÉ DOS CAMPOS;354990409A;SP;Residencial Flamboyant;-23,216;-45,852;2018-02-25 20:10:00.0;0,0
SÃO JOSÉ DOS CAMPOS;354990409A;SP;Residencial Flamboyant;-23,216;-45,852;2018-02-25 21:10:00.0;0,0
SÃO JOSÉ DOS CAMPOS;354990409A;SP;Residencial Flamboyant;-23,216;-45,852;2018-02-25 22:10:00.0;0,0
SÃO JOSÉ DOS CAMPOS;354990409A;SP;Residencial Flamboyant;-23,216;-45,852;2018-02-25 23:10:00.0;0,0
SÃO JOSÉ DOS CAMPOS;354990409A;SP;Residencial Flamboyant;-23,216;-45,852;2018-02-26 00:10:00.0;0,0
SÃO JOSÉ DOS CAMPOS;354990409A;SP;Residencial Flamboyant;-23,216;-45,852;2018-02-26 01:10:00.0;0,0
SÃO JOSÉ DOS CAMPOS;354990409A;SP;Residencial Flamboyant;-23,216;-45,852;2018-02-26 02:10:00.0;0,0
SÃO JOSÉ DOS CAMPOS;354990409A;SP;Residencial Flamboyant;-23,216;-45,852;2018-02-26 03:10:00.0;0,0
SÃO JOSÉ DOS CAMPOS;354990409A;SP;Residencial Flamboyant;-23,216;-45,852;2018-02-26 04:10:00.0;0,0
SÃO JOSÉ DOS CAMPOS;354990409A;SP;Residencial Flamboyant;-23,216;-45,852;2018-02-26 05:10:00.0;0,0
SÃO JOSÉ DOS CAMPOS;354990409A;SP;Residencial Flamboyant;-23,216;-45,852;2018-02-26 06:10:00.0;0,0
SÃO JOSÉ DOS CAMPOS;354990409A;SP;Residencial Flamboyant;-23,216;-45,852;2018-02-26 07:10:00.0;0,0
SÃO JOSÉ DOS CAMPOS;354990409A;SP;Residencial Flamboyant;-23,216;-45,852;2018-02-26 08:10:00.0;0,0
SÃO JOSÉ DOS CAMPOS;354990409A;SP;Residencial Flamboyant;-23,216;-45,852;2018-02-26 09:10:00.0;0,0
SÃO JOSÉ DOS CAMPOS;354990409A;SP;Residencial Flamboyant;-23,216;-45,852;2018-02-26 10:10:00.0;0,0
SÃO JOSÉ DOS CAMPOS;354990409A;SP;Residencial Flamboyant;-23,216;-45,852;2018-02-26 11:10:00.0;0,0
SÃO JOSÉ DOS CAMPOS;354990409A;SP;Residencial Flamboyant;-23,216;-45,852;2018-02-26 12:10:00.0;0,0
SÃO JOSÉ DOS CAMPOS;354990409A;SP;Residencial Flamboyant;-23,216;-45,852;2018-02-26 13:10:00.0;0,0
SÃO JOSÉ DOS CAMPOS;354990409A;SP;Residencial Flamboyant;-23,216;-45,852;2018-02-26 14:10:00.0;0,0
SÃO JOSÉ DOS CAMPOS;354990409A;SP;Residencial Flamboyant;-23,216;-45,852;2018-02-26 15:10:00.0;0,0
SÃO JOSÉ DOS CAMPOS;354990409A;SP;Residencial Flamboyant;-23,216;-45,852;2018-02-26 16:10:00.0;0,0
SÃO JOSÉ DOS CAMPOS;354990409A;SP;Residencial Flamboyant;-23,216;-45,852;2018-02-26 17:10:00.0;0,0
SÃO JOSÉ DOS CAMPOS;354990409A;SP;Residencial Flamboyant;-23,216;-45,852;2018-02-26 18:10:00.0;0,0
SÃO JOSÉ DOS CAMPOS;354990409A;SP;Residencial Flamboyant;-23,216;-45,852;2018-02-26 18:40:00.0;0,2
SÃO JOSÉ DOS CAMPOS;354990409A;SP;Residencial Flamboyant;-23,216;-45,852;2018-02-26 18:50:00.0;0,59
SÃO JOSÉ DOS CAMPOS;354990409A;SP;Residencial Flamboyant;-23,216;-45,852;2018-02-26 19:00:00.0;0,2
SÃO JOSÉ DOS CAMPOS;354990409A;SP;Residencial Flamboyant;-23,216;-45,852;2018-02-26 19:10:00.0;0,2
SÃO JOSÉ DOS CAMPOS;354990409A;SP;Residencial Flamboyant;-23,216;-45,852;2018-02-26 19:20:00.0;0,39
SÃO JOSÉ DOS CAMPOS;354990409A;SP;Residencial Flamboyant;-23,216;-45,852;2018-02-26 19:40:00.0;0,2
SÃO JOSÉ DOS CAMPOS;354990409A;SP;Residencial Flamboyant;-23,216;-45,852;2018-02-26 20:00:00.0;0,2
SÃO JOSÉ DOS CAMPOS;354990409A;SP;Residencial Flamboyant;-23,216;-45,852;2018-02-26 20:10:00.0;0,0
SÃO JOSÉ DOS CAMPOS;354990409A;SP;Residencial Flamboyant;-23,216;-45,852;2018-02-26 20:20:00.0;0,2
SÃO JOSÉ DOS CAMPOS;354990409A;SP;Residencial Flamboyant;-23,216;-45,852;2018-02-26 20:40:00.0;0,2
SÃO JOSÉ DOS CAMPOS;354990409A;SP;Residencial Flamboyant;-23,216;-45,852;2018-02-26 21:10:00.0;0,0
SÃO JOSÉ DOS CAMPOS;354990409A;SP;Residencial Flamboyant;-23,216;-45,852;2018-02-26 21:30:00.0;0,2
SÃO JOSÉ DOS CAMPOS;354990409A;SP;Residencial Flamboyant;-23,216;-45,852;2018-02-26 22:00:00.0;0,2
SÃO JOSÉ DOS CAMPOS;354990409A;SP;Residencial Flamboyant;-23,216;-45,852;2018-02-26 23:10:00.0;0,2
SÃO JOSÉ DOS CAMPOS;354990409A;SP;Residencial Flamboyant;-23,216;-45,852;2018-02-27 00:10:00.0;0,2
SÃO JOSÉ DOS CAMPOS;354990409A;SP;Residencial Flamboyant;-23,216;-45,852;2018-02-27 01:10:00.0;0,0
SÃO JOSÉ DOS CAMPOS;354990409A;SP;Residencial Flamboyant;-23,216;-45,852;2018-02-27 02:10:00.0;0,0
SÃO JOSÉ DOS CAMPOS;354990409A;SP;Residencial Flamboyant;-23,216;-45,852;2018-02-27 03:00:00.0;0,2
SÃO JOSÉ DOS CAMPOS;354990409A;SP;Residencial Flamboyant;-23,216;-45,852;2018-02-27 03:10:00.0;0,0
SÃO JOSÉ DOS CAMPOS;354990409A;SP;Residencial Flamboyant;-23,216;-45,852;2018-02-27 04:10:00.0;0,0
SÃO JOSÉ DOS CAMPOS;354990409A;SP;Residencial Flamboyant;-23,216;-45,852;2018-02-27 05:10:00.0;0,2
SÃO JOSÉ DOS CAMPOS;354990409A;SP;Residencial Flamboyant;-23,216;-45,852;2018-02-27 06:10:00.0;0,0
SÃO JOSÉ DOS CAMPOS;354990409A;SP;Residencial Flamboyant;-23,216;-45,852;2018-02-27 07:10:00.0;0,0
SÃO JOSÉ DOS CAMPOS;354990409A;SP;Residencial Flamboyant;-23,216;-45,852;2018-02-27 08:10:00.0;0,0
SÃO JOSÉ DOS CAMPOS;354990409A;SP;Residencial Flamboyant;-23,216;-45,852;2018-02-27 09:10:00.0;0,0
SÃO JOSÉ DOS CAMPOS;354990409A;SP;Residencial Flamboyant;-23,216;-45,852;2018-02-27 09:30:00.0;0,2
SÃO JOSÉ DOS CAMPOS;354990409A;SP;Residencial Flamboyant;-23,216;-45,852;2018-02-27 10:10:00.0;0,0
SÃO JOSÉ DOS CAMPOS;354990409A;SP;Residencial Flamboyant;-23,216;-45,852;2018-02-27 11:10:00.0;0,0
SÃO JOSÉ DOS CAMPOS;354990409A;SP;Residencial Flamboyant;-23,216;-45,852;2018-02-27 12:10:00.0;0,2
SÃO JOSÉ DOS CAMPOS;354990409A;SP;Residencial Flamboyant;-23,216;-45,852;2018-02-27 13:10:00.0;0,0
SÃO JOSÉ DOS CAMPOS;354990409A;SP;Residencial Flamboyant;-23,216;-45,852;2018-02-27 14:10:00.0;0,0
SÃO JOSÉ DOS CAMPOS;354990409A;SP;Residencial Flamboyant;-23,216;-45,852;2018-02-27 15:10:00.0;0,0
SÃO JOSÉ DOS CAMPOS;354990409A;SP;Residencial Flamboyant;-23,216;-45,852;2018-02-27 16:10:00.0;0,0
SÃO JOSÉ DOS CAMPOS;354990409A;SP;Residencial Flamboyant;-23,216;-45,852;2018-02-27 17:10:00.0;0,0
SÃO JOSÉ DOS CAMPOS;354990409A;SP;Residencial Flamboyant;-23,216;-45,852;2018-02-27 17:30:00.0;0,2
SÃO JOSÉ DOS CAMPOS;354990409A;SP;Residencial Flamboyant;-23,216;-45,852;2018-02-27 18:10:00.0;0,0
SÃO JOSÉ DOS CAMPOS;354990409A;SP;Residencial Flamboyant;-23,216;-45,852;2018-02-27 19:10:00.0;0,0
SÃO JOSÉ DOS CAMPOS;354990409A;SP;Residencial Flamboyant;-23,216;-45,852;2018-02-27 20:00:00.0;0,2
SÃO JOSÉ DOS CAMPOS;354990409A;SP;Residencial Flamboyant;-23,216;-45,852;2018-02-27 20:10:00.0;0,0
SÃO JOSÉ DOS CAMPOS;354990409A;SP;Residencial Flamboyant;-23,216;-45,852;2018-02-27 21:10:00.0;0,0
SÃO JOSÉ DOS CAMPOS;354990409A;SP;Residencial Flamboyant;-23,216;-45,852;2018-02-27 22:10:00.0;0,0
SÃO JOSÉ DOS CAMPOS;354990409A;SP;Residencial Flamboyant;-23,216;-45,852;2018-02-27 23:10:00.0;0,0
SÃO JOSÉ DOS CAMPOS;354990409A;SP;Residencial Flamboyant;-23,216;-45,852;2018-02-28 00:10:00.0;0,0
SÃO JOSÉ DOS CAMPOS;354990409A;SP;Residencial Flamboyant;-23,216;-45,852;2018-02-28 00:40:00.0;0,2
SÃO JOSÉ DOS CAMPOS;354990409A;SP;Residencial Flamboyant;-23,216;-45,852;2018-02-28 01:10:00.0;0,0
SÃO JOSÉ DOS CAMPOS;354990409A;SP;Residencial Flamboyant;-23,216;-45,852;2018-02-28 02:10:00.0;0,0
SÃO JOSÉ DOS CAMPOS;354990409A;SP;Residencial Flamboyant;-23,216;-45,852;2018-02-28 03:10:00.0;0,2
SÃO JOSÉ DOS CAMPOS;354990409A;SP;Residencial Flamboyant;-23,216;-45,852;2018-02-28 04:10:00.0;0,0
SÃO JOSÉ DOS CAMPOS;354990409A;SP;Residencial Flamboyant;-23,216;-45,852;2018-02-28 05:10:00.0;0,0
SÃO JOSÉ DOS CAMPOS;354990409A;SP;Residencial Flamboyant;-23,216;-45,852;2018-02-28 06:10:00.0;0,0
SÃO JOSÉ DOS CAMPOS;354990409A;SP;Residencial Flamboyant;-23,216;-45,852;2018-02-28 07:10:00.0;0,0
SÃO JOSÉ DOS CAMPOS;354990409A;SP;Residencial Flamboyant;-23,216;-45,852;2018-02-28 07:50:00.0;0,2
SÃO JOSÉ DOS CAMPOS;354990409A;SP;Residencial Flamboyant;-23,216;-45,852;2018-02-28 08:10:00.0;0,0
SÃO JOSÉ DOS CAMPOS;354990409A;SP;Residencial Flamboyant;-23,216;-45,852;2018-02-28 09:10:00.0;0,0
SÃO JOSÉ DOS CAMPOS;354990409A;SP;Residencial Flamboyant;-23,216;-45,852;2018-02-28 10:10:00.0;0,0
SÃO JOSÉ DOS CAMPOS;354990409A;SP;Residencial Flamboyant;-23,216;-45,852;2018-02-28 10:40:00.0;0,2
SÃO JOSÉ DOS CAMPOS;354990409A;SP;Residencial Flamboyant;-23,216;-45,852;2018-02-28 11:10:00.0;0,0
SÃO JOSÉ DOS CAMPOS;354990409A;SP;Residencial Flamboyant;-23,216;-45,852;2018-02-28 12:10:00.0;0,0
SÃO JOSÉ DOS CAMPOS;354990409A;SP;Residencial Flamboyant;-23,216;-45,852;2018-02-28 13:10:00.0;0,0
SÃO JOSÉ DOS CAMPOS;354990409A;SP;Residencial Flamboyant;-23,216;-45,852;2018-02-28 14:10:00.0;0,0
SÃO JOSÉ DOS CAMPOS;354990409A;SP;Residencial Flamboyant;-23,216;-45,852;2018-02-28 15:10:00.0;0,0
SÃO JOSÉ DOS CAMPOS;354990409A;SP;Residencial Flamboyant;-23,216;-45,852;2018-02-28 15:50:00.0;0,2
SÃO JOSÉ DOS CAMPOS;354990409A;SP;Residencial Flamboyant;-23,216;-45,852;2018-02-28 16:10:00.0;0,0
SÃO JOSÉ DOS CAMPOS;354990409A;SP;Residencial Flamboyant;-23,216;-45,852;2018-02-28 17:10:00.0;0,0
SÃO JOSÉ DOS CAMPOS;354990409A;SP;Residencial Flamboyant;-23,216;-45,852;2018-02-28 18:10:00.0;0,0
SÃO JOSÉ DOS CAMPOS;354990409A;SP;Residencial Flamboyant;-23,216;-45,852;2018-02-28 19:10:00.0;0,0
SÃO JOSÉ DOS CAMPOS;354990409A;SP;Residencial Flamboyant;-23,216;-45,852;2018-02-28 19:40:00.0;0,2
SÃO JOSÉ DOS CAMPOS;354990409A;SP;Residencial Flamboyant;-23,216;-45,852;2018-02-28 20:10:00.0;0,0
SÃO JOSÉ DOS CAMPOS;354990409A;SP;Residencial Flamboyant;-23,216;-45,852;2018-02-28 21:10:00.0;0,0
SÃO JOSÉ DOS CAMPOS;354990409A;SP;Residencial Flamboyant;-23,216;-45,852;2018-02-28 22:10:00.0;0,0
SÃO JOSÉ DOS CAMPOS;354990409A;SP;Residencial Flamboyant;-23,216;-45,852;2018-02-28 22:40:00.0;0,2
SÃO JOSÉ DOS CAMPOS;354990409A;SP;Residencial Flamboyant;-23,216;-45,852;2018-02-28 23:10:00.0;0,0
SÃO JOSÉ DOS CAMPOS;354990410A;SP;Jardim São Leopoldo;-23,244;-45,825;2018-02-01 00:10:00.0;0,0
SÃO JOSÉ DOS CAMPOS;354990410A;SP;Jardim São Leopoldo;-23,244;-45,825;2018-02-01 01:10:00.0;0,0
SÃO JOSÉ DOS CAMPOS;354990410A;SP;Jardim São Leopoldo;-23,244;-45,825;2018-02-01 02:10:00.0;0,0
SÃO JOSÉ DOS CAMPOS;354990410A;SP;Jardim São Leopoldo;-23,244;-45,825;2018-02-01 03:10:00.0;0,0
SÃO JOSÉ DOS CAMPOS;354990410A;SP;Jardim São Leopoldo;-23,244;-45,825;2018-02-01 04:10:00.0;0,0
SÃO JOSÉ DOS CAMPOS;354990410A;SP;Jardim São Leopoldo;-23,244;-45,825;2018-02-01 05:10:00.0;0,0
SÃO JOSÉ DOS CAMPOS;354990410A;SP;Jardim São Leopoldo;-23,244;-45,825;2018-02-01 06:10:00.0;0,0
SÃO JOSÉ DOS CAMPOS;354990410A;SP;Jardim São Leopoldo;-23,244;-45,825;2018-02-01 07:10:00.0;0,0
SÃO JOSÉ DOS CAMPOS;354990410A;SP;Jardim São Leopoldo;-23,244;-45,825;2018-02-01 08:10:00.0;0,0
SÃO JOSÉ DOS CAMPOS;354990410A;SP;Jardim São Leopoldo;-23,244;-45,825;2018-02-01 09:10:00.0;0,0
SÃO JOSÉ DOS CAMPOS;354990410A;SP;Jardim São Leopoldo;-23,244;-45,825;2018-02-01 10:10:00.0;0,0
SÃO JOSÉ DOS CAMPOS;354990410A;SP;Jardim São Leopoldo;-23,244;-45,825;2018-02-01 11:10:00.0;0,0
SÃO JOSÉ DOS CAMPOS;354990410A;SP;Jardim São Leopoldo;-23,244;-45,825;2018-02-01 12:10:00.0;0,0
SÃO JOSÉ DOS CAMPOS;354990410A;SP;Jardim São Leopoldo;-23,244;-45,825;2018-02-01 13:10:00.0;0,0
SÃO JOSÉ DOS CAMPOS;354990410A;SP;Jardim São Leopoldo;-23,244;-45,825;2018-02-01 14:10:00.0;0,0
SÃO JOSÉ DOS CAMPOS;354990410A;SP;Jardim São Leopoldo;-23,244;-45,825;2018-02-01 15:10:00.0;0,0
SÃO JOSÉ DOS CAMPOS;354990410A;SP;Jardim São Leopoldo;-23,244;-45,825;2018-02-01 16:10:00.0;0,0
SÃO JOSÉ DOS CAMPOS;354990410A;SP;Jardim São Leopoldo;-23,244;-45,825;2018-02-01 17:10:00.0;0,0
SÃO JOSÉ DOS CAMPOS;354990410A;SP;Jardim São Leopoldo;-23,244;-45,825;2018-02-01 18:10:00.0;0,0
SÃO JOSÉ DOS CAMPOS;354990410A;SP;Jardim São Leopoldo;-23,244;-45,825;2018-02-01 19:10:00.0;0,0
SÃO JOSÉ DOS CAMPOS;354990410A;SP;Jardim São Leopoldo;-23,244;-45,825;2018-02-01 20:10:00.0;0,0
SÃO JOSÉ DOS CAMPOS;354990410A;SP;Jardim São Leopoldo;-23,244;-45,825;2018-02-01 21:10:00.0;0,0
SÃO JOSÉ DOS CAMPOS;354990410A;SP;Jardim São Leopoldo;-23,244;-45,825;2018-02-01 22:10:00.0;0,0
SÃO JOSÉ DOS CAMPOS;354990410A;SP;Jardim São Leopoldo;-23,244;-45,825;2018-02-01 23:10:00.0;0,0
SÃO JOSÉ DOS CAMPOS;354990410A;SP;Jardim São Leopoldo;-23,244;-45,825;2018-02-02 00:10:00.0;0,0
SÃO JOSÉ DOS CAMPOS;354990410A;SP;Jardim São Leopoldo;-23,244;-45,825;2018-02-02 01:10:00.0;0,0
SÃO JOSÉ DOS CAMPOS;354990410A;SP;Jardim São Leopoldo;-23,244;-45,825;2018-02-02 02:10:00.0;0,0
SÃO JOSÉ DOS CAMPOS;354990410A;SP;Jardim São Leopoldo;-23,244;-45,825;2018-02-02 03:10:00.0;0,0
SÃO JOSÉ DOS CAMPOS;354990410A;SP;Jardim São Leopoldo;-23,244;-45,825;2018-02-02 04:10:00.0;0,0
SÃO JOSÉ DOS CAMPOS;354990410A;SP;Jardim São Leopoldo;-23,244;-45,825;2018-02-02 05:10:00.0;0,0
SÃO JOSÉ DOS CAMPOS;354990410A;SP;Jardim São Leopoldo;-23,244;-45,825;2018-02-02 06:10:00.0;0,0
SÃO JOSÉ DOS CAMPOS;354990410A;SP;Jardim São Leopoldo;-23,244;-45,825;2018-02-02 07:10:00.0;0,0
SÃO JOSÉ DOS CAMPOS;354990410A;SP;Jardim São Leopoldo;-23,244;-45,825;2018-02-02 08:10:00.0;0,0
SÃO JOSÉ DOS CAMPOS;354990410A;SP;Jardim São Leopoldo;-23,244;-45,825;2018-02-02 09:10:00.0;0,0
SÃO JOSÉ DOS CAMPOS;354990410A;SP;Jardim São Leopoldo;-23,244;-45,825;2018-02-02 10:10:00.0;0,0
SÃO JOSÉ DOS CAMPOS;354990410A;SP;Jardim São Leopoldo;-23,244;-45,825;2018-02-02 11:10:00.0;0,0
SÃO JOSÉ DOS CAMPOS;354990410A;SP;Jardim São Leopoldo;-23,244;-45,825;2018-02-02 12:10:00.0;0,0
SÃO JOSÉ DOS CAMPOS;354990410A;SP;Jardim São Leopoldo;-23,244;-45,825;2018-02-02 13:10:00.0;0,0
SÃO JOSÉ DOS CAMPOS;354990410A;SP;Jardim São Leopoldo;-23,244;-45,825;2018-02-02 14:10:00.0;0,0
SÃO JOSÉ DOS CAMPOS;354990410A;SP;Jardim São Leopoldo;-23,244;-45,825;2018-02-02 15:10:00.0;0,0
SÃO JOSÉ DOS CAMPOS;354990410A;SP;Jardim São Leopoldo;-23,244;-45,825;2018-02-02 16:10:00.0;0,0
SÃO JOSÉ DOS CAMPOS;354990410A;SP;Jardim São Leopoldo;-23,244;-45,825;2018-02-02 17:10:00.0;0,0
SÃO JOSÉ DOS CAMPOS;354990410A;SP;Jardim São Leopoldo;-23,244;-45,825;2018-02-02 18:10:00.0;0,0
SÃO JOSÉ DOS CAMPOS;354990410A;SP;Jardim São Leopoldo;-23,244;-45,825;2018-02-02 19:10:00.0;0,0
SÃO JOSÉ DOS CAMPOS;354990410A;SP;Jardim São Leopoldo;-23,244;-45,825;2018-02-02 20:10:00.0;0,0
SÃO JOSÉ DOS CAMPOS;354990410A;SP;Jardim São Leopoldo;-23,244;-45,825;2018-02-02 21:10:00.0;0,0
SÃO JOSÉ DOS CAMPOS;354990410A;SP;Jardim São Leopoldo;-23,244;-45,825;2018-02-02 22:10:00.0;0,0
SÃO JOSÉ DOS CAMPOS;354990410A;SP;Jardim São Leopoldo;-23,244;-45,825;2018-02-02 23:10:00.0;0,0
SÃO JOSÉ DOS CAMPOS;354990410A;SP;Jardim São Leopoldo;-23,244;-45,825;2018-02-03 00:10:00.0;0,0
SÃO JOSÉ DOS CAMPOS;354990410A;SP;Jardim São Leopoldo;-23,244;-45,825;2018-02-03 01:10:00.0;0,0
SÃO JOSÉ DOS CAMPOS;354990410A;SP;Jardim São Leopoldo;-23,244;-45,825;2018-02-03 02:10:00.0;0,0
SÃO JOSÉ DOS CAMPOS;354990410A;SP;Jardim São Leopoldo;-23,244;-45,825;2018-02-03 03:10:00.0;0,0
SÃO JOSÉ DOS CAMPOS;354990410A;SP;Jardim São Leopoldo;-23,244;-45,825;2018-02-03 04:10:00.0;0,0
SÃO JOSÉ DOS CAMPOS;354990410A;SP;Jardim São Leopoldo;-23,244;-45,825;2018-02-03 05:10:00.0;0,0
SÃO JOSÉ DOS CAMPOS;354990410A;SP;Jardim São Leopoldo;-23,244;-45,825;2018-02-03 06:10:00.0;0,0
SÃO JOSÉ DOS CAMPOS;354990410A;SP;Jardim São Leopoldo;-23,244;-45,825;2018-02-03 07:10:00.0;0,0
SÃO JOSÉ DOS CAMPOS;354990410A;SP;Jardim São Leopoldo;-23,244;-45,825;2018-02-03 08:10:00.0;0,0
SÃO JOSÉ DOS CAMPOS;354990410A;SP;Jardim São Leopoldo;-23,244;-45,825;2018-02-03 09:10:00.0;0,0
SÃO JOSÉ DOS CAMPOS;354990410A;SP;Jardim São Leopoldo;-23,244;-45,825;2018-02-03 10:10:00.0;0,0
SÃO JOSÉ DOS CAMPOS;354990410A;SP;Jardim São Leopoldo;-23,244;-45,825;2018-02-03 11:10:00.0;0,0
SÃO JOSÉ DOS CAMPOS;354990410A;SP;Jardim São Leopoldo;-23,244;-45,825;2018-02-03 12:10:00.0;0,0
SÃO JOSÉ DOS CAMPOS;354990410A;SP;Jardim São Leopoldo;-23,244;-45,825;2018-02-03 13:10:00.0;0,0
SÃO JOSÉ DOS CAMPOS;354990410A;SP;Jardim São Leopoldo;-23,244;-45,825;2018-02-03 14:10:00.0;0,0
SÃO JOSÉ DOS CAMPOS;354990410A;SP;Jardim São Leopoldo;-23,244;-45,825;2018-02-03 15:10:00.0;0,0
SÃO JOSÉ DOS CAMPOS;354990410A;SP;Jardim São Leopoldo;-23,244;-45,825;2018-02-03 16:10:00.0;0,0
SÃO JOSÉ DOS CAMPOS;354990410A;SP;Jardim São Leopoldo;-23,244;-45,825;2018-02-03 17:10:00.0;0,0
SÃO JOSÉ DOS CAMPOS;354990410A;SP;Jardim São Leopoldo;-23,244;-45,825;2018-02-03 18:10:00.0;0,0
SÃO JOSÉ DOS CAMPOS;354990410A;SP;Jardim São Leopoldo;-23,244;-45,825;2018-02-03 19:10:00.0;0,0
SÃO JOSÉ DOS CAMPOS;354990410A;SP;Jardim São Leopoldo;-23,244;-45,825;2018-02-03 20:10:00.0;0,0
SÃO JOSÉ DOS CAMPOS;354990410A;SP;Jardim São Leopoldo;-23,244;-45,825;2018-02-03 21:10:00.0;0,0
SÃO JOSÉ DOS CAMPOS;354990410A;SP;Jardim São Leopoldo;-23,244;-45,825;2018-02-03 22:10:00.0;0,0
SÃO JOSÉ DOS CAMPOS;354990410A;SP;Jardim São Leopoldo;-23,244;-45,825;2018-02-03 23:10:00.0;0,0
SÃO JOSÉ DOS CAMPOS;354990410A;SP;Jardim São Leopoldo;-23,244;-45,825;2018-02-04 00:10:00.0;0,0
SÃO JOSÉ DOS CAMPOS;354990410A;SP;Jardim São Leopoldo;-23,244;-45,825;2018-02-04 01:10:00.0;0,0
SÃO JOSÉ DOS CAMPOS;354990410A;SP;Jardim São Leopoldo;-23,244;-45,825;2018-02-04 02:10:00.0;0,0
SÃO JOSÉ DOS CAMPOS;354990410A;SP;Jardim São Leopoldo;-23,244;-45,825;2018-02-04 03:10:00.0;0,0
SÃO JOSÉ DOS CAMPOS;354990410A;SP;Jardim São Leopoldo;-23,244;-45,825;2018-02-04 04:10:00.0;0,0
SÃO JOSÉ DOS CAMPOS;354990410A;SP;Jardim São Leopoldo;-23,244;-45,825;2018-02-04 05:10:00.0;0,0
SÃO JOSÉ DOS CAMPOS;354990410A;SP;Jardim São Leopoldo;-23,244;-45,825;2018-02-04 06:10:00.0;0,0
SÃO JOSÉ DOS CAMPOS;354990410A;SP;Jardim São Leopoldo;-23,244;-45,825;2018-02-04 07:10:00.0;0,0
SÃO JOSÉ DOS CAMPOS;354990410A;SP;Jardim São Leopoldo;-23,244;-45,825;2018-02-04 08:10:00.0;0,0
SÃO JOSÉ DOS CAMPOS;354990410A;SP;Jardim São Leopoldo;-23,244;-45,825;2018-02-04 09:10:00.0;0,0
SÃO JOSÉ DOS CAMPOS;354990410A;SP;Jardim São Leopoldo;-23,244;-45,825;2018-02-04 10:10:00.0;0,0
SÃO JOSÉ DOS CAMPOS;354990410A;SP;Jardim São Leopoldo;-23,244;-45,825;2018-02-04 11:10:00.0;0,0
SÃO JOSÉ DOS CAMPOS;354990410A;SP;Jardim São Leopoldo;-23,244;-45,825;2018-02-04 12:10:00.0;0,0
SÃO JOSÉ DOS CAMPOS;354990410A;SP;Jardim São Leopoldo;-23,244;-45,825;2018-02-04 13:10:00.0;0,0
SÃO JOSÉ DOS CAMPOS;354990410A;SP;Jardim São Leopoldo;-23,244;-45,825;2018-02-04 14:10:00.0;0,0
SÃO JOSÉ DOS CAMPOS;354990410A;SP;Jardim São Leopoldo;-23,244;-45,825;2018-02-04 15:10:00.0;0,0
SÃO JOSÉ DOS CAMPOS;354990410A;SP;Jardim São Leopoldo;-23,244;-45,825;2018-02-04 16:10:00.0;0,0
SÃO JOSÉ DOS CAMPOS;354990410A;SP;Jardim São Leopoldo;-23,244;-45,825;2018-02-04 17:10:00.0;0,0
SÃO JOSÉ DOS CAMPOS;354990410A;SP;Jardim São Leopoldo;-23,244;-45,825;2018-02-04 18:10:00.0;0,0
SÃO JOSÉ DOS CAMPOS;354990410A;SP;Jardim São Leopoldo;-23,244;-45,825;2018-02-04 19:10:00.0;0,0
SÃO JOSÉ DOS CAMPOS;354990410A;SP;Jardim São Leopoldo;-23,244;-45,825;2018-02-04 20:10:00.0;0,0
SÃO JOSÉ DOS CAMPOS;354990410A;SP;Jardim São Leopoldo;-23,244;-45,825;2018-02-04 21:10:00.0;0,0
SÃO JOSÉ DOS CAMPOS;354990410A;SP;Jardim São Leopoldo;-23,244;-45,825;2018-02-04 22:10:00.0;0,0
SÃO JOSÉ DOS CAMPOS;354990410A;SP;Jardim São Leopoldo;-23,244;-45,825;2018-02-04 23:10:00.0;0,0
SÃO JOSÉ DOS CAMPOS;354990410A;SP;Jardim São Leopoldo;-23,244;-45,825;2018-02-05 00:10:00.0;0,0
SÃO JOSÉ DOS CAMPOS;354990410A;SP;Jardim São Leopoldo;-23,244;-45,825;2018-02-05 01:10:00.0;0,0
SÃO JOSÉ DOS CAMPOS;354990410A;SP;Jardim São Leopoldo;-23,244;-45,825;2018-02-05 02:10:00.0;0,0
SÃO JOSÉ DOS CAMPOS;354990410A;SP;Jardim São Leopoldo;-23,244;-45,825;2018-02-05 03:10:00.0;0,0
SÃO JOSÉ DOS CAMPOS;354990410A;SP;Jardim São Leopoldo;-23,244;-45,825;2018-02-05 04:10:00.0;0,0
SÃO JOSÉ DOS CAMPOS;354990410A;SP;Jardim São Leopoldo;-23,244;-45,825;2018-02-05 05:10:00.0;0,0
SÃO JOSÉ DOS CAMPOS;354990410A;SP;Jardim São Leopoldo;-23,244;-45,825;2018-02-05 06:10:00.0;0,0
SÃO JOSÉ DOS CAMPOS;354990410A;SP;Jardim São Leopoldo;-23,244;-45,825;2018-02-05 07:10:00.0;0,0
SÃO JOSÉ DOS CAMPOS;354990410A;SP;Jardim São Leopoldo;-23,244;-45,825;2018-02-05 08:10:00.0;0,0
SÃO JOSÉ DOS CAMPOS;354990410A;SP;Jardim São Leopoldo;-23,244;-45,825;2018-02-05 09:10:00.0;0,0
SÃO JOSÉ DOS CAMPOS;354990410A;SP;Jardim São Leopoldo;-23,244;-45,825;2018-02-05 10:10:00.0;0,0
SÃO JOSÉ DOS CAMPOS;354990410A;SP;Jardim São Leopoldo;-23,244;-45,825;2018-02-05 11:10:00.0;0,0
SÃO JOSÉ DOS CAMPOS;354990410A;SP;Jardim São Leopoldo;-23,244;-45,825;2018-02-05 12:10:00.0;0,0
SÃO JOSÉ DOS CAMPOS;354990410A;SP;Jardim São Leopoldo;-23,244;-45,825;2018-02-05 13:10:00.0;0,0
SÃO JOSÉ DOS CAMPOS;354990410A;SP;Jardim São Leopoldo;-23,244;-45,825;2018-02-05 14:10:00.0;0,0
SÃO JOSÉ DOS CAMPOS;354990410A;SP;Jardim São Leopoldo;-23,244;-45,825;2018-02-05 15:10:00.0;0,0
SÃO JOSÉ DOS CAMPOS;354990410A;SP;Jardim São Leopoldo;-23,244;-45,825;2018-02-05 16:10:00.0;0,0
SÃO JOSÉ DOS CAMPOS;354990410A;SP;Jardim São Leopoldo;-23,244;-45,825;2018-02-05 17:10:00.0;0,0
SÃO JOSÉ DOS CAMPOS;354990410A;SP;Jardim São Leopoldo;-23,244;-45,825;2018-02-05 18:10:00.0;0,0
SÃO JOSÉ DOS CAMPOS;354990410A;SP;Jardim São Leopoldo;-23,244;-45,825;2018-02-05 19:10:00.0;0,0
SÃO JOSÉ DOS CAMPOS;354990410A;SP;Jardim São Leopoldo;-23,244;-45,825;2018-02-05 20:10:00.0;0,0
SÃO JOSÉ DOS CAMPOS;354990410A;SP;Jardim São Leopoldo;-23,244;-45,825;2018-02-05 21:10:00.0;0,0
SÃO JOSÉ DOS CAMPOS;354990410A;SP;Jardim São Leopoldo;-23,244;-45,825;2018-02-05 22:10:00.0;0,0
SÃO JOSÉ DOS CAMPOS;354990410A;SP;Jardim São Leopoldo;-23,244;-45,825;2018-02-05 23:10:00.0;0,0
SÃO JOSÉ DOS CAMPOS;354990410A;SP;Jardim São Leopoldo;-23,244;-45,825;2018-02-06 00:10:00.0;0,0
SÃO JOSÉ DOS CAMPOS;354990410A;SP;Jardim São Leopoldo;-23,244;-45,825;2018-02-06 01:10:00.0;0,0
SÃO JOSÉ DOS CAMPOS;354990410A;SP;Jardim São Leopoldo;-23,244;-45,825;2018-02-06 02:10:00.0;0,0
SÃO JOSÉ DOS CAMPOS;354990410A;SP;Jardim São Leopoldo;-23,244;-45,825;2018-02-06 03:10:00.0;0,0
SÃO JOSÉ DOS CAMPOS;354990410A;SP;Jardim São Leopoldo;-23,244;-45,825;2018-02-06 04:10:00.0;0,0
SÃO JOSÉ DOS CAMPOS;354990410A;SP;Jardim São Leopoldo;-23,244;-45,825;2018-02-06 05:10:00.0;0,0
SÃO JOSÉ DOS CAMPOS;354990410A;SP;Jardim São Leopoldo;-23,244;-45,825;2018-02-06 06:10:00.0;0,0
SÃO JOSÉ DOS CAMPOS;354990410A;SP;Jardim São Leopoldo;-23,244;-45,825;2018-02-06 07:10:00.0;0,0
SÃO JOSÉ DOS CAMPOS;354990410A;SP;Jardim São Leopoldo;-23,244;-45,825;2018-02-06 08:10:00.0;0,0
SÃO JOSÉ DOS CAMPOS;354990410A;SP;Jardim São Leopoldo;-23,244;-45,825;2018-02-06 09:10:00.0;0,0
SÃO JOSÉ DOS CAMPOS;354990410A;SP;Jardim São Leopoldo;-23,244;-45,825;2018-02-06 10:10:00.0;0,0
SÃO JOSÉ DOS CAMPOS;354990410A;SP;Jardim São Leopoldo;-23,244;-45,825;2018-02-06 11:10:00.0;0,0
SÃO JOSÉ DOS CAMPOS;354990410A;SP;Jardim São Leopoldo;-23,244;-45,825;2018-02-06 12:10:00.0;0,0
SÃO JOSÉ DOS CAMPOS;354990410A;SP;Jardim São Leopoldo;-23,244;-45,825;2018-02-06 13:10:00.0;0,0
SÃO JOSÉ DOS CAMPOS;354990410A;SP;Jardim São Leopoldo;-23,244;-45,825;2018-02-06 14:10:00.0;0,0
SÃO JOSÉ DOS CAMPOS;354990410A;SP;Jardim São Leopoldo;-23,244;-45,825;2018-02-06 15:10:00.0;0,0
SÃO JOSÉ DOS CAMPOS;354990410A;SP;Jardim São Leopoldo;-23,244;-45,825;2018-02-06 16:10:00.0;0,0
SÃO JOSÉ DOS CAMPOS;354990410A;SP;Jardim São Leopoldo;-23,244;-45,825;2018-02-06 17:10:00.0;0,0
SÃO JOSÉ DOS CAMPOS;354990410A;SP;Jardim São Leopoldo;-23,244;-45,825;2018-02-06 18:10:00.0;0,0
SÃO JOSÉ DOS CAMPOS;354990410A;SP;Jardim São Leopoldo;-23,244;-45,825;2018-02-06 19:10:00.0;0,0
SÃO JOSÉ DOS CAMPOS;354990410A;SP;Jardim São Leopoldo;-23,244;-45,825;2018-02-06 20:10:00.0;0,0
SÃO JOSÉ DOS CAMPOS;354990410A;SP;Jardim São Leopoldo;-23,244;-45,825;2018-02-06 21:10:00.0;0,0
SÃO JOSÉ DOS CAMPOS;354990410A;SP;Jardim São Leopoldo;-23,244;-45,825;2018-02-06 22:10:00.0;0,0
SÃO JOSÉ DOS CAMPOS;354990410A;SP;Jardim São Leopoldo;-23,244;-45,825;2018-02-06 23:10:00.0;0,0
SÃO JOSÉ DOS CAMPOS;354990410A;SP;Jardim São Leopoldo;-23,244;-45,825;2018-02-07 00:10:00.0;0,0
SÃO JOSÉ DOS CAMPOS;354990410A;SP;Jardim São Leopoldo;-23,244;-45,825;2018-02-07 01:10:00.0;0,0
SÃO JOSÉ DOS CAMPOS;354990410A;SP;Jardim São Leopoldo;-23,244;-45,825;2018-02-07 02:10:00.0;0,0
SÃO JOSÉ DOS CAMPOS;354990410A;SP;Jardim São Leopoldo;-23,244;-45,825;2018-02-07 03:10:00.0;0,0
SÃO JOSÉ DOS CAMPOS;354990410A;SP;Jardim São Leopoldo;-23,244;-45,825;2018-02-07 04:10:00.0;0,0
SÃO JOSÉ DOS CAMPOS;354990410A;SP;Jardim São Leopoldo;-23,244;-45,825;2018-02-07 05:10:00.0;0,0
SÃO JOSÉ DOS CAMPOS;354990410A;SP;Jardim São Leopoldo;-23,244;-45,825;2018-02-07 06:10:00.0;0,0
SÃO JOSÉ DOS CAMPOS;354990410A;SP;Jardim São Leopoldo;-23,244;-45,825;2018-02-07 07:10:00.0;0,0
SÃO JOSÉ DOS CAMPOS;354990410A;SP;Jardim São Leopoldo;-23,244;-45,825;2018-02-07 08:10:00.0;0,0
SÃO JOSÉ DOS CAMPOS;354990410A;SP;Jardim São Leopoldo;-23,244;-45,825;2018-02-07 09:10:00.0;0,0
SÃO JOSÉ DOS CAMPOS;354990410A;SP;Jardim São Leopoldo;-23,244;-45,825;2018-02-07 10:10:00.0;0,0
SÃO JOSÉ DOS CAMPOS;354990410A;SP;Jardim São Leopoldo;-23,244;-45,825;2018-02-07 11:10:00.0;0,0
SÃO JOSÉ DOS CAMPOS;354990410A;SP;Jardim São Leopoldo;-23,244;-45,825;2018-02-07 12:10:00.0;0,0
SÃO JOSÉ DOS CAMPOS;354990410A;SP;Jardim São Leopoldo;-23,244;-45,825;2018-02-07 13:10:00.0;0,0
SÃO JOSÉ DOS CAMPOS;354990410A;SP;Jardim São Leopoldo;-23,244;-45,825;2018-02-07 14:10:00.0;0,0
SÃO JOSÉ DOS CAMPOS;354990410A;SP;Jardim São Leopoldo;-23,244;-45,825;2018-02-07 15:10:00.0;0,0
SÃO JOSÉ DOS CAMPOS;354990410A;SP;Jardim São Leopoldo;-23,244;-45,825;2018-02-07 16:10:00.0;0,0
SÃO JOSÉ DOS CAMPOS;354990410A;SP;Jardim São Leopoldo;-23,244;-45,825;2018-02-07 17:10:00.0;0,0
SÃO JOSÉ DOS CAMPOS;354990410A;SP;Jardim São Leopoldo;-23,244;-45,825;2018-02-07 18:10:00.0;0,0
SÃO JOSÉ DOS CAMPOS;354990410A;SP;Jardim São Leopoldo;-23,244;-45,825;2018-02-07 19:10:00.0;0,0
SÃO JOSÉ DOS CAMPOS;354990410A;SP;Jardim São Leopoldo;-23,244;-45,825;2018-02-07 20:10:00.0;0,0
SÃO JOSÉ DOS CAMPOS;354990410A;SP;Jardim São Leopoldo;-23,244;-45,825;2018-02-07 21:10:00.0;0,0
SÃO JOSÉ DOS CAMPOS;354990410A;SP;Jardim São Leopoldo;-23,244;-45,825;2018-02-07 22:10:00.0;0,0
SÃO JOSÉ DOS CAMPOS;354990410A;SP;Jardim São Leopoldo;-23,244;-45,825;2018-02-07 23:10:00.0;0,0
SÃO JOSÉ DOS CAMPOS;354990410A;SP;Jardim São Leopoldo;-23,244;-45,825;2018-02-08 00:10:00.0;0,0
SÃO JOSÉ DOS CAMPOS;354990410A;SP;Jardim São Leopoldo;-23,244;-45,825;2018-02-08 01:10:00.0;0,0
SÃO JOSÉ DOS CAMPOS;354990410A;SP;Jardim São Leopoldo;-23,244;-45,825;2018-02-08 02:10:00.0;0,0
SÃO JOSÉ DOS CAMPOS;354990410A;SP;Jardim São Leopoldo;-23,244;-45,825;2018-02-08 03:10:00.0;0,0
SÃO JOSÉ DOS CAMPOS;354990410A;SP;Jardim São Leopoldo;-23,244;-45,825;2018-02-08 04:10:00.0;0,0
SÃO JOSÉ DOS CAMPOS;354990410A;SP;Jardim São Leopoldo;-23,244;-45,825;2018-02-08 05:10:00.0;0,0
SÃO JOSÉ DOS CAMPOS;354990410A;SP;Jardim São Leopoldo;-23,244;-45,825;2018-02-08 06:10:00.0;0,0
SÃO JOSÉ DOS CAMPOS;354990410A;SP;Jardim São Leopoldo;-23,244;-45,825;2018-02-08 07:10:00.0;0,0
SÃO JOSÉ DOS CAMPOS;354990410A;SP;Jardim São Leopoldo;-23,244;-45,825;2018-02-08 08:10:00.0;0,0
SÃO JOSÉ DOS CAMPOS;354990410A;SP;Jardim São Leopoldo;-23,244;-45,825;2018-02-08 09:10:00.0;0,0
SÃO JOSÉ DOS CAMPOS;354990410A;SP;Jardim São Leopoldo;-23,244;-45,825;2018-02-08 10:10:00.0;0,0
SÃO JOSÉ DOS CAMPOS;354990410A;SP;Jardim São Leopoldo;-23,244;-45,825;2018-02-08 11:10:00.0;0,0
SÃO JOSÉ DOS CAMPOS;354990410A;SP;Jardim São Leopoldo;-23,244;-45,825;2018-02-08 12:10:00.0;0,0
SÃO JOSÉ DOS CAMPOS;354990410A;SP;Jardim São Leopoldo;-23,244;-45,825;2018-02-08 13:10:00.0;0,0
SÃO JOSÉ DOS CAMPOS;354990410A;SP;Jardim São Leopoldo;-23,244;-45,825;2018-02-08 14:10:00.0;0,0
SÃO JOSÉ DOS CAMPOS;354990410A;SP;Jardim São Leopoldo;-23,244;-45,825;2018-02-08 15:10:00.0;0,0
SÃO JOSÉ DOS CAMPOS;354990410A;SP;Jardim São Leopoldo;-23,244;-45,825;2018-02-08 16:10:00.0;0,0
SÃO JOSÉ DOS CAMPOS;354990410A;SP;Jardim São Leopoldo;-23,244;-45,825;2018-02-08 17:10:00.0;0,0
SÃO JOSÉ DOS CAMPOS;354990410A;SP;Jardim São Leopoldo;-23,244;-45,825;2018-02-08 18:10:00.0;0,0
SÃO JOSÉ DOS CAMPOS;354990410A;SP;Jardim São Leopoldo;-23,244;-45,825;2018-02-08 19:10:00.0;0,0
SÃO JOSÉ DOS CAMPOS;354990410A;SP;Jardim São Leopoldo;-23,244;-45,825;2018-02-08 20:10:00.0;0,0
SÃO JOSÉ DOS CAMPOS;354990410A;SP;Jardim São Leopoldo;-23,244;-45,825;2018-02-08 21:10:00.0;0,0
SÃO JOSÉ DOS CAMPOS;354990410A;SP;Jardim São Leopoldo;-23,244;-45,825;2018-02-08 22:10:00.0;0,0
SÃO JOSÉ DOS CAMPOS;354990410A;SP;Jardim São Leopoldo;-23,244;-45,825;2018-02-08 23:10:00.0;0,0
SÃO JOSÉ DOS CAMPOS;354990410A;SP;Jardim São Leopoldo;-23,244;-45,825;2018-02-09 00:10:00.0;0,0
SÃO JOSÉ DOS CAMPOS;354990410A;SP;Jardim São Leopoldo;-23,244;-45,825;2018-02-09 01:10:00.0;0,0
SÃO JOSÉ DOS CAMPOS;354990410A;SP;Jardim São Leopoldo;-23,244;-45,825;2018-02-09 02:10:00.0;0,0
SÃO JOSÉ DOS CAMPOS;354990410A;SP;Jardim São Leopoldo;-23,244;-45,825;2018-02-09 03:10:00.0;0,0
SÃO JOSÉ DOS CAMPOS;354990410A;SP;Jardim São Leopoldo;-23,244;-45,825;2018-02-09 04:10:00.0;0,0
SÃO JOSÉ DOS CAMPOS;354990410A;SP;Jardim São Leopoldo;-23,244;-45,825;2018-02-09 05:10:00.0;0,0
SÃO JOSÉ DOS CAMPOS;354990410A;SP;Jardim São Leopoldo;-23,244;-45,825;2018-02-09 06:10:00.0;0,0
SÃO JOSÉ DOS CAMPOS;354990410A;SP;Jardim São Leopoldo;-23,244;-45,825;2018-02-09 07:10:00.0;0,0
SÃO JOSÉ DOS CAMPOS;354990410A;SP;Jardim São Leopoldo;-23,244;-45,825;2018-02-09 08:10:00.0;0,0
SÃO JOSÉ DOS CAMPOS;354990410A;SP;Jardim São Leopoldo;-23,244;-45,825;2018-02-09 09:10:00.0;0,0
SÃO JOSÉ DOS CAMPOS;354990410A;SP;Jardim São Leopoldo;-23,244;-45,825;2018-02-09 10:10:00.0;0,0
SÃO JOSÉ DOS CAMPOS;354990410A;SP;Jardim São Leopoldo;-23,244;-45,825;2018-02-09 11:10:00.0;0,0
SÃO JOSÉ DOS CAMPOS;354990410A;SP;Jardim São Leopoldo;-23,244;-45,825;2018-02-09 12:10:00.0;0,0
SÃO JOSÉ DOS CAMPOS;354990410A;SP;Jardim São Leopoldo;-23,244;-45,825;2018-02-09 13:10:00.0;0,0
SÃO JOSÉ DOS CAMPOS;354990410A;SP;Jardim São Leopoldo;-23,244;-45,825;2018-02-09 14:10:00.0;0,0
SÃO JOSÉ DOS CAMPOS;354990410A;SP;Jardim São Leopoldo;-23,244;-45,825;2018-02-09 15:10:00.0;0,0
SÃO JOSÉ DOS CAMPOS;354990410A;SP;Jardim São Leopoldo;-23,244;-45,825;2018-02-09 16:10:00.0;0,0
SÃO JOSÉ DOS CAMPOS;354990410A;SP;Jardim São Leopoldo;-23,244;-45,825;2018-02-09 17:10:00.0;0,0
SÃO JOSÉ DOS CAMPOS;354990410A;SP;Jardim São Leopoldo;-23,244;-45,825;2018-02-09 18:10:00.0;0,0
SÃO JOSÉ DOS CAMPOS;354990410A;SP;Jardim São Leopoldo;-23,244;-45,825;2018-02-09 19:10:00.0;0,0
SÃO JOSÉ DOS CAMPOS;354990410A;SP;Jardim São Leopoldo;-23,244;-45,825;2018-02-09 20:10:00.0;0,0
SÃO JOSÉ DOS CAMPOS;354990410A;SP;Jardim São Leopoldo;-23,244;-45,825;2018-02-09 21:10:00.0;0,0
SÃO JOSÉ DOS CAMPOS;354990410A;SP;Jardim São Leopoldo;-23,244;-45,825;2018-02-09 22:10:00.0;0,0
SÃO JOSÉ DOS CAMPOS;354990410A;SP;Jardim São Leopoldo;-23,244;-45,825;2018-02-09 23:10:00.0;0,0
SÃO JOSÉ DOS CAMPOS;354990410A;SP;Jardim São Leopoldo;-23,244;-45,825;2018-02-10 00:10:00.0;0,0
SÃO JOSÉ DOS CAMPOS;354990410A;SP;Jardim São Leopoldo;-23,244;-45,825;2018-02-10 01:10:00.0;0,0
SÃO JOSÉ DOS CAMPOS;354990410A;SP;Jardim São Leopoldo;-23,244;-45,825;2018-02-10 02:10:00.0;0,0
SÃO JOSÉ DOS CAMPOS;354990410A;SP;Jardim São Leopoldo;-23,244;-45,825;2018-02-10 03:10:00.0;0,0
SÃO JOSÉ DOS CAMPOS;354990410A;SP;Jardim São Leopoldo;-23,244;-45,825;2018-02-10 04:10:00.0;0,0
SÃO JOSÉ DOS CAMPOS;354990410A;SP;Jardim São Leopoldo;-23,244;-45,825;2018-02-10 05:10:00.0;0,0
SÃO JOSÉ DOS CAMPOS;354990410A;SP;Jardim São Leopoldo;-23,244;-45,825;2018-02-10 06:10:00.0;0,0
SÃO JOSÉ DOS CAMPOS;354990410A;SP;Jardim São Leopoldo;-23,244;-45,825;2018-02-10 07:10:00.0;0,0
SÃO JOSÉ DOS CAMPOS;354990410A;SP;Jardim São Leopoldo;-23,244;-45,825;2018-02-10 08:10:00.0;0,0
SÃO JOSÉ DOS CAMPOS;354990410A;SP;Jardim São Leopoldo;-23,244;-45,825;2018-02-10 09:10:00.0;0,0
SÃO JOSÉ DOS CAMPOS;354990410A;SP;Jardim São Leopoldo;-23,244;-45,825;2018-02-10 10:10:00.0;0,0
SÃO JOSÉ DOS CAMPOS;354990410A;SP;Jardim São Leopoldo;-23,244;-45,825;2018-02-10 11:10:00.0;0,0
SÃO JOSÉ DOS CAMPOS;354990410A;SP;Jardim São Leopoldo;-23,244;-45,825;2018-02-10 12:10:00.0;0,0
SÃO JOSÉ DOS CAMPOS;354990410A;SP;Jardim São Leopoldo;-23,244;-45,825;2018-02-10 13:10:00.0;0,0
SÃO JOSÉ DOS CAMPOS;354990410A;SP;Jardim São Leopoldo;-23,244;-45,825;2018-02-10 14:10:00.0;0,0
SÃO JOSÉ DOS CAMPOS;354990410A;SP;Jardim São Leopoldo;-23,244;-45,825;2018-02-10 15:10:00.0;0,0
SÃO JOSÉ DOS CAMPOS;354990410A;SP;Jardim São Leopoldo;-23,244;-45,825;2018-02-10 16:10:00.0;0,0
SÃO JOSÉ DOS CAMPOS;354990410A;SP;Jardim São Leopoldo;-23,244;-45,825;2018-02-10 17:00:00.0;1,18
SÃO JOSÉ DOS CAMPOS;354990410A;SP;Jardim São Leopoldo;-23,244;-45,825;2018-02-10 17:10:00.0;3,94
SÃO JOSÉ DOS CAMPOS;354990410A;SP;Jardim São Leopoldo;-23,244;-45,825;2018-02-10 17:20:00.0;0,79
SÃO JOSÉ DOS CAMPOS;354990410A;SP;Jardim São Leopoldo;-23,244;-45,825;2018-02-10 17:30:00.0;0,98
SÃO JOSÉ DOS CAMPOS;354990410A;SP;Jardim São Leopoldo;-23,244;-45,825;2018-02-10 17:40:00.0;0,2
SÃO JOSÉ DOS CAMPOS;354990410A;SP;Jardim São Leopoldo;-23,244;-45,825;2018-02-10 18:00:00.0;0,39
SÃO JOSÉ DOS CAMPOS;354990410A;SP;Jardim São Leopoldo;-23,244;-45,825;2018-02-10 18:10:00.0;0,98
SÃO JOSÉ DOS CAMPOS;354990410A;SP;Jardim São Leopoldo;-23,244;-45,825;2018-02-10 18:20:00.0;0,2
SÃO JOSÉ DOS CAMPOS;354990410A;SP;Jardim São Leopoldo;-23,244;-45,825;2018-02-10 18:40:00.0;0,2
SÃO JOSÉ DOS CAMPOS;354990410A;SP;Jardim São Leopoldo;-23,244;-45,825;2018-02-10 19:10:00.0;0,0
SÃO JOSÉ DOS CAMPOS;354990410A;SP;Jardim São Leopoldo;-23,244;-45,825;2018-02-10 20:10:00.0;0,0
SÃO JOSÉ DOS CAMPOS;354990410A;SP;Jardim São Leopoldo;-23,244;-45,825;2018-02-10 20:20:00.0;0,2
SÃO JOSÉ DOS CAMPOS;354990410A;SP;Jardim São Leopoldo;-23,244;-45,825;2018-02-10 21:00:00.0;0,2
SÃO JOSÉ DOS CAMPOS;354990410A;SP;Jardim São Leopoldo;-23,244;-45,825;2018-02-10 21:10:00.0;0,0
SÃO JOSÉ DOS CAMPOS;354990410A;SP;Jardim São Leopoldo;-23,244;-45,825;2018-02-10 21:20:00.0;0,2
SÃO JOSÉ DOS CAMPOS;354990410A;SP;Jardim São Leopoldo;-23,244;-45,825;2018-02-10 22:10:00.0;0,0
SÃO JOSÉ DOS CAMPOS;354990410A;SP;Jardim São Leopoldo;-23,244;-45,825;2018-02-10 23:10:00.0;0,0
SÃO JOSÉ DOS CAMPOS;354990410A;SP;Jardim São Leopoldo;-23,244;-45,825;2018-02-11 00:10:00.0;0,0
SÃO JOSÉ DOS CAMPOS;354990410A;SP;Jardim São Leopoldo;-23,244;-45,825;2018-02-11 01:10:00.0;0,0
SÃO JOSÉ DOS CAMPOS;354990410A;SP;Jardim São Leopoldo;-23,244;-45,825;2018-02-11 01:30:00.0;0,2
SÃO JOSÉ DOS CAMPOS;354990410A;SP;Jardim São Leopoldo;-23,244;-45,825;2018-02-11 02:10:00.0;0,0
SÃO JOSÉ DOS CAMPOS;354990410A;SP;Jardim São Leopoldo;-23,244;-45,825;2018-02-11 03:10:00.0;0,0
SÃO JOSÉ DOS CAMPOS;354990410A;SP;Jardim São Leopoldo;-23,244;-45,825;2018-02-11 04:10:00.0;0,0
SÃO JOSÉ DOS CAMPOS;354990410A;SP;Jardim São Leopoldo;-23,244;-45,825;2018-02-11 05:10:00.0;0,0
SÃO JOSÉ DOS CAMPOS;354990410A;SP;Jardim São Leopoldo;-23,244;-45,825;2018-02-11 06:10:00.0;0,0
SÃO JOSÉ DOS CAMPOS;354990410A;SP;Jardim São Leopoldo;-23,244;-45,825;2018-02-11 07:10:00.0;0,0
SÃO JOSÉ DOS CAMPOS;354990410A;SP;Jardim São Leopoldo;-23,244;-45,825;2018-02-11 08:10:00.0;0,0
SÃO JOSÉ DOS CAMPOS;354990410A;SP;Jardim São Leopoldo;-23,244;-45,825;2018-02-11 09:10:00.0;0,0
SÃO JOSÉ DOS CAMPOS;354990410A;SP;Jardim São Leopoldo;-23,244;-45,825;2018-02-11 10:10:00.0;0,0
SÃO JOSÉ DOS CAMPOS;354990410A;SP;Jardim São Leopoldo;-23,244;-45,825;2018-02-11 11:10:00.0;0,0
SÃO JOSÉ DOS CAMPOS;354990410A;SP;Jardim São Leopoldo;-23,244;-45,825;2018-02-11 12:10:00.0;0,0
SÃO JOSÉ DOS CAMPOS;354990410A;SP;Jardim São Leopoldo;-23,244;-45,825;2018-02-11 13:10:00.0;0,0
SÃO JOSÉ DOS CAMPOS;354990410A;SP;Jardim São Leopoldo;-23,244;-45,825;2018-02-11 14:10:00.0;0,0
SÃO JOSÉ DOS CAMPOS;354990410A;SP;Jardim São Leopoldo;-23,244;-45,825;2018-02-11 15:10:00.0;0,0
SÃO JOSÉ DOS CAMPOS;354990410A;SP;Jardim São Leopoldo;-23,244;-45,825;2018-02-11 16:10:00.0;0,0
SÃO JOSÉ DOS CAMPOS;354990410A;SP;Jardim São Leopoldo;-23,244;-45,825;2018-02-11 17:10:00.0;0,0
SÃO JOSÉ DOS CAMPOS;354990410A;SP;Jardim São Leopoldo;-23,244;-45,825;2018-02-11 18:10:00.0;0,0
SÃO JOSÉ DOS CAMPOS;354990410A;SP;Jardim São Leopoldo;-23,244;-45,825;2018-02-11 19:10:00.0;0,0
SÃO JOSÉ DOS CAMPOS;354990410A;SP;Jardim São Leopoldo;-23,244;-45,825;2018-02-11 20:10:00.0;0,0
SÃO JOSÉ DOS CAMPOS;354990410A;SP;Jardim São Leopoldo;-23,244;-45,825;2018-02-11 21:10:00.0;0,0
SÃO JOSÉ DOS CAMPOS;354990410A;SP;Jardim São Leopoldo;-23,244;-45,825;2018-02-11 22:10:00.0;0,0
SÃO JOSÉ DOS CAMPOS;354990410A;SP;Jardim São Leopoldo;-23,244;-45,825;2018-02-11 23:10:00.0;0,0
SÃO JOSÉ DOS CAMPOS;354990410A;SP;Jardim São Leopoldo;-23,244;-45,825;2018-02-12 00:10:00.0;0,0
SÃO JOSÉ DOS CAMPOS;354990410A;SP;Jardim São Leopoldo;-23,244;-45,825;2018-02-12 01:10:00.0;0,0
SÃO JOSÉ DOS CAMPOS;354990410A;SP;Jardim São Leopoldo;-23,244;-45,825;2018-02-12 02:10:00.0;0,0
SÃO JOSÉ DOS CAMPOS;354990410A;SP;Jardim São Leopoldo;-23,244;-45,825;2018-02-12 03:10:00.0;0,0
SÃO JOSÉ DOS CAMPOS;354990410A;SP;Jardim São Leopoldo;-23,244;-45,825;2018-02-12 04:10:00.0;0,0
SÃO JOSÉ DOS CAMPOS;354990410A;SP;Jardim São Leopoldo;-23,244;-45,825;2018-02-12 05:10:00.0;0,0
SÃO JOSÉ DOS CAMPOS;354990410A;SP;Jardim São Leopoldo;-23,244;-45,825;2018-02-12 06:10:00.0;0,0
SÃO JOSÉ DOS CAMPOS;354990410A;SP;Jardim São Leopoldo;-23,244;-45,825;2018-02-12 07:10:00.0;0,0
SÃO JOSÉ DOS CAMPOS;354990410A;SP;Jardim São Leopoldo;-23,244;-45,825;2018-02-12 08:10:00.0;0,0
SÃO JOSÉ DOS CAMPOS;354990410A;SP;Jardim São Leopoldo;-23,244;-45,825;2018-02-12 09:10:00.0;0,0
SÃO JOSÉ DOS CAMPOS;354990410A;SP;Jardim São Leopoldo;-23,244;-45,825;2018-02-12 10:10:00.0;0,0
SÃO JOSÉ DOS CAMPOS;354990410A;SP;Jardim São Leopoldo;-23,244;-45,825;2018-02-12 11:10:00.0;0,0
SÃO JOSÉ DOS CAMPOS;354990410A;SP;Jardim São Leopoldo;-23,244;-45,825;2018-02-12 12:10:00.0;0,0
SÃO JOSÉ DOS CAMPOS;354990410A;SP;Jardim São Leopoldo;-23,244;-45,825;2018-02-12 13:10:00.0;0,0
SÃO JOSÉ DOS CAMPOS;354990410A;SP;Jardim São Leopoldo;-23,244;-45,825;2018-02-12 14:10:00.0;0,0
SÃO JOSÉ DOS CAMPOS;354990410A;SP;Jardim São Leopoldo;-23,244;-45,825;2018-02-12 15:10:00.0;0,0
SÃO JOSÉ DOS CAMPOS;354990410A;SP;Jardim São Leopoldo;-23,244;-45,825;2018-02-12 16:10:00.0;0,0
SÃO JOSÉ DOS CAMPOS;354990410A;SP;Jardim São Leopoldo;-23,244;-45,825;2018-02-12 17:10:00.0;0,0
SÃO JOSÉ DOS CAMPOS;354990410A;SP;Jardim São Leopoldo;-23,244;-45,825;2018-02-12 18:10:00.0;0,0
SÃO JOSÉ DOS CAMPOS;354990410A;SP;Jardim São Leopoldo;-23,244;-45,825;2018-02-12 19:10:00.0;0,0
SÃO JOSÉ DOS CAMPOS;354990410A;SP;Jardim São Leopoldo;-23,244;-45,825;2018-02-12 20:10:00.0;0,0
SÃO JOSÉ DOS CAMPOS;354990410A;SP;Jardim São Leopoldo;-23,244;-45,825;2018-02-12 20:50:00.0;0,2
SÃO JOSÉ DOS CAMPOS;354990410A;SP;Jardim São Leopoldo;-23,244;-45,825;2018-02-12 21:00:00.0;1,57
SÃO JOSÉ DOS CAMPOS;354990410A;SP;Jardim São Leopoldo;-23,244;-45,825;2018-02-12 21:10:00.0;0,79
SÃO JOSÉ DOS CAMPOS;354990410A;SP;Jardim São Leopoldo;-23,244;-45,825;2018-02-12 22:10:00.0;0,0
SÃO JOSÉ DOS CAMPOS;354990410A;SP;Jardim São Leopoldo;-23,244;-45,825;2018-02-12 23:10:00.0;0,0
SÃO JOSÉ DOS CAMPOS;354990410A;SP;Jardim São Leopoldo;-23,244;-45,825;2018-02-13 00:10:00.0;0,0
SÃO JOSÉ DOS CAMPOS;354990410A;SP;Jardim São Leopoldo;-23,244;-45,825;2018-02-13 00:30:00.0;0,2
SÃO JOSÉ DOS CAMPOS;354990410A;SP;Jardim São Leopoldo;-23,244;-45,825;2018-02-13 00:40:00.0;2,95
SÃO JOSÉ DOS CAMPOS;354990410A;SP;Jardim São Leopoldo;-23,244;-45,825;2018-02-13 00:50:00.0;0,79
SÃO JOSÉ DOS CAMPOS;354990410A;SP;Jardim São Leopoldo;-23,244;-45,825;2018-02-13 01:00:00.0;0,98
SÃO JOSÉ DOS CAMPOS;354990410A;SP;Jardim São Leopoldo;-23,244;-45,825;2018-02-13 01:10:00.0;0,0
SÃO JOSÉ DOS CAMPOS;354990410A;SP;Jardim São Leopoldo;-23,244;-45,825;2018-02-13 01:40:00.0;0,2
SÃO JOSÉ DOS CAMPOS;354990410A;SP;Jardim São Leopoldo;-23,244;-45,825;2018-02-13 01:50:00.0;3,15
SÃO JOSÉ DOS CAMPOS;354990410A;SP;Jardim São Leopoldo;-23,244;-45,825;2018-02-13 02:00:00.0;1,77
SÃO JOSÉ DOS CAMPOS;354990410A;SP;Jardim São Leopoldo;-23,244;-45,825;2018-02-13 02:10:00.0;2,56
SÃO JOSÉ DOS CAMPOS;354990410A;SP;Jardim São Leopoldo;-23,244;-45,825;2018-02-13 02:20:00.0;0,39
SÃO JOSÉ DOS CAMPOS;354990410A;SP;Jardim São Leopoldo;-23,244;-45,825;2018-02-13 02:30:00.0;0,2
SÃO JOSÉ DOS CAMPOS;354990410A;SP;Jardim São Leopoldo;-23,244;-45,825;2018-02-13 03:10:00.0;0,0
SÃO JOSÉ DOS CAMPOS;354990410A;SP;Jardim São Leopoldo;-23,244;-45,825;2018-02-13 04:10:00.0;0,0
SÃO JOSÉ DOS CAMPOS;354990410A;SP;Jardim São Leopoldo;-23,244;-45,825;2018-02-13 05:10:00.0;0,0
SÃO JOSÉ DOS CAMPOS;354990410A;SP;Jardim São Leopoldo;-23,244;-45,825;2018-02-13 06:10:00.0;0,0
SÃO JOSÉ DOS CAMPOS;354990410A;SP;Jardim São Leopoldo;-23,244;-45,825;2018-02-13 07:10:00.0;0,0
SÃO JOSÉ DOS CAMPOS;354990410A;SP;Jardim São Leopoldo;-23,244;-45,825;2018-02-13 08:10:00.0;0,0
SÃO JOSÉ DOS CAMPOS;354990410A;SP;Jardim São Leopoldo;-23,244;-45,825;2018-02-13 09:10:00.0;0,0
SÃO JOSÉ DOS CAMPOS;354990410A;SP;Jardim São Leopoldo;-23,244;-45,825;2018-02-13 10:10:00.0;0,0
SÃO JOSÉ DOS CAMPOS;354990410A;SP;Jardim São Leopoldo;-23,244;-45,825;2018-02-13 11:10:00.0;0,0
SÃO JOSÉ DOS CAMPOS;354990410A;SP;Jardim São Leopoldo;-23,244;-45,825;2018-02-13 12:10:00.0;0,0
SÃO JOSÉ DOS CAMPOS;354990410A;SP;Jardim São Leopoldo;-23,244;-45,825;2018-02-13 13:10:00.0;0,0
SÃO JOSÉ DOS CAMPOS;354990410A;SP;Jardim São Leopoldo;-23,244;-45,825;2018-02-13 14:10:00.0;0,0
SÃO JOSÉ DOS CAMPOS;354990410A;SP;Jardim São Leopoldo;-23,244;-45,825;2018-02-13 15:10:00.0;0,0
SÃO JOSÉ DOS CAMPOS;354990410A;SP;Jardim São Leopoldo;-23,244;-45,825;2018-02-13 15:20:00.0;0,39
SÃO JOSÉ DOS CAMPOS;354990410A;SP;Jardim São Leopoldo;-23,244;-45,825;2018-02-13 15:30:00.0;1,37
SÃO JOSÉ DOS CAMPOS;354990410A;SP;Jardim São Leopoldo;-23,244;-45,825;2018-02-13 15:40:00.0;1,18
SÃO JOSÉ DOS CAMPOS;354990410A;SP;Jardim São Leopoldo;-23,244;-45,825;2018-02-13 15:50:00.0;0,59
SÃO JOSÉ DOS CAMPOS;354990410A;SP;Jardim São Leopoldo;-23,244;-45,825;2018-02-13 16:00:00.0;0,2
SÃO JOSÉ DOS CAMPOS;354990410A;SP;Jardim São Leopoldo;-23,244;-45,825;2018-02-13 16:10:00.0;0,39
SÃO JOSÉ DOS CAMPOS;354990410A;SP;Jardim São Leopoldo;-23,244;-45,825;2018-02-13 16:20:00.0;0,39
SÃO JOSÉ DOS CAMPOS;354990410A;SP;Jardim São Leopoldo;-23,244;-45,825;2018-02-13 16:30:00.0;0,2
SÃO JOSÉ DOS CAMPOS;354990410A;SP;Jardim São Leopoldo;-23,244;-45,825;2018-02-13 16:50:00.0;0,2
SÃO JOSÉ DOS CAMPOS;354990410A;SP;Jardim São Leopoldo;-23,244;-45,825;2018-02-13 17:00:00.0;0,2
SÃO JOSÉ DOS CAMPOS;354990410A;SP;Jardim São Leopoldo;-23,244;-45,825;2018-02-13 17:10:00.0;0,0
SÃO JOSÉ DOS CAMPOS;354990410A;SP;Jardim São Leopoldo;-23,244;-45,825;2018-02-13 18:10:00.0;0,2
SÃO JOSÉ DOS CAMPOS;354990410A;SP;Jardim São Leopoldo;-23,244;-45,825;2018-02-13 18:20:00.0;0,2
SÃO JOSÉ DOS CAMPOS;354990410A;SP;Jardim São Leopoldo;-23,244;-45,825;2018-02-13 18:30:00.0;1,37
SÃO JOSÉ DOS CAMPOS;354990410A;SP;Jardim São Leopoldo;-23,244;-45,825;2018-02-13 18:40:00.0;2,16
SÃO JOSÉ DOS CAMPOS;354990410A;SP;Jardim São Leopoldo;-23,244;-45,825;2018-02-13 18:50:00.0;5,9
SÃO JOSÉ DOS CAMPOS;354990410A;SP;Jardim São Leopoldo;-23,244;-45,825;2018-02-13 19:00:00.0;4,13
SÃO JOSÉ DOS CAMPOS;354990410A;SP;Jardim São Leopoldo;-23,244;-45,825;2018-02-13 19:10:00.0;0,39
SÃO JOSÉ DOS CAMPOS;354990410A;SP;Jardim São Leopoldo;-23,244;-45,825;2018-02-13 20:10:00.0;0,0
SÃO JOSÉ DOS CAMPOS;354990410A;SP;Jardim São Leopoldo;-23,244;-45,825;2018-02-13 21:10:00.0;0,0
SÃO JOSÉ DOS CAMPOS;354990410A;SP;Jardim São Leopoldo;-23,244;-45,825;2018-02-13 22:00:00.0;0,2
SÃO JOSÉ DOS CAMPOS;354990410A;SP;Jardim São Leopoldo;-23,244;-45,825;2018-02-13 22:10:00.0;0,79
SÃO JOSÉ DOS CAMPOS;354990410A;SP;Jardim São Leopoldo;-23,244;-45,825;2018-02-13 22:20:00.0;0,39
SÃO JOSÉ DOS CAMPOS;354990410A;SP;Jardim São Leopoldo;-23,244;-45,825;2018-02-13 22:30:00.0;0,2
SÃO JOSÉ DOS CAMPOS;354990410A;SP;Jardim São Leopoldo;-23,244;-45,825;2018-02-13 22:40:00.0;0,2
SÃO JOSÉ DOS CAMPOS;354990410A;SP;Jardim São Leopoldo;-23,244;-45,825;2018-02-13 23:10:00.0;0,0
SÃO JOSÉ DOS CAMPOS;354990410A;SP;Jardim São Leopoldo;-23,244;-45,825;2018-02-14 00:10:00.0;0,0
SÃO JOSÉ DOS CAMPOS;354990410A;SP;Jardim São Leopoldo;-23,244;-45,825;2018-02-14 01:10:00.0;0,0
SÃO JOSÉ DOS CAMPOS;354990410A;SP;Jardim São Leopoldo;-23,244;-45,825;2018-02-14 02:10:00.0;0,0
SÃO JOSÉ DOS CAMPOS;354990410A;SP;Jardim São Leopoldo;-23,244;-45,825;2018-02-14 03:10:00.0;0,0
SÃO JOSÉ DOS CAMPOS;354990410A;SP;Jardim São Leopoldo;-23,244;-45,825;2018-02-14 04:10:00.0;0,0
SÃO JOSÉ DOS CAMPOS;354990410A;SP;Jardim São Leopoldo;-23,244;-45,825;2018-02-14 05:10:00.0;0,0
SÃO JOSÉ DOS CAMPOS;354990410A;SP;Jardim São Leopoldo;-23,244;-45,825;2018-02-14 06:10:00.0;0,0
SÃO JOSÉ DOS CAMPOS;354990410A;SP;Jardim São Leopoldo;-23,244;-45,825;2018-02-14 07:10:00.0;0,0
SÃO JOSÉ DOS CAMPOS;354990410A;SP;Jardim São Leopoldo;-23,244;-45,825;2018-02-14 08:10:00.0;0,0
SÃO JOSÉ DOS CAMPOS;354990410A;SP;Jardim São Leopoldo;-23,244;-45,825;2018-02-14 09:10:00.0;0,0
SÃO JOSÉ DOS CAMPOS;354990410A;SP;Jardim São Leopoldo;-23,244;-45,825;2018-02-14 10:10:00.0;0,0
SÃO JOSÉ DOS CAMPOS;354990410A;SP;Jardim São Leopoldo;-23,244;-45,825;2018-02-14 11:10:00.0;0,0
SÃO JOSÉ DOS CAMPOS;354990410A;SP;Jardim São Leopoldo;-23,244;-45,825;2018-02-14 12:10:00.0;0,0
SÃO JOSÉ DOS CAMPOS;354990410A;SP;Jardim São Leopoldo;-23,244;-45,825;2018-02-14 13:10:00.0;0,0
SÃO JOSÉ DOS CAMPOS;354990410A;SP;Jardim São Leopoldo;-23,244;-45,825;2018-02-14 14:10:00.0;0,0
SÃO JOSÉ DOS CAMPOS;354990410A;SP;Jardim São Leopoldo;-23,244;-45,825;2018-02-14 15:10:00.0;0,0
SÃO JOSÉ DOS CAMPOS;354990410A;SP;Jardim São Leopoldo;-23,244;-45,825;2018-02-14 16:00:00.0;0,2
SÃO JOSÉ DOS CAMPOS;354990410A;SP;Jardim São Leopoldo;-23,244;-45,825;2018-02-14 16:20:00.0;0,0
SÃO JOSÉ DOS CAMPOS;354990410A;SP;Jardim São Leopoldo;-23,244;-45,825;2018-02-14 17:00:00.0;0,39
SÃO JOSÉ DOS CAMPOS;354990410A;SP;Jardim São Leopoldo;-23,244;-45,825;2018-02-14 17:10:00.0;0,59
SÃO JOSÉ DOS CAMPOS;354990410A;SP;Jardim São Leopoldo;-23,244;-45,825;2018-02-14 17:20:00.0;0,2
SÃO JOSÉ DOS CAMPOS;354990410A;SP;Jardim São Leopoldo;-23,244;-45,825;2018-02-14 17:30:00.0;0,2
SÃO JOSÉ DOS CAMPOS;354990410A;SP;Jardim São Leopoldo;-23,244;-45,825;2018-02-14 17:40:00.0;0,2
SÃO JOSÉ DOS CAMPOS;354990410A;SP;Jardim São Leopoldo;-23,244;-45,825;2018-02-14 18:10:00.0;0,2
SÃO JOSÉ DOS CAMPOS;354990410A;SP;Jardim São Leopoldo;-23,244;-45,825;2018-02-14 19:10:00.0;0,0
SÃO JOSÉ DOS CAMPOS;354990410A;SP;Jardim São Leopoldo;-23,244;-45,825;2018-02-14 20:10:00.0;0,0
SÃO JOSÉ DOS CAMPOS;354990410A;SP;Jardim São Leopoldo;-23,244;-45,825;2018-02-14 21:10:00.0;0,0
SÃO JOSÉ DOS CAMPOS;354990410A;SP;Jardim São Leopoldo;-23,244;-45,825;2018-02-14 22:10:00.0;0,0
SÃO JOSÉ DOS CAMPOS;354990410A;SP;Jardim São Leopoldo;-23,244;-45,825;2018-02-14 23:10:00.0;0,0
SÃO JOSÉ DOS CAMPOS;354990410A;SP;Jardim São Leopoldo;-23,244;-45,825;2018-02-15 00:10:00.0;0,0
SÃO JOSÉ DOS CAMPOS;354990410A;SP;Jardim São Leopoldo;-23,244;-45,825;2018-02-15 01:10:00.0;0,0
SÃO JOSÉ DOS CAMPOS;354990410A;SP;Jardim São Leopoldo;-23,244;-45,825;2018-02-15 02:10:00.0;0,0
SÃO JOSÉ DOS CAMPOS;354990410A;SP;Jardim São Leopoldo;-23,244;-45,825;2018-02-15 03:10:00.0;0,0
SÃO JOSÉ DOS CAMPOS;354990410A;SP;Jardim São Leopoldo;-23,244;-45,825;2018-02-15 04:10:00.0;0,39
SÃO JOSÉ DOS CAMPOS;354990410A;SP;Jardim São Leopoldo;-23,244;-45,825;2018-02-15 04:20:00.0;1,18
SÃO JOSÉ DOS CAMPOS;354990410A;SP;Jardim São Leopoldo;-23,244;-45,825;2018-02-15 04:40:00.0;0,2
SÃO JOSÉ DOS CAMPOS;354990410A;SP;Jardim São Leopoldo;-23,244;-45,825;2018-02-15 05:10:00.0;0,0
SÃO JOSÉ DOS CAMPOS;354990410A;SP;Jardim São Leopoldo;-23,244;-45,825;2018-02-15 06:10:00.0;0,0
SÃO JOSÉ DOS CAMPOS;354990410A;SP;Jardim São Leopoldo;-23,244;-45,825;2018-02-15 07:10:00.0;0,0
SÃO JOSÉ DOS CAMPOS;354990410A;SP;Jardim São Leopoldo;-23,244;-45,825;2018-02-15 08:10:00.0;0,0
SÃO JOSÉ DOS CAMPOS;354990410A;SP;Jardim São Leopoldo;-23,244;-45,825;2018-02-15 09:10:00.0;0,0
SÃO JOSÉ DOS CAMPOS;354990410A;SP;Jardim São Leopoldo;-23,244;-45,825;2018-02-15 10:10:00.0;0,0
SÃO JOSÉ DOS CAMPOS;354990410A;SP;Jardim São Leopoldo;-23,244;-45,825;2018-02-15 10:30:00.0;0,2
SÃO JOSÉ DOS CAMPOS;354990410A;SP;Jardim São Leopoldo;-23,244;-45,825;2018-02-15 11:10:00.0;0,0
SÃO JOSÉ DOS CAMPOS;354990410A;SP;Jardim São Leopoldo;-23,244;-45,825;2018-02-15 12:10:00.0;0,0
SÃO JOSÉ DOS CAMPOS;354990410A;SP;Jardim São Leopoldo;-23,244;-45,825;2018-02-15 13:10:00.0;0,0
SÃO JOSÉ DOS CAMPOS;354990410A;SP;Jardim São Leopoldo;-23,244;-45,825;2018-02-15 14:10:00.0;0,0
SÃO JOSÉ DOS CAMPOS;354990410A;SP;Jardim São Leopoldo;-23,244;-45,825;2018-02-15 15:10:00.0;0,0
SÃO JOSÉ DOS CAMPOS;354990410A;SP;Jardim São Leopoldo;-23,244;-45,825;2018-02-15 16:10:00.0;0,0
SÃO JOSÉ DOS CAMPOS;354990410A;SP;Jardim São Leopoldo;-23,244;-45,825;2018-02-15 17:10:00.0;0,0
SÃO JOSÉ DOS CAMPOS;354990410A;SP;Jardim São Leopoldo;-23,244;-45,825;2018-02-15 18:10:00.0;0,0
SÃO JOSÉ DOS CAMPOS;354990410A;SP;Jardim São Leopoldo;-23,244;-45,825;2018-02-15 19:10:00.0;0,0
SÃO JOSÉ DOS CAMPOS;354990410A;SP;Jardim São Leopoldo;-23,244;-45,825;2018-02-15 20:10:00.0;0,0
SÃO JOSÉ DOS CAMPOS;354990410A;SP;Jardim São Leopoldo;-23,244;-45,825;2018-02-15 21:10:00.0;0,0
SÃO JOSÉ DOS CAMPOS;354990410A;SP;Jardim São Leopoldo;-23,244;-45,825;2018-02-15 22:10:00.0;0,0
SÃO JOSÉ DOS CAMPOS;354990410A;SP;Jardim São Leopoldo;-23,244;-45,825;2018-02-15 23:10:00.0;0,0
SÃO JOSÉ DOS CAMPOS;354990410A;SP;Jardim São Leopoldo;-23,244;-45,825;2018-02-16 00:10:00.0;0,0
SÃO JOSÉ DOS CAMPOS;354990410A;SP;Jardim São Leopoldo;-23,244;-45,825;2018-02-16 01:10:00.0;0,0
SÃO JOSÉ DOS CAMPOS;354990410A;SP;Jardim São Leopoldo;-23,244;-45,825;2018-02-16 02:10:00.0;0,0
SÃO JOSÉ DOS CAMPOS;354990410A;SP;Jardim São Leopoldo;-23,244;-45,825;2018-02-16 03:10:00.0;0,0
SÃO JOSÉ DOS CAMPOS;354990410A;SP;Jardim São Leopoldo;-23,244;-45,825;2018-02-16 04:10:00.0;0,0
SÃO JOSÉ DOS CAMPOS;354990410A;SP;Jardim São Leopoldo;-23,244;-45,825;2018-02-16 05:10:00.0;0,0
SÃO JOSÉ DOS CAMPOS;354990410A;SP;Jardim São Leopoldo;-23,244;-45,825;2018-02-16 06:10:00.0;0,0
SÃO JOSÉ DOS CAMPOS;354990410A;SP;Jardim São Leopoldo;-23,244;-45,825;2018-02-16 07:10:00.0;0,0
SÃO JOSÉ DOS CAMPOS;354990410A;SP;Jardim São Leopoldo;-23,244;-45,825;2018-02-16 08:10:00.0;0,0
SÃO JOSÉ DOS CAMPOS;354990410A;SP;Jardim São Leopoldo;-23,244;-45,825;2018-02-16 09:10:00.0;0,0
SÃO JOSÉ DOS CAMPOS;354990410A;SP;Jardim São Leopoldo;-23,244;-45,825;2018-02-16 10:10:00.0;0,0
SÃO JOSÉ DOS CAMPOS;354990410A;SP;Jardim São Leopoldo;-23,244;-45,825;2018-02-16 11:10:00.0;0,0
SÃO JOSÉ DOS CAMPOS;354990410A;SP;Jardim São Leopoldo;-23,244;-45,825;2018-02-16 12:10:00.0;0,0
SÃO JOSÉ DOS CAMPOS;354990410A;SP;Jardim São Leopoldo;-23,244;-45,825;2018-02-16 13:10:00.0;0,0
SÃO JOSÉ DOS CAMPOS;354990410A;SP;Jardim São Leopoldo;-23,244;-45,825;2018-02-16 14:10:00.0;0,0
SÃO JOSÉ DOS CAMPOS;354990410A;SP;Jardim São Leopoldo;-23,244;-45,825;2018-02-16 15:10:00.0;0,0
SÃO JOSÉ DOS CAMPOS;354990410A;SP;Jardim São Leopoldo;-23,244;-45,825;2018-02-16 16:10:00.0;0,0
SÃO JOSÉ DOS CAMPOS;354990410A;SP;Jardim São Leopoldo;-23,244;-45,825;2018-02-16 17:10:00.0;0,0
SÃO JOSÉ DOS CAMPOS;354990410A;SP;Jardim São Leopoldo;-23,244;-45,825;2018-02-16 18:10:00.0;0,0
SÃO JOSÉ DOS CAMPOS;354990410A;SP;Jardim São Leopoldo;-23,244;-45,825;2018-02-16 19:10:00.0;0,0
SÃO JOSÉ DOS CAMPOS;354990410A;SP;Jardim São Leopoldo;-23,244;-45,825;2018-02-16 20:10:00.0;0,0
SÃO JOSÉ DOS CAMPOS;354990410A;SP;Jardim São Leopoldo;-23,244;-45,825;2018-02-16 21:10:00.0;0,0
SÃO JOSÉ DOS CAMPOS;354990410A;SP;Jardim São Leopoldo;-23,244;-45,825;2018-02-16 22:10:00.0;0,0
SÃO JOSÉ DOS CAMPOS;354990410A;SP;Jardim São Leopoldo;-23,244;-45,825;2018-02-16 23:10:00.0;0,0
SÃO JOSÉ DOS CAMPOS;354990410A;SP;Jardim São Leopoldo;-23,244;-45,825;2018-02-17 00:10:00.0;0,0
SÃO JOSÉ DOS CAMPOS;354990410A;SP;Jardim São Leopoldo;-23,244;-45,825;2018-02-17 01:10:00.0;0,0
SÃO JOSÉ DOS CAMPOS;354990410A;SP;Jardim São Leopoldo;-23,244;-45,825;2018-02-17 02:10:00.0;0,0
SÃO JOSÉ DOS CAMPOS;354990410A;SP;Jardim São Leopoldo;-23,244;-45,825;2018-02-17 03:10:00.0;0,0
SÃO JOSÉ DOS CAMPOS;354990410A;SP;Jardim São Leopoldo;-23,244;-45,825;2018-02-17 04:10:00.0;0,0
SÃO JOSÉ DOS CAMPOS;354990410A;SP;Jardim São Leopoldo;-23,244;-45,825;2018-02-17 05:10:00.0;0,0
SÃO JOSÉ DOS CAMPOS;354990410A;SP;Jardim São Leopoldo;-23,244;-45,825;2018-02-17 06:10:00.0;0,0
SÃO JOSÉ DOS CAMPOS;354990410A;SP;Jardim São Leopoldo;-23,244;-45,825;2018-02-17 07:10:00.0;0,0
SÃO JOSÉ DOS CAMPOS;354990410A;SP;Jardim São Leopoldo;-23,244;-45,825;2018-02-17 08:10:00.0;0,0
SÃO JOSÉ DOS CAMPOS;354990410A;SP;Jardim São Leopoldo;-23,244;-45,825;2018-02-17 08:50:00.0;0,2
SÃO JOSÉ DOS CAMPOS;354990410A;SP;Jardim São Leopoldo;-23,244;-45,825;2018-02-17 09:10:00.0;0,0
SÃO JOSÉ DOS CAMPOS;354990410A;SP;Jardim São Leopoldo;-23,244;-45,825;2018-02-17 10:10:00.0;0,0
SÃO JOSÉ DOS CAMPOS;354990410A;SP;Jardim São Leopoldo;-23,244;-45,825;2018-02-17 11:10:00.0;0,0
SÃO JOSÉ DOS CAMPOS;354990410A;SP;Jardim São Leopoldo;-23,244;-45,825;2018-02-17 12:10:00.0;0,0
SÃO JOSÉ DOS CAMPOS;354990410A;SP;Jardim São Leopoldo;-23,244;-45,825;2018-02-17 13:10:00.0;0,0
SÃO JOSÉ DOS CAMPOS;354990410A;SP;Jardim São Leopoldo;-23,244;-45,825;2018-02-17 14:10:00.0;0,0
SÃO JOSÉ DOS CAMPOS;354990410A;SP;Jardim São Leopoldo;-23,244;-45,825;2018-02-17 15:10:00.0;0,0
SÃO JOSÉ DOS CAMPOS;354990410A;SP;Jardim São Leopoldo;-23,244;-45,825;2018-02-17 16:10:00.0;0,0
SÃO JOSÉ DOS CAMPOS;354990410A;SP;Jardim São Leopoldo;-23,244;-45,825;2018-02-17 17:10:00.0;0,0
SÃO JOSÉ DOS CAMPOS;354990410A;SP;Jardim São Leopoldo;-23,244;-45,825;2018-02-17 18:10:00.0;0,0
SÃO JOSÉ DOS CAMPOS;354990410A;SP;Jardim São Leopoldo;-23,244;-45,825;2018-02-17 19:10:00.0;0,0
SÃO JOSÉ DOS CAMPOS;354990410A;SP;Jardim São Leopoldo;-23,244;-45,825;2018-02-17 20:10:00.0;0,0
SÃO JOSÉ DOS CAMPOS;354990410A;SP;Jardim São Leopoldo;-23,244;-45,825;2018-02-17 21:10:00.0;0,0
SÃO JOSÉ DOS CAMPOS;354990410A;SP;Jardim São Leopoldo;-23,244;-45,825;2018-02-17 22:10:00.0;0,0
SÃO JOSÉ DOS CAMPOS;354990410A;SP;Jardim São Leopoldo;-23,244;-45,825;2018-02-17 23:10:00.0;0,0
SÃO JOSÉ DOS CAMPOS;354990410A;SP;Jardim São Leopoldo;-23,244;-45,825;2018-02-18 00:10:00.0;0,0
SÃO JOSÉ DOS CAMPOS;354990410A;SP;Jardim São Leopoldo;-23,244;-45,825;2018-02-18 01:10:00.0;0,0
SÃO JOSÉ DOS CAMPOS;354990410A;SP;Jardim São Leopoldo;-23,244;-45,825;2018-02-18 02:10:00.0;0,0
SÃO JOSÉ DOS CAMPOS;354990410A;SP;Jardim São Leopoldo;-23,244;-45,825;2018-02-18 03:10:00.0;0,0
SÃO JOSÉ DOS CAMPOS;354990410A;SP;Jardim São Leopoldo;-23,244;-45,825;2018-02-18 04:10:00.0;0,0
SÃO JOSÉ DOS CAMPOS;354990410A;SP;Jardim São Leopoldo;-23,244;-45,825;2018-02-18 05:10:00.0;0,0
SÃO JOSÉ DOS CAMPOS;354990410A;SP;Jardim São Leopoldo;-23,244;-45,825;2018-02-18 06:10:00.0;0,0
SÃO JOSÉ DOS CAMPOS;354990410A;SP;Jardim São Leopoldo;-23,244;-45,825;2018-02-18 07:10:00.0;0,0
SÃO JOSÉ DOS CAMPOS;354990410A;SP;Jardim São Leopoldo;-23,244;-45,825;2018-02-18 08:10:00.0;0,0
SÃO JOSÉ DOS CAMPOS;354990410A;SP;Jardim São Leopoldo;-23,244;-45,825;2018-02-18 09:10:00.0;0,0
SÃO JOSÉ DOS CAMPOS;354990410A;SP;Jardim São Leopoldo;-23,244;-45,825;2018-02-18 10:10:00.0;0,0
SÃO JOSÉ DOS CAMPOS;354990410A;SP;Jardim São Leopoldo;-23,244;-45,825;2018-02-18 11:10:00.0;0,0
SÃO JOSÉ DOS CAMPOS;354990410A;SP;Jardim São Leopoldo;-23,244;-45,825;2018-02-18 12:10:00.0;0,0
SÃO JOSÉ DOS CAMPOS;354990410A;SP;Jardim São Leopoldo;-23,244;-45,825;2018-02-18 13:10:00.0;0,0
SÃO JOSÉ DOS CAMPOS;354990410A;SP;Jardim São Leopoldo;-23,244;-45,825;2018-02-18 14:10:00.0;0,0
SÃO JOSÉ DOS CAMPOS;354990410A;SP;Jardim São Leopoldo;-23,244;-45,825;2018-02-18 15:10:00.0;0,0
SÃO JOSÉ DOS CAMPOS;354990410A;SP;Jardim São Leopoldo;-23,244;-45,825;2018-02-18 15:20:00.0;0,2
SÃO JOSÉ DOS CAMPOS;354990410A;SP;Jardim São Leopoldo;-23,244;-45,825;2018-02-18 15:40:00.0;0,2
SÃO JOSÉ DOS CAMPOS;354990410A;SP;Jardim São Leopoldo;-23,244;-45,825;2018-02-18 15:50:00.0;0,2
SÃO JOSÉ DOS CAMPOS;354990410A;SP;Jardim São Leopoldo;-23,244;-45,825;2018-02-18 16:00:00.0;0,39
SÃO JOSÉ DOS CAMPOS;354990410A;SP;Jardim São Leopoldo;-23,244;-45,825;2018-02-18 16:10:00.0;0,59
SÃO JOSÉ DOS CAMPOS;354990410A;SP;Jardim São Leopoldo;-23,244;-45,825;2018-02-18 16:20:00.0;0,39
SÃO JOSÉ DOS CAMPOS;354990410A;SP;Jardim São Leopoldo;-23,244;-45,825;2018-02-18 16:30:00.0;0,2
SÃO JOSÉ DOS CAMPOS;354990410A;SP;Jardim São Leopoldo;-23,244;-45,825;2018-02-18 16:40:00.0;0,2
SÃO JOSÉ DOS CAMPOS;354990410A;SP;Jardim São Leopoldo;-23,244;-45,825;2018-02-18 16:50:00.0;0,2
SÃO JOSÉ DOS CAMPOS;354990410A;SP;Jardim São Leopoldo;-23,244;-45,825;2018-02-18 17:10:00.0;0,0
SÃO JOSÉ DOS CAMPOS;354990410A;SP;Jardim São Leopoldo;-23,244;-45,825;2018-02-18 18:10:00.0;0,0
SÃO JOSÉ DOS CAMPOS;354990410A;SP;Jardim São Leopoldo;-23,244;-45,825;2018-02-18 19:10:00.0;0,0
SÃO JOSÉ DOS CAMPOS;354990410A;SP;Jardim São Leopoldo;-23,244;-45,825;2018-02-18 20:00:00.0;0,2
SÃO JOSÉ DOS CAMPOS;354990410A;SP;Jardim São Leopoldo;-23,244;-45,825;2018-02-18 21:10:00.0;0,0
SÃO JOSÉ DOS CAMPOS;354990410A;SP;Jardim São Leopoldo;-23,244;-45,825;2018-02-18 22:10:00.0;0,0
SÃO JOSÉ DOS CAMPOS;354990410A;SP;Jardim São Leopoldo;-23,244;-45,825;2018-02-18 23:10:00.0;0,0
SÃO JOSÉ DOS CAMPOS;354990410A;SP;Jardim São Leopoldo;-23,244;-45,825;2018-02-19 00:10:00.0;0,0
SÃO JOSÉ DOS CAMPOS;354990410A;SP;Jardim São Leopoldo;-23,244;-45,825;2018-02-19 01:10:00.0;0,0
SÃO JOSÉ DOS CAMPOS;354990410A;SP;Jardim São Leopoldo;-23,244;-45,825;2018-02-19 02:10:00.0;0,0
SÃO JOSÉ DOS CAMPOS;354990410A;SP;Jardim São Leopoldo;-23,244;-45,825;2018-02-19 03:10:00.0;0,0
SÃO JOSÉ DOS CAMPOS;354990410A;SP;Jardim São Leopoldo;-23,244;-45,825;2018-02-19 04:10:00.0;0,0
SÃO JOSÉ DOS CAMPOS;354990410A;SP;Jardim São Leopoldo;-23,244;-45,825;2018-02-19 05:10:00.0;0,0
SÃO JOSÉ DOS CAMPOS;354990410A;SP;Jardim São Leopoldo;-23,244;-45,825;2018-02-19 06:10:00.0;0,0
SÃO JOSÉ DOS CAMPOS;354990410A;SP;Jardim São Leopoldo;-23,244;-45,825;2018-02-19 07:10:00.0;0,0
SÃO JOSÉ DOS CAMPOS;354990410A;SP;Jardim São Leopoldo;-23,244;-45,825;2018-02-19 08:10:00.0;0,0
SÃO JOSÉ DOS CAMPOS;354990410A;SP;Jardim São Leopoldo;-23,244;-45,825;2018-02-19 09:10:00.0;0,0
SÃO JOSÉ DOS CAMPOS;354990410A;SP;Jardim São Leopoldo;-23,244;-45,825;2018-02-19 10:10:00.0;0,0
SÃO JOSÉ DOS CAMPOS;354990410A;SP;Jardim São Leopoldo;-23,244;-45,825;2018-02-19 11:10:00.0;0,0
SÃO JOSÉ DOS CAMPOS;354990410A;SP;Jardim São Leopoldo;-23,244;-45,825;2018-02-19 12:10:00.0;0,0
SÃO JOSÉ DOS CAMPOS;354990410A;SP;Jardim São Leopoldo;-23,244;-45,825;2018-02-19 13:10:00.0;0,0
SÃO JOSÉ DOS CAMPOS;354990410A;SP;Jardim São Leopoldo;-23,244;-45,825;2018-02-19 14:10:00.0;0,0
SÃO JOSÉ DOS CAMPOS;354990410A;SP;Jardim São Leopoldo;-23,244;-45,825;2018-02-19 15:10:00.0;0,0
SÃO JOSÉ DOS CAMPOS;354990410A;SP;Jardim São Leopoldo;-23,244;-45,825;2018-02-19 16:10:00.0;0,0
SÃO JOSÉ DOS CAMPOS;354990410A;SP;Jardim São Leopoldo;-23,244;-45,825;2018-02-19 17:10:00.0;0,0
SÃO JOSÉ DOS CAMPOS;354990410A;SP;Jardim São Leopoldo;-23,244;-45,825;2018-02-19 18:10:00.0;0,0
SÃO JOSÉ DOS CAMPOS;354990410A;SP;Jardim São Leopoldo;-23,244;-45,825;2018-02-19 19:10:00.0;0,0
SÃO JOSÉ DOS CAMPOS;354990410A;SP;Jardim São Leopoldo;-23,244;-45,825;2018-02-19 20:10:00.0;0,0
SÃO JOSÉ DOS CAMPOS;354990410A;SP;Jardim São Leopoldo;-23,244;-45,825;2018-02-19 20:30:00.0;0,2
SÃO JOSÉ DOS CAMPOS;354990410A;SP;Jardim São Leopoldo;-23,244;-45,825;2018-02-19 21:00:00.0;0,2
SÃO JOSÉ DOS CAMPOS;354990410A;SP;Jardim São Leopoldo;-23,244;-45,825;2018-02-19 21:10:00.0;1,96
SÃO JOSÉ DOS CAMPOS;354990410A;SP;Jardim São Leopoldo;-23,244;-45,825;2018-02-19 21:20:00.0;0,39
SÃO JOSÉ DOS CAMPOS;354990410A;SP;Jardim São Leopoldo;-23,244;-45,825;2018-02-19 21:40:00.0;0,2
SÃO JOSÉ DOS CAMPOS;354990410A;SP;Jardim São Leopoldo;-23,244;-45,825;2018-02-19 22:10:00.0;0,0
SÃO JOSÉ DOS CAMPOS;354990410A;SP;Jardim São Leopoldo;-23,244;-45,825;2018-02-19 23:10:00.0;0,0
SÃO JOSÉ DOS CAMPOS;354990410A;SP;Jardim São Leopoldo;-23,244;-45,825;2018-02-20 00:10:00.0;0,0
SÃO JOSÉ DOS CAMPOS;354990410A;SP;Jardim São Leopoldo;-23,244;-45,825;2018-02-20 01:10:00.0;0,0
SÃO JOSÉ DOS CAMPOS;354990410A;SP;Jardim São Leopoldo;-23,244;-45,825;2018-02-20 02:10:00.0;0,0
SÃO JOSÉ DOS CAMPOS;354990410A;SP;Jardim São Leopoldo;-23,244;-45,825;2018-02-20 03:10:00.0;0,0
SÃO JOSÉ DOS CAMPOS;354990410A;SP;Jardim São Leopoldo;-23,244;-45,825;2018-02-20 04:10:00.0;0,0
SÃO JOSÉ DOS CAMPOS;354990410A;SP;Jardim São Leopoldo;-23,244;-45,825;2018-02-20 05:10:00.0;0,0
SÃO JOSÉ DOS CAMPOS;354990410A;SP;Jardim São Leopoldo;-23,244;-45,825;2018-02-20 06:10:00.0;0,0
SÃO JOSÉ DOS CAMPOS;354990410A;SP;Jardim São Leopoldo;-23,244;-45,825;2018-02-20 07:10:00.0;0,0
SÃO JOSÉ DOS CAMPOS;354990410A;SP;Jardim São Leopoldo;-23,244;-45,825;2018-02-20 08:10:00.0;0,0
SÃO JOSÉ DOS CAMPOS;354990410A;SP;Jardim São Leopoldo;-23,244;-45,825;2018-02-20 09:10:00.0;0,0
SÃO JOSÉ DOS CAMPOS;354990410A;SP;Jardim São Leopoldo;-23,244;-45,825;2018-02-20 10:10:00.0;0,0
SÃO JOSÉ DOS CAMPOS;354990410A;SP;Jardim São Leopoldo;-23,244;-45,825;2018-02-20 11:10:00.0;0,0
SÃO JOSÉ DOS CAMPOS;354990410A;SP;Jardim São Leopoldo;-23,244;-45,825;2018-02-20 12:10:00.0;0,0
SÃO JOSÉ DOS CAMPOS;354990410A;SP;Jardim São Leopoldo;-23,244;-45,825;2018-02-20 13:10:00.0;0,0
SÃO JOSÉ DOS CAMPOS;354990410A;SP;Jardim São Leopoldo;-23,244;-45,825;2018-02-20 14:10:00.0;0,0
SÃO JOSÉ DOS CAMPOS;354990410A;SP;Jardim São Leopoldo;-23,244;-45,825;2018-02-20 15:10:00.0;0,0
SÃO JOSÉ DOS CAMPOS;354990410A;SP;Jardim São Leopoldo;-23,244;-45,825;2018-02-20 16:10:00.0;0,0
SÃO JOSÉ DOS CAMPOS;354990410A;SP;Jardim São Leopoldo;-23,244;-45,825;2018-02-20 17:10:00.0;0,0
SÃO JOSÉ DOS CAMPOS;354990410A;SP;Jardim São Leopoldo;-23,244;-45,825;2018-02-20 18:10:00.0;0,0
SÃO JOSÉ DOS CAMPOS;354990410A;SP;Jardim São Leopoldo;-23,244;-45,825;2018-02-20 19:10:00.0;0,0
SÃO JOSÉ DOS CAMPOS;354990410A;SP;Jardim São Leopoldo;-23,244;-45,825;2018-02-20 20:10:00.0;0,0
SÃO JOSÉ DOS CAMPOS;354990410A;SP;Jardim São Leopoldo;-23,244;-45,825;2018-02-20 21:10:00.0;0,0
SÃO JOSÉ DOS CAMPOS;354990410A;SP;Jardim São Leopoldo;-23,244;-45,825;2018-02-20 21:40:00.0;4,4
SÃO JOSÉ DOS CAMPOS;354990410A;SP;Jardim São Leopoldo;-23,244;-45,825;2018-02-20 21:50:00.0;0,2
SÃO JOSÉ DOS CAMPOS;354990410A;SP;Jardim São Leopoldo;-23,244;-45,825;2018-02-20 22:00:00.0;0,2
SÃO JOSÉ DOS CAMPOS;354990410A;SP;Jardim São Leopoldo;-23,244;-45,825;2018-02-20 22:10:00.0;0,2
SÃO JOSÉ DOS CAMPOS;354990410A;SP;Jardim São Leopoldo;-23,244;-45,825;2018-02-20 23:10:00.0;0,0
SÃO JOSÉ DOS CAMPOS;354990410A;SP;Jardim São Leopoldo;-23,244;-45,825;2018-02-21 00:10:00.0;0,0
SÃO JOSÉ DOS CAMPOS;354990410A;SP;Jardim São Leopoldo;-23,244;-45,825;2018-02-21 01:10:00.0;0,0
SÃO JOSÉ DOS CAMPOS;354990410A;SP;Jardim São Leopoldo;-23,244;-45,825;2018-02-21 02:10:00.0;0,0
SÃO JOSÉ DOS CAMPOS;354990410A;SP;Jardim São Leopoldo;-23,244;-45,825;2018-02-21 03:10:00.0;0,0
SÃO JOSÉ DOS CAMPOS;354990410A;SP;Jardim São Leopoldo;-23,244;-45,825;2018-02-21 04:10:00.0;0,0
SÃO JOSÉ DOS CAMPOS;354990410A;SP;Jardim São Leopoldo;-23,244;-45,825;2018-02-21 05:10:00.0;0,0
SÃO JOSÉ DOS CAMPOS;354990410A;SP;Jardim São Leopoldo;-23,244;-45,825;2018-02-21 05:50:00.0;0,2
SÃO JOSÉ DOS CAMPOS;354990410A;SP;Jardim São Leopoldo;-23,244;-45,825;2018-02-21 06:10:00.0;0,0
SÃO JOSÉ DOS CAMPOS;354990410A;SP;Jardim São Leopoldo;-23,244;-45,825;2018-02-21 07:00:00.0;0,2
SÃO JOSÉ DOS CAMPOS;354990410A;SP;Jardim São Leopoldo;-23,244;-45,825;2018-02-21 07:10:00.0;0,0
SÃO JOSÉ DOS CAMPOS;354990410A;SP;Jardim São Leopoldo;-23,244;-45,825;2018-02-21 08:10:00.0;0,0
SÃO JOSÉ DOS CAMPOS;354990410A;SP;Jardim São Leopoldo;-23,244;-45,825;2018-02-21 09:10:00.0;0,0
SÃO JOSÉ DOS CAMPOS;354990410A;SP;Jardim São Leopoldo;-23,244;-45,825;2018-02-21 10:10:00.0;0,2
SÃO JOSÉ DOS CAMPOS;354990410A;SP;Jardim São Leopoldo;-23,244;-45,825;2018-02-21 10:40:00.0;0,2
SÃO JOSÉ DOS CAMPOS;354990410A;SP;Jardim São Leopoldo;-23,244;-45,825;2018-02-21 11:10:00.0;0,0
SÃO JOSÉ DOS CAMPOS;354990410A;SP;Jardim São Leopoldo;-23,244;-45,825;2018-02-21 12:10:00.0;0,0
SÃO JOSÉ DOS CAMPOS;354990410A;SP;Jardim São Leopoldo;-23,244;-45,825;2018-02-21 13:10:00.0;0,0
SÃO JOSÉ DOS CAMPOS;354990410A;SP;Jardim São Leopoldo;-23,244;-45,825;2018-02-21 14:10:00.0;0,0
SÃO JOSÉ DOS CAMPOS;354990410A;SP;Jardim São Leopoldo;-23,244;-45,825;2018-02-21 15:10:00.0;0,0
SÃO JOSÉ DOS CAMPOS;354990410A;SP;Jardim São Leopoldo;-23,244;-45,825;2018-02-21 16:10:00.0;0,0
SÃO JOSÉ DOS CAMPOS;354990410A;SP;Jardim São Leopoldo;-23,244;-45,825;2018-02-21 17:10:00.0;0,0
SÃO JOSÉ DOS CAMPOS;354990410A;SP;Jardim São Leopoldo;-23,244;-45,825;2018-02-21 18:10:00.0;0,0
SÃO JOSÉ DOS CAMPOS;354990410A;SP;Jardim São Leopoldo;-23,244;-45,825;2018-02-21 19:10:00.0;0,0
SÃO JOSÉ DOS CAMPOS;354990410A;SP;Jardim São Leopoldo;-23,244;-45,825;2018-02-21 20:10:00.0;0,0
SÃO JOSÉ DOS CAMPOS;354990410A;SP;Jardim São Leopoldo;-23,244;-45,825;2018-02-21 21:10:00.0;0,0
SÃO JOSÉ DOS CAMPOS;354990410A;SP;Jardim São Leopoldo;-23,244;-45,825;2018-02-21 22:10:00.0;0,0
SÃO JOSÉ DOS CAMPOS;354990410A;SP;Jardim São Leopoldo;-23,244;-45,825;2018-02-21 23:10:00.0;0,0
SÃO JOSÉ DOS CAMPOS;354990410A;SP;Jardim São Leopoldo;-23,244;-45,825;2018-02-22 00:10:00.0;0,0
SÃO JOSÉ DOS CAMPOS;354990410A;SP;Jardim São Leopoldo;-23,244;-45,825;2018-02-22 01:10:00.0;0,0
SÃO JOSÉ DOS CAMPOS;354990410A;SP;Jardim São Leopoldo;-23,244;-45,825;2018-02-22 02:10:00.0;0,0
SÃO JOSÉ DOS CAMPOS;354990410A;SP;Jardim São Leopoldo;-23,244;-45,825;2018-02-22 03:10:00.0;0,0
SÃO JOSÉ DOS CAMPOS;354990410A;SP;Jardim São Leopoldo;-23,244;-45,825;2018-02-22 04:10:00.0;0,0
SÃO JOSÉ DOS CAMPOS;354990410A;SP;Jardim São Leopoldo;-23,244;-45,825;2018-02-22 05:10:00.0;0,0
SÃO JOSÉ DOS CAMPOS;354990410A;SP;Jardim São Leopoldo;-23,244;-45,825;2018-02-22 06:10:00.0;0,0
SÃO JOSÉ DOS CAMPOS;354990410A;SP;Jardim São Leopoldo;-23,244;-45,825;2018-02-22 07:10:00.0;0,0
SÃO JOSÉ DOS CAMPOS;354990410A;SP;Jardim São Leopoldo;-23,244;-45,825;2018-02-22 08:10:00.0;0,0
SÃO JOSÉ DOS CAMPOS;354990410A;SP;Jardim São Leopoldo;-23,244;-45,825;2018-02-22 09:10:00.0;0,0
SÃO JOSÉ DOS CAMPOS;354990410A;SP;Jardim São Leopoldo;-23,244;-45,825;2018-02-22 10:10:00.0;0,0
SÃO JOSÉ DOS CAMPOS;354990410A;SP;Jardim São Leopoldo;-23,244;-45,825;2018-02-22 11:10:00.0;0,0
SÃO JOSÉ DOS CAMPOS;354990410A;SP;Jardim São Leopoldo;-23,244;-45,825;2018-02-22 12:10:00.0;0,0
SÃO JOSÉ DOS CAMPOS;354990410A;SP;Jardim São Leopoldo;-23,244;-45,825;2018-02-22 13:10:00.0;0,0
SÃO JOSÉ DOS CAMPOS;354990410A;SP;Jardim São Leopoldo;-23,244;-45,825;2018-02-22 14:10:00.0;0,0
SÃO JOSÉ DOS CAMPOS;354990410A;SP;Jardim São Leopoldo;-23,244;-45,825;2018-02-22 15:10:00.0;0,0
SÃO JOSÉ DOS CAMPOS;354990410A;SP;Jardim São Leopoldo;-23,244;-45,825;2018-02-22 16:10:00.0;0,0
SÃO JOSÉ DOS CAMPOS;354990410A;SP;Jardim São Leopoldo;-23,244;-45,825;2018-02-22 17:10:00.0;0,0
SÃO JOSÉ DOS CAMPOS;354990410A;SP;Jardim São Leopoldo;-23,244;-45,825;2018-02-22 18:10:00.0;0,0
SÃO JOSÉ DOS CAMPOS;354990410A;SP;Jardim São Leopoldo;-23,244;-45,825;2018-02-22 19:10:00.0;0,0
SÃO JOSÉ DOS CAMPOS;354990410A;SP;Jardim São Leopoldo;-23,244;-45,825;2018-02-22 20:10:00.0;0,0
SÃO JOSÉ DOS CAMPOS;354990410A;SP;Jardim São Leopoldo;-23,244;-45,825;2018-02-22 21:10:00.0;0,0
SÃO JOSÉ DOS CAMPOS;354990410A;SP;Jardim São Leopoldo;-23,244;-45,825;2018-02-22 22:10:00.0;0,0
SÃO JOSÉ DOS CAMPOS;354990410A;SP;Jardim São Leopoldo;-23,244;-45,825;2018-02-22 23:10:00.0;0,0
SÃO JOSÉ DOS CAMPOS;354990410A;SP;Jardim São Leopoldo;-23,244;-45,825;2018-02-23 00:10:00.0;0,0
SÃO JOSÉ DOS CAMPOS;354990410A;SP;Jardim São Leopoldo;-23,244;-45,825;2018-02-23 00:30:00.0;0,2
SÃO JOSÉ DOS CAMPOS;354990410A;SP;Jardim São Leopoldo;-23,244;-45,825;2018-02-23 00:40:00.0;0,2
SÃO JOSÉ DOS CAMPOS;354990410A;SP;Jardim São Leopoldo;-23,244;-45,825;2018-02-23 01:10:00.0;0,0
SÃO JOSÉ DOS CAMPOS;354990410A;SP;Jardim São Leopoldo;-23,244;-45,825;2018-02-23 01:50:00.0;0,2
SÃO JOSÉ DOS CAMPOS;354990410A;SP;Jardim São Leopoldo;-23,244;-45,825;2018-02-23 03:10:00.0;0,0
SÃO JOSÉ DOS CAMPOS;354990410A;SP;Jardim São Leopoldo;-23,244;-45,825;2018-02-23 04:10:00.0;0,0
SÃO JOSÉ DOS CAMPOS;354990410A;SP;Jardim São Leopoldo;-23,244;-45,825;2018-02-23 05:10:00.0;0,0
SÃO JOSÉ DOS CAMPOS;354990410A;SP;Jardim São Leopoldo;-23,244;-45,825;2018-02-23 06:10:00.0;0,0
SÃO JOSÉ DOS CAMPOS;354990410A;SP;Jardim São Leopoldo;-23,244;-45,825;2018-02-23 07:10:00.0;0,0
SÃO JOSÉ DOS CAMPOS;354990410A;SP;Jardim São Leopoldo;-23,244;-45,825;2018-02-23 08:10:00.0;0,0
SÃO JOSÉ DOS CAMPOS;354990410A;SP;Jardim São Leopoldo;-23,244;-45,825;2018-02-23 09:10:00.0;0,0
SÃO JOSÉ DOS CAMPOS;354990410A;SP;Jardim São Leopoldo;-23,244;-45,825;2018-02-23 10:10:00.0;0,0
SÃO JOSÉ DOS CAMPOS;354990410A;SP;Jardim São Leopoldo;-23,244;-45,825;2018-02-23 11:10:00.0;0,0
SÃO JOSÉ DOS CAMPOS;354990410A;SP;Jardim São Leopoldo;-23,244;-45,825;2018-02-23 12:10:00.0;0,0
SÃO JOSÉ DOS CAMPOS;354990410A;SP;Jardim São Leopoldo;-23,244;-45,825;2018-02-23 13:10:00.0;0,0
SÃO JOSÉ DOS CAMPOS;354990410A;SP;Jardim São Leopoldo;-23,244;-45,825;2018-02-23 14:10:00.0;0,0
SÃO JOSÉ DOS CAMPOS;354990410A;SP;Jardim São Leopoldo;-23,244;-45,825;2018-02-23 15:10:00.0;0,0
SÃO JOSÉ DOS CAMPOS;354990410A;SP;Jardim São Leopoldo;-23,244;-45,825;2018-02-23 16:10:00.0;0,0
SÃO JOSÉ DOS CAMPOS;354990410A;SP;Jardim São Leopoldo;-23,244;-45,825;2018-02-23 17:10:00.0;0,0
SÃO JOSÉ DOS CAMPOS;354990410A;SP;Jardim São Leopoldo;-23,244;-45,825;2018-02-23 18:10:00.0;0,0
SÃO JOSÉ DOS CAMPOS;354990410A;SP;Jardim São Leopoldo;-23,244;-45,825;2018-02-23 19:10:00.0;0,0
SÃO JOSÉ DOS CAMPOS;354990410A;SP;Jardim São Leopoldo;-23,244;-45,825;2018-02-23 20:10:00.0;0,0
SÃO JOSÉ DOS CAMPOS;354990410A;SP;Jardim São Leopoldo;-23,244;-45,825;2018-02-23 21:10:00.0;0,0
SÃO JOSÉ DOS CAMPOS;354990410A;SP;Jardim São Leopoldo;-23,244;-45,825;2018-02-23 22:10:00.0;0,0
SÃO JOSÉ DOS CAMPOS;354990410A;SP;Jardim São Leopoldo;-23,244;-45,825;2018-02-23 23:10:00.0;0,0
SÃO JOSÉ DOS CAMPOS;354990410A;SP;Jardim São Leopoldo;-23,244;-45,825;2018-02-24 00:10:00.0;0,0
SÃO JOSÉ DOS CAMPOS;354990410A;SP;Jardim São Leopoldo;-23,244;-45,825;2018-02-24 01:10:00.0;0,0
SÃO JOSÉ DOS CAMPOS;354990410A;SP;Jardim São Leopoldo;-23,244;-45,825;2018-02-24 02:10:00.0;0,0
SÃO JOSÉ DOS CAMPOS;354990410A;SP;Jardim São Leopoldo;-23,244;-45,825;2018-02-24 03:10:00.0;0,0
SÃO JOSÉ DOS CAMPOS;354990410A;SP;Jardim São Leopoldo;-23,244;-45,825;2018-02-24 04:10:00.0;0,0
SÃO JOSÉ DOS CAMPOS;354990410A;SP;Jardim São Leopoldo;-23,244;-45,825;2018-02-24 05:10:00.0;0,0
SÃO JOSÉ DOS CAMPOS;354990410A;SP;Jardim São Leopoldo;-23,244;-45,825;2018-02-24 06:10:00.0;0,0
SÃO JOSÉ DOS CAMPOS;354990410A;SP;Jardim São Leopoldo;-23,244;-45,825;2018-02-24 07:10:00.0;0,0
SÃO JOSÉ DOS CAMPOS;354990410A;SP;Jardim São Leopoldo;-23,244;-45,825;2018-02-24 08:10:00.0;0,0
SÃO JOSÉ DOS CAMPOS;354990410A;SP;Jardim São Leopoldo;-23,244;-45,825;2018-02-24 09:10:00.0;0,0
SÃO JOSÉ DOS CAMPOS;354990410A;SP;Jardim São Leopoldo;-23,244;-45,825;2018-02-24 10:10:00.0;0,0
SÃO JOSÉ DOS CAMPOS;354990410A;SP;Jardim São Leopoldo;-23,244;-45,825;2018-02-24 11:10:00.0;0,0
SÃO JOSÉ DOS CAMPOS;354990410A;SP;Jardim São Leopoldo;-23,244;-45,825;2018-02-24 12:10:00.0;0,0
SÃO JOSÉ DOS CAMPOS;354990410A;SP;Jardim São Leopoldo;-23,244;-45,825;2018-02-24 13:10:00.0;0,0
SÃO JOSÉ DOS CAMPOS;354990410A;SP;Jardim São Leopoldo;-23,244;-45,825;2018-02-24 14:10:00.0;0,0
SÃO JOSÉ DOS CAMPOS;354990410A;SP;Jardim São Leopoldo;-23,244;-45,825;2018-02-24 15:10:00.0;0,0
SÃO JOSÉ DOS CAMPOS;354990410A;SP;Jardim São Leopoldo;-23,244;-45,825;2018-02-24 16:10:00.0;0,0
SÃO JOSÉ DOS CAMPOS;354990410A;SP;Jardim São Leopoldo;-23,244;-45,825;2018-02-24 17:10:00.0;0,0
SÃO JOSÉ DOS CAMPOS;354990410A;SP;Jardim São Leopoldo;-23,244;-45,825;2018-02-24 18:10:00.0;0,0
SÃO JOSÉ DOS CAMPOS;354990410A;SP;Jardim São Leopoldo;-23,244;-45,825;2018-02-24 19:10:00.0;0,0
SÃO JOSÉ DOS CAMPOS;354990410A;SP;Jardim São Leopoldo;-23,244;-45,825;2018-02-24 20:10:00.0;0,0
SÃO JOSÉ DOS CAMPOS;354990410A;SP;Jardim São Leopoldo;-23,244;-45,825;2018-02-24 21:10:00.0;0,0
SÃO JOSÉ DOS CAMPOS;354990410A;SP;Jardim São Leopoldo;-23,244;-45,825;2018-02-24 22:10:00.0;0,0
SÃO JOSÉ DOS CAMPOS;354990410A;SP;Jardim São Leopoldo;-23,244;-45,825;2018-02-24 23:10:00.0;0,0
SÃO JOSÉ DOS CAMPOS;354990410A;SP;Jardim São Leopoldo;-23,244;-45,825;2018-02-25 00:10:00.0;0,0
SÃO JOSÉ DOS CAMPOS;354990410A;SP;Jardim São Leopoldo;-23,244;-45,825;2018-02-25 01:10:00.0;0,0
SÃO JOSÉ DOS CAMPOS;354990410A;SP;Jardim São Leopoldo;-23,244;-45,825;2018-02-25 02:10:00.0;0,0
SÃO JOSÉ DOS CAMPOS;354990410A;SP;Jardim São Leopoldo;-23,244;-45,825;2018-02-25 03:10:00.0;0,0
SÃO JOSÉ DOS CAMPOS;354990410A;SP;Jardim São Leopoldo;-23,244;-45,825;2018-02-25 04:10:00.0;0,0
SÃO JOSÉ DOS CAMPOS;354990410A;SP;Jardim São Leopoldo;-23,244;-45,825;2018-02-25 05:10:00.0;0,0
SÃO JOSÉ DOS CAMPOS;354990410A;SP;Jardim São Leopoldo;-23,244;-45,825;2018-02-25 06:10:00.0;0,0
SÃO JOSÉ DOS CAMPOS;354990410A;SP;Jardim São Leopoldo;-23,244;-45,825;2018-02-25 07:10:00.0;0,0
SÃO JOSÉ DOS CAMPOS;354990410A;SP;Jardim São Leopoldo;-23,244;-45,825;2018-02-25 08:10:00.0;0,0
SÃO JOSÉ DOS CAMPOS;354990410A;SP;Jardim São Leopoldo;-23,244;-45,825;2018-02-25 09:10:00.0;0,0
SÃO JOSÉ DOS CAMPOS;354990410A;SP;Jardim São Leopoldo;-23,244;-45,825;2018-02-25 10:10:00.0;0,0
SÃO JOSÉ DOS CAMPOS;354990410A;SP;Jardim São Leopoldo;-23,244;-45,825;2018-02-25 11:10:00.0;0,0
SÃO JOSÉ DOS CAMPOS;354990410A;SP;Jardim São Leopoldo;-23,244;-45,825;2018-02-25 12:10:00.0;0,0
SÃO JOSÉ DOS CAMPOS;354990410A;SP;Jardim São Leopoldo;-23,244;-45,825;2018-02-25 13:10:00.0;0,0
SÃO JOSÉ DOS CAMPOS;354990410A;SP;Jardim São Leopoldo;-23,244;-45,825;2018-02-25 14:10:00.0;0,0
SÃO JOSÉ DOS CAMPOS;354990410A;SP;Jardim São Leopoldo;-23,244;-45,825;2018-02-25 15:10:00.0;0,0
SÃO JOSÉ DOS CAMPOS;354990410A;SP;Jardim São Leopoldo;-23,244;-45,825;2018-02-25 16:10:00.0;0,0
SÃO JOSÉ DOS CAMPOS;354990410A;SP;Jardim São Leopoldo;-23,244;-45,825;2018-02-25 17:10:00.0;0,0
SÃO JOSÉ DOS CAMPOS;354990410A;SP;Jardim São Leopoldo;-23,244;-45,825;2018-02-25 18:10:00.0;0,0
SÃO JOSÉ DOS CAMPOS;354990410A;SP;Jardim São Leopoldo;-23,244;-45,825;2018-02-25 19:10:00.0;0,0
SÃO JOSÉ DOS CAMPOS;354990410A;SP;Jardim São Leopoldo;-23,244;-45,825;2018-02-25 20:10:00.0;0,0
SÃO JOSÉ DOS CAMPOS;354990410A;SP;Jardim São Leopoldo;-23,244;-45,825;2018-02-25 21:10:00.0;0,0
SÃO JOSÉ DOS CAMPOS;354990410A;SP;Jardim São Leopoldo;-23,244;-45,825;2018-02-25 22:10:00.0;0,0
SÃO JOSÉ DOS CAMPOS;354990410A;SP;Jardim São Leopoldo;-23,244;-45,825;2018-02-25 23:10:00.0;0,0
SÃO JOSÉ DOS CAMPOS;354990410A;SP;Jardim São Leopoldo;-23,244;-45,825;2018-02-26 00:10:00.0;0,0
SÃO JOSÉ DOS CAMPOS;354990410A;SP;Jardim São Leopoldo;-23,244;-45,825;2018-02-26 01:10:00.0;0,0
SÃO JOSÉ DOS CAMPOS;354990410A;SP;Jardim São Leopoldo;-23,244;-45,825;2018-02-26 02:10:00.0;0,0
SÃO JOSÉ DOS CAMPOS;354990410A;SP;Jardim São Leopoldo;-23,244;-45,825;2018-02-26 03:10:00.0;0,0
SÃO JOSÉ DOS CAMPOS;354990410A;SP;Jardim São Leopoldo;-23,244;-45,825;2018-02-26 04:10:00.0;0,0
SÃO JOSÉ DOS CAMPOS;354990410A;SP;Jardim São Leopoldo;-23,244;-45,825;2018-02-26 05:10:00.0;0,0
SÃO JOSÉ DOS CAMPOS;354990410A;SP;Jardim São Leopoldo;-23,244;-45,825;2018-02-26 06:10:00.0;0,0
SÃO JOSÉ DOS CAMPOS;354990410A;SP;Jardim São Leopoldo;-23,244;-45,825;2018-02-26 07:10:00.0;0,0
SÃO JOSÉ DOS CAMPOS;354990410A;SP;Jardim São Leopoldo;-23,244;-45,825;2018-02-26 08:10:00.0;0,0
SÃO JOSÉ DOS CAMPOS;354990410A;SP;Jardim São Leopoldo;-23,244;-45,825;2018-02-26 09:10:00.0;0,0
SÃO JOSÉ DOS CAMPOS;354990410A;SP;Jardim São Leopoldo;-23,244;-45,825;2018-02-26 10:10:00.0;0,0
SÃO JOSÉ DOS CAMPOS;354990410A;SP;Jardim São Leopoldo;-23,244;-45,825;2018-02-26 11:10:00.0;0,0
SÃO JOSÉ DOS CAMPOS;354990410A;SP;Jardim São Leopoldo;-23,244;-45,825;2018-02-26 12:10:00.0;0,0
SÃO JOSÉ DOS CAMPOS;354990410A;SP;Jardim São Leopoldo;-23,244;-45,825;2018-02-26 13:10:00.0;0,0
SÃO JOSÉ DOS CAMPOS;354990410A;SP;Jardim São Leopoldo;-23,244;-45,825;2018-02-26 14:10:00.0;0,0
SÃO JOSÉ DOS CAMPOS;354990410A;SP;Jardim São Leopoldo;-23,244;-45,825;2018-02-26 15:10:00.0;0,0
SÃO JOSÉ DOS CAMPOS;354990410A;SP;Jardim São Leopoldo;-23,244;-45,825;2018-02-26 16:10:00.0;0,0
SÃO JOSÉ DOS CAMPOS;354990410A;SP;Jardim São Leopoldo;-23,244;-45,825;2018-02-26 17:10:00.0;0,0
SÃO JOSÉ DOS CAMPOS;354990410A;SP;Jardim São Leopoldo;-23,244;-45,825;2018-02-26 18:10:00.0;0,0
SÃO JOSÉ DOS CAMPOS;354990410A;SP;Jardim São Leopoldo;-23,244;-45,825;2018-02-26 18:50:00.0;0,39
SÃO JOSÉ DOS CAMPOS;354990410A;SP;Jardim São Leopoldo;-23,244;-45,825;2018-02-26 19:00:00.0;1,57
SÃO JOSÉ DOS CAMPOS;354990410A;SP;Jardim São Leopoldo;-23,244;-45,825;2018-02-26 19:10:00.0;1,18
SÃO JOSÉ DOS CAMPOS;354990410A;SP;Jardim São Leopoldo;-23,244;-45,825;2018-02-26 19:20:00.0;0,2
SÃO JOSÉ DOS CAMPOS;354990410A;SP;Jardim São Leopoldo;-23,244;-45,825;2018-02-26 19:30:00.0;0,2
SÃO JOSÉ DOS CAMPOS;354990410A;SP;Jardim São Leopoldo;-23,244;-45,825;2018-02-26 19:40:00.0;0,2
SÃO JOSÉ DOS CAMPOS;354990410A;SP;Jardim São Leopoldo;-23,244;-45,825;2018-02-26 19:50:00.0;0,59
SÃO JOSÉ DOS CAMPOS;354990410A;SP;Jardim São Leopoldo;-23,244;-45,825;2018-02-26 20:00:00.0;0,39
SÃO JOSÉ DOS CAMPOS;354990410A;SP;Jardim São Leopoldo;-23,244;-45,825;2018-02-26 20:10:00.0;0,59
SÃO JOSÉ DOS CAMPOS;354990410A;SP;Jardim São Leopoldo;-23,244;-45,825;2018-02-26 20:20:00.0;0,39
SÃO JOSÉ DOS CAMPOS;354990410A;SP;Jardim São Leopoldo;-23,244;-45,825;2018-02-26 20:30:00.0;0,59
SÃO JOSÉ DOS CAMPOS;354990410A;SP;Jardim São Leopoldo;-23,244;-45,825;2018-02-26 20:40:00.0;0,59
SÃO JOSÉ DOS CAMPOS;354990410A;SP;Jardim São Leopoldo;-23,244;-45,825;2018-02-26 20:50:00.0;0,2
SÃO JOSÉ DOS CAMPOS;354990410A;SP;Jardim São Leopoldo;-23,244;-45,825;2018-02-26 21:00:00.0;0,39
SÃO JOSÉ DOS CAMPOS;354990410A;SP;Jardim São Leopoldo;-23,244;-45,825;2018-02-26 21:10:00.0;1,18
SÃO JOSÉ DOS CAMPOS;354990410A;SP;Jardim São Leopoldo;-23,244;-45,825;2018-02-26 21:20:00.0;0,39
SÃO JOSÉ DOS CAMPOS;354990410A;SP;Jardim São Leopoldo;-23,244;-45,825;2018-02-26 21:30:00.0;0,59
SÃO JOSÉ DOS CAMPOS;354990410A;SP;Jardim São Leopoldo;-23,244;-45,825;2018-02-26 21:40:00.0;0,2
SÃO JOSÉ DOS CAMPOS;354990410A;SP;Jardim São Leopoldo;-23,244;-45,825;2018-02-26 21:50:00.0;0,39
SÃO JOSÉ DOS CAMPOS;354990410A;SP;Jardim São Leopoldo;-23,244;-45,825;2018-02-26 22:10:00.0;0,2
SÃO JOSÉ DOS CAMPOS;354990410A;SP;Jardim São Leopoldo;-23,244;-45,825;2018-02-26 22:20:00.0;0,2
SÃO JOSÉ DOS CAMPOS;354990410A;SP;Jardim São Leopoldo;-23,244;-45,825;2018-02-26 22:30:00.0;0,2
SÃO JOSÉ DOS CAMPOS;354990410A;SP;Jardim São Leopoldo;-23,244;-45,825;2018-02-26 22:50:00.0;0,2
SÃO JOSÉ DOS CAMPOS;354990410A;SP;Jardim São Leopoldo;-23,244;-45,825;2018-02-26 23:10:00.0;0,2
SÃO JOSÉ DOS CAMPOS;354990410A;SP;Jardim São Leopoldo;-23,244;-45,825;2018-02-27 00:10:00.0;0,0
SÃO JOSÉ DOS CAMPOS;354990410A;SP;Jardim São Leopoldo;-23,244;-45,825;2018-02-27 01:10:00.0;0,0
SÃO JOSÉ DOS CAMPOS;354990410A;SP;Jardim São Leopoldo;-23,244;-45,825;2018-02-27 02:10:00.0;0,0
SÃO JOSÉ DOS CAMPOS;354990410A;SP;Jardim São Leopoldo;-23,244;-45,825;2018-02-27 03:10:00.0;0,0
SÃO JOSÉ DOS CAMPOS;354990410A;SP;Jardim São Leopoldo;-23,244;-45,825;2018-02-27 04:10:00.0;0,0
SÃO JOSÉ DOS CAMPOS;354990410A;SP;Jardim São Leopoldo;-23,244;-45,825;2018-02-27 05:10:00.0;0,0
SÃO JOSÉ DOS CAMPOS;354990410A;SP;Jardim São Leopoldo;-23,244;-45,825;2018-02-27 06:00:00.0;0,2
SÃO JOSÉ DOS CAMPOS;354990410A;SP;Jardim São Leopoldo;-23,244;-45,825;2018-02-27 06:10:00.0;0,2
SÃO JOSÉ DOS CAMPOS;354990410A;SP;Jardim São Leopoldo;-23,244;-45,825;2018-02-27 06:40:00.0;0,2
SÃO JOSÉ DOS CAMPOS;354990410A;SP;Jardim São Leopoldo;-23,244;-45,825;2018-02-27 07:10:00.0;0,0
SÃO JOSÉ DOS CAMPOS;354990410A;SP;Jardim São Leopoldo;-23,244;-45,825;2018-02-27 08:10:00.0;0,0
SÃO JOSÉ DOS CAMPOS;354990410A;SP;Jardim São Leopoldo;-23,244;-45,825;2018-02-27 09:10:00.0;0,0
SÃO JOSÉ DOS CAMPOS;354990410A;SP;Jardim São Leopoldo;-23,244;-45,825;2018-02-27 10:10:00.0;0,0
SÃO JOSÉ DOS CAMPOS;354990410A;SP;Jardim São Leopoldo;-23,244;-45,825;2018-02-27 11:10:00.0;0,0
SÃO JOSÉ DOS CAMPOS;354990410A;SP;Jardim São Leopoldo;-23,244;-45,825;2018-02-27 12:10:00.0;0,0
SÃO JOSÉ DOS CAMPOS;354990410A;SP;Jardim São Leopoldo;-23,244;-45,825;2018-02-27 13:10:00.0;0,0
SÃO JOSÉ DOS CAMPOS;354990410A;SP;Jardim São Leopoldo;-23,244;-45,825;2018-02-27 14:10:00.0;0,0
SÃO JOSÉ DOS CAMPOS;354990410A;SP;Jardim São Leopoldo;-23,244;-45,825;2018-02-27 15:10:00.0;0,0
SÃO JOSÉ DOS CAMPOS;354990410A;SP;Jardim São Leopoldo;-23,244;-45,825;2018-02-27 16:10:00.0;0,0
SÃO JOSÉ DOS CAMPOS;354990410A;SP;Jardim São Leopoldo;-23,244;-45,825;2018-02-27 17:10:00.0;0,0
SÃO JOSÉ DOS CAMPOS;354990410A;SP;Jardim São Leopoldo;-23,244;-45,825;2018-02-27 18:10:00.0;0,0
SÃO JOSÉ DOS CAMPOS;354990410A;SP;Jardim São Leopoldo;-23,244;-45,825;2018-02-27 19:10:00.0;0,0
SÃO JOSÉ DOS CAMPOS;354990410A;SP;Jardim São Leopoldo;-23,244;-45,825;2018-02-27 20:10:00.0;0,0
SÃO JOSÉ DOS CAMPOS;354990410A;SP;Jardim São Leopoldo;-23,244;-45,825;2018-02-27 21:10:00.0;0,0
SÃO JOSÉ DOS CAMPOS;354990410A;SP;Jardim São Leopoldo;-23,244;-45,825;2018-02-27 22:10:00.0;0,0
SÃO JOSÉ DOS CAMPOS;354990410A;SP;Jardim São Leopoldo;-23,244;-45,825;2018-02-27 23:10:00.0;0,0
SÃO JOSÉ DOS CAMPOS;354990410A;SP;Jardim São Leopoldo;-23,244;-45,825;2018-02-28 00:10:00.0;0,0
SÃO JOSÉ DOS CAMPOS;354990410A;SP;Jardim São Leopoldo;-23,244;-45,825;2018-02-28 01:10:00.0;0,0
SÃO JOSÉ DOS CAMPOS;354990410A;SP;Jardim São Leopoldo;-23,244;-45,825;2018-02-28 02:10:00.0;0,0
SÃO JOSÉ DOS CAMPOS;354990410A;SP;Jardim São Leopoldo;-23,244;-45,825;2018-02-28 03:10:00.0;0,0
SÃO JOSÉ DOS CAMPOS;354990410A;SP;Jardim São Leopoldo;-23,244;-45,825;2018-02-28 04:10:00.0;0,0
SÃO JOSÉ DOS CAMPOS;354990410A;SP;Jardim São Leopoldo;-23,244;-45,825;2018-02-28 05:10:00.0;0,0
SÃO JOSÉ DOS CAMPOS;354990410A;SP;Jardim São Leopoldo;-23,244;-45,825;2018-02-28 06:10:00.0;0,0
SÃO JOSÉ DOS CAMPOS;354990410A;SP;Jardim São Leopoldo;-23,244;-45,825;2018-02-28 07:10:00.0;0,0
SÃO JOSÉ DOS CAMPOS;354990410A;SP;Jardim São Leopoldo;-23,244;-45,825;2018-02-28 08:10:00.0;0,0
SÃO JOSÉ DOS CAMPOS;354990410A;SP;Jardim São Leopoldo;-23,244;-45,825;2018-02-28 09:10:00.0;0,0
SÃO JOSÉ DOS CAMPOS;354990410A;SP;Jardim São Leopoldo;-23,244;-45,825;2018-02-28 10:10:00.0;0,0
SÃO JOSÉ DOS CAMPOS;354990410A;SP;Jardim São Leopoldo;-23,244;-45,825;2018-02-28 11:10:00.0;0,0
SÃO JOSÉ DOS CAMPOS;354990410A;SP;Jardim São Leopoldo;-23,244;-45,825;2018-02-28 12:10:00.0;0,0
SÃO JOSÉ DOS CAMPOS;354990410A;SP;Jardim São Leopoldo;-23,244;-45,825;2018-02-28 13:10:00.0;0,0
SÃO JOSÉ DOS CAMPOS;354990410A;SP;Jardim São Leopoldo;-23,244;-45,825;2018-02-28 14:10:00.0;0,0
SÃO JOSÉ DOS CAMPOS;354990410A;SP;Jardim São Leopoldo;-23,244;-45,825;2018-02-28 15:10:00.0;0,0
SÃO JOSÉ DOS CAMPOS;354990410A;SP;Jardim São Leopoldo;-23,244;-45,825;2018-02-28 16:10:00.0;0,0
SÃO JOSÉ DOS CAMPOS;354990410A;SP;Jardim São Leopoldo;-23,244;-45,825;2018-02-28 17:10:00.0;0,0
SÃO JOSÉ DOS CAMPOS;354990410A;SP;Jardim São Leopoldo;-23,244;-45,825;2018-02-28 18:10:00.0;0,0
SÃO JOSÉ DOS CAMPOS;354990410A;SP;Jardim São Leopoldo;-23,244;-45,825;2018-02-28 19:10:00.0;0,0
SÃO JOSÉ DOS CAMPOS;354990410A;SP;Jardim São Leopoldo;-23,244;-45,825;2018-02-28 19:50:00.0;10,38
SÃO JOSÉ DOS CAMPOS;354990410A;SP;Jardim São Leopoldo;-23,244;-45,825;2018-02-28 20:00:00.0;8,73
SÃO JOSÉ DOS CAMPOS;354990410A;SP;Jardim São Leopoldo;-23,244;-45,825;2018-02-28 20:10:00.0;0,98
SÃO JOSÉ DOS CAMPOS;354990410A;SP;Jardim São Leopoldo;-23,244;-45,825;2018-02-28 20:30:00.0;0,2
SÃO JOSÉ DOS CAMPOS;354990410A;SP;Jardim São Leopoldo;-23,244;-45,825;2018-02-28 21:10:00.0;0,0
SÃO JOSÉ DOS CAMPOS;354990410A;SP;Jardim São Leopoldo;-23,244;-45,825;2018-02-28 22:10:00.0;0,0
SÃO JOSÉ DOS CAMPOS;354990410A;SP;Jardim São Leopoldo;-23,244;-45,825;2018-02-28 23:10:00.0;0,0
