municipio;codEstacao;uf;nomeEstacao;latitude;longitude;datahora;valorMedida
SÃO JOSÉ DOS CAMPOS;354990401A;SP;Rio comprido;-23,256;-45,941;2019-02-01 00:00:00.0;0,0
SÃO JOSÉ DOS CAMPOS;354990401A;SP;Rio comprido;-23,256;-45,941;2019-02-01 01:00:00.0;0,0
SÃO JOSÉ DOS CAMPOS;354990401A;SP;Rio comprido;-23,256;-45,941;2019-02-01 02:00:00.0;0,0
SÃO JOSÉ DOS CAMPOS;354990401A;SP;Rio comprido;-23,256;-45,941;2019-02-01 03:00:00.0;0,0
SÃO JOSÉ DOS CAMPOS;354990401A;SP;Rio comprido;-23,256;-45,941;2019-02-01 04:00:00.0;0,0
SÃO JOSÉ DOS CAMPOS;354990401A;SP;Rio comprido;-23,256;-45,941;2019-02-01 05:00:00.0;0,0
SÃO JOSÉ DOS CAMPOS;354990401A;SP;Rio comprido;-23,256;-45,941;2019-02-01 06:00:00.0;0,0
SÃO JOSÉ DOS CAMPOS;354990401A;SP;Rio comprido;-23,256;-45,941;2019-02-01 07:00:00.0;0,0
SÃO JOSÉ DOS CAMPOS;354990401A;SP;Rio comprido;-23,256;-45,941;2019-02-01 08:00:00.0;0,0
SÃO JOSÉ DOS CAMPOS;354990401A;SP;Rio comprido;-23,256;-45,941;2019-02-01 09:00:00.0;0,0
SÃO JOSÉ DOS CAMPOS;354990401A;SP;Rio comprido;-23,256;-45,941;2019-02-01 10:00:00.0;0,0
SÃO JOSÉ DOS CAMPOS;354990401A;SP;Rio comprido;-23,256;-45,941;2019-02-01 11:00:00.0;0,0
SÃO JOSÉ DOS CAMPOS;354990401A;SP;Rio comprido;-23,256;-45,941;2019-02-01 12:00:00.0;0,0
SÃO JOSÉ DOS CAMPOS;354990401A;SP;Rio comprido;-23,256;-45,941;2019-02-01 13:00:00.0;0,0
SÃO JOSÉ DOS CAMPOS;354990401A;SP;Rio comprido;-23,256;-45,941;2019-02-01 14:00:00.0;0,0
SÃO JOSÉ DOS CAMPOS;354990401A;SP;Rio comprido;-23,256;-45,941;2019-02-01 15:00:00.0;0,0
SÃO JOSÉ DOS CAMPOS;354990401A;SP;Rio comprido;-23,256;-45,941;2019-02-01 16:00:00.0;0,0
SÃO JOSÉ DOS CAMPOS;354990401A;SP;Rio comprido;-23,256;-45,941;2019-02-01 17:00:00.0;0,0
SÃO JOSÉ DOS CAMPOS;354990401A;SP;Rio comprido;-23,256;-45,941;2019-02-01 17:10:00.0;0,2
SÃO JOSÉ DOS CAMPOS;354990401A;SP;Rio comprido;-23,256;-45,941;2019-02-01 18:00:00.0;0,0
SÃO JOSÉ DOS CAMPOS;354990401A;SP;Rio comprido;-23,256;-45,941;2019-02-01 19:00:00.0;0,0
SÃO JOSÉ DOS CAMPOS;354990401A;SP;Rio comprido;-23,256;-45,941;2019-02-01 20:00:00.0;0,0
SÃO JOSÉ DOS CAMPOS;354990401A;SP;Rio comprido;-23,256;-45,941;2019-02-01 21:00:00.0;0,0
SÃO JOSÉ DOS CAMPOS;354990401A;SP;Rio comprido;-23,256;-45,941;2019-02-01 22:00:00.0;0,0
SÃO JOSÉ DOS CAMPOS;354990401A;SP;Rio comprido;-23,256;-45,941;2019-02-01 23:00:00.0;0,0
SÃO JOSÉ DOS CAMPOS;354990401A;SP;Rio comprido;-23,256;-45,941;2019-02-02 00:00:00.0;0,0
SÃO JOSÉ DOS CAMPOS;354990401A;SP;Rio comprido;-23,256;-45,941;2019-02-02 01:00:00.0;0,0
SÃO JOSÉ DOS CAMPOS;354990401A;SP;Rio comprido;-23,256;-45,941;2019-02-02 02:00:00.0;0,0
SÃO JOSÉ DOS CAMPOS;354990401A;SP;Rio comprido;-23,256;-45,941;2019-02-02 03:00:00.0;0,0
SÃO JOSÉ DOS CAMPOS;354990401A;SP;Rio comprido;-23,256;-45,941;2019-02-02 04:00:00.0;0,0
SÃO JOSÉ DOS CAMPOS;354990401A;SP;Rio comprido;-23,256;-45,941;2019-02-02 05:00:00.0;0,0
SÃO JOSÉ DOS CAMPOS;354990401A;SP;Rio comprido;-23,256;-45,941;2019-02-02 06:00:00.0;0,0
SÃO JOSÉ DOS CAMPOS;354990401A;SP;Rio comprido;-23,256;-45,941;2019-02-02 07:00:00.0;0,0
SÃO JOSÉ DOS CAMPOS;354990401A;SP;Rio comprido;-23,256;-45,941;2019-02-02 08:00:00.0;0,0
SÃO JOSÉ DOS CAMPOS;354990401A;SP;Rio comprido;-23,256;-45,941;2019-02-02 09:00:00.0;0,0
SÃO JOSÉ DOS CAMPOS;354990401A;SP;Rio comprido;-23,256;-45,941;2019-02-02 10:00:00.0;0,0
SÃO JOSÉ DOS CAMPOS;354990401A;SP;Rio comprido;-23,256;-45,941;2019-02-02 11:00:00.0;0,0
SÃO JOSÉ DOS CAMPOS;354990401A;SP;Rio comprido;-23,256;-45,941;2019-02-02 12:00:00.0;0,0
SÃO JOSÉ DOS CAMPOS;354990401A;SP;Rio comprido;-23,256;-45,941;2019-02-02 13:00:00.0;0,0
SÃO JOSÉ DOS CAMPOS;354990401A;SP;Rio comprido;-23,256;-45,941;2019-02-02 14:00:00.0;0,0
SÃO JOSÉ DOS CAMPOS;354990401A;SP;Rio comprido;-23,256;-45,941;2019-02-02 15:00:00.0;0,0
SÃO JOSÉ DOS CAMPOS;354990401A;SP;Rio comprido;-23,256;-45,941;2019-02-02 16:00:00.0;0,0
SÃO JOSÉ DOS CAMPOS;354990401A;SP;Rio comprido;-23,256;-45,941;2019-02-02 17:00:00.0;0,0
SÃO JOSÉ DOS CAMPOS;354990401A;SP;Rio comprido;-23,256;-45,941;2019-02-02 18:00:00.0;0,0
SÃO JOSÉ DOS CAMPOS;354990401A;SP;Rio comprido;-23,256;-45,941;2019-02-02 19:00:00.0;0,0
SÃO JOSÉ DOS CAMPOS;354990401A;SP;Rio comprido;-23,256;-45,941;2019-02-02 20:00:00.0;0,0
SÃO JOSÉ DOS CAMPOS;354990401A;SP;Rio comprido;-23,256;-45,941;2019-02-02 21:00:00.0;0,0
SÃO JOSÉ DOS CAMPOS;354990401A;SP;Rio comprido;-23,256;-45,941;2019-02-02 22:00:00.0;0,0
SÃO JOSÉ DOS CAMPOS;354990401A;SP;Rio comprido;-23,256;-45,941;2019-02-02 23:00:00.0;0,0
SÃO JOSÉ DOS CAMPOS;354990401A;SP;Rio comprido;-23,256;-45,941;2019-02-03 00:00:00.0;0,0
SÃO JOSÉ DOS CAMPOS;354990401A;SP;Rio comprido;-23,256;-45,941;2019-02-03 01:00:00.0;0,0
SÃO JOSÉ DOS CAMPOS;354990401A;SP;Rio comprido;-23,256;-45,941;2019-02-03 02:00:00.0;0,0
SÃO JOSÉ DOS CAMPOS;354990401A;SP;Rio comprido;-23,256;-45,941;2019-02-03 03:00:00.0;0,0
SÃO JOSÉ DOS CAMPOS;354990401A;SP;Rio comprido;-23,256;-45,941;2019-02-03 04:00:00.0;0,0
SÃO JOSÉ DOS CAMPOS;354990401A;SP;Rio comprido;-23,256;-45,941;2019-02-03 05:00:00.0;0,0
SÃO JOSÉ DOS CAMPOS;354990401A;SP;Rio comprido;-23,256;-45,941;2019-02-03 06:00:00.0;0,0
SÃO JOSÉ DOS CAMPOS;354990401A;SP;Rio comprido;-23,256;-45,941;2019-02-03 07:00:00.0;0,0
SÃO JOSÉ DOS CAMPOS;354990401A;SP;Rio comprido;-23,256;-45,941;2019-02-03 08:00:00.0;0,0
SÃO JOSÉ DOS CAMPOS;354990401A;SP;Rio comprido;-23,256;-45,941;2019-02-03 09:00:00.0;0,0
SÃO JOSÉ DOS CAMPOS;354990401A;SP;Rio comprido;-23,256;-45,941;2019-02-03 10:00:00.0;0,0
SÃO JOSÉ DOS CAMPOS;354990401A;SP;Rio comprido;-23,256;-45,941;2019-02-03 11:00:00.0;0,0
SÃO JOSÉ DOS CAMPOS;354990401A;SP;Rio comprido;-23,256;-45,941;2019-02-03 12:00:00.0;0,0
SÃO JOSÉ DOS CAMPOS;354990401A;SP;Rio comprido;-23,256;-45,941;2019-02-03 13:00:00.0;0,0
SÃO JOSÉ DOS CAMPOS;354990401A;SP;Rio comprido;-23,256;-45,941;2019-02-03 14:00:00.0;0,0
SÃO JOSÉ DOS CAMPOS;354990401A;SP;Rio comprido;-23,256;-45,941;2019-02-03 15:00:00.0;0,0
SÃO JOSÉ DOS CAMPOS;354990401A;SP;Rio comprido;-23,256;-45,941;2019-02-03 16:00:00.0;0,0
SÃO JOSÉ DOS CAMPOS;354990401A;SP;Rio comprido;-23,256;-45,941;2019-02-03 17:00:00.0;0,0
SÃO JOSÉ DOS CAMPOS;354990401A;SP;Rio comprido;-23,256;-45,941;2019-02-03 18:00:00.0;0,0
SÃO JOSÉ DOS CAMPOS;354990401A;SP;Rio comprido;-23,256;-45,941;2019-02-03 19:00:00.0;0,0
SÃO JOSÉ DOS CAMPOS;354990401A;SP;Rio comprido;-23,256;-45,941;2019-02-03 20:00:00.0;0,0
SÃO JOSÉ DOS CAMPOS;354990401A;SP;Rio comprido;-23,256;-45,941;2019-02-03 21:00:00.0;0,0
SÃO JOSÉ DOS CAMPOS;354990401A;SP;Rio comprido;-23,256;-45,941;2019-02-03 22:00:00.0;0,0
SÃO JOSÉ DOS CAMPOS;354990401A;SP;Rio comprido;-23,256;-45,941;2019-02-03 23:00:00.0;0,0
SÃO JOSÉ DOS CAMPOS;354990401A;SP;Rio comprido;-23,256;-45,941;2019-02-04 00:00:00.0;0,0
SÃO JOSÉ DOS CAMPOS;354990401A;SP;Rio comprido;-23,256;-45,941;2019-02-04 01:00:00.0;0,0
SÃO JOSÉ DOS CAMPOS;354990401A;SP;Rio comprido;-23,256;-45,941;2019-02-04 02:00:00.0;0,0
SÃO JOSÉ DOS CAMPOS;354990401A;SP;Rio comprido;-23,256;-45,941;2019-02-04 03:00:00.0;0,0
SÃO JOSÉ DOS CAMPOS;354990401A;SP;Rio comprido;-23,256;-45,941;2019-02-04 04:00:00.0;0,0
SÃO JOSÉ DOS CAMPOS;354990401A;SP;Rio comprido;-23,256;-45,941;2019-02-04 05:00:00.0;0,0
SÃO JOSÉ DOS CAMPOS;354990401A;SP;Rio comprido;-23,256;-45,941;2019-02-04 06:00:00.0;0,0
SÃO JOSÉ DOS CAMPOS;354990401A;SP;Rio comprido;-23,256;-45,941;2019-02-04 07:00:00.0;0,0
SÃO JOSÉ DOS CAMPOS;354990401A;SP;Rio comprido;-23,256;-45,941;2019-02-04 08:00:00.0;0,0
SÃO JOSÉ DOS CAMPOS;354990401A;SP;Rio comprido;-23,256;-45,941;2019-02-04 09:00:00.0;0,0
SÃO JOSÉ DOS CAMPOS;354990401A;SP;Rio comprido;-23,256;-45,941;2019-02-04 10:00:00.0;0,0
SÃO JOSÉ DOS CAMPOS;354990401A;SP;Rio comprido;-23,256;-45,941;2019-02-04 11:00:00.0;0,0
SÃO JOSÉ DOS CAMPOS;354990401A;SP;Rio comprido;-23,256;-45,941;2019-02-04 12:00:00.0;0,0
SÃO JOSÉ DOS CAMPOS;354990401A;SP;Rio comprido;-23,256;-45,941;2019-02-04 13:00:00.0;0,0
SÃO JOSÉ DOS CAMPOS;354990401A;SP;Rio comprido;-23,256;-45,941;2019-02-04 14:00:00.0;0,0
SÃO JOSÉ DOS CAMPOS;354990401A;SP;Rio comprido;-23,256;-45,941;2019-02-04 15:00:00.0;0,0
SÃO JOSÉ DOS CAMPOS;354990401A;SP;Rio comprido;-23,256;-45,941;2019-02-04 16:00:00.0;0,0
SÃO JOSÉ DOS CAMPOS;354990401A;SP;Rio comprido;-23,256;-45,941;2019-02-04 17:00:00.0;0,0
SÃO JOSÉ DOS CAMPOS;354990401A;SP;Rio comprido;-23,256;-45,941;2019-02-04 18:00:00.0;0,0
SÃO JOSÉ DOS CAMPOS;354990401A;SP;Rio comprido;-23,256;-45,941;2019-02-04 19:00:00.0;0,0
SÃO JOSÉ DOS CAMPOS;354990401A;SP;Rio comprido;-23,256;-45,941;2019-02-04 20:00:00.0;0,0
SÃO JOSÉ DOS CAMPOS;354990401A;SP;Rio comprido;-23,256;-45,941;2019-02-04 21:00:00.0;0,0
SÃO JOSÉ DOS CAMPOS;354990401A;SP;Rio comprido;-23,256;-45,941;2019-02-04 22:00:00.0;0,0
SÃO JOSÉ DOS CAMPOS;354990401A;SP;Rio comprido;-23,256;-45,941;2019-02-04 23:00:00.0;0,0
SÃO JOSÉ DOS CAMPOS;354990401A;SP;Rio comprido;-23,256;-45,941;2019-02-05 00:00:00.0;0,0
SÃO JOSÉ DOS CAMPOS;354990401A;SP;Rio comprido;-23,256;-45,941;2019-02-05 01:00:00.0;0,0
SÃO JOSÉ DOS CAMPOS;354990401A;SP;Rio comprido;-23,256;-45,941;2019-02-05 02:00:00.0;0,0
SÃO JOSÉ DOS CAMPOS;354990401A;SP;Rio comprido;-23,256;-45,941;2019-02-05 03:00:00.0;0,0
SÃO JOSÉ DOS CAMPOS;354990401A;SP;Rio comprido;-23,256;-45,941;2019-02-05 04:00:00.0;0,0
SÃO JOSÉ DOS CAMPOS;354990401A;SP;Rio comprido;-23,256;-45,941;2019-02-05 05:00:00.0;0,0
SÃO JOSÉ DOS CAMPOS;354990401A;SP;Rio comprido;-23,256;-45,941;2019-02-05 06:00:00.0;0,0
SÃO JOSÉ DOS CAMPOS;354990401A;SP;Rio comprido;-23,256;-45,941;2019-02-05 07:00:00.0;0,0
SÃO JOSÉ DOS CAMPOS;354990401A;SP;Rio comprido;-23,256;-45,941;2019-02-05 08:00:00.0;0,0
SÃO JOSÉ DOS CAMPOS;354990401A;SP;Rio comprido;-23,256;-45,941;2019-02-05 09:00:00.0;0,0
SÃO JOSÉ DOS CAMPOS;354990401A;SP;Rio comprido;-23,256;-45,941;2019-02-05 10:00:00.0;0,0
SÃO JOSÉ DOS CAMPOS;354990401A;SP;Rio comprido;-23,256;-45,941;2019-02-05 11:00:00.0;0,0
SÃO JOSÉ DOS CAMPOS;354990401A;SP;Rio comprido;-23,256;-45,941;2019-02-05 12:00:00.0;0,0
SÃO JOSÉ DOS CAMPOS;354990401A;SP;Rio comprido;-23,256;-45,941;2019-02-05 13:00:00.0;0,0
SÃO JOSÉ DOS CAMPOS;354990401A;SP;Rio comprido;-23,256;-45,941;2019-02-05 14:00:00.0;0,0
SÃO JOSÉ DOS CAMPOS;354990401A;SP;Rio comprido;-23,256;-45,941;2019-02-05 15:00:00.0;0,0
SÃO JOSÉ DOS CAMPOS;354990401A;SP;Rio comprido;-23,256;-45,941;2019-02-05 16:00:00.0;0,0
SÃO JOSÉ DOS CAMPOS;354990401A;SP;Rio comprido;-23,256;-45,941;2019-02-05 17:00:00.0;0,0
SÃO JOSÉ DOS CAMPOS;354990401A;SP;Rio comprido;-23,256;-45,941;2019-02-05 18:00:00.0;0,0
SÃO JOSÉ DOS CAMPOS;354990401A;SP;Rio comprido;-23,256;-45,941;2019-02-05 19:00:00.0;0,0
SÃO JOSÉ DOS CAMPOS;354990401A;SP;Rio comprido;-23,256;-45,941;2019-02-05 20:00:00.0;0,0
SÃO JOSÉ DOS CAMPOS;354990401A;SP;Rio comprido;-23,256;-45,941;2019-02-05 21:00:00.0;0,0
SÃO JOSÉ DOS CAMPOS;354990401A;SP;Rio comprido;-23,256;-45,941;2019-02-05 22:00:00.0;0,0
SÃO JOSÉ DOS CAMPOS;354990401A;SP;Rio comprido;-23,256;-45,941;2019-02-05 23:00:00.0;0,0
SÃO JOSÉ DOS CAMPOS;354990401A;SP;Rio comprido;-23,256;-45,941;2019-02-06 00:00:00.0;0,0
SÃO JOSÉ DOS CAMPOS;354990401A;SP;Rio comprido;-23,256;-45,941;2019-02-06 01:00:00.0;0,0
SÃO JOSÉ DOS CAMPOS;354990401A;SP;Rio comprido;-23,256;-45,941;2019-02-06 02:00:00.0;0,0
SÃO JOSÉ DOS CAMPOS;354990401A;SP;Rio comprido;-23,256;-45,941;2019-02-06 03:00:00.0;0,0
SÃO JOSÉ DOS CAMPOS;354990401A;SP;Rio comprido;-23,256;-45,941;2019-02-06 04:00:00.0;0,0
SÃO JOSÉ DOS CAMPOS;354990401A;SP;Rio comprido;-23,256;-45,941;2019-02-06 05:00:00.0;0,0
SÃO JOSÉ DOS CAMPOS;354990401A;SP;Rio comprido;-23,256;-45,941;2019-02-06 06:00:00.0;0,0
SÃO JOSÉ DOS CAMPOS;354990401A;SP;Rio comprido;-23,256;-45,941;2019-02-06 07:00:00.0;0,0
SÃO JOSÉ DOS CAMPOS;354990401A;SP;Rio comprido;-23,256;-45,941;2019-02-06 08:00:00.0;0,0
SÃO JOSÉ DOS CAMPOS;354990401A;SP;Rio comprido;-23,256;-45,941;2019-02-06 09:00:00.0;0,0
SÃO JOSÉ DOS CAMPOS;354990401A;SP;Rio comprido;-23,256;-45,941;2019-02-06 10:00:00.0;0,0
SÃO JOSÉ DOS CAMPOS;354990401A;SP;Rio comprido;-23,256;-45,941;2019-02-06 11:00:00.0;0,0
SÃO JOSÉ DOS CAMPOS;354990401A;SP;Rio comprido;-23,256;-45,941;2019-02-06 12:00:00.0;0,0
SÃO JOSÉ DOS CAMPOS;354990401A;SP;Rio comprido;-23,256;-45,941;2019-02-06 13:00:00.0;0,0
SÃO JOSÉ DOS CAMPOS;354990401A;SP;Rio comprido;-23,256;-45,941;2019-02-06 14:00:00.0;0,0
SÃO JOSÉ DOS CAMPOS;354990401A;SP;Rio comprido;-23,256;-45,941;2019-02-06 15:00:00.0;0,0
SÃO JOSÉ DOS CAMPOS;354990401A;SP;Rio comprido;-23,256;-45,941;2019-02-06 16:00:00.0;0,0
SÃO JOSÉ DOS CAMPOS;354990401A;SP;Rio comprido;-23,256;-45,941;2019-02-06 18:50:00.0;0,0
SÃO JOSÉ DOS CAMPOS;354990401A;SP;Rio comprido;-23,256;-45,941;2019-02-06 19:00:00.0;0,0
SÃO JOSÉ DOS CAMPOS;354990401A;SP;Rio comprido;-23,256;-45,941;2019-02-06 20:00:00.0;0,0
SÃO JOSÉ DOS CAMPOS;354990401A;SP;Rio comprido;-23,256;-45,941;2019-02-06 21:00:00.0;0,0
SÃO JOSÉ DOS CAMPOS;354990401A;SP;Rio comprido;-23,256;-45,941;2019-02-06 22:00:00.0;0,0
SÃO JOSÉ DOS CAMPOS;354990401A;SP;Rio comprido;-23,256;-45,941;2019-02-06 23:00:00.0;0,0
SÃO JOSÉ DOS CAMPOS;354990401A;SP;Rio comprido;-23,256;-45,941;2019-02-07 01:00:00.0;0,0
SÃO JOSÉ DOS CAMPOS;354990401A;SP;Rio comprido;-23,256;-45,941;2019-02-07 02:00:00.0;0,0
SÃO JOSÉ DOS CAMPOS;354990401A;SP;Rio comprido;-23,256;-45,941;2019-02-07 03:00:00.0;0,0
SÃO JOSÉ DOS CAMPOS;354990401A;SP;Rio comprido;-23,256;-45,941;2019-02-07 04:00:00.0;0,0
SÃO JOSÉ DOS CAMPOS;354990401A;SP;Rio comprido;-23,256;-45,941;2019-02-07 05:00:00.0;0,0
SÃO JOSÉ DOS CAMPOS;354990401A;SP;Rio comprido;-23,256;-45,941;2019-02-07 06:00:00.0;0,0
SÃO JOSÉ DOS CAMPOS;354990401A;SP;Rio comprido;-23,256;-45,941;2019-02-07 07:00:00.0;0,0
SÃO JOSÉ DOS CAMPOS;354990401A;SP;Rio comprido;-23,256;-45,941;2019-02-07 08:00:00.0;0,0
SÃO JOSÉ DOS CAMPOS;354990401A;SP;Rio comprido;-23,256;-45,941;2019-02-07 09:00:00.0;0,0
SÃO JOSÉ DOS CAMPOS;354990401A;SP;Rio comprido;-23,256;-45,941;2019-02-07 10:00:00.0;0,0
SÃO JOSÉ DOS CAMPOS;354990401A;SP;Rio comprido;-23,256;-45,941;2019-02-07 11:00:00.0;0,0
SÃO JOSÉ DOS CAMPOS;354990401A;SP;Rio comprido;-23,256;-45,941;2019-02-07 12:00:00.0;0,0
SÃO JOSÉ DOS CAMPOS;354990401A;SP;Rio comprido;-23,256;-45,941;2019-02-07 13:00:00.0;0,0
SÃO JOSÉ DOS CAMPOS;354990401A;SP;Rio comprido;-23,256;-45,941;2019-02-07 14:00:00.0;0,0
SÃO JOSÉ DOS CAMPOS;354990401A;SP;Rio comprido;-23,256;-45,941;2019-02-07 15:00:00.0;0,0
SÃO JOSÉ DOS CAMPOS;354990401A;SP;Rio comprido;-23,256;-45,941;2019-02-07 16:00:00.0;0,0
SÃO JOSÉ DOS CAMPOS;354990401A;SP;Rio comprido;-23,256;-45,941;2019-02-07 17:00:00.0;0,0
SÃO JOSÉ DOS CAMPOS;354990401A;SP;Rio comprido;-23,256;-45,941;2019-02-07 18:00:00.0;0,0
SÃO JOSÉ DOS CAMPOS;354990401A;SP;Rio comprido;-23,256;-45,941;2019-02-07 19:00:00.0;0,0
SÃO JOSÉ DOS CAMPOS;354990401A;SP;Rio comprido;-23,256;-45,941;2019-02-07 20:00:00.0;0,0
SÃO JOSÉ DOS CAMPOS;354990401A;SP;Rio comprido;-23,256;-45,941;2019-02-07 21:00:00.0;0,0
SÃO JOSÉ DOS CAMPOS;354990401A;SP;Rio comprido;-23,256;-45,941;2019-02-08 17:40:00.0;0,0
SÃO JOSÉ DOS CAMPOS;354990401A;SP;Rio comprido;-23,256;-45,941;2019-02-08 18:10:00.0;0,0
SÃO JOSÉ DOS CAMPOS;354990401A;SP;Rio comprido;-23,256;-45,941;2019-02-08 19:00:00.0;0,0
SÃO JOSÉ DOS CAMPOS;354990401A;SP;Rio comprido;-23,256;-45,941;2019-02-08 20:00:00.0;0,0
SÃO JOSÉ DOS CAMPOS;354990401A;SP;Rio comprido;-23,256;-45,941;2019-02-08 21:00:00.0;0,0
SÃO JOSÉ DOS CAMPOS;354990401A;SP;Rio comprido;-23,256;-45,941;2019-02-08 22:00:00.0;0,0
SÃO JOSÉ DOS CAMPOS;354990401A;SP;Rio comprido;-23,256;-45,941;2019-02-08 23:00:00.0;0,0
SÃO JOSÉ DOS CAMPOS;354990401A;SP;Rio comprido;-23,256;-45,941;2019-02-09 00:00:00.0;0,0
SÃO JOSÉ DOS CAMPOS;354990401A;SP;Rio comprido;-23,256;-45,941;2019-02-09 01:00:00.0;0,0
SÃO JOSÉ DOS CAMPOS;354990401A;SP;Rio comprido;-23,256;-45,941;2019-02-09 02:00:00.0;0,0
SÃO JOSÉ DOS CAMPOS;354990401A;SP;Rio comprido;-23,256;-45,941;2019-02-09 03:00:00.0;0,0
SÃO JOSÉ DOS CAMPOS;354990401A;SP;Rio comprido;-23,256;-45,941;2019-02-09 04:00:00.0;0,0
SÃO JOSÉ DOS CAMPOS;354990401A;SP;Rio comprido;-23,256;-45,941;2019-02-09 05:00:00.0;0,0
SÃO JOSÉ DOS CAMPOS;354990401A;SP;Rio comprido;-23,256;-45,941;2019-02-09 06:00:00.0;0,0
SÃO JOSÉ DOS CAMPOS;354990401A;SP;Rio comprido;-23,256;-45,941;2019-02-09 07:00:00.0;0,0
SÃO JOSÉ DOS CAMPOS;354990401A;SP;Rio comprido;-23,256;-45,941;2019-02-09 08:00:00.0;0,0
SÃO JOSÉ DOS CAMPOS;354990401A;SP;Rio comprido;-23,256;-45,941;2019-02-09 09:00:00.0;0,0
SÃO JOSÉ DOS CAMPOS;354990401A;SP;Rio comprido;-23,256;-45,941;2019-02-09 10:00:00.0;0,0
SÃO JOSÉ DOS CAMPOS;354990401A;SP;Rio comprido;-23,256;-45,941;2019-02-09 11:00:00.0;0,0
SÃO JOSÉ DOS CAMPOS;354990401A;SP;Rio comprido;-23,256;-45,941;2019-02-09 12:00:00.0;0,0
SÃO JOSÉ DOS CAMPOS;354990401A;SP;Rio comprido;-23,256;-45,941;2019-02-09 13:00:00.0;0,0
SÃO JOSÉ DOS CAMPOS;354990401A;SP;Rio comprido;-23,256;-45,941;2019-02-09 14:00:00.0;0,0
SÃO JOSÉ DOS CAMPOS;354990401A;SP;Rio comprido;-23,256;-45,941;2019-02-09 15:00:00.0;0,0
SÃO JOSÉ DOS CAMPOS;354990401A;SP;Rio comprido;-23,256;-45,941;2019-02-09 16:00:00.0;0,0
SÃO JOSÉ DOS CAMPOS;354990401A;SP;Rio comprido;-23,256;-45,941;2019-02-09 17:00:00.0;0,0
SÃO JOSÉ DOS CAMPOS;354990401A;SP;Rio comprido;-23,256;-45,941;2019-02-09 18:00:00.0;0,0
SÃO JOSÉ DOS CAMPOS;354990401A;SP;Rio comprido;-23,256;-45,941;2019-02-09 19:00:00.0;0,0
SÃO JOSÉ DOS CAMPOS;354990401A;SP;Rio comprido;-23,256;-45,941;2019-02-09 20:00:00.0;0,0
SÃO JOSÉ DOS CAMPOS;354990401A;SP;Rio comprido;-23,256;-45,941;2019-02-09 21:00:00.0;0,0
SÃO JOSÉ DOS CAMPOS;354990401A;SP;Rio comprido;-23,256;-45,941;2019-02-09 22:00:00.0;0,0
SÃO JOSÉ DOS CAMPOS;354990401A;SP;Rio comprido;-23,256;-45,941;2019-02-09 23:00:00.0;0,0
SÃO JOSÉ DOS CAMPOS;354990401A;SP;Rio comprido;-23,256;-45,941;2019-02-10 00:00:00.0;0,0
SÃO JOSÉ DOS CAMPOS;354990401A;SP;Rio comprido;-23,256;-45,941;2019-02-10 01:00:00.0;0,0
SÃO JOSÉ DOS CAMPOS;354990401A;SP;Rio comprido;-23,256;-45,941;2019-02-10 02:00:00.0;0,0
SÃO JOSÉ DOS CAMPOS;354990401A;SP;Rio comprido;-23,256;-45,941;2019-02-10 03:00:00.0;0,0
SÃO JOSÉ DOS CAMPOS;354990401A;SP;Rio comprido;-23,256;-45,941;2019-02-10 04:00:00.0;0,0
SÃO JOSÉ DOS CAMPOS;354990401A;SP;Rio comprido;-23,256;-45,941;2019-02-10 05:00:00.0;0,0
SÃO JOSÉ DOS CAMPOS;354990401A;SP;Rio comprido;-23,256;-45,941;2019-02-10 06:00:00.0;0,0
SÃO JOSÉ DOS CAMPOS;354990401A;SP;Rio comprido;-23,256;-45,941;2019-02-10 07:00:00.0;0,0
SÃO JOSÉ DOS CAMPOS;354990401A;SP;Rio comprido;-23,256;-45,941;2019-02-10 08:00:00.0;0,0
SÃO JOSÉ DOS CAMPOS;354990401A;SP;Rio comprido;-23,256;-45,941;2019-02-10 09:00:00.0;0,0
SÃO JOSÉ DOS CAMPOS;354990401A;SP;Rio comprido;-23,256;-45,941;2019-02-10 10:00:00.0;0,0
SÃO JOSÉ DOS CAMPOS;354990401A;SP;Rio comprido;-23,256;-45,941;2019-02-10 11:00:00.0;0,0
SÃO JOSÉ DOS CAMPOS;354990401A;SP;Rio comprido;-23,256;-45,941;2019-02-10 12:00:00.0;0,0
SÃO JOSÉ DOS CAMPOS;354990401A;SP;Rio comprido;-23,256;-45,941;2019-02-10 13:00:00.0;0,0
SÃO JOSÉ DOS CAMPOS;354990401A;SP;Rio comprido;-23,256;-45,941;2019-02-10 14:00:00.0;0,0
SÃO JOSÉ DOS CAMPOS;354990401A;SP;Rio comprido;-23,256;-45,941;2019-02-10 15:00:00.0;0,0
SÃO JOSÉ DOS CAMPOS;354990401A;SP;Rio comprido;-23,256;-45,941;2019-02-10 16:00:00.0;0,0
SÃO JOSÉ DOS CAMPOS;354990401A;SP;Rio comprido;-23,256;-45,941;2019-02-10 17:00:00.0;0,0
SÃO JOSÉ DOS CAMPOS;354990401A;SP;Rio comprido;-23,256;-45,941;2019-02-10 18:00:00.0;0,0
SÃO JOSÉ DOS CAMPOS;354990401A;SP;Rio comprido;-23,256;-45,941;2019-02-10 19:00:00.0;0,0
SÃO JOSÉ DOS CAMPOS;354990401A;SP;Rio comprido;-23,256;-45,941;2019-02-10 20:00:00.0;0,0
SÃO JOSÉ DOS CAMPOS;354990401A;SP;Rio comprido;-23,256;-45,941;2019-02-10 21:00:00.0;0,0
SÃO JOSÉ DOS CAMPOS;354990401A;SP;Rio comprido;-23,256;-45,941;2019-02-10 22:00:00.0;0,0
SÃO JOSÉ DOS CAMPOS;354990401A;SP;Rio comprido;-23,256;-45,941;2019-02-10 23:00:00.0;0,0
SÃO JOSÉ DOS CAMPOS;354990401A;SP;Rio comprido;-23,256;-45,941;2019-02-11 00:00:00.0;0,0
SÃO JOSÉ DOS CAMPOS;354990401A;SP;Rio comprido;-23,256;-45,941;2019-02-11 01:00:00.0;0,0
SÃO JOSÉ DOS CAMPOS;354990401A;SP;Rio comprido;-23,256;-45,941;2019-02-11 02:00:00.0;0,0
SÃO JOSÉ DOS CAMPOS;354990401A;SP;Rio comprido;-23,256;-45,941;2019-02-11 03:00:00.0;0,0
SÃO JOSÉ DOS CAMPOS;354990401A;SP;Rio comprido;-23,256;-45,941;2019-02-11 04:00:00.0;0,0
SÃO JOSÉ DOS CAMPOS;354990401A;SP;Rio comprido;-23,256;-45,941;2019-02-11 05:00:00.0;0,0
SÃO JOSÉ DOS CAMPOS;354990401A;SP;Rio comprido;-23,256;-45,941;2019-02-11 06:00:00.0;0,0
SÃO JOSÉ DOS CAMPOS;354990401A;SP;Rio comprido;-23,256;-45,941;2019-02-11 07:00:00.0;0,0
SÃO JOSÉ DOS CAMPOS;354990401A;SP;Rio comprido;-23,256;-45,941;2019-02-11 08:00:00.0;0,0
SÃO JOSÉ DOS CAMPOS;354990401A;SP;Rio comprido;-23,256;-45,941;2019-02-11 09:00:00.0;0,0
SÃO JOSÉ DOS CAMPOS;354990401A;SP;Rio comprido;-23,256;-45,941;2019-02-11 10:00:00.0;0,0
SÃO JOSÉ DOS CAMPOS;354990401A;SP;Rio comprido;-23,256;-45,941;2019-02-11 11:00:00.0;0,0
SÃO JOSÉ DOS CAMPOS;354990401A;SP;Rio comprido;-23,256;-45,941;2019-02-11 12:00:00.0;0,0
SÃO JOSÉ DOS CAMPOS;354990401A;SP;Rio comprido;-23,256;-45,941;2019-02-11 13:00:00.0;0,0
SÃO JOSÉ DOS CAMPOS;354990401A;SP;Rio comprido;-23,256;-45,941;2019-02-11 14:00:00.0;0,0
SÃO JOSÉ DOS CAMPOS;354990401A;SP;Rio comprido;-23,256;-45,941;2019-02-11 15:00:00.0;0,0
SÃO JOSÉ DOS CAMPOS;354990401A;SP;Rio comprido;-23,256;-45,941;2019-02-11 16:00:00.0;0,0
SÃO JOSÉ DOS CAMPOS;354990401A;SP;Rio comprido;-23,256;-45,941;2019-02-11 17:00:00.0;0,0
SÃO JOSÉ DOS CAMPOS;354990401A;SP;Rio comprido;-23,256;-45,941;2019-02-11 18:00:00.0;0,0
SÃO JOSÉ DOS CAMPOS;354990401A;SP;Rio comprido;-23,256;-45,941;2019-02-11 19:00:00.0;0,0
SÃO JOSÉ DOS CAMPOS;354990401A;SP;Rio comprido;-23,256;-45,941;2019-02-11 20:00:00.0;0,0
SÃO JOSÉ DOS CAMPOS;354990401A;SP;Rio comprido;-23,256;-45,941;2019-02-11 21:00:00.0;0,0
SÃO JOSÉ DOS CAMPOS;354990401A;SP;Rio comprido;-23,256;-45,941;2019-02-11 22:00:00.0;0,0
SÃO JOSÉ DOS CAMPOS;354990401A;SP;Rio comprido;-23,256;-45,941;2019-02-11 23:00:00.0;0,0
SÃO JOSÉ DOS CAMPOS;354990401A;SP;Rio comprido;-23,256;-45,941;2019-02-12 00:00:00.0;0,0
SÃO JOSÉ DOS CAMPOS;354990401A;SP;Rio comprido;-23,256;-45,941;2019-02-12 01:00:00.0;0,0
SÃO JOSÉ DOS CAMPOS;354990401A;SP;Rio comprido;-23,256;-45,941;2019-02-12 02:00:00.0;0,0
SÃO JOSÉ DOS CAMPOS;354990401A;SP;Rio comprido;-23,256;-45,941;2019-02-12 03:00:00.0;0,0
SÃO JOSÉ DOS CAMPOS;354990401A;SP;Rio comprido;-23,256;-45,941;2019-02-12 04:00:00.0;0,0
SÃO JOSÉ DOS CAMPOS;354990401A;SP;Rio comprido;-23,256;-45,941;2019-02-12 05:00:00.0;0,0
SÃO JOSÉ DOS CAMPOS;354990401A;SP;Rio comprido;-23,256;-45,941;2019-02-12 06:00:00.0;0,0
SÃO JOSÉ DOS CAMPOS;354990401A;SP;Rio comprido;-23,256;-45,941;2019-02-12 07:00:00.0;0,0
SÃO JOSÉ DOS CAMPOS;354990401A;SP;Rio comprido;-23,256;-45,941;2019-02-12 08:00:00.0;0,0
SÃO JOSÉ DOS CAMPOS;354990401A;SP;Rio comprido;-23,256;-45,941;2019-02-12 09:00:00.0;0,0
SÃO JOSÉ DOS CAMPOS;354990401A;SP;Rio comprido;-23,256;-45,941;2019-02-12 10:00:00.0;0,0
SÃO JOSÉ DOS CAMPOS;354990401A;SP;Rio comprido;-23,256;-45,941;2019-02-12 11:00:00.0;0,0
SÃO JOSÉ DOS CAMPOS;354990401A;SP;Rio comprido;-23,256;-45,941;2019-02-12 12:00:00.0;0,0
SÃO JOSÉ DOS CAMPOS;354990401A;SP;Rio comprido;-23,256;-45,941;2019-02-12 13:00:00.0;0,0
SÃO JOSÉ DOS CAMPOS;354990401A;SP;Rio comprido;-23,256;-45,941;2019-02-12 14:00:00.0;0,0
SÃO JOSÉ DOS CAMPOS;354990401A;SP;Rio comprido;-23,256;-45,941;2019-02-12 15:00:00.0;0,0
SÃO JOSÉ DOS CAMPOS;354990401A;SP;Rio comprido;-23,256;-45,941;2019-02-12 16:00:00.0;0,0
SÃO JOSÉ DOS CAMPOS;354990401A;SP;Rio comprido;-23,256;-45,941;2019-02-12 17:00:00.0;0,0
SÃO JOSÉ DOS CAMPOS;354990401A;SP;Rio comprido;-23,256;-45,941;2019-02-12 18:00:00.0;0,0
SÃO JOSÉ DOS CAMPOS;354990401A;SP;Rio comprido;-23,256;-45,941;2019-02-12 19:00:00.0;0,0
SÃO JOSÉ DOS CAMPOS;354990401A;SP;Rio comprido;-23,256;-45,941;2019-02-12 20:00:00.0;0,0
SÃO JOSÉ DOS CAMPOS;354990401A;SP;Rio comprido;-23,256;-45,941;2019-02-12 21:00:00.0;0,0
SÃO JOSÉ DOS CAMPOS;354990401A;SP;Rio comprido;-23,256;-45,941;2019-02-12 22:00:00.0;0,0
SÃO JOSÉ DOS CAMPOS;354990401A;SP;Rio comprido;-23,256;-45,941;2019-02-12 23:00:00.0;0,0
SÃO JOSÉ DOS CAMPOS;354990401A;SP;Rio comprido;-23,256;-45,941;2019-02-13 00:00:00.0;0,0
SÃO JOSÉ DOS CAMPOS;354990401A;SP;Rio comprido;-23,256;-45,941;2019-02-13 01:00:00.0;0,0
SÃO JOSÉ DOS CAMPOS;354990401A;SP;Rio comprido;-23,256;-45,941;2019-02-13 02:00:00.0;0,0
SÃO JOSÉ DOS CAMPOS;354990401A;SP;Rio comprido;-23,256;-45,941;2019-02-13 03:00:00.0;0,0
SÃO JOSÉ DOS CAMPOS;354990401A;SP;Rio comprido;-23,256;-45,941;2019-02-13 04:00:00.0;0,0
SÃO JOSÉ DOS CAMPOS;354990401A;SP;Rio comprido;-23,256;-45,941;2019-02-13 05:00:00.0;0,0
SÃO JOSÉ DOS CAMPOS;354990401A;SP;Rio comprido;-23,256;-45,941;2019-02-13 06:00:00.0;0,0
SÃO JOSÉ DOS CAMPOS;354990401A;SP;Rio comprido;-23,256;-45,941;2019-02-13 07:00:00.0;0,0
SÃO JOSÉ DOS CAMPOS;354990401A;SP;Rio comprido;-23,256;-45,941;2019-02-13 08:00:00.0;0,0
SÃO JOSÉ DOS CAMPOS;354990401A;SP;Rio comprido;-23,256;-45,941;2019-02-13 09:00:00.0;0,0
SÃO JOSÉ DOS CAMPOS;354990401A;SP;Rio comprido;-23,256;-45,941;2019-02-13 10:00:00.0;0,0
SÃO JOSÉ DOS CAMPOS;354990401A;SP;Rio comprido;-23,256;-45,941;2019-02-13 11:00:00.0;0,0
SÃO JOSÉ DOS CAMPOS;354990401A;SP;Rio comprido;-23,256;-45,941;2019-02-13 12:00:00.0;0,0
SÃO JOSÉ DOS CAMPOS;354990401A;SP;Rio comprido;-23,256;-45,941;2019-02-13 13:00:00.0;0,0
SÃO JOSÉ DOS CAMPOS;354990401A;SP;Rio comprido;-23,256;-45,941;2019-02-13 14:00:00.0;0,0
SÃO JOSÉ DOS CAMPOS;354990401A;SP;Rio comprido;-23,256;-45,941;2019-02-13 15:00:00.0;0,0
SÃO JOSÉ DOS CAMPOS;354990401A;SP;Rio comprido;-23,256;-45,941;2019-02-13 16:00:00.0;0,0
SÃO JOSÉ DOS CAMPOS;354990401A;SP;Rio comprido;-23,256;-45,941;2019-02-13 17:00:00.0;0,0
SÃO JOSÉ DOS CAMPOS;354990401A;SP;Rio comprido;-23,256;-45,941;2019-02-13 18:00:00.0;0,0
SÃO JOSÉ DOS CAMPOS;354990401A;SP;Rio comprido;-23,256;-45,941;2019-02-13 19:00:00.0;0,0
SÃO JOSÉ DOS CAMPOS;354990401A;SP;Rio comprido;-23,256;-45,941;2019-02-13 20:00:00.0;0,0
SÃO JOSÉ DOS CAMPOS;354990401A;SP;Rio comprido;-23,256;-45,941;2019-02-13 21:00:00.0;0,0
SÃO JOSÉ DOS CAMPOS;354990401A;SP;Rio comprido;-23,256;-45,941;2019-02-13 22:00:00.0;0,0
SÃO JOSÉ DOS CAMPOS;354990401A;SP;Rio comprido;-23,256;-45,941;2019-02-13 23:00:00.0;0,0
SÃO JOSÉ DOS CAMPOS;354990401A;SP;Rio comprido;-23,256;-45,941;2019-02-14 00:00:00.0;0,0
SÃO JOSÉ DOS CAMPOS;354990401A;SP;Rio comprido;-23,256;-45,941;2019-02-14 01:00:00.0;0,0
SÃO JOSÉ DOS CAMPOS;354990401A;SP;Rio comprido;-23,256;-45,941;2019-02-14 02:00:00.0;0,0
SÃO JOSÉ DOS CAMPOS;354990401A;SP;Rio comprido;-23,256;-45,941;2019-02-14 03:00:00.0;0,0
SÃO JOSÉ DOS CAMPOS;354990401A;SP;Rio comprido;-23,256;-45,941;2019-02-14 04:00:00.0;0,0
SÃO JOSÉ DOS CAMPOS;354990401A;SP;Rio comprido;-23,256;-45,941;2019-02-14 05:00:00.0;0,0
SÃO JOSÉ DOS CAMPOS;354990401A;SP;Rio comprido;-23,256;-45,941;2019-02-14 06:00:00.0;0,0
SÃO JOSÉ DOS CAMPOS;354990401A;SP;Rio comprido;-23,256;-45,941;2019-02-14 07:00:00.0;0,0
SÃO JOSÉ DOS CAMPOS;354990401A;SP;Rio comprido;-23,256;-45,941;2019-02-14 08:00:00.0;0,0
SÃO JOSÉ DOS CAMPOS;354990401A;SP;Rio comprido;-23,256;-45,941;2019-02-14 09:00:00.0;0,0
SÃO JOSÉ DOS CAMPOS;354990401A;SP;Rio comprido;-23,256;-45,941;2019-02-14 10:00:00.0;0,0
SÃO JOSÉ DOS CAMPOS;354990401A;SP;Rio comprido;-23,256;-45,941;2019-02-14 11:00:00.0;0,0
SÃO JOSÉ DOS CAMPOS;354990401A;SP;Rio comprido;-23,256;-45,941;2019-02-14 12:00:00.0;0,0
SÃO JOSÉ DOS CAMPOS;354990401A;SP;Rio comprido;-23,256;-45,941;2019-02-14 13:00:00.0;0,0
SÃO JOSÉ DOS CAMPOS;354990401A;SP;Rio comprido;-23,256;-45,941;2019-02-14 14:00:00.0;0,0
SÃO JOSÉ DOS CAMPOS;354990401A;SP;Rio comprido;-23,256;-45,941;2019-02-14 15:00:00.0;0,0
SÃO JOSÉ DOS CAMPOS;354990401A;SP;Rio comprido;-23,256;-45,941;2019-02-14 16:00:00.0;0,0
SÃO JOSÉ DOS CAMPOS;354990401A;SP;Rio comprido;-23,256;-45,941;2019-02-14 17:00:00.0;0,0
SÃO JOSÉ DOS CAMPOS;354990401A;SP;Rio comprido;-23,256;-45,941;2019-02-14 18:00:00.0;0,0
SÃO JOSÉ DOS CAMPOS;354990401A;SP;Rio comprido;-23,256;-45,941;2019-02-14 19:00:00.0;0,0
SÃO JOSÉ DOS CAMPOS;354990401A;SP;Rio comprido;-23,256;-45,941;2019-02-14 20:00:00.0;0,0
SÃO JOSÉ DOS CAMPOS;354990401A;SP;Rio comprido;-23,256;-45,941;2019-02-14 21:00:00.0;0,0
SÃO JOSÉ DOS CAMPOS;354990401A;SP;Rio comprido;-23,256;-45,941;2019-02-14 22:00:00.0;0,0
SÃO JOSÉ DOS CAMPOS;354990401A;SP;Rio comprido;-23,256;-45,941;2019-02-14 23:00:00.0;0,0
SÃO JOSÉ DOS CAMPOS;354990401A;SP;Rio comprido;-23,256;-45,941;2019-02-15 00:00:00.0;0,0
SÃO JOSÉ DOS CAMPOS;354990401A;SP;Rio comprido;-23,256;-45,941;2019-02-15 01:00:00.0;0,0
SÃO JOSÉ DOS CAMPOS;354990401A;SP;Rio comprido;-23,256;-45,941;2019-02-15 02:00:00.0;0,0
SÃO JOSÉ DOS CAMPOS;354990401A;SP;Rio comprido;-23,256;-45,941;2019-02-15 03:00:00.0;0,0
SÃO JOSÉ DOS CAMPOS;354990401A;SP;Rio comprido;-23,256;-45,941;2019-02-15 04:00:00.0;0,0
SÃO JOSÉ DOS CAMPOS;354990401A;SP;Rio comprido;-23,256;-45,941;2019-02-15 05:00:00.0;0,0
SÃO JOSÉ DOS CAMPOS;354990401A;SP;Rio comprido;-23,256;-45,941;2019-02-15 06:00:00.0;0,0
SÃO JOSÉ DOS CAMPOS;354990401A;SP;Rio comprido;-23,256;-45,941;2019-02-15 07:00:00.0;0,0
SÃO JOSÉ DOS CAMPOS;354990401A;SP;Rio comprido;-23,256;-45,941;2019-02-15 08:00:00.0;0,0
SÃO JOSÉ DOS CAMPOS;354990401A;SP;Rio comprido;-23,256;-45,941;2019-02-15 09:00:00.0;0,0
SÃO JOSÉ DOS CAMPOS;354990401A;SP;Rio comprido;-23,256;-45,941;2019-02-15 10:00:00.0;0,0
SÃO JOSÉ DOS CAMPOS;354990401A;SP;Rio comprido;-23,256;-45,941;2019-02-15 11:00:00.0;0,0
SÃO JOSÉ DOS CAMPOS;354990401A;SP;Rio comprido;-23,256;-45,941;2019-02-15 12:00:00.0;0,0
SÃO JOSÉ DOS CAMPOS;354990401A;SP;Rio comprido;-23,256;-45,941;2019-02-15 13:00:00.0;0,0
SÃO JOSÉ DOS CAMPOS;354990401A;SP;Rio comprido;-23,256;-45,941;2019-02-15 14:00:00.0;0,0
SÃO JOSÉ DOS CAMPOS;354990401A;SP;Rio comprido;-23,256;-45,941;2019-02-15 15:00:00.0;0,0
SÃO JOSÉ DOS CAMPOS;354990401A;SP;Rio comprido;-23,256;-45,941;2019-02-15 16:00:00.0;0,0
SÃO JOSÉ DOS CAMPOS;354990401A;SP;Rio comprido;-23,256;-45,941;2019-02-15 17:00:00.0;0,0
SÃO JOSÉ DOS CAMPOS;354990401A;SP;Rio comprido;-23,256;-45,941;2019-02-15 18:00:00.0;0,0
SÃO JOSÉ DOS CAMPOS;354990401A;SP;Rio comprido;-23,256;-45,941;2019-02-15 19:00:00.0;0,0
SÃO JOSÉ DOS CAMPOS;354990401A;SP;Rio comprido;-23,256;-45,941;2019-02-15 20:00:00.0;0,0
SÃO JOSÉ DOS CAMPOS;354990401A;SP;Rio comprido;-23,256;-45,941;2019-02-15 21:00:00.0;0,0
SÃO JOSÉ DOS CAMPOS;354990401A;SP;Rio comprido;-23,256;-45,941;2019-02-15 22:00:00.0;0,0
SÃO JOSÉ DOS CAMPOS;354990401A;SP;Rio comprido;-23,256;-45,941;2019-02-15 23:00:00.0;0,0
SÃO JOSÉ DOS CAMPOS;354990401A;SP;Rio comprido;-23,256;-45,941;2019-02-16 00:00:00.0;0,0
SÃO JOSÉ DOS CAMPOS;354990401A;SP;Rio comprido;-23,256;-45,941;2019-02-16 01:00:00.0;0,0
SÃO JOSÉ DOS CAMPOS;354990401A;SP;Rio comprido;-23,256;-45,941;2019-02-16 02:00:00.0;0,0
SÃO JOSÉ DOS CAMPOS;354990401A;SP;Rio comprido;-23,256;-45,941;2019-02-16 03:00:00.0;0,0
SÃO JOSÉ DOS CAMPOS;354990401A;SP;Rio comprido;-23,256;-45,941;2019-02-16 04:00:00.0;0,0
SÃO JOSÉ DOS CAMPOS;354990401A;SP;Rio comprido;-23,256;-45,941;2019-02-16 05:00:00.0;0,0
SÃO JOSÉ DOS CAMPOS;354990401A;SP;Rio comprido;-23,256;-45,941;2019-02-16 06:00:00.0;0,0
SÃO JOSÉ DOS CAMPOS;354990401A;SP;Rio comprido;-23,256;-45,941;2019-02-16 07:00:00.0;0,0
SÃO JOSÉ DOS CAMPOS;354990401A;SP;Rio comprido;-23,256;-45,941;2019-02-16 08:00:00.0;0,0
SÃO JOSÉ DOS CAMPOS;354990401A;SP;Rio comprido;-23,256;-45,941;2019-02-16 09:00:00.0;0,0
SÃO JOSÉ DOS CAMPOS;354990401A;SP;Rio comprido;-23,256;-45,941;2019-02-16 10:00:00.0;0,0
SÃO JOSÉ DOS CAMPOS;354990401A;SP;Rio comprido;-23,256;-45,941;2019-02-16 11:00:00.0;0,0
SÃO JOSÉ DOS CAMPOS;354990401A;SP;Rio comprido;-23,256;-45,941;2019-02-16 12:00:00.0;0,0
SÃO JOSÉ DOS CAMPOS;354990401A;SP;Rio comprido;-23,256;-45,941;2019-02-16 13:00:00.0;0,0
SÃO JOSÉ DOS CAMPOS;354990401A;SP;Rio comprido;-23,256;-45,941;2019-02-16 18:50:00.0;0,0
SÃO JOSÉ DOS CAMPOS;354990401A;SP;Rio comprido;-23,256;-45,941;2019-02-16 19:00:00.0;0,0
SÃO JOSÉ DOS CAMPOS;354990401A;SP;Rio comprido;-23,256;-45,941;2019-02-16 20:00:00.0;0,0
SÃO JOSÉ DOS CAMPOS;354990401A;SP;Rio comprido;-23,256;-45,941;2019-02-16 21:00:00.0;0,0
SÃO JOSÉ DOS CAMPOS;354990401A;SP;Rio comprido;-23,256;-45,941;2019-02-16 22:00:00.0;0,0
SÃO JOSÉ DOS CAMPOS;354990401A;SP;Rio comprido;-23,256;-45,941;2019-02-16 23:00:00.0;0,0
SÃO JOSÉ DOS CAMPOS;354990401A;SP;Rio comprido;-23,256;-45,941;2019-02-17 00:00:00.0;0,0
SÃO JOSÉ DOS CAMPOS;354990401A;SP;Rio comprido;-23,256;-45,941;2019-02-17 01:00:00.0;0,0
SÃO JOSÉ DOS CAMPOS;354990401A;SP;Rio comprido;-23,256;-45,941;2019-02-17 02:00:00.0;0,0
SÃO JOSÉ DOS CAMPOS;354990401A;SP;Rio comprido;-23,256;-45,941;2019-02-17 03:00:00.0;0,0
SÃO JOSÉ DOS CAMPOS;354990401A;SP;Rio comprido;-23,256;-45,941;2019-02-17 04:00:00.0;0,0
SÃO JOSÉ DOS CAMPOS;354990401A;SP;Rio comprido;-23,256;-45,941;2019-02-17 05:00:00.0;0,0
SÃO JOSÉ DOS CAMPOS;354990401A;SP;Rio comprido;-23,256;-45,941;2019-02-17 06:00:00.0;0,0
SÃO JOSÉ DOS CAMPOS;354990401A;SP;Rio comprido;-23,256;-45,941;2019-02-17 07:00:00.0;0,0
SÃO JOSÉ DOS CAMPOS;354990401A;SP;Rio comprido;-23,256;-45,941;2019-02-17 08:00:00.0;0,0
SÃO JOSÉ DOS CAMPOS;354990401A;SP;Rio comprido;-23,256;-45,941;2019-02-17 09:00:00.0;0,0
SÃO JOSÉ DOS CAMPOS;354990401A;SP;Rio comprido;-23,256;-45,941;2019-02-17 10:00:00.0;0,0
SÃO JOSÉ DOS CAMPOS;354990401A;SP;Rio comprido;-23,256;-45,941;2019-02-17 11:00:00.0;0,0
SÃO JOSÉ DOS CAMPOS;354990401A;SP;Rio comprido;-23,256;-45,941;2019-02-17 12:00:00.0;0,0
SÃO JOSÉ DOS CAMPOS;354990401A;SP;Rio comprido;-23,256;-45,941;2019-02-17 13:00:00.0;0,0
SÃO JOSÉ DOS CAMPOS;354990401A;SP;Rio comprido;-23,256;-45,941;2019-02-17 14:00:00.0;0,0
SÃO JOSÉ DOS CAMPOS;354990401A;SP;Rio comprido;-23,256;-45,941;2019-02-17 15:00:00.0;0,0
SÃO JOSÉ DOS CAMPOS;354990401A;SP;Rio comprido;-23,256;-45,941;2019-02-17 16:00:00.0;0,0
SÃO JOSÉ DOS CAMPOS;354990401A;SP;Rio comprido;-23,256;-45,941;2019-02-17 17:00:00.0;0,0
SÃO JOSÉ DOS CAMPOS;354990401A;SP;Rio comprido;-23,256;-45,941;2019-02-17 18:00:00.0;0,0
SÃO JOSÉ DOS CAMPOS;354990401A;SP;Rio comprido;-23,256;-45,941;2019-02-17 19:00:00.0;0,0
SÃO JOSÉ DOS CAMPOS;354990401A;SP;Rio comprido;-23,256;-45,941;2019-02-17 20:00:00.0;0,0
SÃO JOSÉ DOS CAMPOS;354990401A;SP;Rio comprido;-23,256;-45,941;2019-02-17 21:00:00.0;0,0
SÃO JOSÉ DOS CAMPOS;354990401A;SP;Rio comprido;-23,256;-45,941;2019-02-17 22:00:00.0;0,0
SÃO JOSÉ DOS CAMPOS;354990401A;SP;Rio comprido;-23,256;-45,941;2019-02-17 23:00:00.0;0,0
SÃO JOSÉ DOS CAMPOS;354990401A;SP;Rio comprido;-23,256;-45,941;2019-02-18 00:00:00.0;0,0
SÃO JOSÉ DOS CAMPOS;354990401A;SP;Rio comprido;-23,256;-45,941;2019-02-18 01:00:00.0;0,0
SÃO JOSÉ DOS CAMPOS;354990401A;SP;Rio comprido;-23,256;-45,941;2019-02-18 02:00:00.0;0,0
SÃO JOSÉ DOS CAMPOS;354990401A;SP;Rio comprido;-23,256;-45,941;2019-02-18 03:00:00.0;0,0
SÃO JOSÉ DOS CAMPOS;354990401A;SP;Rio comprido;-23,256;-45,941;2019-02-18 04:00:00.0;0,0
SÃO JOSÉ DOS CAMPOS;354990401A;SP;Rio comprido;-23,256;-45,941;2019-02-18 05:00:00.0;0,0
SÃO JOSÉ DOS CAMPOS;354990401A;SP;Rio comprido;-23,256;-45,941;2019-02-18 06:00:00.0;0,0
SÃO JOSÉ DOS CAMPOS;354990401A;SP;Rio comprido;-23,256;-45,941;2019-02-18 07:00:00.0;0,0
SÃO JOSÉ DOS CAMPOS;354990401A;SP;Rio comprido;-23,256;-45,941;2019-02-18 08:00:00.0;0,0
SÃO JOSÉ DOS CAMPOS;354990401A;SP;Rio comprido;-23,256;-45,941;2019-02-18 09:00:00.0;0,0
SÃO JOSÉ DOS CAMPOS;354990401A;SP;Rio comprido;-23,256;-45,941;2019-02-18 10:00:00.0;0,0
SÃO JOSÉ DOS CAMPOS;354990401A;SP;Rio comprido;-23,256;-45,941;2019-02-18 11:00:00.0;0,0
SÃO JOSÉ DOS CAMPOS;354990401A;SP;Rio comprido;-23,256;-45,941;2019-02-18 12:00:00.0;0,0
SÃO JOSÉ DOS CAMPOS;354990401A;SP;Rio comprido;-23,256;-45,941;2019-02-18 13:00:00.0;0,0
SÃO JOSÉ DOS CAMPOS;354990401A;SP;Rio comprido;-23,256;-45,941;2019-02-18 14:00:00.0;0,0
SÃO JOSÉ DOS CAMPOS;354990401A;SP;Rio comprido;-23,256;-45,941;2019-02-18 15:00:00.0;0,0
SÃO JOSÉ DOS CAMPOS;354990401A;SP;Rio comprido;-23,256;-45,941;2019-02-18 16:00:00.0;0,0
SÃO JOSÉ DOS CAMPOS;354990401A;SP;Rio comprido;-23,256;-45,941;2019-02-18 17:00:00.0;0,0
SÃO JOSÉ DOS CAMPOS;354990401A;SP;Rio comprido;-23,256;-45,941;2019-02-18 18:00:00.0;0,0
SÃO JOSÉ DOS CAMPOS;354990401A;SP;Rio comprido;-23,256;-45,941;2019-02-18 19:00:00.0;0,0
SÃO JOSÉ DOS CAMPOS;354990401A;SP;Rio comprido;-23,256;-45,941;2019-02-18 20:00:00.0;0,0
SÃO JOSÉ DOS CAMPOS;354990401A;SP;Rio comprido;-23,256;-45,941;2019-02-18 21:00:00.0;0,0
SÃO JOSÉ DOS CAMPOS;354990401A;SP;Rio comprido;-23,256;-45,941;2019-02-18 22:00:00.0;0,0
SÃO JOSÉ DOS CAMPOS;354990401A;SP;Rio comprido;-23,256;-45,941;2019-02-18 23:00:00.0;0,0
SÃO JOSÉ DOS CAMPOS;354990401A;SP;Rio comprido;-23,256;-45,941;2019-02-19 00:00:00.0;0,0
SÃO JOSÉ DOS CAMPOS;354990401A;SP;Rio comprido;-23,256;-45,941;2019-02-19 01:00:00.0;0,0
SÃO JOSÉ DOS CAMPOS;354990401A;SP;Rio comprido;-23,256;-45,941;2019-02-19 02:00:00.0;0,0
SÃO JOSÉ DOS CAMPOS;354990401A;SP;Rio comprido;-23,256;-45,941;2019-02-19 03:00:00.0;0,0
SÃO JOSÉ DOS CAMPOS;354990401A;SP;Rio comprido;-23,256;-45,941;2019-02-19 04:00:00.0;0,0
SÃO JOSÉ DOS CAMPOS;354990401A;SP;Rio comprido;-23,256;-45,941;2019-02-19 05:00:00.0;0,0
SÃO JOSÉ DOS CAMPOS;354990401A;SP;Rio comprido;-23,256;-45,941;2019-02-19 06:00:00.0;0,0
SÃO JOSÉ DOS CAMPOS;354990401A;SP;Rio comprido;-23,256;-45,941;2019-02-19 07:00:00.0;0,0
SÃO JOSÉ DOS CAMPOS;354990401A;SP;Rio comprido;-23,256;-45,941;2019-02-19 08:00:00.0;0,0
SÃO JOSÉ DOS CAMPOS;354990401A;SP;Rio comprido;-23,256;-45,941;2019-02-19 09:00:00.0;0,0
SÃO JOSÉ DOS CAMPOS;354990401A;SP;Rio comprido;-23,256;-45,941;2019-02-19 10:00:00.0;0,0
SÃO JOSÉ DOS CAMPOS;354990401A;SP;Rio comprido;-23,256;-45,941;2019-02-19 11:00:00.0;0,0
SÃO JOSÉ DOS CAMPOS;354990401A;SP;Rio comprido;-23,256;-45,941;2019-02-19 12:00:00.0;0,0
SÃO JOSÉ DOS CAMPOS;354990401A;SP;Rio comprido;-23,256;-45,941;2019-02-19 13:00:00.0;0,0
SÃO JOSÉ DOS CAMPOS;354990401A;SP;Rio comprido;-23,256;-45,941;2019-02-19 14:00:00.0;0,0
SÃO JOSÉ DOS CAMPOS;354990401A;SP;Rio comprido;-23,256;-45,941;2019-02-19 15:00:00.0;0,0
SÃO JOSÉ DOS CAMPOS;354990401A;SP;Rio comprido;-23,256;-45,941;2019-02-19 16:00:00.0;0,0
SÃO JOSÉ DOS CAMPOS;354990401A;SP;Rio comprido;-23,256;-45,941;2019-02-19 17:00:00.0;0,0
SÃO JOSÉ DOS CAMPOS;354990401A;SP;Rio comprido;-23,256;-45,941;2019-02-19 18:00:00.0;0,0
SÃO JOSÉ DOS CAMPOS;354990401A;SP;Rio comprido;-23,256;-45,941;2019-02-19 19:00:00.0;0,0
SÃO JOSÉ DOS CAMPOS;354990401A;SP;Rio comprido;-23,256;-45,941;2019-02-19 20:00:00.0;0,0
SÃO JOSÉ DOS CAMPOS;354990401A;SP;Rio comprido;-23,256;-45,941;2019-02-19 21:00:00.0;0,0
SÃO JOSÉ DOS CAMPOS;354990401A;SP;Rio comprido;-23,256;-45,941;2019-02-19 22:00:00.0;0,0
SÃO JOSÉ DOS CAMPOS;354990401A;SP;Rio comprido;-23,256;-45,941;2019-02-19 23:00:00.0;0,0
SÃO JOSÉ DOS CAMPOS;354990401A;SP;Rio comprido;-23,256;-45,941;2019-02-20 00:00:00.0;0,0
SÃO JOSÉ DOS CAMPOS;354990401A;SP;Rio comprido;-23,256;-45,941;2019-02-20 01:00:00.0;0,0
SÃO JOSÉ DOS CAMPOS;354990401A;SP;Rio comprido;-23,256;-45,941;2019-02-20 02:00:00.0;0,0
SÃO JOSÉ DOS CAMPOS;354990401A;SP;Rio comprido;-23,256;-45,941;2019-02-20 03:00:00.0;0,0
SÃO JOSÉ DOS CAMPOS;354990401A;SP;Rio comprido;-23,256;-45,941;2019-02-20 04:00:00.0;0,0
SÃO JOSÉ DOS CAMPOS;354990401A;SP;Rio comprido;-23,256;-45,941;2019-02-20 05:00:00.0;0,0
SÃO JOSÉ DOS CAMPOS;354990401A;SP;Rio comprido;-23,256;-45,941;2019-02-20 06:00:00.0;0,0
SÃO JOSÉ DOS CAMPOS;354990401A;SP;Rio comprido;-23,256;-45,941;2019-02-20 07:00:00.0;0,0
SÃO JOSÉ DOS CAMPOS;354990401A;SP;Rio comprido;-23,256;-45,941;2019-02-20 08:00:00.0;0,0
SÃO JOSÉ DOS CAMPOS;354990401A;SP;Rio comprido;-23,256;-45,941;2019-02-20 09:00:00.0;0,0
SÃO JOSÉ DOS CAMPOS;354990401A;SP;Rio comprido;-23,256;-45,941;2019-02-20 10:00:00.0;0,0
SÃO JOSÉ DOS CAMPOS;354990401A;SP;Rio comprido;-23,256;-45,941;2019-02-20 11:00:00.0;0,0
SÃO JOSÉ DOS CAMPOS;354990401A;SP;Rio comprido;-23,256;-45,941;2019-02-20 12:00:00.0;0,0
SÃO JOSÉ DOS CAMPOS;354990401A;SP;Rio comprido;-23,256;-45,941;2019-02-20 13:00:00.0;0,0
SÃO JOSÉ DOS CAMPOS;354990401A;SP;Rio comprido;-23,256;-45,941;2019-02-20 14:00:00.0;0,0
SÃO JOSÉ DOS CAMPOS;354990401A;SP;Rio comprido;-23,256;-45,941;2019-02-20 15:00:00.0;0,0
SÃO JOSÉ DOS CAMPOS;354990401A;SP;Rio comprido;-23,256;-45,941;2019-02-20 16:00:00.0;0,0
SÃO JOSÉ DOS CAMPOS;354990401A;SP;Rio comprido;-23,256;-45,941;2019-02-20 17:00:00.0;0,0
SÃO JOSÉ DOS CAMPOS;354990401A;SP;Rio comprido;-23,256;-45,941;2019-02-20 18:00:00.0;0,0
SÃO JOSÉ DOS CAMPOS;354990401A;SP;Rio comprido;-23,256;-45,941;2019-02-20 19:00:00.0;0,0
SÃO JOSÉ DOS CAMPOS;354990401A;SP;Rio comprido;-23,256;-45,941;2019-02-20 20:00:00.0;0,0
SÃO JOSÉ DOS CAMPOS;354990401A;SP;Rio comprido;-23,256;-45,941;2019-02-20 21:00:00.0;0,0
SÃO JOSÉ DOS CAMPOS;354990401A;SP;Rio comprido;-23,256;-45,941;2019-02-20 22:00:00.0;0,0
SÃO JOSÉ DOS CAMPOS;354990401A;SP;Rio comprido;-23,256;-45,941;2019-02-20 23:00:00.0;0,0
SÃO JOSÉ DOS CAMPOS;354990401A;SP;Rio comprido;-23,256;-45,941;2019-02-21 00:00:00.0;0,0
SÃO JOSÉ DOS CAMPOS;354990401A;SP;Rio comprido;-23,256;-45,941;2019-02-21 01:00:00.0;0,0
SÃO JOSÉ DOS CAMPOS;354990401A;SP;Rio comprido;-23,256;-45,941;2019-02-21 02:00:00.0;0,0
SÃO JOSÉ DOS CAMPOS;354990401A;SP;Rio comprido;-23,256;-45,941;2019-02-21 03:00:00.0;0,0
SÃO JOSÉ DOS CAMPOS;354990401A;SP;Rio comprido;-23,256;-45,941;2019-02-21 04:00:00.0;0,0
SÃO JOSÉ DOS CAMPOS;354990401A;SP;Rio comprido;-23,256;-45,941;2019-02-21 05:00:00.0;0,0
SÃO JOSÉ DOS CAMPOS;354990401A;SP;Rio comprido;-23,256;-45,941;2019-02-21 06:00:00.0;0,0
SÃO JOSÉ DOS CAMPOS;354990401A;SP;Rio comprido;-23,256;-45,941;2019-02-21 07:00:00.0;0,0
SÃO JOSÉ DOS CAMPOS;354990401A;SP;Rio comprido;-23,256;-45,941;2019-02-21 08:00:00.0;0,0
SÃO JOSÉ DOS CAMPOS;354990401A;SP;Rio comprido;-23,256;-45,941;2019-02-21 09:00:00.0;0,0
SÃO JOSÉ DOS CAMPOS;354990401A;SP;Rio comprido;-23,256;-45,941;2019-02-21 10:00:00.0;0,0
SÃO JOSÉ DOS CAMPOS;354990401A;SP;Rio comprido;-23,256;-45,941;2019-02-21 11:00:00.0;0,0
SÃO JOSÉ DOS CAMPOS;354990401A;SP;Rio comprido;-23,256;-45,941;2019-02-21 12:00:00.0;0,0
SÃO JOSÉ DOS CAMPOS;354990401A;SP;Rio comprido;-23,256;-45,941;2019-02-21 13:00:00.0;0,0
SÃO JOSÉ DOS CAMPOS;354990401A;SP;Rio comprido;-23,256;-45,941;2019-02-21 14:00:00.0;0,0
SÃO JOSÉ DOS CAMPOS;354990401A;SP;Rio comprido;-23,256;-45,941;2019-02-21 15:00:00.0;0,0
SÃO JOSÉ DOS CAMPOS;354990401A;SP;Rio comprido;-23,256;-45,941;2019-02-21 16:00:00.0;0,0
SÃO JOSÉ DOS CAMPOS;354990401A;SP;Rio comprido;-23,256;-45,941;2019-02-21 17:00:00.0;0,0
SÃO JOSÉ DOS CAMPOS;354990401A;SP;Rio comprido;-23,256;-45,941;2019-02-21 18:00:00.0;0,0
SÃO JOSÉ DOS CAMPOS;354990401A;SP;Rio comprido;-23,256;-45,941;2019-02-21 19:00:00.0;0,0
SÃO JOSÉ DOS CAMPOS;354990401A;SP;Rio comprido;-23,256;-45,941;2019-02-21 20:00:00.0;0,0
SÃO JOSÉ DOS CAMPOS;354990401A;SP;Rio comprido;-23,256;-45,941;2019-02-21 21:00:00.0;0,0
SÃO JOSÉ DOS CAMPOS;354990401A;SP;Rio comprido;-23,256;-45,941;2019-02-21 22:00:00.0;0,0
SÃO JOSÉ DOS CAMPOS;354990401A;SP;Rio comprido;-23,256;-45,941;2019-02-21 23:00:00.0;0,0
SÃO JOSÉ DOS CAMPOS;354990401A;SP;Rio comprido;-23,256;-45,941;2019-02-22 00:00:00.0;0,0
SÃO JOSÉ DOS CAMPOS;354990401A;SP;Rio comprido;-23,256;-45,941;2019-02-22 01:00:00.0;0,0
SÃO JOSÉ DOS CAMPOS;354990401A;SP;Rio comprido;-23,256;-45,941;2019-02-22 02:00:00.0;0,0
SÃO JOSÉ DOS CAMPOS;354990401A;SP;Rio comprido;-23,256;-45,941;2019-02-22 03:00:00.0;0,0
SÃO JOSÉ DOS CAMPOS;354990401A;SP;Rio comprido;-23,256;-45,941;2019-02-22 04:00:00.0;0,0
SÃO JOSÉ DOS CAMPOS;354990401A;SP;Rio comprido;-23,256;-45,941;2019-02-22 05:00:00.0;0,0
SÃO JOSÉ DOS CAMPOS;354990401A;SP;Rio comprido;-23,256;-45,941;2019-02-22 06:00:00.0;0,0
SÃO JOSÉ DOS CAMPOS;354990401A;SP;Rio comprido;-23,256;-45,941;2019-02-22 07:00:00.0;0,0
SÃO JOSÉ DOS CAMPOS;354990401A;SP;Rio comprido;-23,256;-45,941;2019-02-22 08:00:00.0;0,0
SÃO JOSÉ DOS CAMPOS;354990401A;SP;Rio comprido;-23,256;-45,941;2019-02-22 09:00:00.0;0,0
SÃO JOSÉ DOS CAMPOS;354990401A;SP;Rio comprido;-23,256;-45,941;2019-02-22 10:00:00.0;0,0
SÃO JOSÉ DOS CAMPOS;354990401A;SP;Rio comprido;-23,256;-45,941;2019-02-22 11:00:00.0;0,0
SÃO JOSÉ DOS CAMPOS;354990401A;SP;Rio comprido;-23,256;-45,941;2019-02-22 12:00:00.0;0,0
SÃO JOSÉ DOS CAMPOS;354990401A;SP;Rio comprido;-23,256;-45,941;2019-02-22 13:00:00.0;0,0
SÃO JOSÉ DOS CAMPOS;354990401A;SP;Rio comprido;-23,256;-45,941;2019-02-22 14:00:00.0;0,0
SÃO JOSÉ DOS CAMPOS;354990401A;SP;Rio comprido;-23,256;-45,941;2019-02-22 15:00:00.0;0,0
SÃO JOSÉ DOS CAMPOS;354990401A;SP;Rio comprido;-23,256;-45,941;2019-02-22 16:00:00.0;0,0
SÃO JOSÉ DOS CAMPOS;354990401A;SP;Rio comprido;-23,256;-45,941;2019-02-22 17:00:00.0;0,0
SÃO JOSÉ DOS CAMPOS;354990401A;SP;Rio comprido;-23,256;-45,941;2019-02-22 18:00:00.0;0,0
SÃO JOSÉ DOS CAMPOS;354990401A;SP;Rio comprido;-23,256;-45,941;2019-02-22 19:00:00.0;0,0
SÃO JOSÉ DOS CAMPOS;354990401A;SP;Rio comprido;-23,256;-45,941;2019-02-22 20:00:00.0;0,0
SÃO JOSÉ DOS CAMPOS;354990401A;SP;Rio comprido;-23,256;-45,941;2019-02-22 21:00:00.0;0,0
SÃO JOSÉ DOS CAMPOS;354990401A;SP;Rio comprido;-23,256;-45,941;2019-02-22 22:00:00.0;0,0
SÃO JOSÉ DOS CAMPOS;354990401A;SP;Rio comprido;-23,256;-45,941;2019-02-22 23:00:00.0;0,0
SÃO JOSÉ DOS CAMPOS;354990401A;SP;Rio comprido;-23,256;-45,941;2019-02-23 00:00:00.0;0,0
SÃO JOSÉ DOS CAMPOS;354990401A;SP;Rio comprido;-23,256;-45,941;2019-02-23 01:00:00.0;0,0
SÃO JOSÉ DOS CAMPOS;354990401A;SP;Rio comprido;-23,256;-45,941;2019-02-23 02:00:00.0;0,0
SÃO JOSÉ DOS CAMPOS;354990401A;SP;Rio comprido;-23,256;-45,941;2019-02-23 03:00:00.0;0,0
SÃO JOSÉ DOS CAMPOS;354990401A;SP;Rio comprido;-23,256;-45,941;2019-02-23 04:00:00.0;0,0
SÃO JOSÉ DOS CAMPOS;354990401A;SP;Rio comprido;-23,256;-45,941;2019-02-23 05:00:00.0;0,0
SÃO JOSÉ DOS CAMPOS;354990401A;SP;Rio comprido;-23,256;-45,941;2019-02-23 06:00:00.0;0,0
SÃO JOSÉ DOS CAMPOS;354990401A;SP;Rio comprido;-23,256;-45,941;2019-02-23 07:00:00.0;0,0
SÃO JOSÉ DOS CAMPOS;354990401A;SP;Rio comprido;-23,256;-45,941;2019-02-23 08:00:00.0;0,0
SÃO JOSÉ DOS CAMPOS;354990401A;SP;Rio comprido;-23,256;-45,941;2019-02-23 09:00:00.0;0,0
SÃO JOSÉ DOS CAMPOS;354990401A;SP;Rio comprido;-23,256;-45,941;2019-02-23 10:00:00.0;0,0
SÃO JOSÉ DOS CAMPOS;354990401A;SP;Rio comprido;-23,256;-45,941;2019-02-23 11:00:00.0;0,0
SÃO JOSÉ DOS CAMPOS;354990401A;SP;Rio comprido;-23,256;-45,941;2019-02-23 12:00:00.0;0,0
SÃO JOSÉ DOS CAMPOS;354990401A;SP;Rio comprido;-23,256;-45,941;2019-02-23 13:00:00.0;0,0
SÃO JOSÉ DOS CAMPOS;354990401A;SP;Rio comprido;-23,256;-45,941;2019-02-23 14:00:00.0;0,0
SÃO JOSÉ DOS CAMPOS;354990401A;SP;Rio comprido;-23,256;-45,941;2019-02-23 15:00:00.0;0,0
SÃO JOSÉ DOS CAMPOS;354990401A;SP;Rio comprido;-23,256;-45,941;2019-02-23 16:00:00.0;0,0
SÃO JOSÉ DOS CAMPOS;354990401A;SP;Rio comprido;-23,256;-45,941;2019-02-23 17:00:00.0;0,0
SÃO JOSÉ DOS CAMPOS;354990401A;SP;Rio comprido;-23,256;-45,941;2019-02-23 18:00:00.0;0,0
SÃO JOSÉ DOS CAMPOS;354990401A;SP;Rio comprido;-23,256;-45,941;2019-02-23 19:00:00.0;0,0
SÃO JOSÉ DOS CAMPOS;354990401A;SP;Rio comprido;-23,256;-45,941;2019-02-23 20:00:00.0;0,0
SÃO JOSÉ DOS CAMPOS;354990401A;SP;Rio comprido;-23,256;-45,941;2019-02-23 21:00:00.0;0,0
SÃO JOSÉ DOS CAMPOS;354990401A;SP;Rio comprido;-23,256;-45,941;2019-02-23 22:00:00.0;0,0
SÃO JOSÉ DOS CAMPOS;354990401A;SP;Rio comprido;-23,256;-45,941;2019-02-23 23:00:00.0;0,0
SÃO JOSÉ DOS CAMPOS;354990401A;SP;Rio comprido;-23,256;-45,941;2019-02-24 00:00:00.0;0,0
SÃO JOSÉ DOS CAMPOS;354990401A;SP;Rio comprido;-23,256;-45,941;2019-02-24 01:00:00.0;0,0
SÃO JOSÉ DOS CAMPOS;354990401A;SP;Rio comprido;-23,256;-45,941;2019-02-24 02:00:00.0;0,0
SÃO JOSÉ DOS CAMPOS;354990401A;SP;Rio comprido;-23,256;-45,941;2019-02-24 03:00:00.0;0,0
SÃO JOSÉ DOS CAMPOS;354990401A;SP;Rio comprido;-23,256;-45,941;2019-02-24 04:00:00.0;0,0
SÃO JOSÉ DOS CAMPOS;354990401A;SP;Rio comprido;-23,256;-45,941;2019-02-24 05:00:00.0;0,0
SÃO JOSÉ DOS CAMPOS;354990401A;SP;Rio comprido;-23,256;-45,941;2019-02-24 06:00:00.0;0,0
SÃO JOSÉ DOS CAMPOS;354990401A;SP;Rio comprido;-23,256;-45,941;2019-02-24 07:00:00.0;0,0
SÃO JOSÉ DOS CAMPOS;354990401A;SP;Rio comprido;-23,256;-45,941;2019-02-24 08:00:00.0;0,0
SÃO JOSÉ DOS CAMPOS;354990401A;SP;Rio comprido;-23,256;-45,941;2019-02-24 09:00:00.0;0,0
SÃO JOSÉ DOS CAMPOS;354990401A;SP;Rio comprido;-23,256;-45,941;2019-02-24 10:00:00.0;0,0
SÃO JOSÉ DOS CAMPOS;354990401A;SP;Rio comprido;-23,256;-45,941;2019-02-24 11:00:00.0;0,0
SÃO JOSÉ DOS CAMPOS;354990401A;SP;Rio comprido;-23,256;-45,941;2019-02-24 12:00:00.0;0,0
SÃO JOSÉ DOS CAMPOS;354990401A;SP;Rio comprido;-23,256;-45,941;2019-02-24 13:00:00.0;0,0
SÃO JOSÉ DOS CAMPOS;354990401A;SP;Rio comprido;-23,256;-45,941;2019-02-24 14:00:00.0;0,0
SÃO JOSÉ DOS CAMPOS;354990401A;SP;Rio comprido;-23,256;-45,941;2019-02-24 15:00:00.0;0,0
SÃO JOSÉ DOS CAMPOS;354990401A;SP;Rio comprido;-23,256;-45,941;2019-02-24 16:00:00.0;0,0
SÃO JOSÉ DOS CAMPOS;354990401A;SP;Rio comprido;-23,256;-45,941;2019-02-24 17:00:00.0;0,0
SÃO JOSÉ DOS CAMPOS;354990401A;SP;Rio comprido;-23,256;-45,941;2019-02-24 18:00:00.0;0,0
SÃO JOSÉ DOS CAMPOS;354990401A;SP;Rio comprido;-23,256;-45,941;2019-02-24 19:00:00.0;0,0
SÃO JOSÉ DOS CAMPOS;354990401A;SP;Rio comprido;-23,256;-45,941;2019-02-24 20:00:00.0;0,0
SÃO JOSÉ DOS CAMPOS;354990401A;SP;Rio comprido;-23,256;-45,941;2019-02-24 21:00:00.0;0,0
SÃO JOSÉ DOS CAMPOS;354990401A;SP;Rio comprido;-23,256;-45,941;2019-02-24 22:00:00.0;0,0
SÃO JOSÉ DOS CAMPOS;354990401A;SP;Rio comprido;-23,256;-45,941;2019-02-24 23:00:00.0;0,0
SÃO JOSÉ DOS CAMPOS;354990401A;SP;Rio comprido;-23,256;-45,941;2019-02-25 00:00:00.0;0,0
SÃO JOSÉ DOS CAMPOS;354990401A;SP;Rio comprido;-23,256;-45,941;2019-02-25 01:00:00.0;0,0
SÃO JOSÉ DOS CAMPOS;354990401A;SP;Rio comprido;-23,256;-45,941;2019-02-25 02:00:00.0;0,0
SÃO JOSÉ DOS CAMPOS;354990401A;SP;Rio comprido;-23,256;-45,941;2019-02-25 03:00:00.0;0,0
SÃO JOSÉ DOS CAMPOS;354990401A;SP;Rio comprido;-23,256;-45,941;2019-02-25 04:00:00.0;0,0
SÃO JOSÉ DOS CAMPOS;354990401A;SP;Rio comprido;-23,256;-45,941;2019-02-25 05:00:00.0;0,0
SÃO JOSÉ DOS CAMPOS;354990401A;SP;Rio comprido;-23,256;-45,941;2019-02-25 06:00:00.0;0,0
SÃO JOSÉ DOS CAMPOS;354990401A;SP;Rio comprido;-23,256;-45,941;2019-02-25 07:00:00.0;0,0
SÃO JOSÉ DOS CAMPOS;354990401A;SP;Rio comprido;-23,256;-45,941;2019-02-25 08:00:00.0;0,0
SÃO JOSÉ DOS CAMPOS;354990401A;SP;Rio comprido;-23,256;-45,941;2019-02-25 09:00:00.0;0,0
SÃO JOSÉ DOS CAMPOS;354990401A;SP;Rio comprido;-23,256;-45,941;2019-02-25 10:00:00.0;0,0
SÃO JOSÉ DOS CAMPOS;354990401A;SP;Rio comprido;-23,256;-45,941;2019-02-25 11:00:00.0;0,0
SÃO JOSÉ DOS CAMPOS;354990401A;SP;Rio comprido;-23,256;-45,941;2019-02-25 12:00:00.0;0,0
SÃO JOSÉ DOS CAMPOS;354990401A;SP;Rio comprido;-23,256;-45,941;2019-02-25 13:00:00.0;0,0
SÃO JOSÉ DOS CAMPOS;354990401A;SP;Rio comprido;-23,256;-45,941;2019-02-25 14:00:00.0;0,0
SÃO JOSÉ DOS CAMPOS;354990401A;SP;Rio comprido;-23,256;-45,941;2019-02-25 15:00:00.0;0,0
SÃO JOSÉ DOS CAMPOS;354990401A;SP;Rio comprido;-23,256;-45,941;2019-02-25 16:00:00.0;0,0
SÃO JOSÉ DOS CAMPOS;354990401A;SP;Rio comprido;-23,256;-45,941;2019-02-25 17:00:00.0;0,0
SÃO JOSÉ DOS CAMPOS;354990401A;SP;Rio comprido;-23,256;-45,941;2019-02-25 18:00:00.0;0,0
SÃO JOSÉ DOS CAMPOS;354990401A;SP;Rio comprido;-23,256;-45,941;2019-02-25 19:00:00.0;0,0
SÃO JOSÉ DOS CAMPOS;354990401A;SP;Rio comprido;-23,256;-45,941;2019-02-25 20:00:00.0;0,0
SÃO JOSÉ DOS CAMPOS;354990401A;SP;Rio comprido;-23,256;-45,941;2019-02-25 21:00:00.0;0,0
SÃO JOSÉ DOS CAMPOS;354990401A;SP;Rio comprido;-23,256;-45,941;2019-02-25 22:00:00.0;0,0
SÃO JOSÉ DOS CAMPOS;354990401A;SP;Rio comprido;-23,256;-45,941;2019-02-25 23:00:00.0;0,0
SÃO JOSÉ DOS CAMPOS;354990401A;SP;Rio comprido;-23,256;-45,941;2019-02-26 00:00:00.0;0,0
SÃO JOSÉ DOS CAMPOS;354990401A;SP;Rio comprido;-23,256;-45,941;2019-02-26 01:00:00.0;0,0
SÃO JOSÉ DOS CAMPOS;354990401A;SP;Rio comprido;-23,256;-45,941;2019-02-26 02:00:00.0;0,0
SÃO JOSÉ DOS CAMPOS;354990401A;SP;Rio comprido;-23,256;-45,941;2019-02-26 03:00:00.0;0,0
SÃO JOSÉ DOS CAMPOS;354990401A;SP;Rio comprido;-23,256;-45,941;2019-02-26 04:00:00.0;0,0
SÃO JOSÉ DOS CAMPOS;354990401A;SP;Rio comprido;-23,256;-45,941;2019-02-26 05:00:00.0;0,0
SÃO JOSÉ DOS CAMPOS;354990401A;SP;Rio comprido;-23,256;-45,941;2019-02-26 06:00:00.0;0,0
SÃO JOSÉ DOS CAMPOS;354990401A;SP;Rio comprido;-23,256;-45,941;2019-02-26 07:00:00.0;0,0
SÃO JOSÉ DOS CAMPOS;354990401A;SP;Rio comprido;-23,256;-45,941;2019-02-26 08:00:00.0;0,0
SÃO JOSÉ DOS CAMPOS;354990401A;SP;Rio comprido;-23,256;-45,941;2019-02-26 09:00:00.0;0,0
SÃO JOSÉ DOS CAMPOS;354990401A;SP;Rio comprido;-23,256;-45,941;2019-02-26 10:00:00.0;0,0
SÃO JOSÉ DOS CAMPOS;354990401A;SP;Rio comprido;-23,256;-45,941;2019-02-26 11:00:00.0;0,0
SÃO JOSÉ DOS CAMPOS;354990401A;SP;Rio comprido;-23,256;-45,941;2019-02-26 12:00:00.0;0,0
SÃO JOSÉ DOS CAMPOS;354990401A;SP;Rio comprido;-23,256;-45,941;2019-02-26 13:00:00.0;0,0
SÃO JOSÉ DOS CAMPOS;354990401A;SP;Rio comprido;-23,256;-45,941;2019-02-26 14:00:00.0;0,0
SÃO JOSÉ DOS CAMPOS;354990401A;SP;Rio comprido;-23,256;-45,941;2019-02-26 15:00:00.0;0,0
SÃO JOSÉ DOS CAMPOS;354990401A;SP;Rio comprido;-23,256;-45,941;2019-02-26 16:00:00.0;0,0
SÃO JOSÉ DOS CAMPOS;354990401A;SP;Rio comprido;-23,256;-45,941;2019-02-26 17:00:00.0;0,0
SÃO JOSÉ DOS CAMPOS;354990401A;SP;Rio comprido;-23,256;-45,941;2019-02-26 18:00:00.0;0,0
SÃO JOSÉ DOS CAMPOS;354990401A;SP;Rio comprido;-23,256;-45,941;2019-02-26 19:00:00.0;0,0
SÃO JOSÉ DOS CAMPOS;354990401A;SP;Rio comprido;-23,256;-45,941;2019-02-26 20:00:00.0;0,0
SÃO JOSÉ DOS CAMPOS;354990401A;SP;Rio comprido;-23,256;-45,941;2019-02-26 21:00:00.0;0,0
SÃO JOSÉ DOS CAMPOS;354990401A;SP;Rio comprido;-23,256;-45,941;2019-02-26 22:00:00.0;0,0
SÃO JOSÉ DOS CAMPOS;354990401A;SP;Rio comprido;-23,256;-45,941;2019-02-26 23:00:00.0;0,0
SÃO JOSÉ DOS CAMPOS;354990401A;SP;Rio comprido;-23,256;-45,941;2019-02-27 00:00:00.0;0,0
SÃO JOSÉ DOS CAMPOS;354990401A;SP;Rio comprido;-23,256;-45,941;2019-02-27 01:00:00.0;0,0
SÃO JOSÉ DOS CAMPOS;354990401A;SP;Rio comprido;-23,256;-45,941;2019-02-27 02:00:00.0;0,0
SÃO JOSÉ DOS CAMPOS;354990401A;SP;Rio comprido;-23,256;-45,941;2019-02-27 03:00:00.0;0,0
SÃO JOSÉ DOS CAMPOS;354990401A;SP;Rio comprido;-23,256;-45,941;2019-02-27 04:00:00.0;0,0
SÃO JOSÉ DOS CAMPOS;354990401A;SP;Rio comprido;-23,256;-45,941;2019-02-27 05:00:00.0;0,0
SÃO JOSÉ DOS CAMPOS;354990401A;SP;Rio comprido;-23,256;-45,941;2019-02-27 06:00:00.0;0,0
SÃO JOSÉ DOS CAMPOS;354990401A;SP;Rio comprido;-23,256;-45,941;2019-02-27 07:00:00.0;0,0
SÃO JOSÉ DOS CAMPOS;354990401A;SP;Rio comprido;-23,256;-45,941;2019-02-27 08:00:00.0;0,0
SÃO JOSÉ DOS CAMPOS;354990401A;SP;Rio comprido;-23,256;-45,941;2019-02-27 09:00:00.0;0,0
SÃO JOSÉ DOS CAMPOS;354990401A;SP;Rio comprido;-23,256;-45,941;2019-02-27 10:00:00.0;0,0
SÃO JOSÉ DOS CAMPOS;354990401A;SP;Rio comprido;-23,256;-45,941;2019-02-27 11:00:00.0;0,0
SÃO JOSÉ DOS CAMPOS;354990401A;SP;Rio comprido;-23,256;-45,941;2019-02-27 12:00:00.0;0,0
SÃO JOSÉ DOS CAMPOS;354990401A;SP;Rio comprido;-23,256;-45,941;2019-02-27 13:00:00.0;0,0
SÃO JOSÉ DOS CAMPOS;354990401A;SP;Rio comprido;-23,256;-45,941;2019-02-27 14:00:00.0;0,0
SÃO JOSÉ DOS CAMPOS;354990401A;SP;Rio comprido;-23,256;-45,941;2019-02-27 15:00:00.0;0,0
SÃO JOSÉ DOS CAMPOS;354990401A;SP;Rio comprido;-23,256;-45,941;2019-02-27 16:00:00.0;0,0
SÃO JOSÉ DOS CAMPOS;354990401A;SP;Rio comprido;-23,256;-45,941;2019-02-27 17:00:00.0;0,0
SÃO JOSÉ DOS CAMPOS;354990401A;SP;Rio comprido;-23,256;-45,941;2019-02-27 18:00:00.0;0,0
SÃO JOSÉ DOS CAMPOS;354990401A;SP;Rio comprido;-23,256;-45,941;2019-02-27 19:00:00.0;0,0
SÃO JOSÉ DOS CAMPOS;354990401A;SP;Rio comprido;-23,256;-45,941;2019-02-27 20:00:00.0;0,0
SÃO JOSÉ DOS CAMPOS;354990401A;SP;Rio comprido;-23,256;-45,941;2019-02-27 21:00:00.0;0,0
SÃO JOSÉ DOS CAMPOS;354990401A;SP;Rio comprido;-23,256;-45,941;2019-02-27 22:00:00.0;0,0
SÃO JOSÉ DOS CAMPOS;354990401A;SP;Rio comprido;-23,256;-45,941;2019-02-27 23:00:00.0;0,0
SÃO JOSÉ DOS CAMPOS;354990401A;SP;Rio comprido;-23,256;-45,941;2019-02-28 00:00:00.0;0,0
SÃO JOSÉ DOS CAMPOS;354990401A;SP;Rio comprido;-23,256;-45,941;2019-02-28 01:00:00.0;0,0
SÃO JOSÉ DOS CAMPOS;354990401A;SP;Rio comprido;-23,256;-45,941;2019-02-28 02:00:00.0;0,0
SÃO JOSÉ DOS CAMPOS;354990401A;SP;Rio comprido;-23,256;-45,941;2019-02-28 03:00:00.0;0,0
SÃO JOSÉ DOS CAMPOS;354990401A;SP;Rio comprido;-23,256;-45,941;2019-02-28 04:00:00.0;0,0
SÃO JOSÉ DOS CAMPOS;354990401A;SP;Rio comprido;-23,256;-45,941;2019-02-28 05:00:00.0;0,0
SÃO JOSÉ DOS CAMPOS;354990401A;SP;Rio comprido;-23,256;-45,941;2019-02-28 06:00:00.0;0,0
SÃO JOSÉ DOS CAMPOS;354990401A;SP;Rio comprido;-23,256;-45,941;2019-02-28 07:00:00.0;0,0
SÃO JOSÉ DOS CAMPOS;354990401A;SP;Rio comprido;-23,256;-45,941;2019-02-28 08:00:00.0;0,0
SÃO JOSÉ DOS CAMPOS;354990401A;SP;Rio comprido;-23,256;-45,941;2019-02-28 09:00:00.0;0,0
SÃO JOSÉ DOS CAMPOS;354990401A;SP;Rio comprido;-23,256;-45,941;2019-02-28 10:00:00.0;0,0
SÃO JOSÉ DOS CAMPOS;354990401A;SP;Rio comprido;-23,256;-45,941;2019-02-28 11:00:00.0;0,0
SÃO JOSÉ DOS CAMPOS;354990401A;SP;Rio comprido;-23,256;-45,941;2019-02-28 12:00:00.0;0,0
SÃO JOSÉ DOS CAMPOS;354990401A;SP;Rio comprido;-23,256;-45,941;2019-02-28 13:00:00.0;0,0
SÃO JOSÉ DOS CAMPOS;354990401A;SP;Rio comprido;-23,256;-45,941;2019-02-28 14:00:00.0;0,0
SÃO JOSÉ DOS CAMPOS;354990401A;SP;Rio comprido;-23,256;-45,941;2019-02-28 15:00:00.0;0,0
SÃO JOSÉ DOS CAMPOS;354990401A;SP;Rio comprido;-23,256;-45,941;2019-02-28 16:00:00.0;0,0
SÃO JOSÉ DOS CAMPOS;354990401A;SP;Rio comprido;-23,256;-45,941;2019-02-28 17:00:00.0;0,0
SÃO JOSÉ DOS CAMPOS;354990401A;SP;Rio comprido;-23,256;-45,941;2019-02-28 18:00:00.0;0,0
SÃO JOSÉ DOS CAMPOS;354990401A;SP;Rio comprido;-23,256;-45,941;2019-02-28 19:00:00.0;0,0
SÃO JOSÉ DOS CAMPOS;354990401A;SP;Rio comprido;-23,256;-45,941;2019-02-28 20:00:00.0;0,0
SÃO JOSÉ DOS CAMPOS;354990401A;SP;Rio comprido;-23,256;-45,941;2019-02-28 21:00:00.0;0,0
SÃO JOSÉ DOS CAMPOS;354990401A;SP;Rio comprido;-23,256;-45,941;2019-02-28 22:00:00.0;0,0
SÃO JOSÉ DOS CAMPOS;354990401A;SP;Rio comprido;-23,256;-45,941;2019-02-28 23:00:00.0;0,0
SÃO JOSÉ DOS CAMPOS;354990402A;SP;Jardim Altos de Santana;-23,159;-45,916;2019-02-01 00:00:00.0;0,0
SÃO JOSÉ DOS CAMPOS;354990402A;SP;Jardim Altos de Santana;-23,159;-45,916;2019-02-01 01:00:00.0;0,0
SÃO JOSÉ DOS CAMPOS;354990402A;SP;Jardim Altos de Santana;-23,159;-45,916;2019-02-01 02:00:00.0;0,0
SÃO JOSÉ DOS CAMPOS;354990402A;SP;Jardim Altos de Santana;-23,159;-45,916;2019-02-01 03:00:00.0;0,0
SÃO JOSÉ DOS CAMPOS;354990402A;SP;Jardim Altos de Santana;-23,159;-45,916;2019-02-01 04:00:00.0;0,0
SÃO JOSÉ DOS CAMPOS;354990402A;SP;Jardim Altos de Santana;-23,159;-45,916;2019-02-01 05:00:00.0;0,0
SÃO JOSÉ DOS CAMPOS;354990402A;SP;Jardim Altos de Santana;-23,159;-45,916;2019-02-01 06:00:00.0;0,0
SÃO JOSÉ DOS CAMPOS;354990402A;SP;Jardim Altos de Santana;-23,159;-45,916;2019-02-01 07:00:00.0;0,0
SÃO JOSÉ DOS CAMPOS;354990402A;SP;Jardim Altos de Santana;-23,159;-45,916;2019-02-01 08:00:00.0;0,0
SÃO JOSÉ DOS CAMPOS;354990402A;SP;Jardim Altos de Santana;-23,159;-45,916;2019-02-01 09:00:00.0;0,0
SÃO JOSÉ DOS CAMPOS;354990402A;SP;Jardim Altos de Santana;-23,159;-45,916;2019-02-01 10:00:00.0;0,0
SÃO JOSÉ DOS CAMPOS;354990402A;SP;Jardim Altos de Santana;-23,159;-45,916;2019-02-01 11:00:00.0;0,0
SÃO JOSÉ DOS CAMPOS;354990402A;SP;Jardim Altos de Santana;-23,159;-45,916;2019-02-01 12:00:00.0;0,0
SÃO JOSÉ DOS CAMPOS;354990402A;SP;Jardim Altos de Santana;-23,159;-45,916;2019-02-01 13:00:00.0;0,0
SÃO JOSÉ DOS CAMPOS;354990402A;SP;Jardim Altos de Santana;-23,159;-45,916;2019-02-01 14:00:00.0;0,0
SÃO JOSÉ DOS CAMPOS;354990402A;SP;Jardim Altos de Santana;-23,159;-45,916;2019-02-01 15:00:00.0;0,0
SÃO JOSÉ DOS CAMPOS;354990402A;SP;Jardim Altos de Santana;-23,159;-45,916;2019-02-01 16:00:00.0;0,0
SÃO JOSÉ DOS CAMPOS;354990402A;SP;Jardim Altos de Santana;-23,159;-45,916;2019-02-01 17:00:00.0;0,0
SÃO JOSÉ DOS CAMPOS;354990402A;SP;Jardim Altos de Santana;-23,159;-45,916;2019-02-01 18:00:00.0;0,0
SÃO JOSÉ DOS CAMPOS;354990402A;SP;Jardim Altos de Santana;-23,159;-45,916;2019-02-01 19:00:00.0;0,0
SÃO JOSÉ DOS CAMPOS;354990402A;SP;Jardim Altos de Santana;-23,159;-45,916;2019-02-01 20:00:00.0;0,0
SÃO JOSÉ DOS CAMPOS;354990402A;SP;Jardim Altos de Santana;-23,159;-45,916;2019-02-01 21:00:00.0;0,0
SÃO JOSÉ DOS CAMPOS;354990402A;SP;Jardim Altos de Santana;-23,159;-45,916;2019-02-01 22:00:00.0;0,0
SÃO JOSÉ DOS CAMPOS;354990402A;SP;Jardim Altos de Santana;-23,159;-45,916;2019-02-01 23:00:00.0;0,0
SÃO JOSÉ DOS CAMPOS;354990402A;SP;Jardim Altos de Santana;-23,159;-45,916;2019-02-02 00:00:00.0;0,0
SÃO JOSÉ DOS CAMPOS;354990402A;SP;Jardim Altos de Santana;-23,159;-45,916;2019-02-02 01:00:00.0;0,0
SÃO JOSÉ DOS CAMPOS;354990402A;SP;Jardim Altos de Santana;-23,159;-45,916;2019-02-02 02:00:00.0;0,0
SÃO JOSÉ DOS CAMPOS;354990402A;SP;Jardim Altos de Santana;-23,159;-45,916;2019-02-02 03:00:00.0;0,0
SÃO JOSÉ DOS CAMPOS;354990402A;SP;Jardim Altos de Santana;-23,159;-45,916;2019-02-02 04:00:00.0;0,0
SÃO JOSÉ DOS CAMPOS;354990402A;SP;Jardim Altos de Santana;-23,159;-45,916;2019-02-02 05:00:00.0;0,0
SÃO JOSÉ DOS CAMPOS;354990402A;SP;Jardim Altos de Santana;-23,159;-45,916;2019-02-02 06:00:00.0;0,0
SÃO JOSÉ DOS CAMPOS;354990402A;SP;Jardim Altos de Santana;-23,159;-45,916;2019-02-02 07:00:00.0;0,0
SÃO JOSÉ DOS CAMPOS;354990402A;SP;Jardim Altos de Santana;-23,159;-45,916;2019-02-02 08:00:00.0;0,0
SÃO JOSÉ DOS CAMPOS;354990402A;SP;Jardim Altos de Santana;-23,159;-45,916;2019-02-02 09:00:00.0;0,0
SÃO JOSÉ DOS CAMPOS;354990402A;SP;Jardim Altos de Santana;-23,159;-45,916;2019-02-02 10:00:00.0;0,0
SÃO JOSÉ DOS CAMPOS;354990402A;SP;Jardim Altos de Santana;-23,159;-45,916;2019-02-02 11:00:00.0;0,0
SÃO JOSÉ DOS CAMPOS;354990402A;SP;Jardim Altos de Santana;-23,159;-45,916;2019-02-02 12:00:00.0;0,0
SÃO JOSÉ DOS CAMPOS;354990402A;SP;Jardim Altos de Santana;-23,159;-45,916;2019-02-02 13:00:00.0;0,0
SÃO JOSÉ DOS CAMPOS;354990402A;SP;Jardim Altos de Santana;-23,159;-45,916;2019-02-02 14:00:00.0;0,0
SÃO JOSÉ DOS CAMPOS;354990402A;SP;Jardim Altos de Santana;-23,159;-45,916;2019-02-02 15:00:00.0;0,0
SÃO JOSÉ DOS CAMPOS;354990402A;SP;Jardim Altos de Santana;-23,159;-45,916;2019-02-02 16:00:00.0;0,0
SÃO JOSÉ DOS CAMPOS;354990402A;SP;Jardim Altos de Santana;-23,159;-45,916;2019-02-02 17:00:00.0;0,0
SÃO JOSÉ DOS CAMPOS;354990402A;SP;Jardim Altos de Santana;-23,159;-45,916;2019-02-02 18:00:00.0;0,0
SÃO JOSÉ DOS CAMPOS;354990402A;SP;Jardim Altos de Santana;-23,159;-45,916;2019-02-02 19:00:00.0;0,0
SÃO JOSÉ DOS CAMPOS;354990402A;SP;Jardim Altos de Santana;-23,159;-45,916;2019-02-02 20:00:00.0;0,0
SÃO JOSÉ DOS CAMPOS;354990402A;SP;Jardim Altos de Santana;-23,159;-45,916;2019-02-02 21:00:00.0;0,0
SÃO JOSÉ DOS CAMPOS;354990402A;SP;Jardim Altos de Santana;-23,159;-45,916;2019-02-02 22:00:00.0;0,0
SÃO JOSÉ DOS CAMPOS;354990402A;SP;Jardim Altos de Santana;-23,159;-45,916;2019-02-02 23:00:00.0;0,0
SÃO JOSÉ DOS CAMPOS;354990402A;SP;Jardim Altos de Santana;-23,159;-45,916;2019-02-03 00:00:00.0;0,0
SÃO JOSÉ DOS CAMPOS;354990402A;SP;Jardim Altos de Santana;-23,159;-45,916;2019-02-03 01:00:00.0;0,0
SÃO JOSÉ DOS CAMPOS;354990402A;SP;Jardim Altos de Santana;-23,159;-45,916;2019-02-03 02:00:00.0;0,0
SÃO JOSÉ DOS CAMPOS;354990402A;SP;Jardim Altos de Santana;-23,159;-45,916;2019-02-03 03:00:00.0;0,0
SÃO JOSÉ DOS CAMPOS;354990402A;SP;Jardim Altos de Santana;-23,159;-45,916;2019-02-03 04:00:00.0;0,0
SÃO JOSÉ DOS CAMPOS;354990402A;SP;Jardim Altos de Santana;-23,159;-45,916;2019-02-03 05:00:00.0;0,0
SÃO JOSÉ DOS CAMPOS;354990402A;SP;Jardim Altos de Santana;-23,159;-45,916;2019-02-03 06:00:00.0;0,0
SÃO JOSÉ DOS CAMPOS;354990402A;SP;Jardim Altos de Santana;-23,159;-45,916;2019-02-03 07:00:00.0;0,0
SÃO JOSÉ DOS CAMPOS;354990402A;SP;Jardim Altos de Santana;-23,159;-45,916;2019-02-03 08:00:00.0;0,0
SÃO JOSÉ DOS CAMPOS;354990402A;SP;Jardim Altos de Santana;-23,159;-45,916;2019-02-03 09:00:00.0;0,0
SÃO JOSÉ DOS CAMPOS;354990402A;SP;Jardim Altos de Santana;-23,159;-45,916;2019-02-03 10:00:00.0;0,0
SÃO JOSÉ DOS CAMPOS;354990402A;SP;Jardim Altos de Santana;-23,159;-45,916;2019-02-03 11:00:00.0;0,0
SÃO JOSÉ DOS CAMPOS;354990402A;SP;Jardim Altos de Santana;-23,159;-45,916;2019-02-03 12:00:00.0;0,0
SÃO JOSÉ DOS CAMPOS;354990402A;SP;Jardim Altos de Santana;-23,159;-45,916;2019-02-03 13:00:00.0;0,0
SÃO JOSÉ DOS CAMPOS;354990402A;SP;Jardim Altos de Santana;-23,159;-45,916;2019-02-03 14:00:00.0;0,0
SÃO JOSÉ DOS CAMPOS;354990402A;SP;Jardim Altos de Santana;-23,159;-45,916;2019-02-03 15:00:00.0;0,0
SÃO JOSÉ DOS CAMPOS;354990402A;SP;Jardim Altos de Santana;-23,159;-45,916;2019-02-03 16:00:00.0;0,0
SÃO JOSÉ DOS CAMPOS;354990402A;SP;Jardim Altos de Santana;-23,159;-45,916;2019-02-03 17:00:00.0;0,0
SÃO JOSÉ DOS CAMPOS;354990402A;SP;Jardim Altos de Santana;-23,159;-45,916;2019-02-03 18:00:00.0;0,0
SÃO JOSÉ DOS CAMPOS;354990402A;SP;Jardim Altos de Santana;-23,159;-45,916;2019-02-03 19:00:00.0;0,0
SÃO JOSÉ DOS CAMPOS;354990402A;SP;Jardim Altos de Santana;-23,159;-45,916;2019-02-03 20:00:00.0;0,0
SÃO JOSÉ DOS CAMPOS;354990402A;SP;Jardim Altos de Santana;-23,159;-45,916;2019-02-03 21:00:00.0;0,0
SÃO JOSÉ DOS CAMPOS;354990402A;SP;Jardim Altos de Santana;-23,159;-45,916;2019-02-03 22:00:00.0;0,0
SÃO JOSÉ DOS CAMPOS;354990402A;SP;Jardim Altos de Santana;-23,159;-45,916;2019-02-03 23:00:00.0;0,0
SÃO JOSÉ DOS CAMPOS;354990402A;SP;Jardim Altos de Santana;-23,159;-45,916;2019-02-04 00:00:00.0;0,0
SÃO JOSÉ DOS CAMPOS;354990402A;SP;Jardim Altos de Santana;-23,159;-45,916;2019-02-04 01:00:00.0;0,0
SÃO JOSÉ DOS CAMPOS;354990402A;SP;Jardim Altos de Santana;-23,159;-45,916;2019-02-04 02:00:00.0;0,0
SÃO JOSÉ DOS CAMPOS;354990402A;SP;Jardim Altos de Santana;-23,159;-45,916;2019-02-04 03:00:00.0;0,0
SÃO JOSÉ DOS CAMPOS;354990402A;SP;Jardim Altos de Santana;-23,159;-45,916;2019-02-04 04:00:00.0;0,0
SÃO JOSÉ DOS CAMPOS;354990402A;SP;Jardim Altos de Santana;-23,159;-45,916;2019-02-04 05:00:00.0;0,0
SÃO JOSÉ DOS CAMPOS;354990402A;SP;Jardim Altos de Santana;-23,159;-45,916;2019-02-04 06:00:00.0;0,0
SÃO JOSÉ DOS CAMPOS;354990402A;SP;Jardim Altos de Santana;-23,159;-45,916;2019-02-04 06:40:00.0;1,77
SÃO JOSÉ DOS CAMPOS;354990402A;SP;Jardim Altos de Santana;-23,159;-45,916;2019-02-04 06:50:00.0;3,94
SÃO JOSÉ DOS CAMPOS;354990402A;SP;Jardim Altos de Santana;-23,159;-45,916;2019-02-04 07:00:00.0;3,55
SÃO JOSÉ DOS CAMPOS;354990402A;SP;Jardim Altos de Santana;-23,159;-45,916;2019-02-04 07:10:00.0;1,57
SÃO JOSÉ DOS CAMPOS;354990402A;SP;Jardim Altos de Santana;-23,159;-45,916;2019-02-04 07:20:00.0;0,2
SÃO JOSÉ DOS CAMPOS;354990402A;SP;Jardim Altos de Santana;-23,159;-45,916;2019-02-04 07:30:00.0;0,39
SÃO JOSÉ DOS CAMPOS;354990402A;SP;Jardim Altos de Santana;-23,159;-45,916;2019-02-04 07:40:00.0;0,59
SÃO JOSÉ DOS CAMPOS;354990402A;SP;Jardim Altos de Santana;-23,159;-45,916;2019-02-04 07:50:00.0;0,98
SÃO JOSÉ DOS CAMPOS;354990402A;SP;Jardim Altos de Santana;-23,159;-45,916;2019-02-04 08:00:00.0;0,79
SÃO JOSÉ DOS CAMPOS;354990402A;SP;Jardim Altos de Santana;-23,159;-45,916;2019-02-04 08:10:00.0;0,39
SÃO JOSÉ DOS CAMPOS;354990402A;SP;Jardim Altos de Santana;-23,159;-45,916;2019-02-04 08:20:00.0;0,2
SÃO JOSÉ DOS CAMPOS;354990402A;SP;Jardim Altos de Santana;-23,159;-45,916;2019-02-04 08:30:00.0;0,39
SÃO JOSÉ DOS CAMPOS;354990402A;SP;Jardim Altos de Santana;-23,159;-45,916;2019-02-04 08:40:00.0;0,59
SÃO JOSÉ DOS CAMPOS;354990402A;SP;Jardim Altos de Santana;-23,159;-45,916;2019-02-04 08:50:00.0;0,79
SÃO JOSÉ DOS CAMPOS;354990402A;SP;Jardim Altos de Santana;-23,159;-45,916;2019-02-04 09:00:00.0;0,39
SÃO JOSÉ DOS CAMPOS;354990402A;SP;Jardim Altos de Santana;-23,159;-45,916;2019-02-04 09:10:00.0;0,2
SÃO JOSÉ DOS CAMPOS;354990402A;SP;Jardim Altos de Santana;-23,159;-45,916;2019-02-04 10:00:00.0;0,0
SÃO JOSÉ DOS CAMPOS;354990402A;SP;Jardim Altos de Santana;-23,159;-45,916;2019-02-04 10:20:00.0;0,2
SÃO JOSÉ DOS CAMPOS;354990402A;SP;Jardim Altos de Santana;-23,159;-45,916;2019-02-04 10:30:00.0;0,39
SÃO JOSÉ DOS CAMPOS;354990402A;SP;Jardim Altos de Santana;-23,159;-45,916;2019-02-04 10:40:00.0;0,2
SÃO JOSÉ DOS CAMPOS;354990402A;SP;Jardim Altos de Santana;-23,159;-45,916;2019-02-04 10:50:00.0;0,2
SÃO JOSÉ DOS CAMPOS;354990402A;SP;Jardim Altos de Santana;-23,159;-45,916;2019-02-04 11:10:00.0;0,2
SÃO JOSÉ DOS CAMPOS;354990402A;SP;Jardim Altos de Santana;-23,159;-45,916;2019-02-04 11:20:00.0;0,2
SÃO JOSÉ DOS CAMPOS;354990402A;SP;Jardim Altos de Santana;-23,159;-45,916;2019-02-04 11:30:00.0;0,2
SÃO JOSÉ DOS CAMPOS;354990402A;SP;Jardim Altos de Santana;-23,159;-45,916;2019-02-04 11:40:00.0;0,39
SÃO JOSÉ DOS CAMPOS;354990402A;SP;Jardim Altos de Santana;-23,159;-45,916;2019-02-04 11:50:00.0;0,59
SÃO JOSÉ DOS CAMPOS;354990402A;SP;Jardim Altos de Santana;-23,159;-45,916;2019-02-04 12:00:00.0;0,59
SÃO JOSÉ DOS CAMPOS;354990402A;SP;Jardim Altos de Santana;-23,159;-45,916;2019-02-04 12:10:00.0;0,39
SÃO JOSÉ DOS CAMPOS;354990402A;SP;Jardim Altos de Santana;-23,159;-45,916;2019-02-04 12:20:00.0;0,39
SÃO JOSÉ DOS CAMPOS;354990402A;SP;Jardim Altos de Santana;-23,159;-45,916;2019-02-04 12:30:00.0;0,2
SÃO JOSÉ DOS CAMPOS;354990402A;SP;Jardim Altos de Santana;-23,159;-45,916;2019-02-04 12:40:00.0;0,2
SÃO JOSÉ DOS CAMPOS;354990402A;SP;Jardim Altos de Santana;-23,159;-45,916;2019-02-04 12:50:00.0;0,98
SÃO JOSÉ DOS CAMPOS;354990402A;SP;Jardim Altos de Santana;-23,159;-45,916;2019-02-04 13:00:00.0;0,79
SÃO JOSÉ DOS CAMPOS;354990402A;SP;Jardim Altos de Santana;-23,159;-45,916;2019-02-04 13:10:00.0;0,98
SÃO JOSÉ DOS CAMPOS;354990402A;SP;Jardim Altos de Santana;-23,159;-45,916;2019-02-04 13:20:00.0;0,39
SÃO JOSÉ DOS CAMPOS;354990402A;SP;Jardim Altos de Santana;-23,159;-45,916;2019-02-04 14:00:00.0;0,0
SÃO JOSÉ DOS CAMPOS;354990402A;SP;Jardim Altos de Santana;-23,159;-45,916;2019-02-04 14:10:00.0;0,79
SÃO JOSÉ DOS CAMPOS;354990402A;SP;Jardim Altos de Santana;-23,159;-45,916;2019-02-04 14:20:00.0;1,57
SÃO JOSÉ DOS CAMPOS;354990402A;SP;Jardim Altos de Santana;-23,159;-45,916;2019-02-04 14:30:00.0;1,37
SÃO JOSÉ DOS CAMPOS;354990402A;SP;Jardim Altos de Santana;-23,159;-45,916;2019-02-04 14:40:00.0;0,79
SÃO JOSÉ DOS CAMPOS;354990402A;SP;Jardim Altos de Santana;-23,159;-45,916;2019-02-04 14:50:00.0;0,59
SÃO JOSÉ DOS CAMPOS;354990402A;SP;Jardim Altos de Santana;-23,159;-45,916;2019-02-04 15:00:00.0;0,39
SÃO JOSÉ DOS CAMPOS;354990402A;SP;Jardim Altos de Santana;-23,159;-45,916;2019-02-04 15:10:00.0;0,2
SÃO JOSÉ DOS CAMPOS;354990402A;SP;Jardim Altos de Santana;-23,159;-45,916;2019-02-04 15:20:00.0;0,2
SÃO JOSÉ DOS CAMPOS;354990402A;SP;Jardim Altos de Santana;-23,159;-45,916;2019-02-04 15:30:00.0;0,2
SÃO JOSÉ DOS CAMPOS;354990402A;SP;Jardim Altos de Santana;-23,159;-45,916;2019-02-04 16:00:00.0;0,2
SÃO JOSÉ DOS CAMPOS;354990402A;SP;Jardim Altos de Santana;-23,159;-45,916;2019-02-04 17:00:00.0;0,0
SÃO JOSÉ DOS CAMPOS;354990402A;SP;Jardim Altos de Santana;-23,159;-45,916;2019-02-04 18:00:00.0;0,0
SÃO JOSÉ DOS CAMPOS;354990402A;SP;Jardim Altos de Santana;-23,159;-45,916;2019-02-04 19:00:00.0;0,0
SÃO JOSÉ DOS CAMPOS;354990402A;SP;Jardim Altos de Santana;-23,159;-45,916;2019-02-04 20:00:00.0;0,0
SÃO JOSÉ DOS CAMPOS;354990402A;SP;Jardim Altos de Santana;-23,159;-45,916;2019-02-04 21:00:00.0;0,0
SÃO JOSÉ DOS CAMPOS;354990402A;SP;Jardim Altos de Santana;-23,159;-45,916;2019-02-04 22:00:00.0;0,0
SÃO JOSÉ DOS CAMPOS;354990402A;SP;Jardim Altos de Santana;-23,159;-45,916;2019-02-04 23:00:00.0;0,0
SÃO JOSÉ DOS CAMPOS;354990402A;SP;Jardim Altos de Santana;-23,159;-45,916;2019-02-05 00:00:00.0;0,0
SÃO JOSÉ DOS CAMPOS;354990402A;SP;Jardim Altos de Santana;-23,159;-45,916;2019-02-05 01:00:00.0;0,0
SÃO JOSÉ DOS CAMPOS;354990402A;SP;Jardim Altos de Santana;-23,159;-45,916;2019-02-05 02:00:00.0;0,0
SÃO JOSÉ DOS CAMPOS;354990402A;SP;Jardim Altos de Santana;-23,159;-45,916;2019-02-05 03:00:00.0;0,0
SÃO JOSÉ DOS CAMPOS;354990402A;SP;Jardim Altos de Santana;-23,159;-45,916;2019-02-05 04:00:00.0;0,0
SÃO JOSÉ DOS CAMPOS;354990402A;SP;Jardim Altos de Santana;-23,159;-45,916;2019-02-05 05:00:00.0;0,0
SÃO JOSÉ DOS CAMPOS;354990402A;SP;Jardim Altos de Santana;-23,159;-45,916;2019-02-05 06:00:00.0;0,0
SÃO JOSÉ DOS CAMPOS;354990402A;SP;Jardim Altos de Santana;-23,159;-45,916;2019-02-05 07:00:00.0;0,0
SÃO JOSÉ DOS CAMPOS;354990402A;SP;Jardim Altos de Santana;-23,159;-45,916;2019-02-05 08:00:00.0;0,0
SÃO JOSÉ DOS CAMPOS;354990402A;SP;Jardim Altos de Santana;-23,159;-45,916;2019-02-05 09:00:00.0;0,0
SÃO JOSÉ DOS CAMPOS;354990402A;SP;Jardim Altos de Santana;-23,159;-45,916;2019-02-05 10:00:00.0;0,0
SÃO JOSÉ DOS CAMPOS;354990402A;SP;Jardim Altos de Santana;-23,159;-45,916;2019-02-05 11:00:00.0;0,0
SÃO JOSÉ DOS CAMPOS;354990402A;SP;Jardim Altos de Santana;-23,159;-45,916;2019-02-05 12:00:00.0;0,0
SÃO JOSÉ DOS CAMPOS;354990402A;SP;Jardim Altos de Santana;-23,159;-45,916;2019-02-05 12:50:00.0;0,2
SÃO JOSÉ DOS CAMPOS;354990402A;SP;Jardim Altos de Santana;-23,159;-45,916;2019-02-05 13:00:00.0;0,0
SÃO JOSÉ DOS CAMPOS;354990402A;SP;Jardim Altos de Santana;-23,159;-45,916;2019-02-05 14:00:00.0;0,0
SÃO JOSÉ DOS CAMPOS;354990402A;SP;Jardim Altos de Santana;-23,159;-45,916;2019-02-05 15:00:00.0;0,0
SÃO JOSÉ DOS CAMPOS;354990402A;SP;Jardim Altos de Santana;-23,159;-45,916;2019-02-05 16:00:00.0;0,0
SÃO JOSÉ DOS CAMPOS;354990402A;SP;Jardim Altos de Santana;-23,159;-45,916;2019-02-05 17:00:00.0;0,0
SÃO JOSÉ DOS CAMPOS;354990402A;SP;Jardim Altos de Santana;-23,159;-45,916;2019-02-05 18:00:00.0;0,0
SÃO JOSÉ DOS CAMPOS;354990402A;SP;Jardim Altos de Santana;-23,159;-45,916;2019-02-05 19:00:00.0;0,0
SÃO JOSÉ DOS CAMPOS;354990402A;SP;Jardim Altos de Santana;-23,159;-45,916;2019-02-05 20:00:00.0;0,0
SÃO JOSÉ DOS CAMPOS;354990402A;SP;Jardim Altos de Santana;-23,159;-45,916;2019-02-05 21:00:00.0;0,0
SÃO JOSÉ DOS CAMPOS;354990402A;SP;Jardim Altos de Santana;-23,159;-45,916;2019-02-05 22:00:00.0;0,0
SÃO JOSÉ DOS CAMPOS;354990402A;SP;Jardim Altos de Santana;-23,159;-45,916;2019-02-05 23:00:00.0;0,0
SÃO JOSÉ DOS CAMPOS;354990402A;SP;Jardim Altos de Santana;-23,159;-45,916;2019-02-06 00:00:00.0;0,0
SÃO JOSÉ DOS CAMPOS;354990402A;SP;Jardim Altos de Santana;-23,159;-45,916;2019-02-06 01:00:00.0;0,0
SÃO JOSÉ DOS CAMPOS;354990402A;SP;Jardim Altos de Santana;-23,159;-45,916;2019-02-06 02:00:00.0;0,0
SÃO JOSÉ DOS CAMPOS;354990402A;SP;Jardim Altos de Santana;-23,159;-45,916;2019-02-06 03:00:00.0;0,0
SÃO JOSÉ DOS CAMPOS;354990402A;SP;Jardim Altos de Santana;-23,159;-45,916;2019-02-06 04:00:00.0;0,0
SÃO JOSÉ DOS CAMPOS;354990402A;SP;Jardim Altos de Santana;-23,159;-45,916;2019-02-06 05:00:00.0;0,0
SÃO JOSÉ DOS CAMPOS;354990402A;SP;Jardim Altos de Santana;-23,159;-45,916;2019-02-06 06:00:00.0;0,0
SÃO JOSÉ DOS CAMPOS;354990402A;SP;Jardim Altos de Santana;-23,159;-45,916;2019-02-06 07:00:00.0;0,0
SÃO JOSÉ DOS CAMPOS;354990402A;SP;Jardim Altos de Santana;-23,159;-45,916;2019-02-06 07:30:00.0;0,2
SÃO JOSÉ DOS CAMPOS;354990402A;SP;Jardim Altos de Santana;-23,159;-45,916;2019-02-06 07:40:00.0;0,39
SÃO JOSÉ DOS CAMPOS;354990402A;SP;Jardim Altos de Santana;-23,159;-45,916;2019-02-06 07:50:00.0;0,2
SÃO JOSÉ DOS CAMPOS;354990402A;SP;Jardim Altos de Santana;-23,159;-45,916;2019-02-06 08:00:00.0;0,0
SÃO JOSÉ DOS CAMPOS;354990402A;SP;Jardim Altos de Santana;-23,159;-45,916;2019-02-06 09:00:00.0;0,0
SÃO JOSÉ DOS CAMPOS;354990402A;SP;Jardim Altos de Santana;-23,159;-45,916;2019-02-06 10:00:00.0;0,2
SÃO JOSÉ DOS CAMPOS;354990402A;SP;Jardim Altos de Santana;-23,159;-45,916;2019-02-06 10:10:00.0;0,2
SÃO JOSÉ DOS CAMPOS;354990402A;SP;Jardim Altos de Santana;-23,159;-45,916;2019-02-06 10:50:00.0;0,2
SÃO JOSÉ DOS CAMPOS;354990402A;SP;Jardim Altos de Santana;-23,159;-45,916;2019-02-06 11:00:00.0;0,39
SÃO JOSÉ DOS CAMPOS;354990402A;SP;Jardim Altos de Santana;-23,159;-45,916;2019-02-06 11:10:00.0;0,59
SÃO JOSÉ DOS CAMPOS;354990402A;SP;Jardim Altos de Santana;-23,159;-45,916;2019-02-06 11:20:00.0;0,59
SÃO JOSÉ DOS CAMPOS;354990402A;SP;Jardim Altos de Santana;-23,159;-45,916;2019-02-06 11:30:00.0;0,59
SÃO JOSÉ DOS CAMPOS;354990402A;SP;Jardim Altos de Santana;-23,159;-45,916;2019-02-06 11:40:00.0;2,56
SÃO JOSÉ DOS CAMPOS;354990402A;SP;Jardim Altos de Santana;-23,159;-45,916;2019-02-06 11:50:00.0;0,79
SÃO JOSÉ DOS CAMPOS;354990402A;SP;Jardim Altos de Santana;-23,159;-45,916;2019-02-06 12:00:00.0;0,2
SÃO JOSÉ DOS CAMPOS;354990402A;SP;Jardim Altos de Santana;-23,159;-45,916;2019-02-06 12:10:00.0;0,2
SÃO JOSÉ DOS CAMPOS;354990402A;SP;Jardim Altos de Santana;-23,159;-45,916;2019-02-06 12:20:00.0;0,2
SÃO JOSÉ DOS CAMPOS;354990402A;SP;Jardim Altos de Santana;-23,159;-45,916;2019-02-06 12:30:00.0;0,79
SÃO JOSÉ DOS CAMPOS;354990402A;SP;Jardim Altos de Santana;-23,159;-45,916;2019-02-06 12:40:00.0;0,59
SÃO JOSÉ DOS CAMPOS;354990402A;SP;Jardim Altos de Santana;-23,159;-45,916;2019-02-06 12:50:00.0;0,59
SÃO JOSÉ DOS CAMPOS;354990402A;SP;Jardim Altos de Santana;-23,159;-45,916;2019-02-06 13:00:00.0;0,98
SÃO JOSÉ DOS CAMPOS;354990402A;SP;Jardim Altos de Santana;-23,159;-45,916;2019-02-06 13:10:00.0;0,59
SÃO JOSÉ DOS CAMPOS;354990402A;SP;Jardim Altos de Santana;-23,159;-45,916;2019-02-06 13:20:00.0;0,39
SÃO JOSÉ DOS CAMPOS;354990402A;SP;Jardim Altos de Santana;-23,159;-45,916;2019-02-06 13:30:00.0;0,39
SÃO JOSÉ DOS CAMPOS;354990402A;SP;Jardim Altos de Santana;-23,159;-45,916;2019-02-06 13:40:00.0;0,39
SÃO JOSÉ DOS CAMPOS;354990402A;SP;Jardim Altos de Santana;-23,159;-45,916;2019-02-06 14:00:00.0;0,0
SÃO JOSÉ DOS CAMPOS;354990402A;SP;Jardim Altos de Santana;-23,159;-45,916;2019-02-06 15:00:00.0;0,0
SÃO JOSÉ DOS CAMPOS;354990402A;SP;Jardim Altos de Santana;-23,159;-45,916;2019-02-06 16:00:00.0;0,0
SÃO JOSÉ DOS CAMPOS;354990402A;SP;Jardim Altos de Santana;-23,159;-45,916;2019-02-06 16:10:00.0;1,77
SÃO JOSÉ DOS CAMPOS;354990402A;SP;Jardim Altos de Santana;-23,159;-45,916;2019-02-06 16:20:00.0;3,94
SÃO JOSÉ DOS CAMPOS;354990402A;SP;Jardim Altos de Santana;-23,159;-45,916;2019-02-06 16:30:00.0;2,95
SÃO JOSÉ DOS CAMPOS;354990402A;SP;Jardim Altos de Santana;-23,159;-45,916;2019-02-06 16:40:00.0;1,18
SÃO JOSÉ DOS CAMPOS;354990402A;SP;Jardim Altos de Santana;-23,159;-45,916;2019-02-06 16:50:00.0;1,18
SÃO JOSÉ DOS CAMPOS;354990402A;SP;Jardim Altos de Santana;-23,159;-45,916;2019-02-06 17:00:00.0;0,98
SÃO JOSÉ DOS CAMPOS;354990402A;SP;Jardim Altos de Santana;-23,159;-45,916;2019-02-06 17:50:00.0;0,39
SÃO JOSÉ DOS CAMPOS;354990402A;SP;Jardim Altos de Santana;-23,159;-45,916;2019-02-06 18:00:00.0;0,39
SÃO JOSÉ DOS CAMPOS;354990402A;SP;Jardim Altos de Santana;-23,159;-45,916;2019-02-06 18:10:00.0;1,18
SÃO JOSÉ DOS CAMPOS;354990402A;SP;Jardim Altos de Santana;-23,159;-45,916;2019-02-06 18:20:00.0;0,39
SÃO JOSÉ DOS CAMPOS;354990402A;SP;Jardim Altos de Santana;-23,159;-45,916;2019-02-06 18:50:00.0;0,39
SÃO JOSÉ DOS CAMPOS;354990402A;SP;Jardim Altos de Santana;-23,159;-45,916;2019-02-06 19:00:00.0;0,59
SÃO JOSÉ DOS CAMPOS;354990402A;SP;Jardim Altos de Santana;-23,159;-45,916;2019-02-06 19:10:00.0;0,39
SÃO JOSÉ DOS CAMPOS;354990402A;SP;Jardim Altos de Santana;-23,159;-45,916;2019-02-06 19:20:00.0;0,39
SÃO JOSÉ DOS CAMPOS;354990402A;SP;Jardim Altos de Santana;-23,159;-45,916;2019-02-06 19:30:00.0;0,59
SÃO JOSÉ DOS CAMPOS;354990402A;SP;Jardim Altos de Santana;-23,159;-45,916;2019-02-06 19:40:00.0;0,59
SÃO JOSÉ DOS CAMPOS;354990402A;SP;Jardim Altos de Santana;-23,159;-45,916;2019-02-06 19:50:00.0;0,79
SÃO JOSÉ DOS CAMPOS;354990402A;SP;Jardim Altos de Santana;-23,159;-45,916;2019-02-06 20:00:00.0;0,39
SÃO JOSÉ DOS CAMPOS;354990402A;SP;Jardim Altos de Santana;-23,159;-45,916;2019-02-06 20:10:00.0;0,2
SÃO JOSÉ DOS CAMPOS;354990402A;SP;Jardim Altos de Santana;-23,159;-45,916;2019-02-06 20:20:00.0;0,2
SÃO JOSÉ DOS CAMPOS;354990402A;SP;Jardim Altos de Santana;-23,159;-45,916;2019-02-06 21:00:00.0;0,2
SÃO JOSÉ DOS CAMPOS;354990402A;SP;Jardim Altos de Santana;-23,159;-45,916;2019-02-06 21:10:00.0;0,2
SÃO JOSÉ DOS CAMPOS;354990402A;SP;Jardim Altos de Santana;-23,159;-45,916;2019-02-06 22:00:00.0;0,0
SÃO JOSÉ DOS CAMPOS;354990402A;SP;Jardim Altos de Santana;-23,159;-45,916;2019-02-06 23:00:00.0;0,0
SÃO JOSÉ DOS CAMPOS;354990402A;SP;Jardim Altos de Santana;-23,159;-45,916;2019-02-07 00:00:00.0;0,0
SÃO JOSÉ DOS CAMPOS;354990402A;SP;Jardim Altos de Santana;-23,159;-45,916;2019-02-07 00:20:00.0;0,2
SÃO JOSÉ DOS CAMPOS;354990402A;SP;Jardim Altos de Santana;-23,159;-45,916;2019-02-07 01:00:00.0;0,0
SÃO JOSÉ DOS CAMPOS;354990402A;SP;Jardim Altos de Santana;-23,159;-45,916;2019-02-07 02:00:00.0;0,0
SÃO JOSÉ DOS CAMPOS;354990402A;SP;Jardim Altos de Santana;-23,159;-45,916;2019-02-07 03:00:00.0;0,0
SÃO JOSÉ DOS CAMPOS;354990402A;SP;Jardim Altos de Santana;-23,159;-45,916;2019-02-07 04:00:00.0;0,0
SÃO JOSÉ DOS CAMPOS;354990402A;SP;Jardim Altos de Santana;-23,159;-45,916;2019-02-07 05:00:00.0;0,0
SÃO JOSÉ DOS CAMPOS;354990402A;SP;Jardim Altos de Santana;-23,159;-45,916;2019-02-07 06:00:00.0;0,0
SÃO JOSÉ DOS CAMPOS;354990402A;SP;Jardim Altos de Santana;-23,159;-45,916;2019-02-07 07:00:00.0;0,0
SÃO JOSÉ DOS CAMPOS;354990402A;SP;Jardim Altos de Santana;-23,159;-45,916;2019-02-07 08:00:00.0;0,0
SÃO JOSÉ DOS CAMPOS;354990402A;SP;Jardim Altos de Santana;-23,159;-45,916;2019-02-07 09:00:00.0;0,0
SÃO JOSÉ DOS CAMPOS;354990402A;SP;Jardim Altos de Santana;-23,159;-45,916;2019-02-07 10:00:00.0;0,0
SÃO JOSÉ DOS CAMPOS;354990402A;SP;Jardim Altos de Santana;-23,159;-45,916;2019-02-07 11:00:00.0;0,0
SÃO JOSÉ DOS CAMPOS;354990402A;SP;Jardim Altos de Santana;-23,159;-45,916;2019-02-07 12:00:00.0;0,0
SÃO JOSÉ DOS CAMPOS;354990402A;SP;Jardim Altos de Santana;-23,159;-45,916;2019-02-07 13:00:00.0;0,0
SÃO JOSÉ DOS CAMPOS;354990402A;SP;Jardim Altos de Santana;-23,159;-45,916;2019-02-07 14:00:00.0;0,0
SÃO JOSÉ DOS CAMPOS;354990402A;SP;Jardim Altos de Santana;-23,159;-45,916;2019-02-07 15:00:00.0;0,0
SÃO JOSÉ DOS CAMPOS;354990402A;SP;Jardim Altos de Santana;-23,159;-45,916;2019-02-07 16:00:00.0;0,0
SÃO JOSÉ DOS CAMPOS;354990402A;SP;Jardim Altos de Santana;-23,159;-45,916;2019-02-07 17:00:00.0;0,0
SÃO JOSÉ DOS CAMPOS;354990402A;SP;Jardim Altos de Santana;-23,159;-45,916;2019-02-07 18:00:00.0;0,0
SÃO JOSÉ DOS CAMPOS;354990402A;SP;Jardim Altos de Santana;-23,159;-45,916;2019-02-07 19:00:00.0;0,0
SÃO JOSÉ DOS CAMPOS;354990402A;SP;Jardim Altos de Santana;-23,159;-45,916;2019-02-07 20:00:00.0;0,0
SÃO JOSÉ DOS CAMPOS;354990402A;SP;Jardim Altos de Santana;-23,159;-45,916;2019-02-07 21:00:00.0;0,0
SÃO JOSÉ DOS CAMPOS;354990402A;SP;Jardim Altos de Santana;-23,159;-45,916;2019-02-08 18:00:00.0;0,0
SÃO JOSÉ DOS CAMPOS;354990402A;SP;Jardim Altos de Santana;-23,159;-45,916;2019-02-08 19:10:00.0;0,0
SÃO JOSÉ DOS CAMPOS;354990402A;SP;Jardim Altos de Santana;-23,159;-45,916;2019-02-08 20:00:00.0;0,0
SÃO JOSÉ DOS CAMPOS;354990402A;SP;Jardim Altos de Santana;-23,159;-45,916;2019-02-08 21:00:00.0;0,0
SÃO JOSÉ DOS CAMPOS;354990402A;SP;Jardim Altos de Santana;-23,159;-45,916;2019-02-08 22:00:00.0;0,0
SÃO JOSÉ DOS CAMPOS;354990402A;SP;Jardim Altos de Santana;-23,159;-45,916;2019-02-08 23:00:00.0;0,0
SÃO JOSÉ DOS CAMPOS;354990402A;SP;Jardim Altos de Santana;-23,159;-45,916;2019-02-09 00:00:00.0;0,0
SÃO JOSÉ DOS CAMPOS;354990402A;SP;Jardim Altos de Santana;-23,159;-45,916;2019-02-09 01:00:00.0;0,0
SÃO JOSÉ DOS CAMPOS;354990402A;SP;Jardim Altos de Santana;-23,159;-45,916;2019-02-09 02:00:00.0;0,0
SÃO JOSÉ DOS CAMPOS;354990402A;SP;Jardim Altos de Santana;-23,159;-45,916;2019-02-09 03:00:00.0;0,0
SÃO JOSÉ DOS CAMPOS;354990402A;SP;Jardim Altos de Santana;-23,159;-45,916;2019-02-09 04:00:00.0;0,0
SÃO JOSÉ DOS CAMPOS;354990402A;SP;Jardim Altos de Santana;-23,159;-45,916;2019-02-09 05:00:00.0;0,0
SÃO JOSÉ DOS CAMPOS;354990402A;SP;Jardim Altos de Santana;-23,159;-45,916;2019-02-09 06:00:00.0;0,0
SÃO JOSÉ DOS CAMPOS;354990402A;SP;Jardim Altos de Santana;-23,159;-45,916;2019-02-09 07:00:00.0;0,0
SÃO JOSÉ DOS CAMPOS;354990402A;SP;Jardim Altos de Santana;-23,159;-45,916;2019-02-09 08:00:00.0;0,0
SÃO JOSÉ DOS CAMPOS;354990402A;SP;Jardim Altos de Santana;-23,159;-45,916;2019-02-09 09:00:00.0;0,0
SÃO JOSÉ DOS CAMPOS;354990402A;SP;Jardim Altos de Santana;-23,159;-45,916;2019-02-09 10:00:00.0;0,0
SÃO JOSÉ DOS CAMPOS;354990402A;SP;Jardim Altos de Santana;-23,159;-45,916;2019-02-09 11:00:00.0;0,0
SÃO JOSÉ DOS CAMPOS;354990402A;SP;Jardim Altos de Santana;-23,159;-45,916;2019-02-09 12:00:00.0;0,0
SÃO JOSÉ DOS CAMPOS;354990402A;SP;Jardim Altos de Santana;-23,159;-45,916;2019-02-09 13:00:00.0;0,0
SÃO JOSÉ DOS CAMPOS;354990402A;SP;Jardim Altos de Santana;-23,159;-45,916;2019-02-09 14:00:00.0;0,0
SÃO JOSÉ DOS CAMPOS;354990402A;SP;Jardim Altos de Santana;-23,159;-45,916;2019-02-09 15:00:00.0;0,0
SÃO JOSÉ DOS CAMPOS;354990402A;SP;Jardim Altos de Santana;-23,159;-45,916;2019-02-09 16:00:00.0;0,0
SÃO JOSÉ DOS CAMPOS;354990402A;SP;Jardim Altos de Santana;-23,159;-45,916;2019-02-09 17:00:00.0;0,0
SÃO JOSÉ DOS CAMPOS;354990402A;SP;Jardim Altos de Santana;-23,159;-45,916;2019-02-09 18:00:00.0;0,0
SÃO JOSÉ DOS CAMPOS;354990402A;SP;Jardim Altos de Santana;-23,159;-45,916;2019-02-09 19:00:00.0;0,0
SÃO JOSÉ DOS CAMPOS;354990402A;SP;Jardim Altos de Santana;-23,159;-45,916;2019-02-09 20:00:00.0;0,0
SÃO JOSÉ DOS CAMPOS;354990402A;SP;Jardim Altos de Santana;-23,159;-45,916;2019-02-09 21:00:00.0;0,0
SÃO JOSÉ DOS CAMPOS;354990402A;SP;Jardim Altos de Santana;-23,159;-45,916;2019-02-09 22:00:00.0;0,0
SÃO JOSÉ DOS CAMPOS;354990402A;SP;Jardim Altos de Santana;-23,159;-45,916;2019-02-09 23:00:00.0;0,0
SÃO JOSÉ DOS CAMPOS;354990402A;SP;Jardim Altos de Santana;-23,159;-45,916;2019-02-10 00:00:00.0;0,0
SÃO JOSÉ DOS CAMPOS;354990402A;SP;Jardim Altos de Santana;-23,159;-45,916;2019-02-10 01:00:00.0;0,0
SÃO JOSÉ DOS CAMPOS;354990402A;SP;Jardim Altos de Santana;-23,159;-45,916;2019-02-10 02:00:00.0;0,0
SÃO JOSÉ DOS CAMPOS;354990402A;SP;Jardim Altos de Santana;-23,159;-45,916;2019-02-10 03:00:00.0;0,0
SÃO JOSÉ DOS CAMPOS;354990402A;SP;Jardim Altos de Santana;-23,159;-45,916;2019-02-10 04:00:00.0;0,0
SÃO JOSÉ DOS CAMPOS;354990402A;SP;Jardim Altos de Santana;-23,159;-45,916;2019-02-10 05:00:00.0;0,0
SÃO JOSÉ DOS CAMPOS;354990402A;SP;Jardim Altos de Santana;-23,159;-45,916;2019-02-10 06:00:00.0;0,0
SÃO JOSÉ DOS CAMPOS;354990402A;SP;Jardim Altos de Santana;-23,159;-45,916;2019-02-10 07:00:00.0;0,0
SÃO JOSÉ DOS CAMPOS;354990402A;SP;Jardim Altos de Santana;-23,159;-45,916;2019-02-10 08:00:00.0;0,0
SÃO JOSÉ DOS CAMPOS;354990402A;SP;Jardim Altos de Santana;-23,159;-45,916;2019-02-10 09:00:00.0;0,0
SÃO JOSÉ DOS CAMPOS;354990402A;SP;Jardim Altos de Santana;-23,159;-45,916;2019-02-10 10:00:00.0;0,0
SÃO JOSÉ DOS CAMPOS;354990402A;SP;Jardim Altos de Santana;-23,159;-45,916;2019-02-10 11:00:00.0;0,0
SÃO JOSÉ DOS CAMPOS;354990402A;SP;Jardim Altos de Santana;-23,159;-45,916;2019-02-10 12:00:00.0;0,0
SÃO JOSÉ DOS CAMPOS;354990402A;SP;Jardim Altos de Santana;-23,159;-45,916;2019-02-10 13:00:00.0;0,0
SÃO JOSÉ DOS CAMPOS;354990402A;SP;Jardim Altos de Santana;-23,159;-45,916;2019-02-10 14:00:00.0;0,0
SÃO JOSÉ DOS CAMPOS;354990402A;SP;Jardim Altos de Santana;-23,159;-45,916;2019-02-10 15:00:00.0;0,0
SÃO JOSÉ DOS CAMPOS;354990402A;SP;Jardim Altos de Santana;-23,159;-45,916;2019-02-10 16:00:00.0;0,0
SÃO JOSÉ DOS CAMPOS;354990402A;SP;Jardim Altos de Santana;-23,159;-45,916;2019-02-10 17:00:00.0;0,0
SÃO JOSÉ DOS CAMPOS;354990402A;SP;Jardim Altos de Santana;-23,159;-45,916;2019-02-10 18:00:00.0;0,0
SÃO JOSÉ DOS CAMPOS;354990402A;SP;Jardim Altos de Santana;-23,159;-45,916;2019-02-10 19:00:00.0;0,0
SÃO JOSÉ DOS CAMPOS;354990402A;SP;Jardim Altos de Santana;-23,159;-45,916;2019-02-10 20:00:00.0;0,0
SÃO JOSÉ DOS CAMPOS;354990402A;SP;Jardim Altos de Santana;-23,159;-45,916;2019-02-10 21:00:00.0;0,0
SÃO JOSÉ DOS CAMPOS;354990402A;SP;Jardim Altos de Santana;-23,159;-45,916;2019-02-10 22:00:00.0;0,0
SÃO JOSÉ DOS CAMPOS;354990402A;SP;Jardim Altos de Santana;-23,159;-45,916;2019-02-10 23:00:00.0;0,0
SÃO JOSÉ DOS CAMPOS;354990402A;SP;Jardim Altos de Santana;-23,159;-45,916;2019-02-11 00:00:00.0;0,0
SÃO JOSÉ DOS CAMPOS;354990402A;SP;Jardim Altos de Santana;-23,159;-45,916;2019-02-11 01:00:00.0;0,0
SÃO JOSÉ DOS CAMPOS;354990402A;SP;Jardim Altos de Santana;-23,159;-45,916;2019-02-11 02:00:00.0;0,0
SÃO JOSÉ DOS CAMPOS;354990402A;SP;Jardim Altos de Santana;-23,159;-45,916;2019-02-11 03:00:00.0;0,0
SÃO JOSÉ DOS CAMPOS;354990402A;SP;Jardim Altos de Santana;-23,159;-45,916;2019-02-11 04:00:00.0;0,0
SÃO JOSÉ DOS CAMPOS;354990402A;SP;Jardim Altos de Santana;-23,159;-45,916;2019-02-11 05:00:00.0;0,0
SÃO JOSÉ DOS CAMPOS;354990402A;SP;Jardim Altos de Santana;-23,159;-45,916;2019-02-11 06:00:00.0;0,0
SÃO JOSÉ DOS CAMPOS;354990402A;SP;Jardim Altos de Santana;-23,159;-45,916;2019-02-11 07:00:00.0;0,0
SÃO JOSÉ DOS CAMPOS;354990402A;SP;Jardim Altos de Santana;-23,159;-45,916;2019-02-11 08:00:00.0;0,0
SÃO JOSÉ DOS CAMPOS;354990402A;SP;Jardim Altos de Santana;-23,159;-45,916;2019-02-11 09:00:00.0;0,0
SÃO JOSÉ DOS CAMPOS;354990402A;SP;Jardim Altos de Santana;-23,159;-45,916;2019-02-11 10:00:00.0;0,0
SÃO JOSÉ DOS CAMPOS;354990402A;SP;Jardim Altos de Santana;-23,159;-45,916;2019-02-11 11:00:00.0;0,0
SÃO JOSÉ DOS CAMPOS;354990402A;SP;Jardim Altos de Santana;-23,159;-45,916;2019-02-11 12:00:00.0;0,0
SÃO JOSÉ DOS CAMPOS;354990402A;SP;Jardim Altos de Santana;-23,159;-45,916;2019-02-11 13:00:00.0;0,0
SÃO JOSÉ DOS CAMPOS;354990402A;SP;Jardim Altos de Santana;-23,159;-45,916;2019-02-11 14:00:00.0;0,0
SÃO JOSÉ DOS CAMPOS;354990402A;SP;Jardim Altos de Santana;-23,159;-45,916;2019-02-11 15:00:00.0;0,0
SÃO JOSÉ DOS CAMPOS;354990402A;SP;Jardim Altos de Santana;-23,159;-45,916;2019-02-11 16:00:00.0;0,0
SÃO JOSÉ DOS CAMPOS;354990402A;SP;Jardim Altos de Santana;-23,159;-45,916;2019-02-11 17:00:00.0;0,0
SÃO JOSÉ DOS CAMPOS;354990402A;SP;Jardim Altos de Santana;-23,159;-45,916;2019-02-11 18:00:00.0;0,0
SÃO JOSÉ DOS CAMPOS;354990402A;SP;Jardim Altos de Santana;-23,159;-45,916;2019-02-11 19:00:00.0;0,0
SÃO JOSÉ DOS CAMPOS;354990402A;SP;Jardim Altos de Santana;-23,159;-45,916;2019-02-11 19:10:00.0;0,2
SÃO JOSÉ DOS CAMPOS;354990402A;SP;Jardim Altos de Santana;-23,159;-45,916;2019-02-11 19:30:00.0;0,39
SÃO JOSÉ DOS CAMPOS;354990402A;SP;Jardim Altos de Santana;-23,159;-45,916;2019-02-11 19:40:00.0;0,39
SÃO JOSÉ DOS CAMPOS;354990402A;SP;Jardim Altos de Santana;-23,159;-45,916;2019-02-11 20:00:00.0;0,0
SÃO JOSÉ DOS CAMPOS;354990402A;SP;Jardim Altos de Santana;-23,159;-45,916;2019-02-11 21:00:00.0;0,0
SÃO JOSÉ DOS CAMPOS;354990402A;SP;Jardim Altos de Santana;-23,159;-45,916;2019-02-11 22:00:00.0;0,0
SÃO JOSÉ DOS CAMPOS;354990402A;SP;Jardim Altos de Santana;-23,159;-45,916;2019-02-11 23:00:00.0;0,0
SÃO JOSÉ DOS CAMPOS;354990402A;SP;Jardim Altos de Santana;-23,159;-45,916;2019-02-12 00:00:00.0;0,0
SÃO JOSÉ DOS CAMPOS;354990402A;SP;Jardim Altos de Santana;-23,159;-45,916;2019-02-12 01:00:00.0;0,0
SÃO JOSÉ DOS CAMPOS;354990402A;SP;Jardim Altos de Santana;-23,159;-45,916;2019-02-12 02:00:00.0;0,0
SÃO JOSÉ DOS CAMPOS;354990402A;SP;Jardim Altos de Santana;-23,159;-45,916;2019-02-12 03:00:00.0;0,0
SÃO JOSÉ DOS CAMPOS;354990402A;SP;Jardim Altos de Santana;-23,159;-45,916;2019-02-12 04:00:00.0;0,0
SÃO JOSÉ DOS CAMPOS;354990402A;SP;Jardim Altos de Santana;-23,159;-45,916;2019-02-12 05:00:00.0;0,0
SÃO JOSÉ DOS CAMPOS;354990402A;SP;Jardim Altos de Santana;-23,159;-45,916;2019-02-12 06:00:00.0;0,0
SÃO JOSÉ DOS CAMPOS;354990402A;SP;Jardim Altos de Santana;-23,159;-45,916;2019-02-12 07:00:00.0;0,0
SÃO JOSÉ DOS CAMPOS;354990402A;SP;Jardim Altos de Santana;-23,159;-45,916;2019-02-12 08:00:00.0;0,0
SÃO JOSÉ DOS CAMPOS;354990402A;SP;Jardim Altos de Santana;-23,159;-45,916;2019-02-12 09:00:00.0;0,0
SÃO JOSÉ DOS CAMPOS;354990402A;SP;Jardim Altos de Santana;-23,159;-45,916;2019-02-12 10:00:00.0;0,0
SÃO JOSÉ DOS CAMPOS;354990402A;SP;Jardim Altos de Santana;-23,159;-45,916;2019-02-12 11:00:00.0;0,0
SÃO JOSÉ DOS CAMPOS;354990402A;SP;Jardim Altos de Santana;-23,159;-45,916;2019-02-12 12:00:00.0;0,0
SÃO JOSÉ DOS CAMPOS;354990402A;SP;Jardim Altos de Santana;-23,159;-45,916;2019-02-12 13:00:00.0;0,0
SÃO JOSÉ DOS CAMPOS;354990402A;SP;Jardim Altos de Santana;-23,159;-45,916;2019-02-12 14:00:00.0;0,0
SÃO JOSÉ DOS CAMPOS;354990402A;SP;Jardim Altos de Santana;-23,159;-45,916;2019-02-12 15:00:00.0;0,0
SÃO JOSÉ DOS CAMPOS;354990402A;SP;Jardim Altos de Santana;-23,159;-45,916;2019-02-12 16:00:00.0;0,0
SÃO JOSÉ DOS CAMPOS;354990402A;SP;Jardim Altos de Santana;-23,159;-45,916;2019-02-12 17:00:00.0;0,0
SÃO JOSÉ DOS CAMPOS;354990402A;SP;Jardim Altos de Santana;-23,159;-45,916;2019-02-12 18:00:00.0;0,0
SÃO JOSÉ DOS CAMPOS;354990402A;SP;Jardim Altos de Santana;-23,159;-45,916;2019-02-12 19:00:00.0;0,0
SÃO JOSÉ DOS CAMPOS;354990402A;SP;Jardim Altos de Santana;-23,159;-45,916;2019-02-12 20:00:00.0;0,0
SÃO JOSÉ DOS CAMPOS;354990402A;SP;Jardim Altos de Santana;-23,159;-45,916;2019-02-12 21:00:00.0;0,0
SÃO JOSÉ DOS CAMPOS;354990402A;SP;Jardim Altos de Santana;-23,159;-45,916;2019-02-12 22:00:00.0;0,0
SÃO JOSÉ DOS CAMPOS;354990402A;SP;Jardim Altos de Santana;-23,159;-45,916;2019-02-12 23:00:00.0;0,0
SÃO JOSÉ DOS CAMPOS;354990402A;SP;Jardim Altos de Santana;-23,159;-45,916;2019-02-13 00:00:00.0;0,0
SÃO JOSÉ DOS CAMPOS;354990402A;SP;Jardim Altos de Santana;-23,159;-45,916;2019-02-13 00:10:00.0;2,95
SÃO JOSÉ DOS CAMPOS;354990402A;SP;Jardim Altos de Santana;-23,159;-45,916;2019-02-13 00:20:00.0;2,95
SÃO JOSÉ DOS CAMPOS;354990402A;SP;Jardim Altos de Santana;-23,159;-45,916;2019-02-13 00:30:00.0;0,39
SÃO JOSÉ DOS CAMPOS;354990402A;SP;Jardim Altos de Santana;-23,159;-45,916;2019-02-13 00:40:00.0;0,2
SÃO JOSÉ DOS CAMPOS;354990402A;SP;Jardim Altos de Santana;-23,159;-45,916;2019-02-13 00:50:00.0;0,39
SÃO JOSÉ DOS CAMPOS;354990402A;SP;Jardim Altos de Santana;-23,159;-45,916;2019-02-13 01:00:00.0;0,2
SÃO JOSÉ DOS CAMPOS;354990402A;SP;Jardim Altos de Santana;-23,159;-45,916;2019-02-13 01:10:00.0;0,2
SÃO JOSÉ DOS CAMPOS;354990402A;SP;Jardim Altos de Santana;-23,159;-45,916;2019-02-13 01:20:00.0;0,2
SÃO JOSÉ DOS CAMPOS;354990402A;SP;Jardim Altos de Santana;-23,159;-45,916;2019-02-13 02:00:00.0;0,0
SÃO JOSÉ DOS CAMPOS;354990402A;SP;Jardim Altos de Santana;-23,159;-45,916;2019-02-13 02:50:00.0;0,2
SÃO JOSÉ DOS CAMPOS;354990402A;SP;Jardim Altos de Santana;-23,159;-45,916;2019-02-13 03:00:00.0;0,0
SÃO JOSÉ DOS CAMPOS;354990402A;SP;Jardim Altos de Santana;-23,159;-45,916;2019-02-13 04:00:00.0;0,0
SÃO JOSÉ DOS CAMPOS;354990402A;SP;Jardim Altos de Santana;-23,159;-45,916;2019-02-13 04:10:00.0;0,39
SÃO JOSÉ DOS CAMPOS;354990402A;SP;Jardim Altos de Santana;-23,159;-45,916;2019-02-13 04:20:00.0;0,2
SÃO JOSÉ DOS CAMPOS;354990402A;SP;Jardim Altos de Santana;-23,159;-45,916;2019-02-13 04:30:00.0;0,2
SÃO JOSÉ DOS CAMPOS;354990402A;SP;Jardim Altos de Santana;-23,159;-45,916;2019-02-13 04:40:00.0;0,59
SÃO JOSÉ DOS CAMPOS;354990402A;SP;Jardim Altos de Santana;-23,159;-45,916;2019-02-13 04:50:00.0;0,39
SÃO JOSÉ DOS CAMPOS;354990402A;SP;Jardim Altos de Santana;-23,159;-45,916;2019-02-13 05:00:00.0;2,56
SÃO JOSÉ DOS CAMPOS;354990402A;SP;Jardim Altos de Santana;-23,159;-45,916;2019-02-13 05:10:00.0;3,55
SÃO JOSÉ DOS CAMPOS;354990402A;SP;Jardim Altos de Santana;-23,159;-45,916;2019-02-13 05:20:00.0;2,36
SÃO JOSÉ DOS CAMPOS;354990402A;SP;Jardim Altos de Santana;-23,159;-45,916;2019-02-13 05:30:00.0;1,77
SÃO JOSÉ DOS CAMPOS;354990402A;SP;Jardim Altos de Santana;-23,159;-45,916;2019-02-13 05:40:00.0;0,98
SÃO JOSÉ DOS CAMPOS;354990402A;SP;Jardim Altos de Santana;-23,159;-45,916;2019-02-13 05:50:00.0;1,18
SÃO JOSÉ DOS CAMPOS;354990402A;SP;Jardim Altos de Santana;-23,159;-45,916;2019-02-13 06:00:00.0;0,2
SÃO JOSÉ DOS CAMPOS;354990402A;SP;Jardim Altos de Santana;-23,159;-45,916;2019-02-13 06:10:00.0;0,2
SÃO JOSÉ DOS CAMPOS;354990402A;SP;Jardim Altos de Santana;-23,159;-45,916;2019-02-13 06:30:00.0;0,2
SÃO JOSÉ DOS CAMPOS;354990402A;SP;Jardim Altos de Santana;-23,159;-45,916;2019-02-13 07:00:00.0;0,0
SÃO JOSÉ DOS CAMPOS;354990402A;SP;Jardim Altos de Santana;-23,159;-45,916;2019-02-13 08:00:00.0;0,0
SÃO JOSÉ DOS CAMPOS;354990402A;SP;Jardim Altos de Santana;-23,159;-45,916;2019-02-13 08:40:00.0;0,2
SÃO JOSÉ DOS CAMPOS;354990402A;SP;Jardim Altos de Santana;-23,159;-45,916;2019-02-13 08:50:00.0;0,2
SÃO JOSÉ DOS CAMPOS;354990402A;SP;Jardim Altos de Santana;-23,159;-45,916;2019-02-13 09:00:00.0;0,2
SÃO JOSÉ DOS CAMPOS;354990402A;SP;Jardim Altos de Santana;-23,159;-45,916;2019-02-13 09:30:00.0;0,2
SÃO JOSÉ DOS CAMPOS;354990402A;SP;Jardim Altos de Santana;-23,159;-45,916;2019-02-13 09:50:00.0;0,2
SÃO JOSÉ DOS CAMPOS;354990402A;SP;Jardim Altos de Santana;-23,159;-45,916;2019-02-13 10:00:00.0;0,39
SÃO JOSÉ DOS CAMPOS;354990402A;SP;Jardim Altos de Santana;-23,159;-45,916;2019-02-13 10:10:00.0;0,2
SÃO JOSÉ DOS CAMPOS;354990402A;SP;Jardim Altos de Santana;-23,159;-45,916;2019-02-13 10:20:00.0;0,39
SÃO JOSÉ DOS CAMPOS;354990402A;SP;Jardim Altos de Santana;-23,159;-45,916;2019-02-13 10:30:00.0;0,39
SÃO JOSÉ DOS CAMPOS;354990402A;SP;Jardim Altos de Santana;-23,159;-45,916;2019-02-13 10:40:00.0;0,79
SÃO JOSÉ DOS CAMPOS;354990402A;SP;Jardim Altos de Santana;-23,159;-45,916;2019-02-13 10:50:00.0;0,79
SÃO JOSÉ DOS CAMPOS;354990402A;SP;Jardim Altos de Santana;-23,159;-45,916;2019-02-13 11:00:00.0;0,59
SÃO JOSÉ DOS CAMPOS;354990402A;SP;Jardim Altos de Santana;-23,159;-45,916;2019-02-13 11:10:00.0;0,98
SÃO JOSÉ DOS CAMPOS;354990402A;SP;Jardim Altos de Santana;-23,159;-45,916;2019-02-13 11:20:00.0;1,57
SÃO JOSÉ DOS CAMPOS;354990402A;SP;Jardim Altos de Santana;-23,159;-45,916;2019-02-13 11:30:00.0;0,39
SÃO JOSÉ DOS CAMPOS;354990402A;SP;Jardim Altos de Santana;-23,159;-45,916;2019-02-13 11:40:00.0;0,2
SÃO JOSÉ DOS CAMPOS;354990402A;SP;Jardim Altos de Santana;-23,159;-45,916;2019-02-13 11:50:00.0;0,79
SÃO JOSÉ DOS CAMPOS;354990402A;SP;Jardim Altos de Santana;-23,159;-45,916;2019-02-13 12:00:00.0;0,39
SÃO JOSÉ DOS CAMPOS;354990402A;SP;Jardim Altos de Santana;-23,159;-45,916;2019-02-13 12:10:00.0;1,77
SÃO JOSÉ DOS CAMPOS;354990402A;SP;Jardim Altos de Santana;-23,159;-45,916;2019-02-13 12:20:00.0;1,57
SÃO JOSÉ DOS CAMPOS;354990402A;SP;Jardim Altos de Santana;-23,159;-45,916;2019-02-13 12:30:00.0;0,59
SÃO JOSÉ DOS CAMPOS;354990402A;SP;Jardim Altos de Santana;-23,159;-45,916;2019-02-13 12:40:00.0;0,79
SÃO JOSÉ DOS CAMPOS;354990402A;SP;Jardim Altos de Santana;-23,159;-45,916;2019-02-13 13:00:00.0;0,2
SÃO JOSÉ DOS CAMPOS;354990402A;SP;Jardim Altos de Santana;-23,159;-45,916;2019-02-13 13:20:00.0;0,2
SÃO JOSÉ DOS CAMPOS;354990402A;SP;Jardim Altos de Santana;-23,159;-45,916;2019-02-13 13:30:00.0;0,2
SÃO JOSÉ DOS CAMPOS;354990402A;SP;Jardim Altos de Santana;-23,159;-45,916;2019-02-13 13:40:00.0;0,2
SÃO JOSÉ DOS CAMPOS;354990402A;SP;Jardim Altos de Santana;-23,159;-45,916;2019-02-13 13:50:00.0;0,2
SÃO JOSÉ DOS CAMPOS;354990402A;SP;Jardim Altos de Santana;-23,159;-45,916;2019-02-13 14:00:00.0;0,39
SÃO JOSÉ DOS CAMPOS;354990402A;SP;Jardim Altos de Santana;-23,159;-45,916;2019-02-13 15:00:00.0;0,0
SÃO JOSÉ DOS CAMPOS;354990402A;SP;Jardim Altos de Santana;-23,159;-45,916;2019-02-13 16:00:00.0;0,0
SÃO JOSÉ DOS CAMPOS;354990402A;SP;Jardim Altos de Santana;-23,159;-45,916;2019-02-13 17:00:00.0;0,0
SÃO JOSÉ DOS CAMPOS;354990402A;SP;Jardim Altos de Santana;-23,159;-45,916;2019-02-13 17:40:00.0;0,2
SÃO JOSÉ DOS CAMPOS;354990402A;SP;Jardim Altos de Santana;-23,159;-45,916;2019-02-13 18:00:00.0;0,0
SÃO JOSÉ DOS CAMPOS;354990402A;SP;Jardim Altos de Santana;-23,159;-45,916;2019-02-13 19:00:00.0;0,0
SÃO JOSÉ DOS CAMPOS;354990402A;SP;Jardim Altos de Santana;-23,159;-45,916;2019-02-13 20:00:00.0;0,0
SÃO JOSÉ DOS CAMPOS;354990402A;SP;Jardim Altos de Santana;-23,159;-45,916;2019-02-13 21:00:00.0;0,0
SÃO JOSÉ DOS CAMPOS;354990402A;SP;Jardim Altos de Santana;-23,159;-45,916;2019-02-13 22:00:00.0;0,0
SÃO JOSÉ DOS CAMPOS;354990402A;SP;Jardim Altos de Santana;-23,159;-45,916;2019-02-13 23:00:00.0;0,0
SÃO JOSÉ DOS CAMPOS;354990402A;SP;Jardim Altos de Santana;-23,159;-45,916;2019-02-14 00:00:00.0;0,0
SÃO JOSÉ DOS CAMPOS;354990402A;SP;Jardim Altos de Santana;-23,159;-45,916;2019-02-14 01:00:00.0;0,0
SÃO JOSÉ DOS CAMPOS;354990402A;SP;Jardim Altos de Santana;-23,159;-45,916;2019-02-14 02:00:00.0;0,0
SÃO JOSÉ DOS CAMPOS;354990402A;SP;Jardim Altos de Santana;-23,159;-45,916;2019-02-14 03:00:00.0;0,0
SÃO JOSÉ DOS CAMPOS;354990402A;SP;Jardim Altos de Santana;-23,159;-45,916;2019-02-14 04:00:00.0;0,0
SÃO JOSÉ DOS CAMPOS;354990402A;SP;Jardim Altos de Santana;-23,159;-45,916;2019-02-14 05:00:00.0;0,0
SÃO JOSÉ DOS CAMPOS;354990402A;SP;Jardim Altos de Santana;-23,159;-45,916;2019-02-14 06:00:00.0;0,0
SÃO JOSÉ DOS CAMPOS;354990402A;SP;Jardim Altos de Santana;-23,159;-45,916;2019-02-14 07:00:00.0;0,0
SÃO JOSÉ DOS CAMPOS;354990402A;SP;Jardim Altos de Santana;-23,159;-45,916;2019-02-14 08:00:00.0;0,0
SÃO JOSÉ DOS CAMPOS;354990402A;SP;Jardim Altos de Santana;-23,159;-45,916;2019-02-14 09:00:00.0;0,0
SÃO JOSÉ DOS CAMPOS;354990402A;SP;Jardim Altos de Santana;-23,159;-45,916;2019-02-14 10:00:00.0;0,0
SÃO JOSÉ DOS CAMPOS;354990402A;SP;Jardim Altos de Santana;-23,159;-45,916;2019-02-14 11:00:00.0;0,0
SÃO JOSÉ DOS CAMPOS;354990402A;SP;Jardim Altos de Santana;-23,159;-45,916;2019-02-14 12:00:00.0;0,0
SÃO JOSÉ DOS CAMPOS;354990402A;SP;Jardim Altos de Santana;-23,159;-45,916;2019-02-14 13:00:00.0;0,0
SÃO JOSÉ DOS CAMPOS;354990402A;SP;Jardim Altos de Santana;-23,159;-45,916;2019-02-14 14:00:00.0;0,0
SÃO JOSÉ DOS CAMPOS;354990402A;SP;Jardim Altos de Santana;-23,159;-45,916;2019-02-14 15:00:00.0;0,0
SÃO JOSÉ DOS CAMPOS;354990402A;SP;Jardim Altos de Santana;-23,159;-45,916;2019-02-14 16:00:00.0;0,0
SÃO JOSÉ DOS CAMPOS;354990402A;SP;Jardim Altos de Santana;-23,159;-45,916;2019-02-14 17:00:00.0;0,0
SÃO JOSÉ DOS CAMPOS;354990402A;SP;Jardim Altos de Santana;-23,159;-45,916;2019-02-14 18:00:00.0;0,0
SÃO JOSÉ DOS CAMPOS;354990402A;SP;Jardim Altos de Santana;-23,159;-45,916;2019-02-14 19:00:00.0;0,0
SÃO JOSÉ DOS CAMPOS;354990402A;SP;Jardim Altos de Santana;-23,159;-45,916;2019-02-14 20:00:00.0;0,0
SÃO JOSÉ DOS CAMPOS;354990402A;SP;Jardim Altos de Santana;-23,159;-45,916;2019-02-14 21:00:00.0;0,0
SÃO JOSÉ DOS CAMPOS;354990402A;SP;Jardim Altos de Santana;-23,159;-45,916;2019-02-14 22:00:00.0;0,0
SÃO JOSÉ DOS CAMPOS;354990402A;SP;Jardim Altos de Santana;-23,159;-45,916;2019-02-14 23:00:00.0;0,0
SÃO JOSÉ DOS CAMPOS;354990402A;SP;Jardim Altos de Santana;-23,159;-45,916;2019-02-15 00:00:00.0;0,0
SÃO JOSÉ DOS CAMPOS;354990402A;SP;Jardim Altos de Santana;-23,159;-45,916;2019-02-15 01:00:00.0;0,0
SÃO JOSÉ DOS CAMPOS;354990402A;SP;Jardim Altos de Santana;-23,159;-45,916;2019-02-15 02:00:00.0;0,0
SÃO JOSÉ DOS CAMPOS;354990402A;SP;Jardim Altos de Santana;-23,159;-45,916;2019-02-15 03:00:00.0;0,0
SÃO JOSÉ DOS CAMPOS;354990402A;SP;Jardim Altos de Santana;-23,159;-45,916;2019-02-15 04:00:00.0;0,0
SÃO JOSÉ DOS CAMPOS;354990402A;SP;Jardim Altos de Santana;-23,159;-45,916;2019-02-15 05:00:00.0;0,0
SÃO JOSÉ DOS CAMPOS;354990402A;SP;Jardim Altos de Santana;-23,159;-45,916;2019-02-15 06:00:00.0;0,0
SÃO JOSÉ DOS CAMPOS;354990402A;SP;Jardim Altos de Santana;-23,159;-45,916;2019-02-15 07:00:00.0;0,0
SÃO JOSÉ DOS CAMPOS;354990402A;SP;Jardim Altos de Santana;-23,159;-45,916;2019-02-15 08:00:00.0;0,0
SÃO JOSÉ DOS CAMPOS;354990402A;SP;Jardim Altos de Santana;-23,159;-45,916;2019-02-15 09:00:00.0;0,0
SÃO JOSÉ DOS CAMPOS;354990402A;SP;Jardim Altos de Santana;-23,159;-45,916;2019-02-15 10:00:00.0;0,0
SÃO JOSÉ DOS CAMPOS;354990402A;SP;Jardim Altos de Santana;-23,159;-45,916;2019-02-15 11:00:00.0;0,0
SÃO JOSÉ DOS CAMPOS;354990402A;SP;Jardim Altos de Santana;-23,159;-45,916;2019-02-15 12:00:00.0;0,0
SÃO JOSÉ DOS CAMPOS;354990402A;SP;Jardim Altos de Santana;-23,159;-45,916;2019-02-15 13:00:00.0;0,0
SÃO JOSÉ DOS CAMPOS;354990402A;SP;Jardim Altos de Santana;-23,159;-45,916;2019-02-15 14:00:00.0;0,0
SÃO JOSÉ DOS CAMPOS;354990402A;SP;Jardim Altos de Santana;-23,159;-45,916;2019-02-15 15:00:00.0;0,0
SÃO JOSÉ DOS CAMPOS;354990402A;SP;Jardim Altos de Santana;-23,159;-45,916;2019-02-15 16:00:00.0;0,0
SÃO JOSÉ DOS CAMPOS;354990402A;SP;Jardim Altos de Santana;-23,159;-45,916;2019-02-15 17:00:00.0;0,0
SÃO JOSÉ DOS CAMPOS;354990402A;SP;Jardim Altos de Santana;-23,159;-45,916;2019-02-15 18:00:00.0;0,0
SÃO JOSÉ DOS CAMPOS;354990402A;SP;Jardim Altos de Santana;-23,159;-45,916;2019-02-15 19:00:00.0;0,0
SÃO JOSÉ DOS CAMPOS;354990402A;SP;Jardim Altos de Santana;-23,159;-45,916;2019-02-15 20:00:00.0;0,0
SÃO JOSÉ DOS CAMPOS;354990402A;SP;Jardim Altos de Santana;-23,159;-45,916;2019-02-15 21:00:00.0;0,0
SÃO JOSÉ DOS CAMPOS;354990402A;SP;Jardim Altos de Santana;-23,159;-45,916;2019-02-15 22:00:00.0;0,0
SÃO JOSÉ DOS CAMPOS;354990402A;SP;Jardim Altos de Santana;-23,159;-45,916;2019-02-15 23:00:00.0;0,0
SÃO JOSÉ DOS CAMPOS;354990402A;SP;Jardim Altos de Santana;-23,159;-45,916;2019-02-16 00:00:00.0;0,2
SÃO JOSÉ DOS CAMPOS;354990402A;SP;Jardim Altos de Santana;-23,159;-45,916;2019-02-16 00:10:00.0;0,39
SÃO JOSÉ DOS CAMPOS;354990402A;SP;Jardim Altos de Santana;-23,159;-45,916;2019-02-16 00:20:00.0;0,39
SÃO JOSÉ DOS CAMPOS;354990402A;SP;Jardim Altos de Santana;-23,159;-45,916;2019-02-16 00:30:00.0;0,98
SÃO JOSÉ DOS CAMPOS;354990402A;SP;Jardim Altos de Santana;-23,159;-45,916;2019-02-16 00:40:00.0;1,18
SÃO JOSÉ DOS CAMPOS;354990402A;SP;Jardim Altos de Santana;-23,159;-45,916;2019-02-16 00:50:00.0;1,77
SÃO JOSÉ DOS CAMPOS;354990402A;SP;Jardim Altos de Santana;-23,159;-45,916;2019-02-16 01:00:00.0;0,59
SÃO JOSÉ DOS CAMPOS;354990402A;SP;Jardim Altos de Santana;-23,159;-45,916;2019-02-16 01:10:00.0;2,56
SÃO JOSÉ DOS CAMPOS;354990402A;SP;Jardim Altos de Santana;-23,159;-45,916;2019-02-16 01:20:00.0;0,79
SÃO JOSÉ DOS CAMPOS;354990402A;SP;Jardim Altos de Santana;-23,159;-45,916;2019-02-16 01:30:00.0;0,98
SÃO JOSÉ DOS CAMPOS;354990402A;SP;Jardim Altos de Santana;-23,159;-45,916;2019-02-16 01:40:00.0;1,18
SÃO JOSÉ DOS CAMPOS;354990402A;SP;Jardim Altos de Santana;-23,159;-45,916;2019-02-16 01:50:00.0;4,33
SÃO JOSÉ DOS CAMPOS;354990402A;SP;Jardim Altos de Santana;-23,159;-45,916;2019-02-16 02:00:00.0;4,53
SÃO JOSÉ DOS CAMPOS;354990402A;SP;Jardim Altos de Santana;-23,159;-45,916;2019-02-16 02:10:00.0;1,18
SÃO JOSÉ DOS CAMPOS;354990402A;SP;Jardim Altos de Santana;-23,159;-45,916;2019-02-16 02:20:00.0;0,79
SÃO JOSÉ DOS CAMPOS;354990402A;SP;Jardim Altos de Santana;-23,159;-45,916;2019-02-16 02:30:00.0;1,18
SÃO JOSÉ DOS CAMPOS;354990402A;SP;Jardim Altos de Santana;-23,159;-45,916;2019-02-16 02:40:00.0;0,98
SÃO JOSÉ DOS CAMPOS;354990402A;SP;Jardim Altos de Santana;-23,159;-45,916;2019-02-16 02:50:00.0;1,18
SÃO JOSÉ DOS CAMPOS;354990402A;SP;Jardim Altos de Santana;-23,159;-45,916;2019-02-16 03:00:00.0;0,98
SÃO JOSÉ DOS CAMPOS;354990402A;SP;Jardim Altos de Santana;-23,159;-45,916;2019-02-16 03:10:00.0;0,59
SÃO JOSÉ DOS CAMPOS;354990402A;SP;Jardim Altos de Santana;-23,159;-45,916;2019-02-16 03:20:00.0;0,2
SÃO JOSÉ DOS CAMPOS;354990402A;SP;Jardim Altos de Santana;-23,159;-45,916;2019-02-16 03:30:00.0;0,39
SÃO JOSÉ DOS CAMPOS;354990402A;SP;Jardim Altos de Santana;-23,159;-45,916;2019-02-16 03:40:00.0;0,2
SÃO JOSÉ DOS CAMPOS;354990402A;SP;Jardim Altos de Santana;-23,159;-45,916;2019-02-16 03:50:00.0;0,2
SÃO JOSÉ DOS CAMPOS;354990402A;SP;Jardim Altos de Santana;-23,159;-45,916;2019-02-16 04:00:00.0;0,2
SÃO JOSÉ DOS CAMPOS;354990402A;SP;Jardim Altos de Santana;-23,159;-45,916;2019-02-16 04:10:00.0;0,0
SÃO JOSÉ DOS CAMPOS;354990402A;SP;Jardim Altos de Santana;-23,159;-45,916;2019-02-16 04:20:00.0;0,2
SÃO JOSÉ DOS CAMPOS;354990402A;SP;Jardim Altos de Santana;-23,159;-45,916;2019-02-16 05:00:00.0;0,0
SÃO JOSÉ DOS CAMPOS;354990402A;SP;Jardim Altos de Santana;-23,159;-45,916;2019-02-16 06:00:00.0;0,0
SÃO JOSÉ DOS CAMPOS;354990402A;SP;Jardim Altos de Santana;-23,159;-45,916;2019-02-16 07:00:00.0;0,0
SÃO JOSÉ DOS CAMPOS;354990402A;SP;Jardim Altos de Santana;-23,159;-45,916;2019-02-16 08:00:00.0;0,0
SÃO JOSÉ DOS CAMPOS;354990402A;SP;Jardim Altos de Santana;-23,159;-45,916;2019-02-16 09:00:00.0;0,0
SÃO JOSÉ DOS CAMPOS;354990402A;SP;Jardim Altos de Santana;-23,159;-45,916;2019-02-16 10:00:00.0;0,0
SÃO JOSÉ DOS CAMPOS;354990402A;SP;Jardim Altos de Santana;-23,159;-45,916;2019-02-16 10:40:00.0;0,2
SÃO JOSÉ DOS CAMPOS;354990402A;SP;Jardim Altos de Santana;-23,159;-45,916;2019-02-16 11:00:00.0;0,0
SÃO JOSÉ DOS CAMPOS;354990402A;SP;Jardim Altos de Santana;-23,159;-45,916;2019-02-16 11:10:00.0;0,2
SÃO JOSÉ DOS CAMPOS;354990402A;SP;Jardim Altos de Santana;-23,159;-45,916;2019-02-16 11:20:00.0;0,2
SÃO JOSÉ DOS CAMPOS;354990402A;SP;Jardim Altos de Santana;-23,159;-45,916;2019-02-16 11:40:00.0;0,2
SÃO JOSÉ DOS CAMPOS;354990402A;SP;Jardim Altos de Santana;-23,159;-45,916;2019-02-16 12:00:00.0;0,0
SÃO JOSÉ DOS CAMPOS;354990402A;SP;Jardim Altos de Santana;-23,159;-45,916;2019-02-16 13:00:00.0;0,0
SÃO JOSÉ DOS CAMPOS;354990402A;SP;Jardim Altos de Santana;-23,159;-45,916;2019-02-16 17:20:00.0;0,39
SÃO JOSÉ DOS CAMPOS;354990402A;SP;Jardim Altos de Santana;-23,159;-45,916;2019-02-16 19:00:00.0;0,0
SÃO JOSÉ DOS CAMPOS;354990402A;SP;Jardim Altos de Santana;-23,159;-45,916;2019-02-16 20:00:00.0;0,0
SÃO JOSÉ DOS CAMPOS;354990402A;SP;Jardim Altos de Santana;-23,159;-45,916;2019-02-16 21:00:00.0;0,0
SÃO JOSÉ DOS CAMPOS;354990402A;SP;Jardim Altos de Santana;-23,159;-45,916;2019-02-16 22:00:00.0;0,0
SÃO JOSÉ DOS CAMPOS;354990402A;SP;Jardim Altos de Santana;-23,159;-45,916;2019-02-16 23:00:00.0;0,0
SÃO JOSÉ DOS CAMPOS;354990402A;SP;Jardim Altos de Santana;-23,159;-45,916;2019-02-17 00:00:00.0;0,0
SÃO JOSÉ DOS CAMPOS;354990402A;SP;Jardim Altos de Santana;-23,159;-45,916;2019-02-17 01:00:00.0;0,0
SÃO JOSÉ DOS CAMPOS;354990402A;SP;Jardim Altos de Santana;-23,159;-45,916;2019-02-17 02:00:00.0;0,0
SÃO JOSÉ DOS CAMPOS;354990402A;SP;Jardim Altos de Santana;-23,159;-45,916;2019-02-17 03:00:00.0;0,0
SÃO JOSÉ DOS CAMPOS;354990402A;SP;Jardim Altos de Santana;-23,159;-45,916;2019-02-17 04:00:00.0;0,0
SÃO JOSÉ DOS CAMPOS;354990402A;SP;Jardim Altos de Santana;-23,159;-45,916;2019-02-17 04:20:00.0;0,2
SÃO JOSÉ DOS CAMPOS;354990402A;SP;Jardim Altos de Santana;-23,159;-45,916;2019-02-17 05:00:00.0;0,0
SÃO JOSÉ DOS CAMPOS;354990402A;SP;Jardim Altos de Santana;-23,159;-45,916;2019-02-17 06:00:00.0;0,0
SÃO JOSÉ DOS CAMPOS;354990402A;SP;Jardim Altos de Santana;-23,159;-45,916;2019-02-17 07:00:00.0;0,0
SÃO JOSÉ DOS CAMPOS;354990402A;SP;Jardim Altos de Santana;-23,159;-45,916;2019-02-17 08:00:00.0;0,0
SÃO JOSÉ DOS CAMPOS;354990402A;SP;Jardim Altos de Santana;-23,159;-45,916;2019-02-17 09:00:00.0;0,0
SÃO JOSÉ DOS CAMPOS;354990402A;SP;Jardim Altos de Santana;-23,159;-45,916;2019-02-17 10:00:00.0;0,0
SÃO JOSÉ DOS CAMPOS;354990402A;SP;Jardim Altos de Santana;-23,159;-45,916;2019-02-17 11:00:00.0;0,0
SÃO JOSÉ DOS CAMPOS;354990402A;SP;Jardim Altos de Santana;-23,159;-45,916;2019-02-17 12:00:00.0;0,0
SÃO JOSÉ DOS CAMPOS;354990402A;SP;Jardim Altos de Santana;-23,159;-45,916;2019-02-17 13:00:00.0;0,0
SÃO JOSÉ DOS CAMPOS;354990402A;SP;Jardim Altos de Santana;-23,159;-45,916;2019-02-17 14:00:00.0;0,0
SÃO JOSÉ DOS CAMPOS;354990402A;SP;Jardim Altos de Santana;-23,159;-45,916;2019-02-17 15:00:00.0;0,0
SÃO JOSÉ DOS CAMPOS;354990402A;SP;Jardim Altos de Santana;-23,159;-45,916;2019-02-17 15:30:00.0;0,2
SÃO JOSÉ DOS CAMPOS;354990402A;SP;Jardim Altos de Santana;-23,159;-45,916;2019-02-17 15:40:00.0;0,2
SÃO JOSÉ DOS CAMPOS;354990402A;SP;Jardim Altos de Santana;-23,159;-45,916;2019-02-17 16:00:00.0;0,2
SÃO JOSÉ DOS CAMPOS;354990402A;SP;Jardim Altos de Santana;-23,159;-45,916;2019-02-17 16:40:00.0;1,18
SÃO JOSÉ DOS CAMPOS;354990402A;SP;Jardim Altos de Santana;-23,159;-45,916;2019-02-17 17:00:00.0;0,0
SÃO JOSÉ DOS CAMPOS;354990402A;SP;Jardim Altos de Santana;-23,159;-45,916;2019-02-17 18:00:00.0;0,0
SÃO JOSÉ DOS CAMPOS;354990402A;SP;Jardim Altos de Santana;-23,159;-45,916;2019-02-17 18:10:00.0;0,59
SÃO JOSÉ DOS CAMPOS;354990402A;SP;Jardim Altos de Santana;-23,159;-45,916;2019-02-17 18:20:00.0;0,59
SÃO JOSÉ DOS CAMPOS;354990402A;SP;Jardim Altos de Santana;-23,159;-45,916;2019-02-17 19:00:00.0;0,0
SÃO JOSÉ DOS CAMPOS;354990402A;SP;Jardim Altos de Santana;-23,159;-45,916;2019-02-17 19:10:00.0;0,2
SÃO JOSÉ DOS CAMPOS;354990402A;SP;Jardim Altos de Santana;-23,159;-45,916;2019-02-17 20:00:00.0;0,0
SÃO JOSÉ DOS CAMPOS;354990402A;SP;Jardim Altos de Santana;-23,159;-45,916;2019-02-17 21:00:00.0;0,0
SÃO JOSÉ DOS CAMPOS;354990402A;SP;Jardim Altos de Santana;-23,159;-45,916;2019-02-17 22:00:00.0;0,0
SÃO JOSÉ DOS CAMPOS;354990402A;SP;Jardim Altos de Santana;-23,159;-45,916;2019-02-17 23:00:00.0;0,0
SÃO JOSÉ DOS CAMPOS;354990402A;SP;Jardim Altos de Santana;-23,159;-45,916;2019-02-18 00:00:00.0;0,0
SÃO JOSÉ DOS CAMPOS;354990402A;SP;Jardim Altos de Santana;-23,159;-45,916;2019-02-18 01:00:00.0;0,0
SÃO JOSÉ DOS CAMPOS;354990402A;SP;Jardim Altos de Santana;-23,159;-45,916;2019-02-18 02:00:00.0;0,0
SÃO JOSÉ DOS CAMPOS;354990402A;SP;Jardim Altos de Santana;-23,159;-45,916;2019-02-18 03:00:00.0;0,0
SÃO JOSÉ DOS CAMPOS;354990402A;SP;Jardim Altos de Santana;-23,159;-45,916;2019-02-18 04:00:00.0;0,0
SÃO JOSÉ DOS CAMPOS;354990402A;SP;Jardim Altos de Santana;-23,159;-45,916;2019-02-18 05:00:00.0;0,0
SÃO JOSÉ DOS CAMPOS;354990402A;SP;Jardim Altos de Santana;-23,159;-45,916;2019-02-18 06:00:00.0;0,0
SÃO JOSÉ DOS CAMPOS;354990402A;SP;Jardim Altos de Santana;-23,159;-45,916;2019-02-18 07:00:00.0;0,0
SÃO JOSÉ DOS CAMPOS;354990402A;SP;Jardim Altos de Santana;-23,159;-45,916;2019-02-18 08:00:00.0;0,0
SÃO JOSÉ DOS CAMPOS;354990402A;SP;Jardim Altos de Santana;-23,159;-45,916;2019-02-18 09:00:00.0;0,0
SÃO JOSÉ DOS CAMPOS;354990402A;SP;Jardim Altos de Santana;-23,159;-45,916;2019-02-18 10:00:00.0;0,0
SÃO JOSÉ DOS CAMPOS;354990402A;SP;Jardim Altos de Santana;-23,159;-45,916;2019-02-18 11:00:00.0;0,0
SÃO JOSÉ DOS CAMPOS;354990402A;SP;Jardim Altos de Santana;-23,159;-45,916;2019-02-18 12:00:00.0;0,0
SÃO JOSÉ DOS CAMPOS;354990402A;SP;Jardim Altos de Santana;-23,159;-45,916;2019-02-18 13:00:00.0;0,0
SÃO JOSÉ DOS CAMPOS;354990402A;SP;Jardim Altos de Santana;-23,159;-45,916;2019-02-18 14:00:00.0;0,0
SÃO JOSÉ DOS CAMPOS;354990402A;SP;Jardim Altos de Santana;-23,159;-45,916;2019-02-18 15:00:00.0;0,0
SÃO JOSÉ DOS CAMPOS;354990402A;SP;Jardim Altos de Santana;-23,159;-45,916;2019-02-18 16:00:00.0;0,0
SÃO JOSÉ DOS CAMPOS;354990402A;SP;Jardim Altos de Santana;-23,159;-45,916;2019-02-18 17:00:00.0;0,0
SÃO JOSÉ DOS CAMPOS;354990402A;SP;Jardim Altos de Santana;-23,159;-45,916;2019-02-18 18:00:00.0;0,0
SÃO JOSÉ DOS CAMPOS;354990402A;SP;Jardim Altos de Santana;-23,159;-45,916;2019-02-18 19:00:00.0;0,0
SÃO JOSÉ DOS CAMPOS;354990402A;SP;Jardim Altos de Santana;-23,159;-45,916;2019-02-18 20:00:00.0;0,0
SÃO JOSÉ DOS CAMPOS;354990402A;SP;Jardim Altos de Santana;-23,159;-45,916;2019-02-18 21:00:00.0;0,0
SÃO JOSÉ DOS CAMPOS;354990402A;SP;Jardim Altos de Santana;-23,159;-45,916;2019-02-18 22:00:00.0;0,0
SÃO JOSÉ DOS CAMPOS;354990402A;SP;Jardim Altos de Santana;-23,159;-45,916;2019-02-18 23:00:00.0;0,0
SÃO JOSÉ DOS CAMPOS;354990402A;SP;Jardim Altos de Santana;-23,159;-45,916;2019-02-19 00:00:00.0;0,0
SÃO JOSÉ DOS CAMPOS;354990402A;SP;Jardim Altos de Santana;-23,159;-45,916;2019-02-19 01:00:00.0;0,0
SÃO JOSÉ DOS CAMPOS;354990402A;SP;Jardim Altos de Santana;-23,159;-45,916;2019-02-19 02:00:00.0;0,0
SÃO JOSÉ DOS CAMPOS;354990402A;SP;Jardim Altos de Santana;-23,159;-45,916;2019-02-19 03:00:00.0;0,0
SÃO JOSÉ DOS CAMPOS;354990402A;SP;Jardim Altos de Santana;-23,159;-45,916;2019-02-19 04:00:00.0;0,0
SÃO JOSÉ DOS CAMPOS;354990402A;SP;Jardim Altos de Santana;-23,159;-45,916;2019-02-19 05:00:00.0;0,0
SÃO JOSÉ DOS CAMPOS;354990402A;SP;Jardim Altos de Santana;-23,159;-45,916;2019-02-19 06:00:00.0;0,0
SÃO JOSÉ DOS CAMPOS;354990402A;SP;Jardim Altos de Santana;-23,159;-45,916;2019-02-19 07:00:00.0;0,0
SÃO JOSÉ DOS CAMPOS;354990402A;SP;Jardim Altos de Santana;-23,159;-45,916;2019-02-19 08:00:00.0;0,0
SÃO JOSÉ DOS CAMPOS;354990402A;SP;Jardim Altos de Santana;-23,159;-45,916;2019-02-19 09:00:00.0;0,0
SÃO JOSÉ DOS CAMPOS;354990402A;SP;Jardim Altos de Santana;-23,159;-45,916;2019-02-19 10:00:00.0;0,0
SÃO JOSÉ DOS CAMPOS;354990402A;SP;Jardim Altos de Santana;-23,159;-45,916;2019-02-19 11:00:00.0;0,0
SÃO JOSÉ DOS CAMPOS;354990402A;SP;Jardim Altos de Santana;-23,159;-45,916;2019-02-19 12:00:00.0;0,0
SÃO JOSÉ DOS CAMPOS;354990402A;SP;Jardim Altos de Santana;-23,159;-45,916;2019-02-19 13:00:00.0;0,0
SÃO JOSÉ DOS CAMPOS;354990402A;SP;Jardim Altos de Santana;-23,159;-45,916;2019-02-19 14:00:00.0;0,0
SÃO JOSÉ DOS CAMPOS;354990402A;SP;Jardim Altos de Santana;-23,159;-45,916;2019-02-19 15:00:00.0;0,0
SÃO JOSÉ DOS CAMPOS;354990402A;SP;Jardim Altos de Santana;-23,159;-45,916;2019-02-19 16:00:00.0;0,0
SÃO JOSÉ DOS CAMPOS;354990402A;SP;Jardim Altos de Santana;-23,159;-45,916;2019-02-19 17:00:00.0;0,0
SÃO JOSÉ DOS CAMPOS;354990402A;SP;Jardim Altos de Santana;-23,159;-45,916;2019-02-19 18:00:00.0;0,0
SÃO JOSÉ DOS CAMPOS;354990402A;SP;Jardim Altos de Santana;-23,159;-45,916;2019-02-19 19:00:00.0;0,0
SÃO JOSÉ DOS CAMPOS;354990402A;SP;Jardim Altos de Santana;-23,159;-45,916;2019-02-19 20:00:00.0;0,0
SÃO JOSÉ DOS CAMPOS;354990402A;SP;Jardim Altos de Santana;-23,159;-45,916;2019-02-19 21:00:00.0;0,0
SÃO JOSÉ DOS CAMPOS;354990402A;SP;Jardim Altos de Santana;-23,159;-45,916;2019-02-19 22:00:00.0;0,0
SÃO JOSÉ DOS CAMPOS;354990402A;SP;Jardim Altos de Santana;-23,159;-45,916;2019-02-19 23:00:00.0;0,0
SÃO JOSÉ DOS CAMPOS;354990402A;SP;Jardim Altos de Santana;-23,159;-45,916;2019-02-20 00:00:00.0;0,0
SÃO JOSÉ DOS CAMPOS;354990402A;SP;Jardim Altos de Santana;-23,159;-45,916;2019-02-20 01:00:00.0;0,0
SÃO JOSÉ DOS CAMPOS;354990402A;SP;Jardim Altos de Santana;-23,159;-45,916;2019-02-20 02:00:00.0;0,0
SÃO JOSÉ DOS CAMPOS;354990402A;SP;Jardim Altos de Santana;-23,159;-45,916;2019-02-20 03:00:00.0;0,0
SÃO JOSÉ DOS CAMPOS;354990402A;SP;Jardim Altos de Santana;-23,159;-45,916;2019-02-20 04:00:00.0;0,0
SÃO JOSÉ DOS CAMPOS;354990402A;SP;Jardim Altos de Santana;-23,159;-45,916;2019-02-20 05:00:00.0;0,0
SÃO JOSÉ DOS CAMPOS;354990402A;SP;Jardim Altos de Santana;-23,159;-45,916;2019-02-20 06:00:00.0;0,0
SÃO JOSÉ DOS CAMPOS;354990402A;SP;Jardim Altos de Santana;-23,159;-45,916;2019-02-20 07:00:00.0;0,0
SÃO JOSÉ DOS CAMPOS;354990402A;SP;Jardim Altos de Santana;-23,159;-45,916;2019-02-20 08:00:00.0;0,0
SÃO JOSÉ DOS CAMPOS;354990402A;SP;Jardim Altos de Santana;-23,159;-45,916;2019-02-20 09:00:00.0;0,0
SÃO JOSÉ DOS CAMPOS;354990402A;SP;Jardim Altos de Santana;-23,159;-45,916;2019-02-20 10:00:00.0;0,0
SÃO JOSÉ DOS CAMPOS;354990402A;SP;Jardim Altos de Santana;-23,159;-45,916;2019-02-20 11:00:00.0;0,0
SÃO JOSÉ DOS CAMPOS;354990402A;SP;Jardim Altos de Santana;-23,159;-45,916;2019-02-20 12:00:00.0;0,0
SÃO JOSÉ DOS CAMPOS;354990402A;SP;Jardim Altos de Santana;-23,159;-45,916;2019-02-20 13:00:00.0;0,0
SÃO JOSÉ DOS CAMPOS;354990402A;SP;Jardim Altos de Santana;-23,159;-45,916;2019-02-20 14:00:00.0;0,0
SÃO JOSÉ DOS CAMPOS;354990402A;SP;Jardim Altos de Santana;-23,159;-45,916;2019-02-20 15:00:00.0;0,0
SÃO JOSÉ DOS CAMPOS;354990402A;SP;Jardim Altos de Santana;-23,159;-45,916;2019-02-20 16:00:00.0;0,0
SÃO JOSÉ DOS CAMPOS;354990402A;SP;Jardim Altos de Santana;-23,159;-45,916;2019-02-20 17:00:00.0;0,0
SÃO JOSÉ DOS CAMPOS;354990402A;SP;Jardim Altos de Santana;-23,159;-45,916;2019-02-20 17:50:00.0;1,18
SÃO JOSÉ DOS CAMPOS;354990402A;SP;Jardim Altos de Santana;-23,159;-45,916;2019-02-20 18:00:00.0;0,59
SÃO JOSÉ DOS CAMPOS;354990402A;SP;Jardim Altos de Santana;-23,159;-45,916;2019-02-20 18:10:00.0;0,2
SÃO JOSÉ DOS CAMPOS;354990402A;SP;Jardim Altos de Santana;-23,159;-45,916;2019-02-20 18:20:00.0;2,95
SÃO JOSÉ DOS CAMPOS;354990402A;SP;Jardim Altos de Santana;-23,159;-45,916;2019-02-20 19:00:00.0;0,2
SÃO JOSÉ DOS CAMPOS;354990402A;SP;Jardim Altos de Santana;-23,159;-45,916;2019-02-20 20:00:00.0;0,0
SÃO JOSÉ DOS CAMPOS;354990402A;SP;Jardim Altos de Santana;-23,159;-45,916;2019-02-20 21:00:00.0;0,0
SÃO JOSÉ DOS CAMPOS;354990402A;SP;Jardim Altos de Santana;-23,159;-45,916;2019-02-20 22:00:00.0;0,0
SÃO JOSÉ DOS CAMPOS;354990402A;SP;Jardim Altos de Santana;-23,159;-45,916;2019-02-20 23:00:00.0;0,0
SÃO JOSÉ DOS CAMPOS;354990402A;SP;Jardim Altos de Santana;-23,159;-45,916;2019-02-20 23:10:00.0;0,2
SÃO JOSÉ DOS CAMPOS;354990402A;SP;Jardim Altos de Santana;-23,159;-45,916;2019-02-21 00:00:00.0;0,0
SÃO JOSÉ DOS CAMPOS;354990402A;SP;Jardim Altos de Santana;-23,159;-45,916;2019-02-21 01:00:00.0;0,0
SÃO JOSÉ DOS CAMPOS;354990402A;SP;Jardim Altos de Santana;-23,159;-45,916;2019-02-21 02:00:00.0;0,0
SÃO JOSÉ DOS CAMPOS;354990402A;SP;Jardim Altos de Santana;-23,159;-45,916;2019-02-21 03:00:00.0;0,0
SÃO JOSÉ DOS CAMPOS;354990402A;SP;Jardim Altos de Santana;-23,159;-45,916;2019-02-21 04:00:00.0;0,0
SÃO JOSÉ DOS CAMPOS;354990402A;SP;Jardim Altos de Santana;-23,159;-45,916;2019-02-21 05:00:00.0;0,0
SÃO JOSÉ DOS CAMPOS;354990402A;SP;Jardim Altos de Santana;-23,159;-45,916;2019-02-21 06:00:00.0;0,0
SÃO JOSÉ DOS CAMPOS;354990402A;SP;Jardim Altos de Santana;-23,159;-45,916;2019-02-21 07:00:00.0;0,0
SÃO JOSÉ DOS CAMPOS;354990402A;SP;Jardim Altos de Santana;-23,159;-45,916;2019-02-21 08:00:00.0;0,0
SÃO JOSÉ DOS CAMPOS;354990402A;SP;Jardim Altos de Santana;-23,159;-45,916;2019-02-21 09:00:00.0;0,0
SÃO JOSÉ DOS CAMPOS;354990402A;SP;Jardim Altos de Santana;-23,159;-45,916;2019-02-21 10:00:00.0;0,0
SÃO JOSÉ DOS CAMPOS;354990402A;SP;Jardim Altos de Santana;-23,159;-45,916;2019-02-21 11:00:00.0;0,0
SÃO JOSÉ DOS CAMPOS;354990402A;SP;Jardim Altos de Santana;-23,159;-45,916;2019-02-21 12:00:00.0;0,0
SÃO JOSÉ DOS CAMPOS;354990402A;SP;Jardim Altos de Santana;-23,159;-45,916;2019-02-21 13:00:00.0;0,0
SÃO JOSÉ DOS CAMPOS;354990402A;SP;Jardim Altos de Santana;-23,159;-45,916;2019-02-21 14:00:00.0;0,0
SÃO JOSÉ DOS CAMPOS;354990402A;SP;Jardim Altos de Santana;-23,159;-45,916;2019-02-21 15:00:00.0;0,0
SÃO JOSÉ DOS CAMPOS;354990402A;SP;Jardim Altos de Santana;-23,159;-45,916;2019-02-21 16:00:00.0;0,0
SÃO JOSÉ DOS CAMPOS;354990402A;SP;Jardim Altos de Santana;-23,159;-45,916;2019-02-21 17:00:00.0;0,0
SÃO JOSÉ DOS CAMPOS;354990402A;SP;Jardim Altos de Santana;-23,159;-45,916;2019-02-21 18:00:00.0;0,0
SÃO JOSÉ DOS CAMPOS;354990402A;SP;Jardim Altos de Santana;-23,159;-45,916;2019-02-21 19:00:00.0;0,0
SÃO JOSÉ DOS CAMPOS;354990402A;SP;Jardim Altos de Santana;-23,159;-45,916;2019-02-21 20:00:00.0;0,0
SÃO JOSÉ DOS CAMPOS;354990402A;SP;Jardim Altos de Santana;-23,159;-45,916;2019-02-21 20:50:00.0;0,59
SÃO JOSÉ DOS CAMPOS;354990402A;SP;Jardim Altos de Santana;-23,159;-45,916;2019-02-21 21:00:00.0;5,12
SÃO JOSÉ DOS CAMPOS;354990402A;SP;Jardim Altos de Santana;-23,159;-45,916;2019-02-21 21:10:00.0;11,39
SÃO JOSÉ DOS CAMPOS;354990402A;SP;Jardim Altos de Santana;-23,159;-45,916;2019-02-21 21:20:00.0;1,77
SÃO JOSÉ DOS CAMPOS;354990402A;SP;Jardim Altos de Santana;-23,159;-45,916;2019-02-21 22:00:00.0;0,0
SÃO JOSÉ DOS CAMPOS;354990402A;SP;Jardim Altos de Santana;-23,159;-45,916;2019-02-21 22:20:00.0;0,59
SÃO JOSÉ DOS CAMPOS;354990402A;SP;Jardim Altos de Santana;-23,159;-45,916;2019-02-21 22:30:00.0;1,96
SÃO JOSÉ DOS CAMPOS;354990402A;SP;Jardim Altos de Santana;-23,159;-45,916;2019-02-21 22:40:00.0;0,98
SÃO JOSÉ DOS CAMPOS;354990402A;SP;Jardim Altos de Santana;-23,159;-45,916;2019-02-21 22:50:00.0;0,39
SÃO JOSÉ DOS CAMPOS;354990402A;SP;Jardim Altos de Santana;-23,159;-45,916;2019-02-21 23:00:00.0;0,0
SÃO JOSÉ DOS CAMPOS;354990402A;SP;Jardim Altos de Santana;-23,159;-45,916;2019-02-22 00:00:00.0;0,0
SÃO JOSÉ DOS CAMPOS;354990402A;SP;Jardim Altos de Santana;-23,159;-45,916;2019-02-22 01:00:00.0;0,0
SÃO JOSÉ DOS CAMPOS;354990402A;SP;Jardim Altos de Santana;-23,159;-45,916;2019-02-22 01:50:00.0;0,2
SÃO JOSÉ DOS CAMPOS;354990402A;SP;Jardim Altos de Santana;-23,159;-45,916;2019-02-22 02:00:00.0;0,0
SÃO JOSÉ DOS CAMPOS;354990402A;SP;Jardim Altos de Santana;-23,159;-45,916;2019-02-22 03:00:00.0;0,0
SÃO JOSÉ DOS CAMPOS;354990402A;SP;Jardim Altos de Santana;-23,159;-45,916;2019-02-22 04:00:00.0;0,0
SÃO JOSÉ DOS CAMPOS;354990402A;SP;Jardim Altos de Santana;-23,159;-45,916;2019-02-22 05:00:00.0;0,0
SÃO JOSÉ DOS CAMPOS;354990402A;SP;Jardim Altos de Santana;-23,159;-45,916;2019-02-22 06:00:00.0;0,0
SÃO JOSÉ DOS CAMPOS;354990402A;SP;Jardim Altos de Santana;-23,159;-45,916;2019-02-22 07:00:00.0;0,0
SÃO JOSÉ DOS CAMPOS;354990402A;SP;Jardim Altos de Santana;-23,159;-45,916;2019-02-22 08:00:00.0;0,0
SÃO JOSÉ DOS CAMPOS;354990402A;SP;Jardim Altos de Santana;-23,159;-45,916;2019-02-22 09:00:00.0;0,0
SÃO JOSÉ DOS CAMPOS;354990402A;SP;Jardim Altos de Santana;-23,159;-45,916;2019-02-22 10:00:00.0;0,0
SÃO JOSÉ DOS CAMPOS;354990402A;SP;Jardim Altos de Santana;-23,159;-45,916;2019-02-22 11:00:00.0;0,0
SÃO JOSÉ DOS CAMPOS;354990402A;SP;Jardim Altos de Santana;-23,159;-45,916;2019-02-22 12:00:00.0;0,0
SÃO JOSÉ DOS CAMPOS;354990402A;SP;Jardim Altos de Santana;-23,159;-45,916;2019-02-22 13:00:00.0;0,0
SÃO JOSÉ DOS CAMPOS;354990402A;SP;Jardim Altos de Santana;-23,159;-45,916;2019-02-22 14:00:00.0;0,0
SÃO JOSÉ DOS CAMPOS;354990402A;SP;Jardim Altos de Santana;-23,159;-45,916;2019-02-22 15:00:00.0;0,0
SÃO JOSÉ DOS CAMPOS;354990402A;SP;Jardim Altos de Santana;-23,159;-45,916;2019-02-22 16:00:00.0;0,0
SÃO JOSÉ DOS CAMPOS;354990402A;SP;Jardim Altos de Santana;-23,159;-45,916;2019-02-22 17:00:00.0;0,0
SÃO JOSÉ DOS CAMPOS;354990402A;SP;Jardim Altos de Santana;-23,159;-45,916;2019-02-22 17:10:00.0;0,2
SÃO JOSÉ DOS CAMPOS;354990402A;SP;Jardim Altos de Santana;-23,159;-45,916;2019-02-22 17:20:00.0;3,15
SÃO JOSÉ DOS CAMPOS;354990402A;SP;Jardim Altos de Santana;-23,159;-45,916;2019-02-22 17:30:00.0;2,76
SÃO JOSÉ DOS CAMPOS;354990402A;SP;Jardim Altos de Santana;-23,159;-45,916;2019-02-22 17:40:00.0;0,2
SÃO JOSÉ DOS CAMPOS;354990402A;SP;Jardim Altos de Santana;-23,159;-45,916;2019-02-22 17:50:00.0;0,59
SÃO JOSÉ DOS CAMPOS;354990402A;SP;Jardim Altos de Santana;-23,159;-45,916;2019-02-22 18:00:00.0;0,39
SÃO JOSÉ DOS CAMPOS;354990402A;SP;Jardim Altos de Santana;-23,159;-45,916;2019-02-22 18:10:00.0;0,39
SÃO JOSÉ DOS CAMPOS;354990402A;SP;Jardim Altos de Santana;-23,159;-45,916;2019-02-22 18:20:00.0;0,79
SÃO JOSÉ DOS CAMPOS;354990402A;SP;Jardim Altos de Santana;-23,159;-45,916;2019-02-22 18:30:00.0;0,39
SÃO JOSÉ DOS CAMPOS;354990402A;SP;Jardim Altos de Santana;-23,159;-45,916;2019-02-22 18:40:00.0;0,2
SÃO JOSÉ DOS CAMPOS;354990402A;SP;Jardim Altos de Santana;-23,159;-45,916;2019-02-22 18:50:00.0;0,2
SÃO JOSÉ DOS CAMPOS;354990402A;SP;Jardim Altos de Santana;-23,159;-45,916;2019-02-22 19:00:00.0;0,0
SÃO JOSÉ DOS CAMPOS;354990402A;SP;Jardim Altos de Santana;-23,159;-45,916;2019-02-22 19:10:00.0;1,18
SÃO JOSÉ DOS CAMPOS;354990402A;SP;Jardim Altos de Santana;-23,159;-45,916;2019-02-22 19:20:00.0;3,74
SÃO JOSÉ DOS CAMPOS;354990402A;SP;Jardim Altos de Santana;-23,159;-45,916;2019-02-22 19:30:00.0;0,2
SÃO JOSÉ DOS CAMPOS;354990402A;SP;Jardim Altos de Santana;-23,159;-45,916;2019-02-22 19:40:00.0;0,2
SÃO JOSÉ DOS CAMPOS;354990402A;SP;Jardim Altos de Santana;-23,159;-45,916;2019-02-22 20:00:00.0;0,0
SÃO JOSÉ DOS CAMPOS;354990402A;SP;Jardim Altos de Santana;-23,159;-45,916;2019-02-22 20:10:00.0;0,39
SÃO JOSÉ DOS CAMPOS;354990402A;SP;Jardim Altos de Santana;-23,159;-45,916;2019-02-22 20:20:00.0;0,39
SÃO JOSÉ DOS CAMPOS;354990402A;SP;Jardim Altos de Santana;-23,159;-45,916;2019-02-22 20:30:00.0;0,39
SÃO JOSÉ DOS CAMPOS;354990402A;SP;Jardim Altos de Santana;-23,159;-45,916;2019-02-22 20:40:00.0;0,39
SÃO JOSÉ DOS CAMPOS;354990402A;SP;Jardim Altos de Santana;-23,159;-45,916;2019-02-22 20:50:00.0;0,2
SÃO JOSÉ DOS CAMPOS;354990402A;SP;Jardim Altos de Santana;-23,159;-45,916;2019-02-22 21:00:00.0;0,2
SÃO JOSÉ DOS CAMPOS;354990402A;SP;Jardim Altos de Santana;-23,159;-45,916;2019-02-22 21:40:00.0;0,2
SÃO JOSÉ DOS CAMPOS;354990402A;SP;Jardim Altos de Santana;-23,159;-45,916;2019-02-22 21:50:00.0;0,2
SÃO JOSÉ DOS CAMPOS;354990402A;SP;Jardim Altos de Santana;-23,159;-45,916;2019-02-22 22:00:00.0;0,2
SÃO JOSÉ DOS CAMPOS;354990402A;SP;Jardim Altos de Santana;-23,159;-45,916;2019-02-22 22:10:00.0;0,2
SÃO JOSÉ DOS CAMPOS;354990402A;SP;Jardim Altos de Santana;-23,159;-45,916;2019-02-22 22:20:00.0;0,2
SÃO JOSÉ DOS CAMPOS;354990402A;SP;Jardim Altos de Santana;-23,159;-45,916;2019-02-22 22:30:00.0;0,39
SÃO JOSÉ DOS CAMPOS;354990402A;SP;Jardim Altos de Santana;-23,159;-45,916;2019-02-22 22:40:00.0;0,2
SÃO JOSÉ DOS CAMPOS;354990402A;SP;Jardim Altos de Santana;-23,159;-45,916;2019-02-22 23:00:00.0;0,0
SÃO JOSÉ DOS CAMPOS;354990402A;SP;Jardim Altos de Santana;-23,159;-45,916;2019-02-23 00:00:00.0;0,0
SÃO JOSÉ DOS CAMPOS;354990402A;SP;Jardim Altos de Santana;-23,159;-45,916;2019-02-23 00:50:00.0;0,2
SÃO JOSÉ DOS CAMPOS;354990402A;SP;Jardim Altos de Santana;-23,159;-45,916;2019-02-23 01:00:00.0;0,0
SÃO JOSÉ DOS CAMPOS;354990402A;SP;Jardim Altos de Santana;-23,159;-45,916;2019-02-23 02:00:00.0;0,0
SÃO JOSÉ DOS CAMPOS;354990402A;SP;Jardim Altos de Santana;-23,159;-45,916;2019-02-23 03:00:00.0;0,0
SÃO JOSÉ DOS CAMPOS;354990402A;SP;Jardim Altos de Santana;-23,159;-45,916;2019-02-23 04:00:00.0;0,0
SÃO JOSÉ DOS CAMPOS;354990402A;SP;Jardim Altos de Santana;-23,159;-45,916;2019-02-23 05:00:00.0;0,0
SÃO JOSÉ DOS CAMPOS;354990402A;SP;Jardim Altos de Santana;-23,159;-45,916;2019-02-23 06:00:00.0;0,0
SÃO JOSÉ DOS CAMPOS;354990402A;SP;Jardim Altos de Santana;-23,159;-45,916;2019-02-23 07:00:00.0;0,0
SÃO JOSÉ DOS CAMPOS;354990402A;SP;Jardim Altos de Santana;-23,159;-45,916;2019-02-23 08:00:00.0;0,0
SÃO JOSÉ DOS CAMPOS;354990402A;SP;Jardim Altos de Santana;-23,159;-45,916;2019-02-23 09:00:00.0;0,0
SÃO JOSÉ DOS CAMPOS;354990402A;SP;Jardim Altos de Santana;-23,159;-45,916;2019-02-23 10:00:00.0;0,0
SÃO JOSÉ DOS CAMPOS;354990402A;SP;Jardim Altos de Santana;-23,159;-45,916;2019-02-23 11:00:00.0;0,0
SÃO JOSÉ DOS CAMPOS;354990402A;SP;Jardim Altos de Santana;-23,159;-45,916;2019-02-23 12:00:00.0;0,0
SÃO JOSÉ DOS CAMPOS;354990402A;SP;Jardim Altos de Santana;-23,159;-45,916;2019-02-23 13:00:00.0;0,0
SÃO JOSÉ DOS CAMPOS;354990402A;SP;Jardim Altos de Santana;-23,159;-45,916;2019-02-23 14:00:00.0;0,0
SÃO JOSÉ DOS CAMPOS;354990402A;SP;Jardim Altos de Santana;-23,159;-45,916;2019-02-23 15:00:00.0;0,0
SÃO JOSÉ DOS CAMPOS;354990402A;SP;Jardim Altos de Santana;-23,159;-45,916;2019-02-23 16:00:00.0;0,0
SÃO JOSÉ DOS CAMPOS;354990402A;SP;Jardim Altos de Santana;-23,159;-45,916;2019-02-23 17:00:00.0;0,0
SÃO JOSÉ DOS CAMPOS;354990402A;SP;Jardim Altos de Santana;-23,159;-45,916;2019-02-23 18:00:00.0;0,0
SÃO JOSÉ DOS CAMPOS;354990402A;SP;Jardim Altos de Santana;-23,159;-45,916;2019-02-23 19:00:00.0;0,0
SÃO JOSÉ DOS CAMPOS;354990402A;SP;Jardim Altos de Santana;-23,159;-45,916;2019-02-24 03:00:00.0;0,0
SÃO JOSÉ DOS CAMPOS;354990402A;SP;Jardim Altos de Santana;-23,159;-45,916;2019-02-24 04:00:00.0;0,0
SÃO JOSÉ DOS CAMPOS;354990402A;SP;Jardim Altos de Santana;-23,159;-45,916;2019-02-24 05:00:00.0;0,0
SÃO JOSÉ DOS CAMPOS;354990402A;SP;Jardim Altos de Santana;-23,159;-45,916;2019-02-24 06:00:00.0;0,0
SÃO JOSÉ DOS CAMPOS;354990402A;SP;Jardim Altos de Santana;-23,159;-45,916;2019-02-24 07:00:00.0;0,0
SÃO JOSÉ DOS CAMPOS;354990402A;SP;Jardim Altos de Santana;-23,159;-45,916;2019-02-24 08:00:00.0;0,0
SÃO JOSÉ DOS CAMPOS;354990402A;SP;Jardim Altos de Santana;-23,159;-45,916;2019-02-24 09:00:00.0;0,0
SÃO JOSÉ DOS CAMPOS;354990402A;SP;Jardim Altos de Santana;-23,159;-45,916;2019-02-24 10:00:00.0;0,0
SÃO JOSÉ DOS CAMPOS;354990402A;SP;Jardim Altos de Santana;-23,159;-45,916;2019-02-24 11:00:00.0;0,0
SÃO JOSÉ DOS CAMPOS;354990402A;SP;Jardim Altos de Santana;-23,159;-45,916;2019-02-24 12:00:00.0;0,0
SÃO JOSÉ DOS CAMPOS;354990402A;SP;Jardim Altos de Santana;-23,159;-45,916;2019-02-24 13:00:00.0;0,0
SÃO JOSÉ DOS CAMPOS;354990402A;SP;Jardim Altos de Santana;-23,159;-45,916;2019-02-24 14:00:00.0;0,0
SÃO JOSÉ DOS CAMPOS;354990402A;SP;Jardim Altos de Santana;-23,159;-45,916;2019-02-24 15:00:00.0;0,0
SÃO JOSÉ DOS CAMPOS;354990402A;SP;Jardim Altos de Santana;-23,159;-45,916;2019-02-24 16:00:00.0;0,0
SÃO JOSÉ DOS CAMPOS;354990402A;SP;Jardim Altos de Santana;-23,159;-45,916;2019-02-24 16:20:00.0;0,39
SÃO JOSÉ DOS CAMPOS;354990402A;SP;Jardim Altos de Santana;-23,159;-45,916;2019-02-24 17:00:00.0;0,0
SÃO JOSÉ DOS CAMPOS;354990402A;SP;Jardim Altos de Santana;-23,159;-45,916;2019-02-24 18:00:00.0;0,0
SÃO JOSÉ DOS CAMPOS;354990402A;SP;Jardim Altos de Santana;-23,159;-45,916;2019-02-24 19:00:00.0;0,0
SÃO JOSÉ DOS CAMPOS;354990402A;SP;Jardim Altos de Santana;-23,159;-45,916;2019-02-24 20:00:00.0;0,0
SÃO JOSÉ DOS CAMPOS;354990402A;SP;Jardim Altos de Santana;-23,159;-45,916;2019-02-24 21:00:00.0;0,0
SÃO JOSÉ DOS CAMPOS;354990402A;SP;Jardim Altos de Santana;-23,159;-45,916;2019-02-24 22:00:00.0;0,0
SÃO JOSÉ DOS CAMPOS;354990402A;SP;Jardim Altos de Santana;-23,159;-45,916;2019-02-24 23:00:00.0;0,0
SÃO JOSÉ DOS CAMPOS;354990402A;SP;Jardim Altos de Santana;-23,159;-45,916;2019-02-25 00:00:00.0;0,0
SÃO JOSÉ DOS CAMPOS;354990402A;SP;Jardim Altos de Santana;-23,159;-45,916;2019-02-25 01:00:00.0;0,0
SÃO JOSÉ DOS CAMPOS;354990402A;SP;Jardim Altos de Santana;-23,159;-45,916;2019-02-25 02:00:00.0;0,0
SÃO JOSÉ DOS CAMPOS;354990402A;SP;Jardim Altos de Santana;-23,159;-45,916;2019-02-25 03:00:00.0;0,0
SÃO JOSÉ DOS CAMPOS;354990402A;SP;Jardim Altos de Santana;-23,159;-45,916;2019-02-25 04:00:00.0;0,0
SÃO JOSÉ DOS CAMPOS;354990402A;SP;Jardim Altos de Santana;-23,159;-45,916;2019-02-25 05:00:00.0;0,0
SÃO JOSÉ DOS CAMPOS;354990402A;SP;Jardim Altos de Santana;-23,159;-45,916;2019-02-25 06:00:00.0;0,0
SÃO JOSÉ DOS CAMPOS;354990402A;SP;Jardim Altos de Santana;-23,159;-45,916;2019-02-25 07:00:00.0;0,0
SÃO JOSÉ DOS CAMPOS;354990402A;SP;Jardim Altos de Santana;-23,159;-45,916;2019-02-25 08:00:00.0;0,0
SÃO JOSÉ DOS CAMPOS;354990402A;SP;Jardim Altos de Santana;-23,159;-45,916;2019-02-25 09:00:00.0;0,0
SÃO JOSÉ DOS CAMPOS;354990402A;SP;Jardim Altos de Santana;-23,159;-45,916;2019-02-25 10:00:00.0;0,0
SÃO JOSÉ DOS CAMPOS;354990402A;SP;Jardim Altos de Santana;-23,159;-45,916;2019-02-25 11:00:00.0;0,0
SÃO JOSÉ DOS CAMPOS;354990402A;SP;Jardim Altos de Santana;-23,159;-45,916;2019-02-25 12:00:00.0;0,0
SÃO JOSÉ DOS CAMPOS;354990402A;SP;Jardim Altos de Santana;-23,159;-45,916;2019-02-25 13:00:00.0;0,0
SÃO JOSÉ DOS CAMPOS;354990402A;SP;Jardim Altos de Santana;-23,159;-45,916;2019-02-25 14:00:00.0;0,0
SÃO JOSÉ DOS CAMPOS;354990402A;SP;Jardim Altos de Santana;-23,159;-45,916;2019-02-25 15:00:00.0;0,0
SÃO JOSÉ DOS CAMPOS;354990402A;SP;Jardim Altos de Santana;-23,159;-45,916;2019-02-25 16:00:00.0;0,0
SÃO JOSÉ DOS CAMPOS;354990402A;SP;Jardim Altos de Santana;-23,159;-45,916;2019-02-25 17:00:00.0;0,0
SÃO JOSÉ DOS CAMPOS;354990402A;SP;Jardim Altos de Santana;-23,159;-45,916;2019-02-25 18:00:00.0;0,0
SÃO JOSÉ DOS CAMPOS;354990402A;SP;Jardim Altos de Santana;-23,159;-45,916;2019-02-25 19:00:00.0;0,0
SÃO JOSÉ DOS CAMPOS;354990402A;SP;Jardim Altos de Santana;-23,159;-45,916;2019-02-25 20:00:00.0;0,0
SÃO JOSÉ DOS CAMPOS;354990402A;SP;Jardim Altos de Santana;-23,159;-45,916;2019-02-25 21:00:00.0;0,0
SÃO JOSÉ DOS CAMPOS;354990402A;SP;Jardim Altos de Santana;-23,159;-45,916;2019-02-25 21:10:00.0;0,39
SÃO JOSÉ DOS CAMPOS;354990402A;SP;Jardim Altos de Santana;-23,159;-45,916;2019-02-25 21:30:00.0;1,58
SÃO JOSÉ DOS CAMPOS;354990402A;SP;Jardim Altos de Santana;-23,159;-45,916;2019-02-25 21:40:00.0;0,39
SÃO JOSÉ DOS CAMPOS;354990402A;SP;Jardim Altos de Santana;-23,159;-45,916;2019-02-25 23:00:00.0;0,0
SÃO JOSÉ DOS CAMPOS;354990402A;SP;Jardim Altos de Santana;-23,159;-45,916;2019-02-26 00:00:00.0;0,0
SÃO JOSÉ DOS CAMPOS;354990402A;SP;Jardim Altos de Santana;-23,159;-45,916;2019-02-26 01:00:00.0;0,0
SÃO JOSÉ DOS CAMPOS;354990402A;SP;Jardim Altos de Santana;-23,159;-45,916;2019-02-26 01:10:00.0;0,2
SÃO JOSÉ DOS CAMPOS;354990402A;SP;Jardim Altos de Santana;-23,159;-45,916;2019-02-26 02:00:00.0;0,0
SÃO JOSÉ DOS CAMPOS;354990402A;SP;Jardim Altos de Santana;-23,159;-45,916;2019-02-26 03:00:00.0;0,0
SÃO JOSÉ DOS CAMPOS;354990402A;SP;Jardim Altos de Santana;-23,159;-45,916;2019-02-26 03:10:00.0;1,38
SÃO JOSÉ DOS CAMPOS;354990402A;SP;Jardim Altos de Santana;-23,159;-45,916;2019-02-26 03:20:00.0;5,12
SÃO JOSÉ DOS CAMPOS;354990402A;SP;Jardim Altos de Santana;-23,159;-45,916;2019-02-26 03:30:00.0;4,13
SÃO JOSÉ DOS CAMPOS;354990402A;SP;Jardim Altos de Santana;-23,159;-45,916;2019-02-26 03:40:00.0;1,57
SÃO JOSÉ DOS CAMPOS;354990402A;SP;Jardim Altos de Santana;-23,159;-45,916;2019-02-26 03:50:00.0;0,59
SÃO JOSÉ DOS CAMPOS;354990402A;SP;Jardim Altos de Santana;-23,159;-45,916;2019-02-26 04:00:00.0;0,79
SÃO JOSÉ DOS CAMPOS;354990402A;SP;Jardim Altos de Santana;-23,159;-45,916;2019-02-26 04:10:00.0;0,39
SÃO JOSÉ DOS CAMPOS;354990402A;SP;Jardim Altos de Santana;-23,159;-45,916;2019-02-26 04:20:00.0;0,59
SÃO JOSÉ DOS CAMPOS;354990402A;SP;Jardim Altos de Santana;-23,159;-45,916;2019-02-26 04:30:00.0;0,39
SÃO JOSÉ DOS CAMPOS;354990402A;SP;Jardim Altos de Santana;-23,159;-45,916;2019-02-26 04:40:00.0;0,39
SÃO JOSÉ DOS CAMPOS;354990402A;SP;Jardim Altos de Santana;-23,159;-45,916;2019-02-26 04:50:00.0;0,59
SÃO JOSÉ DOS CAMPOS;354990402A;SP;Jardim Altos de Santana;-23,159;-45,916;2019-02-26 05:00:00.0;0,79
SÃO JOSÉ DOS CAMPOS;354990402A;SP;Jardim Altos de Santana;-23,159;-45,916;2019-02-26 05:10:00.0;1,96
SÃO JOSÉ DOS CAMPOS;354990402A;SP;Jardim Altos de Santana;-23,159;-45,916;2019-02-26 05:20:00.0;0,79
SÃO JOSÉ DOS CAMPOS;354990402A;SP;Jardim Altos de Santana;-23,159;-45,916;2019-02-26 05:30:00.0;0,79
SÃO JOSÉ DOS CAMPOS;354990402A;SP;Jardim Altos de Santana;-23,159;-45,916;2019-02-26 05:40:00.0;0,79
SÃO JOSÉ DOS CAMPOS;354990402A;SP;Jardim Altos de Santana;-23,159;-45,916;2019-02-26 05:50:00.0;0,79
SÃO JOSÉ DOS CAMPOS;354990402A;SP;Jardim Altos de Santana;-23,159;-45,916;2019-02-26 06:00:00.0;0,98
SÃO JOSÉ DOS CAMPOS;354990402A;SP;Jardim Altos de Santana;-23,159;-45,916;2019-02-26 06:10:00.0;0,59
SÃO JOSÉ DOS CAMPOS;354990402A;SP;Jardim Altos de Santana;-23,159;-45,916;2019-02-26 06:20:00.0;0,39
SÃO JOSÉ DOS CAMPOS;354990402A;SP;Jardim Altos de Santana;-23,159;-45,916;2019-02-26 06:30:00.0;0,39
SÃO JOSÉ DOS CAMPOS;354990402A;SP;Jardim Altos de Santana;-23,159;-45,916;2019-02-26 06:40:00.0;0,59
SÃO JOSÉ DOS CAMPOS;354990402A;SP;Jardim Altos de Santana;-23,159;-45,916;2019-02-26 06:50:00.0;0,39
SÃO JOSÉ DOS CAMPOS;354990402A;SP;Jardim Altos de Santana;-23,159;-45,916;2019-02-26 07:00:00.0;0,59
SÃO JOSÉ DOS CAMPOS;354990402A;SP;Jardim Altos de Santana;-23,159;-45,916;2019-02-26 07:10:00.0;0,2
SÃO JOSÉ DOS CAMPOS;354990402A;SP;Jardim Altos de Santana;-23,159;-45,916;2019-02-26 07:20:00.0;0,2
SÃO JOSÉ DOS CAMPOS;354990402A;SP;Jardim Altos de Santana;-23,159;-45,916;2019-02-26 07:30:00.0;0,39
SÃO JOSÉ DOS CAMPOS;354990402A;SP;Jardim Altos de Santana;-23,159;-45,916;2019-02-26 07:50:00.0;0,2
SÃO JOSÉ DOS CAMPOS;354990402A;SP;Jardim Altos de Santana;-23,159;-45,916;2019-02-26 08:10:00.0;0,2
SÃO JOSÉ DOS CAMPOS;354990402A;SP;Jardim Altos de Santana;-23,159;-45,916;2019-02-26 09:00:00.0;0,2
SÃO JOSÉ DOS CAMPOS;354990402A;SP;Jardim Altos de Santana;-23,159;-45,916;2019-02-26 10:00:00.0;0,0
SÃO JOSÉ DOS CAMPOS;354990402A;SP;Jardim Altos de Santana;-23,159;-45,916;2019-02-26 11:00:00.0;0,0
SÃO JOSÉ DOS CAMPOS;354990402A;SP;Jardim Altos de Santana;-23,159;-45,916;2019-02-26 11:30:00.0;0,2
SÃO JOSÉ DOS CAMPOS;354990402A;SP;Jardim Altos de Santana;-23,159;-45,916;2019-02-26 11:40:00.0;0,2
SÃO JOSÉ DOS CAMPOS;354990402A;SP;Jardim Altos de Santana;-23,159;-45,916;2019-02-26 11:50:00.0;0,2
SÃO JOSÉ DOS CAMPOS;354990402A;SP;Jardim Altos de Santana;-23,159;-45,916;2019-02-26 13:00:00.0;0,0
SÃO JOSÉ DOS CAMPOS;354990402A;SP;Jardim Altos de Santana;-23,159;-45,916;2019-02-26 14:00:00.0;0,0
SÃO JOSÉ DOS CAMPOS;354990402A;SP;Jardim Altos de Santana;-23,159;-45,916;2019-02-26 15:00:00.0;0,0
SÃO JOSÉ DOS CAMPOS;354990402A;SP;Jardim Altos de Santana;-23,159;-45,916;2019-02-26 16:00:00.0;0,0
SÃO JOSÉ DOS CAMPOS;354990402A;SP;Jardim Altos de Santana;-23,159;-45,916;2019-02-26 17:00:00.0;0,0
SÃO JOSÉ DOS CAMPOS;354990402A;SP;Jardim Altos de Santana;-23,159;-45,916;2019-02-26 17:50:00.0;5,83
SÃO JOSÉ DOS CAMPOS;354990402A;SP;Jardim Altos de Santana;-23,159;-45,916;2019-02-26 18:00:00.0;9,96
SÃO JOSÉ DOS CAMPOS;354990402A;SP;Jardim Altos de Santana;-23,159;-45,916;2019-02-26 18:10:00.0;4,72
SÃO JOSÉ DOS CAMPOS;354990402A;SP;Jardim Altos de Santana;-23,159;-45,916;2019-02-26 18:20:00.0;0,59
SÃO JOSÉ DOS CAMPOS;354990402A;SP;Jardim Altos de Santana;-23,159;-45,916;2019-02-26 18:50:00.0;0,2
SÃO JOSÉ DOS CAMPOS;354990402A;SP;Jardim Altos de Santana;-23,159;-45,916;2019-02-26 19:00:00.0;0,0
SÃO JOSÉ DOS CAMPOS;354990402A;SP;Jardim Altos de Santana;-23,159;-45,916;2019-02-26 20:00:00.0;0,0
SÃO JOSÉ DOS CAMPOS;354990402A;SP;Jardim Altos de Santana;-23,159;-45,916;2019-02-26 21:00:00.0;0,0
SÃO JOSÉ DOS CAMPOS;354990402A;SP;Jardim Altos de Santana;-23,159;-45,916;2019-02-26 22:00:00.0;0,0
SÃO JOSÉ DOS CAMPOS;354990402A;SP;Jardim Altos de Santana;-23,159;-45,916;2019-02-26 23:00:00.0;0,0
SÃO JOSÉ DOS CAMPOS;354990402A;SP;Jardim Altos de Santana;-23,159;-45,916;2019-02-27 00:00:00.0;0,0
SÃO JOSÉ DOS CAMPOS;354990402A;SP;Jardim Altos de Santana;-23,159;-45,916;2019-02-27 01:00:00.0;0,0
SÃO JOSÉ DOS CAMPOS;354990402A;SP;Jardim Altos de Santana;-23,159;-45,916;2019-02-27 02:00:00.0;0,0
SÃO JOSÉ DOS CAMPOS;354990402A;SP;Jardim Altos de Santana;-23,159;-45,916;2019-02-27 03:00:00.0;0,0
SÃO JOSÉ DOS CAMPOS;354990402A;SP;Jardim Altos de Santana;-23,159;-45,916;2019-02-27 04:00:00.0;0,0
SÃO JOSÉ DOS CAMPOS;354990402A;SP;Jardim Altos de Santana;-23,159;-45,916;2019-02-27 05:00:00.0;0,0
SÃO JOSÉ DOS CAMPOS;354990402A;SP;Jardim Altos de Santana;-23,159;-45,916;2019-02-27 05:50:00.0;0,2
SÃO JOSÉ DOS CAMPOS;354990402A;SP;Jardim Altos de Santana;-23,159;-45,916;2019-02-27 06:00:00.0;0,0
SÃO JOSÉ DOS CAMPOS;354990402A;SP;Jardim Altos de Santana;-23,159;-45,916;2019-02-27 07:00:00.0;0,0
SÃO JOSÉ DOS CAMPOS;354990402A;SP;Jardim Altos de Santana;-23,159;-45,916;2019-02-27 08:00:00.0;0,0
SÃO JOSÉ DOS CAMPOS;354990402A;SP;Jardim Altos de Santana;-23,159;-45,916;2019-02-27 08:50:00.0;0,2
SÃO JOSÉ DOS CAMPOS;354990402A;SP;Jardim Altos de Santana;-23,159;-45,916;2019-02-27 09:00:00.0;0,0
SÃO JOSÉ DOS CAMPOS;354990402A;SP;Jardim Altos de Santana;-23,159;-45,916;2019-02-27 10:00:00.0;0,0
SÃO JOSÉ DOS CAMPOS;354990402A;SP;Jardim Altos de Santana;-23,159;-45,916;2019-02-27 11:00:00.0;0,0
SÃO JOSÉ DOS CAMPOS;354990402A;SP;Jardim Altos de Santana;-23,159;-45,916;2019-02-27 12:00:00.0;0,0
SÃO JOSÉ DOS CAMPOS;354990402A;SP;Jardim Altos de Santana;-23,159;-45,916;2019-02-27 13:00:00.0;0,0
SÃO JOSÉ DOS CAMPOS;354990402A;SP;Jardim Altos de Santana;-23,159;-45,916;2019-02-27 14:00:00.0;0,0
SÃO JOSÉ DOS CAMPOS;354990402A;SP;Jardim Altos de Santana;-23,159;-45,916;2019-02-27 15:00:00.0;0,0
SÃO JOSÉ DOS CAMPOS;354990402A;SP;Jardim Altos de Santana;-23,159;-45,916;2019-02-27 16:00:00.0;0,0
SÃO JOSÉ DOS CAMPOS;354990402A;SP;Jardim Altos de Santana;-23,159;-45,916;2019-02-27 17:00:00.0;0,0
SÃO JOSÉ DOS CAMPOS;354990402A;SP;Jardim Altos de Santana;-23,159;-45,916;2019-02-27 18:00:00.0;0,0
SÃO JOSÉ DOS CAMPOS;354990402A;SP;Jardim Altos de Santana;-23,159;-45,916;2019-02-27 19:00:00.0;0,0
SÃO JOSÉ DOS CAMPOS;354990402A;SP;Jardim Altos de Santana;-23,159;-45,916;2019-02-27 19:50:00.0;0,2
SÃO JOSÉ DOS CAMPOS;354990402A;SP;Jardim Altos de Santana;-23,159;-45,916;2019-02-27 20:00:00.0;0,0
SÃO JOSÉ DOS CAMPOS;354990402A;SP;Jardim Altos de Santana;-23,159;-45,916;2019-02-27 21:00:00.0;0,0
SÃO JOSÉ DOS CAMPOS;354990402A;SP;Jardim Altos de Santana;-23,159;-45,916;2019-02-27 22:00:00.0;0,0
SÃO JOSÉ DOS CAMPOS;354990402A;SP;Jardim Altos de Santana;-23,159;-45,916;2019-02-27 23:00:00.0;0,0
SÃO JOSÉ DOS CAMPOS;354990402A;SP;Jardim Altos de Santana;-23,159;-45,916;2019-02-27 23:20:00.0;0,2
SÃO JOSÉ DOS CAMPOS;354990402A;SP;Jardim Altos de Santana;-23,159;-45,916;2019-02-28 00:00:00.0;0,0
SÃO JOSÉ DOS CAMPOS;354990402A;SP;Jardim Altos de Santana;-23,159;-45,916;2019-02-28 01:00:00.0;0,0
SÃO JOSÉ DOS CAMPOS;354990402A;SP;Jardim Altos de Santana;-23,159;-45,916;2019-02-28 02:00:00.0;0,0
SÃO JOSÉ DOS CAMPOS;354990402A;SP;Jardim Altos de Santana;-23,159;-45,916;2019-02-28 03:00:00.0;0,0
SÃO JOSÉ DOS CAMPOS;354990402A;SP;Jardim Altos de Santana;-23,159;-45,916;2019-02-28 04:00:00.0;0,0
SÃO JOSÉ DOS CAMPOS;354990402A;SP;Jardim Altos de Santana;-23,159;-45,916;2019-02-28 05:00:00.0;0,0
SÃO JOSÉ DOS CAMPOS;354990402A;SP;Jardim Altos de Santana;-23,159;-45,916;2019-02-28 06:00:00.0;0,0
SÃO JOSÉ DOS CAMPOS;354990402A;SP;Jardim Altos de Santana;-23,159;-45,916;2019-02-28 07:00:00.0;0,0
SÃO JOSÉ DOS CAMPOS;354990402A;SP;Jardim Altos de Santana;-23,159;-45,916;2019-02-28 08:00:00.0;0,0
SÃO JOSÉ DOS CAMPOS;354990402A;SP;Jardim Altos de Santana;-23,159;-45,916;2019-02-28 09:00:00.0;0,0
SÃO JOSÉ DOS CAMPOS;354990402A;SP;Jardim Altos de Santana;-23,159;-45,916;2019-02-28 10:00:00.0;0,2
SÃO JOSÉ DOS CAMPOS;354990402A;SP;Jardim Altos de Santana;-23,159;-45,916;2019-02-28 11:00:00.0;0,0
SÃO JOSÉ DOS CAMPOS;354990402A;SP;Jardim Altos de Santana;-23,159;-45,916;2019-02-28 12:00:00.0;0,0
SÃO JOSÉ DOS CAMPOS;354990402A;SP;Jardim Altos de Santana;-23,159;-45,916;2019-02-28 13:00:00.0;0,0
SÃO JOSÉ DOS CAMPOS;354990402A;SP;Jardim Altos de Santana;-23,159;-45,916;2019-02-28 14:00:00.0;0,0
SÃO JOSÉ DOS CAMPOS;354990402A;SP;Jardim Altos de Santana;-23,159;-45,916;2019-02-28 15:00:00.0;0,0
SÃO JOSÉ DOS CAMPOS;354990402A;SP;Jardim Altos de Santana;-23,159;-45,916;2019-02-28 16:00:00.0;0,0
SÃO JOSÉ DOS CAMPOS;354990402A;SP;Jardim Altos de Santana;-23,159;-45,916;2019-02-28 16:20:00.0;8,35
SÃO JOSÉ DOS CAMPOS;354990402A;SP;Jardim Altos de Santana;-23,159;-45,916;2019-02-28 16:30:00.0;2,95
SÃO JOSÉ DOS CAMPOS;354990402A;SP;Jardim Altos de Santana;-23,159;-45,916;2019-02-28 16:40:00.0;0,2
SÃO JOSÉ DOS CAMPOS;354990402A;SP;Jardim Altos de Santana;-23,159;-45,916;2019-02-28 16:50:00.0;0,2
SÃO JOSÉ DOS CAMPOS;354990402A;SP;Jardim Altos de Santana;-23,159;-45,916;2019-02-28 17:00:00.0;0,2
SÃO JOSÉ DOS CAMPOS;354990402A;SP;Jardim Altos de Santana;-23,159;-45,916;2019-02-28 17:10:00.0;0,39
SÃO JOSÉ DOS CAMPOS;354990402A;SP;Jardim Altos de Santana;-23,159;-45,916;2019-02-28 17:20:00.0;0,2
SÃO JOSÉ DOS CAMPOS;354990402A;SP;Jardim Altos de Santana;-23,159;-45,916;2019-02-28 17:30:00.0;0,39
SÃO JOSÉ DOS CAMPOS;354990402A;SP;Jardim Altos de Santana;-23,159;-45,916;2019-02-28 17:50:00.0;0,2
SÃO JOSÉ DOS CAMPOS;354990402A;SP;Jardim Altos de Santana;-23,159;-45,916;2019-02-28 18:00:00.0;0,0
SÃO JOSÉ DOS CAMPOS;354990402A;SP;Jardim Altos de Santana;-23,159;-45,916;2019-02-28 18:30:00.0;0,2
SÃO JOSÉ DOS CAMPOS;354990402A;SP;Jardim Altos de Santana;-23,159;-45,916;2019-02-28 19:00:00.0;0,0
SÃO JOSÉ DOS CAMPOS;354990402A;SP;Jardim Altos de Santana;-23,159;-45,916;2019-02-28 19:30:00.0;0,2
SÃO JOSÉ DOS CAMPOS;354990402A;SP;Jardim Altos de Santana;-23,159;-45,916;2019-02-28 20:00:00.0;0,0
SÃO JOSÉ DOS CAMPOS;354990402A;SP;Jardim Altos de Santana;-23,159;-45,916;2019-02-28 20:10:00.0;0,2
SÃO JOSÉ DOS CAMPOS;354990402A;SP;Jardim Altos de Santana;-23,159;-45,916;2019-02-28 20:40:00.0;0,2
SÃO JOSÉ DOS CAMPOS;354990402A;SP;Jardim Altos de Santana;-23,159;-45,916;2019-02-28 21:00:00.0;0,0
SÃO JOSÉ DOS CAMPOS;354990402A;SP;Jardim Altos de Santana;-23,159;-45,916;2019-02-28 21:10:00.0;0,2
SÃO JOSÉ DOS CAMPOS;354990402A;SP;Jardim Altos de Santana;-23,159;-45,916;2019-02-28 22:00:00.0;0,0
SÃO JOSÉ DOS CAMPOS;354990402A;SP;Jardim Altos de Santana;-23,159;-45,916;2019-02-28 23:00:00.0;0,0
SÃO JOSÉ DOS CAMPOS;354990403A;SP;Jardim Santa Matilde;-23,14;-45,903;2019-02-27 14:40:00.0;0,2
SÃO JOSÉ DOS CAMPOS;354990403A;SP;Jardim Santa Matilde;-23,14;-45,903;2019-02-27 15:10:00.0;0,2
SÃO JOSÉ DOS CAMPOS;354990403A;SP;Jardim Santa Matilde;-23,14;-45,903;2019-02-27 15:50:00.0;0,2
SÃO JOSÉ DOS CAMPOS;354990403A;SP;Jardim Santa Matilde;-23,14;-45,903;2019-02-27 16:10:00.0;0,0
SÃO JOSÉ DOS CAMPOS;354990403A;SP;Jardim Santa Matilde;-23,14;-45,903;2019-02-27 16:30:00.0;0,2
SÃO JOSÉ DOS CAMPOS;354990403A;SP;Jardim Santa Matilde;-23,14;-45,903;2019-02-27 17:10:00.0;0,0
SÃO JOSÉ DOS CAMPOS;354990403A;SP;Jardim Santa Matilde;-23,14;-45,903;2019-02-27 17:20:00.0;0,2
SÃO JOSÉ DOS CAMPOS;354990403A;SP;Jardim Santa Matilde;-23,14;-45,903;2019-02-27 18:00:00.0;0,2
SÃO JOSÉ DOS CAMPOS;354990403A;SP;Jardim Santa Matilde;-23,14;-45,903;2019-02-27 18:10:00.0;0,0
SÃO JOSÉ DOS CAMPOS;354990403A;SP;Jardim Santa Matilde;-23,14;-45,903;2019-02-27 18:50:00.0;0,2
SÃO JOSÉ DOS CAMPOS;354990403A;SP;Jardim Santa Matilde;-23,14;-45,903;2019-02-27 19:10:00.0;0,0
SÃO JOSÉ DOS CAMPOS;354990403A;SP;Jardim Santa Matilde;-23,14;-45,903;2019-02-27 19:30:00.0;0,2
SÃO JOSÉ DOS CAMPOS;354990403A;SP;Jardim Santa Matilde;-23,14;-45,903;2019-02-27 20:10:00.0;0,2
SÃO JOSÉ DOS CAMPOS;354990403A;SP;Jardim Santa Matilde;-23,14;-45,903;2019-02-27 20:50:00.0;0,2
SÃO JOSÉ DOS CAMPOS;354990403A;SP;Jardim Santa Matilde;-23,14;-45,903;2019-02-27 21:10:00.0;0,0
SÃO JOSÉ DOS CAMPOS;354990403A;SP;Jardim Santa Matilde;-23,14;-45,903;2019-02-27 21:40:00.0;0,2
SÃO JOSÉ DOS CAMPOS;354990403A;SP;Jardim Santa Matilde;-23,14;-45,903;2019-02-28 12:10:00.0;2,94
SÃO JOSÉ DOS CAMPOS;354990403A;SP;Jardim Santa Matilde;-23,14;-45,903;2019-02-28 12:20:00.0;0,0
SÃO JOSÉ DOS CAMPOS;354990403A;SP;Jardim Santa Matilde;-23,14;-45,903;2019-02-28 13:10:00.0;0,2
SÃO JOSÉ DOS CAMPOS;354990403A;SP;Jardim Santa Matilde;-23,14;-45,903;2019-02-28 14:10:00.0;0,2
SÃO JOSÉ DOS CAMPOS;354990403A;SP;Jardim Santa Matilde;-23,14;-45,903;2019-02-28 15:10:00.0;0,2
SÃO JOSÉ DOS CAMPOS;354990403A;SP;Jardim Santa Matilde;-23,14;-45,903;2019-02-28 16:10:00.0;0,0
SÃO JOSÉ DOS CAMPOS;354990403A;SP;Jardim Santa Matilde;-23,14;-45,903;2019-02-28 16:40:00.0;0,2
SÃO JOSÉ DOS CAMPOS;354990404A;SP;Jardim Juçara;-23,187;-45,869;2019-02-01 00:50:00.0;0,0
SÃO JOSÉ DOS CAMPOS;354990404A;SP;Jardim Juçara;-23,187;-45,869;2019-02-01 01:50:00.0;0,0
SÃO JOSÉ DOS CAMPOS;354990404A;SP;Jardim Juçara;-23,187;-45,869;2019-02-01 02:50:00.0;0,0
SÃO JOSÉ DOS CAMPOS;354990404A;SP;Jardim Juçara;-23,187;-45,869;2019-02-01 03:50:00.0;0,0
SÃO JOSÉ DOS CAMPOS;354990404A;SP;Jardim Juçara;-23,187;-45,869;2019-02-01 04:50:00.0;0,0
SÃO JOSÉ DOS CAMPOS;354990404A;SP;Jardim Juçara;-23,187;-45,869;2019-02-01 05:50:00.0;0,0
SÃO JOSÉ DOS CAMPOS;354990404A;SP;Jardim Juçara;-23,187;-45,869;2019-02-01 06:50:00.0;0,0
SÃO JOSÉ DOS CAMPOS;354990404A;SP;Jardim Juçara;-23,187;-45,869;2019-02-01 07:50:00.0;0,0
SÃO JOSÉ DOS CAMPOS;354990404A;SP;Jardim Juçara;-23,187;-45,869;2019-02-01 08:50:00.0;0,0
SÃO JOSÉ DOS CAMPOS;354990404A;SP;Jardim Juçara;-23,187;-45,869;2019-02-01 09:50:00.0;0,0
SÃO JOSÉ DOS CAMPOS;354990404A;SP;Jardim Juçara;-23,187;-45,869;2019-02-01 10:50:00.0;0,0
SÃO JOSÉ DOS CAMPOS;354990404A;SP;Jardim Juçara;-23,187;-45,869;2019-02-01 11:50:00.0;0,0
SÃO JOSÉ DOS CAMPOS;354990404A;SP;Jardim Juçara;-23,187;-45,869;2019-02-01 12:50:00.0;0,0
SÃO JOSÉ DOS CAMPOS;354990404A;SP;Jardim Juçara;-23,187;-45,869;2019-02-01 13:50:00.0;0,0
SÃO JOSÉ DOS CAMPOS;354990404A;SP;Jardim Juçara;-23,187;-45,869;2019-02-01 14:50:00.0;0,0
SÃO JOSÉ DOS CAMPOS;354990404A;SP;Jardim Juçara;-23,187;-45,869;2019-02-01 15:50:00.0;0,0
SÃO JOSÉ DOS CAMPOS;354990404A;SP;Jardim Juçara;-23,187;-45,869;2019-02-01 16:50:00.0;0,0
SÃO JOSÉ DOS CAMPOS;354990404A;SP;Jardim Juçara;-23,187;-45,869;2019-02-01 17:50:00.0;0,0
SÃO JOSÉ DOS CAMPOS;354990404A;SP;Jardim Juçara;-23,187;-45,869;2019-02-01 18:50:00.0;0,0
SÃO JOSÉ DOS CAMPOS;354990404A;SP;Jardim Juçara;-23,187;-45,869;2019-02-01 19:50:00.0;0,0
SÃO JOSÉ DOS CAMPOS;354990404A;SP;Jardim Juçara;-23,187;-45,869;2019-02-01 20:50:00.0;0,0
SÃO JOSÉ DOS CAMPOS;354990404A;SP;Jardim Juçara;-23,187;-45,869;2019-02-01 21:50:00.0;0,0
SÃO JOSÉ DOS CAMPOS;354990404A;SP;Jardim Juçara;-23,187;-45,869;2019-02-01 22:50:00.0;0,0
SÃO JOSÉ DOS CAMPOS;354990404A;SP;Jardim Juçara;-23,187;-45,869;2019-02-01 23:50:00.0;0,0
SÃO JOSÉ DOS CAMPOS;354990404A;SP;Jardim Juçara;-23,187;-45,869;2019-02-02 00:50:00.0;0,0
SÃO JOSÉ DOS CAMPOS;354990404A;SP;Jardim Juçara;-23,187;-45,869;2019-02-02 01:50:00.0;0,0
SÃO JOSÉ DOS CAMPOS;354990404A;SP;Jardim Juçara;-23,187;-45,869;2019-02-02 02:50:00.0;0,0
SÃO JOSÉ DOS CAMPOS;354990404A;SP;Jardim Juçara;-23,187;-45,869;2019-02-02 03:50:00.0;0,0
SÃO JOSÉ DOS CAMPOS;354990404A;SP;Jardim Juçara;-23,187;-45,869;2019-02-02 04:50:00.0;0,0
SÃO JOSÉ DOS CAMPOS;354990404A;SP;Jardim Juçara;-23,187;-45,869;2019-02-02 05:50:00.0;0,0
SÃO JOSÉ DOS CAMPOS;354990404A;SP;Jardim Juçara;-23,187;-45,869;2019-02-02 06:50:00.0;0,0
SÃO JOSÉ DOS CAMPOS;354990404A;SP;Jardim Juçara;-23,187;-45,869;2019-02-02 07:50:00.0;0,0
SÃO JOSÉ DOS CAMPOS;354990404A;SP;Jardim Juçara;-23,187;-45,869;2019-02-02 08:50:00.0;0,0
SÃO JOSÉ DOS CAMPOS;354990404A;SP;Jardim Juçara;-23,187;-45,869;2019-02-02 09:50:00.0;0,0
SÃO JOSÉ DOS CAMPOS;354990404A;SP;Jardim Juçara;-23,187;-45,869;2019-02-02 10:50:00.0;0,0
SÃO JOSÉ DOS CAMPOS;354990404A;SP;Jardim Juçara;-23,187;-45,869;2019-02-02 11:50:00.0;0,0
SÃO JOSÉ DOS CAMPOS;354990404A;SP;Jardim Juçara;-23,187;-45,869;2019-02-02 12:50:00.0;0,0
SÃO JOSÉ DOS CAMPOS;354990404A;SP;Jardim Juçara;-23,187;-45,869;2019-02-02 13:50:00.0;0,0
SÃO JOSÉ DOS CAMPOS;354990404A;SP;Jardim Juçara;-23,187;-45,869;2019-02-02 14:50:00.0;0,0
SÃO JOSÉ DOS CAMPOS;354990404A;SP;Jardim Juçara;-23,187;-45,869;2019-02-02 15:50:00.0;0,0
SÃO JOSÉ DOS CAMPOS;354990404A;SP;Jardim Juçara;-23,187;-45,869;2019-02-02 16:50:00.0;0,0
SÃO JOSÉ DOS CAMPOS;354990404A;SP;Jardim Juçara;-23,187;-45,869;2019-02-02 17:50:00.0;0,0
SÃO JOSÉ DOS CAMPOS;354990404A;SP;Jardim Juçara;-23,187;-45,869;2019-02-02 18:50:00.0;0,0
SÃO JOSÉ DOS CAMPOS;354990404A;SP;Jardim Juçara;-23,187;-45,869;2019-02-02 19:50:00.0;0,0
SÃO JOSÉ DOS CAMPOS;354990404A;SP;Jardim Juçara;-23,187;-45,869;2019-02-02 20:50:00.0;0,0
SÃO JOSÉ DOS CAMPOS;354990404A;SP;Jardim Juçara;-23,187;-45,869;2019-02-02 21:50:00.0;0,0
SÃO JOSÉ DOS CAMPOS;354990404A;SP;Jardim Juçara;-23,187;-45,869;2019-02-02 22:50:00.0;0,0
SÃO JOSÉ DOS CAMPOS;354990404A;SP;Jardim Juçara;-23,187;-45,869;2019-02-02 23:50:00.0;0,0
SÃO JOSÉ DOS CAMPOS;354990404A;SP;Jardim Juçara;-23,187;-45,869;2019-02-03 00:50:00.0;0,0
SÃO JOSÉ DOS CAMPOS;354990404A;SP;Jardim Juçara;-23,187;-45,869;2019-02-03 01:50:00.0;0,0
SÃO JOSÉ DOS CAMPOS;354990404A;SP;Jardim Juçara;-23,187;-45,869;2019-02-03 02:50:00.0;0,0
SÃO JOSÉ DOS CAMPOS;354990404A;SP;Jardim Juçara;-23,187;-45,869;2019-02-03 03:50:00.0;0,0
SÃO JOSÉ DOS CAMPOS;354990404A;SP;Jardim Juçara;-23,187;-45,869;2019-02-03 04:50:00.0;0,0
SÃO JOSÉ DOS CAMPOS;354990404A;SP;Jardim Juçara;-23,187;-45,869;2019-02-03 05:50:00.0;0,0
SÃO JOSÉ DOS CAMPOS;354990404A;SP;Jardim Juçara;-23,187;-45,869;2019-02-03 06:50:00.0;0,0
SÃO JOSÉ DOS CAMPOS;354990404A;SP;Jardim Juçara;-23,187;-45,869;2019-02-03 07:50:00.0;0,0
SÃO JOSÉ DOS CAMPOS;354990404A;SP;Jardim Juçara;-23,187;-45,869;2019-02-03 08:50:00.0;0,0
SÃO JOSÉ DOS CAMPOS;354990404A;SP;Jardim Juçara;-23,187;-45,869;2019-02-03 09:50:00.0;0,0
SÃO JOSÉ DOS CAMPOS;354990404A;SP;Jardim Juçara;-23,187;-45,869;2019-02-03 10:50:00.0;0,0
SÃO JOSÉ DOS CAMPOS;354990404A;SP;Jardim Juçara;-23,187;-45,869;2019-02-03 11:50:00.0;0,0
SÃO JOSÉ DOS CAMPOS;354990404A;SP;Jardim Juçara;-23,187;-45,869;2019-02-03 12:50:00.0;0,0
SÃO JOSÉ DOS CAMPOS;354990404A;SP;Jardim Juçara;-23,187;-45,869;2019-02-03 13:50:00.0;0,0
SÃO JOSÉ DOS CAMPOS;354990404A;SP;Jardim Juçara;-23,187;-45,869;2019-02-03 14:50:00.0;0,0
SÃO JOSÉ DOS CAMPOS;354990404A;SP;Jardim Juçara;-23,187;-45,869;2019-02-03 15:50:00.0;0,0
SÃO JOSÉ DOS CAMPOS;354990404A;SP;Jardim Juçara;-23,187;-45,869;2019-02-03 16:50:00.0;0,0
SÃO JOSÉ DOS CAMPOS;354990404A;SP;Jardim Juçara;-23,187;-45,869;2019-02-03 17:50:00.0;0,0
SÃO JOSÉ DOS CAMPOS;354990404A;SP;Jardim Juçara;-23,187;-45,869;2019-02-03 18:50:00.0;0,0
SÃO JOSÉ DOS CAMPOS;354990404A;SP;Jardim Juçara;-23,187;-45,869;2019-02-03 19:50:00.0;0,0
SÃO JOSÉ DOS CAMPOS;354990404A;SP;Jardim Juçara;-23,187;-45,869;2019-02-03 20:50:00.0;0,0
SÃO JOSÉ DOS CAMPOS;354990404A;SP;Jardim Juçara;-23,187;-45,869;2019-02-03 21:50:00.0;0,0
SÃO JOSÉ DOS CAMPOS;354990404A;SP;Jardim Juçara;-23,187;-45,869;2019-02-03 22:50:00.0;0,0
SÃO JOSÉ DOS CAMPOS;354990404A;SP;Jardim Juçara;-23,187;-45,869;2019-02-03 23:50:00.0;0,0
SÃO JOSÉ DOS CAMPOS;354990404A;SP;Jardim Juçara;-23,187;-45,869;2019-02-04 00:50:00.0;0,0
SÃO JOSÉ DOS CAMPOS;354990404A;SP;Jardim Juçara;-23,187;-45,869;2019-02-04 01:50:00.0;0,0
SÃO JOSÉ DOS CAMPOS;354990404A;SP;Jardim Juçara;-23,187;-45,869;2019-02-04 02:50:00.0;0,0
SÃO JOSÉ DOS CAMPOS;354990404A;SP;Jardim Juçara;-23,187;-45,869;2019-02-04 03:50:00.0;0,0
SÃO JOSÉ DOS CAMPOS;354990404A;SP;Jardim Juçara;-23,187;-45,869;2019-02-04 04:50:00.0;0,0
SÃO JOSÉ DOS CAMPOS;354990404A;SP;Jardim Juçara;-23,187;-45,869;2019-02-04 05:50:00.0;0,0
SÃO JOSÉ DOS CAMPOS;354990404A;SP;Jardim Juçara;-23,187;-45,869;2019-02-04 06:50:00.0;0,39
SÃO JOSÉ DOS CAMPOS;354990404A;SP;Jardim Juçara;-23,187;-45,869;2019-02-04 07:00:00.0;0,39
SÃO JOSÉ DOS CAMPOS;354990404A;SP;Jardim Juçara;-23,187;-45,869;2019-02-04 07:10:00.0;0,59
SÃO JOSÉ DOS CAMPOS;354990404A;SP;Jardim Juçara;-23,187;-45,869;2019-02-04 07:20:00.0;0,39
SÃO JOSÉ DOS CAMPOS;354990404A;SP;Jardim Juçara;-23,187;-45,869;2019-02-04 07:30:00.0;0,2
SÃO JOSÉ DOS CAMPOS;354990404A;SP;Jardim Juçara;-23,187;-45,869;2019-02-04 07:40:00.0;0,2
SÃO JOSÉ DOS CAMPOS;354990404A;SP;Jardim Juçara;-23,187;-45,869;2019-02-04 07:50:00.0;0,2
SÃO JOSÉ DOS CAMPOS;354990404A;SP;Jardim Juçara;-23,187;-45,869;2019-02-04 08:00:00.0;0,2
SÃO JOSÉ DOS CAMPOS;354990404A;SP;Jardim Juçara;-23,187;-45,869;2019-02-04 08:10:00.0;0,2
SÃO JOSÉ DOS CAMPOS;354990404A;SP;Jardim Juçara;-23,187;-45,869;2019-02-04 08:20:00.0;0,2
SÃO JOSÉ DOS CAMPOS;354990404A;SP;Jardim Juçara;-23,187;-45,869;2019-02-04 08:30:00.0;0,39
SÃO JOSÉ DOS CAMPOS;354990404A;SP;Jardim Juçara;-23,187;-45,869;2019-02-04 08:40:00.0;0,39
SÃO JOSÉ DOS CAMPOS;354990404A;SP;Jardim Juçara;-23,187;-45,869;2019-02-04 08:50:00.0;0,59
SÃO JOSÉ DOS CAMPOS;354990404A;SP;Jardim Juçara;-23,187;-45,869;2019-02-04 09:00:00.0;0,59
SÃO JOSÉ DOS CAMPOS;354990404A;SP;Jardim Juçara;-23,187;-45,869;2019-02-04 09:10:00.0;0,98
SÃO JOSÉ DOS CAMPOS;354990404A;SP;Jardim Juçara;-23,187;-45,869;2019-02-04 09:20:00.0;0,79
SÃO JOSÉ DOS CAMPOS;354990404A;SP;Jardim Juçara;-23,187;-45,869;2019-02-04 09:30:00.0;0,79
SÃO JOSÉ DOS CAMPOS;354990404A;SP;Jardim Juçara;-23,187;-45,869;2019-02-04 09:40:00.0;0,59
SÃO JOSÉ DOS CAMPOS;354990404A;SP;Jardim Juçara;-23,187;-45,869;2019-02-04 09:50:00.0;0,39
SÃO JOSÉ DOS CAMPOS;354990404A;SP;Jardim Juçara;-23,187;-45,869;2019-02-04 10:00:00.0;0,2
SÃO JOSÉ DOS CAMPOS;354990404A;SP;Jardim Juçara;-23,187;-45,869;2019-02-04 10:10:00.0;0,39
SÃO JOSÉ DOS CAMPOS;354990404A;SP;Jardim Juçara;-23,187;-45,869;2019-02-04 10:20:00.0;0,39
SÃO JOSÉ DOS CAMPOS;354990404A;SP;Jardim Juçara;-23,187;-45,869;2019-02-04 10:30:00.0;0,2
SÃO JOSÉ DOS CAMPOS;354990404A;SP;Jardim Juçara;-23,187;-45,869;2019-02-04 10:40:00.0;0,2
SÃO JOSÉ DOS CAMPOS;354990404A;SP;Jardim Juçara;-23,187;-45,869;2019-02-04 10:50:00.0;0,2
SÃO JOSÉ DOS CAMPOS;354990404A;SP;Jardim Juçara;-23,187;-45,869;2019-02-04 11:00:00.0;0,2
SÃO JOSÉ DOS CAMPOS;354990404A;SP;Jardim Juçara;-23,187;-45,869;2019-02-04 11:10:00.0;0,2
SÃO JOSÉ DOS CAMPOS;354990404A;SP;Jardim Juçara;-23,187;-45,869;2019-02-04 11:30:00.0;0,2
SÃO JOSÉ DOS CAMPOS;354990404A;SP;Jardim Juçara;-23,187;-45,869;2019-02-04 11:40:00.0;0,2
SÃO JOSÉ DOS CAMPOS;354990404A;SP;Jardim Juçara;-23,187;-45,869;2019-02-04 11:50:00.0;0,0
SÃO JOSÉ DOS CAMPOS;354990404A;SP;Jardim Juçara;-23,187;-45,869;2019-02-04 12:50:00.0;0,0
SÃO JOSÉ DOS CAMPOS;354990404A;SP;Jardim Juçara;-23,187;-45,869;2019-02-04 13:50:00.0;0,0
SÃO JOSÉ DOS CAMPOS;354990404A;SP;Jardim Juçara;-23,187;-45,869;2019-02-04 14:20:00.0;0,2
SÃO JOSÉ DOS CAMPOS;354990404A;SP;Jardim Juçara;-23,187;-45,869;2019-02-04 14:30:00.0;0,2
SÃO JOSÉ DOS CAMPOS;354990404A;SP;Jardim Juçara;-23,187;-45,869;2019-02-04 14:50:00.0;0,2
SÃO JOSÉ DOS CAMPOS;354990404A;SP;Jardim Juçara;-23,187;-45,869;2019-02-04 15:10:00.0;0,2
SÃO JOSÉ DOS CAMPOS;354990404A;SP;Jardim Juçara;-23,187;-45,869;2019-02-04 15:50:00.0;0,0
SÃO JOSÉ DOS CAMPOS;354990404A;SP;Jardim Juçara;-23,187;-45,869;2019-02-04 16:40:00.0;0,2
SÃO JOSÉ DOS CAMPOS;354990404A;SP;Jardim Juçara;-23,187;-45,869;2019-02-04 16:50:00.0;0,0
SÃO JOSÉ DOS CAMPOS;354990404A;SP;Jardim Juçara;-23,187;-45,869;2019-02-04 17:50:00.0;0,0
SÃO JOSÉ DOS CAMPOS;354990404A;SP;Jardim Juçara;-23,187;-45,869;2019-02-04 18:00:00.0;0,2
SÃO JOSÉ DOS CAMPOS;354990404A;SP;Jardim Juçara;-23,187;-45,869;2019-02-04 18:50:00.0;0,0
SÃO JOSÉ DOS CAMPOS;354990404A;SP;Jardim Juçara;-23,187;-45,869;2019-02-04 19:10:00.0;0,2
SÃO JOSÉ DOS CAMPOS;354990404A;SP;Jardim Juçara;-23,187;-45,869;2019-02-04 19:50:00.0;0,0
SÃO JOSÉ DOS CAMPOS;354990404A;SP;Jardim Juçara;-23,187;-45,869;2019-02-04 20:50:00.0;0,2
SÃO JOSÉ DOS CAMPOS;354990404A;SP;Jardim Juçara;-23,187;-45,869;2019-02-04 21:50:00.0;0,0
SÃO JOSÉ DOS CAMPOS;354990404A;SP;Jardim Juçara;-23,187;-45,869;2019-02-04 22:30:00.0;0,2
SÃO JOSÉ DOS CAMPOS;354990404A;SP;Jardim Juçara;-23,187;-45,869;2019-02-04 22:50:00.0;0,0
SÃO JOSÉ DOS CAMPOS;354990404A;SP;Jardim Juçara;-23,187;-45,869;2019-02-04 23:50:00.0;0,0
SÃO JOSÉ DOS CAMPOS;354990404A;SP;Jardim Juçara;-23,187;-45,869;2019-02-05 00:50:00.0;0,0
SÃO JOSÉ DOS CAMPOS;354990404A;SP;Jardim Juçara;-23,187;-45,869;2019-02-05 01:00:00.0;0,2
SÃO JOSÉ DOS CAMPOS;354990404A;SP;Jardim Juçara;-23,187;-45,869;2019-02-05 01:50:00.0;0,0
SÃO JOSÉ DOS CAMPOS;354990404A;SP;Jardim Juçara;-23,187;-45,869;2019-02-05 02:50:00.0;0,0
SÃO JOSÉ DOS CAMPOS;354990404A;SP;Jardim Juçara;-23,187;-45,869;2019-02-05 03:50:00.0;0,0
SÃO JOSÉ DOS CAMPOS;354990404A;SP;Jardim Juçara;-23,187;-45,869;2019-02-05 04:50:00.0;0,0
SÃO JOSÉ DOS CAMPOS;354990404A;SP;Jardim Juçara;-23,187;-45,869;2019-02-05 05:50:00.0;0,0
SÃO JOSÉ DOS CAMPOS;354990404A;SP;Jardim Juçara;-23,187;-45,869;2019-02-05 06:50:00.0;0,0
SÃO JOSÉ DOS CAMPOS;354990404A;SP;Jardim Juçara;-23,187;-45,869;2019-02-05 07:50:00.0;0,0
SÃO JOSÉ DOS CAMPOS;354990404A;SP;Jardim Juçara;-23,187;-45,869;2019-02-05 08:50:00.0;0,0
SÃO JOSÉ DOS CAMPOS;354990404A;SP;Jardim Juçara;-23,187;-45,869;2019-02-05 09:50:00.0;0,0
SÃO JOSÉ DOS CAMPOS;354990404A;SP;Jardim Juçara;-23,187;-45,869;2019-02-05 10:50:00.0;0,0
SÃO JOSÉ DOS CAMPOS;354990404A;SP;Jardim Juçara;-23,187;-45,869;2019-02-05 11:50:00.0;0,0
SÃO JOSÉ DOS CAMPOS;354990404A;SP;Jardim Juçara;-23,187;-45,869;2019-02-05 12:30:00.0;0,2
SÃO JOSÉ DOS CAMPOS;354990404A;SP;Jardim Juçara;-23,187;-45,869;2019-02-05 12:50:00.0;0,0
SÃO JOSÉ DOS CAMPOS;354990404A;SP;Jardim Juçara;-23,187;-45,869;2019-02-05 13:50:00.0;0,0
SÃO JOSÉ DOS CAMPOS;354990404A;SP;Jardim Juçara;-23,187;-45,869;2019-02-05 14:50:00.0;0,0
SÃO JOSÉ DOS CAMPOS;354990404A;SP;Jardim Juçara;-23,187;-45,869;2019-02-05 15:50:00.0;0,0
SÃO JOSÉ DOS CAMPOS;354990404A;SP;Jardim Juçara;-23,187;-45,869;2019-02-05 16:50:00.0;0,0
SÃO JOSÉ DOS CAMPOS;354990404A;SP;Jardim Juçara;-23,187;-45,869;2019-02-05 17:50:00.0;0,0
SÃO JOSÉ DOS CAMPOS;354990404A;SP;Jardim Juçara;-23,187;-45,869;2019-02-05 18:50:00.0;0,0
SÃO JOSÉ DOS CAMPOS;354990404A;SP;Jardim Juçara;-23,187;-45,869;2019-02-05 19:50:00.0;0,0
SÃO JOSÉ DOS CAMPOS;354990404A;SP;Jardim Juçara;-23,187;-45,869;2019-02-05 20:50:00.0;0,0
SÃO JOSÉ DOS CAMPOS;354990404A;SP;Jardim Juçara;-23,187;-45,869;2019-02-05 21:50:00.0;0,0
SÃO JOSÉ DOS CAMPOS;354990404A;SP;Jardim Juçara;-23,187;-45,869;2019-02-05 22:50:00.0;0,0
SÃO JOSÉ DOS CAMPOS;354990404A;SP;Jardim Juçara;-23,187;-45,869;2019-02-05 23:50:00.0;0,0
SÃO JOSÉ DOS CAMPOS;354990404A;SP;Jardim Juçara;-23,187;-45,869;2019-02-06 00:50:00.0;0,0
SÃO JOSÉ DOS CAMPOS;354990404A;SP;Jardim Juçara;-23,187;-45,869;2019-02-06 01:50:00.0;0,0
SÃO JOSÉ DOS CAMPOS;354990404A;SP;Jardim Juçara;-23,187;-45,869;2019-02-06 02:50:00.0;0,0
SÃO JOSÉ DOS CAMPOS;354990404A;SP;Jardim Juçara;-23,187;-45,869;2019-02-06 03:50:00.0;0,0
SÃO JOSÉ DOS CAMPOS;354990404A;SP;Jardim Juçara;-23,187;-45,869;2019-02-06 04:50:00.0;0,0
SÃO JOSÉ DOS CAMPOS;354990404A;SP;Jardim Juçara;-23,187;-45,869;2019-02-06 05:50:00.0;0,0
SÃO JOSÉ DOS CAMPOS;354990404A;SP;Jardim Juçara;-23,187;-45,869;2019-02-06 06:50:00.0;0,0
SÃO JOSÉ DOS CAMPOS;354990404A;SP;Jardim Juçara;-23,187;-45,869;2019-02-06 07:50:00.0;0,0
SÃO JOSÉ DOS CAMPOS;354990404A;SP;Jardim Juçara;-23,187;-45,869;2019-02-06 08:50:00.0;0,0
SÃO JOSÉ DOS CAMPOS;354990404A;SP;Jardim Juçara;-23,187;-45,869;2019-02-06 09:50:00.0;0,0
SÃO JOSÉ DOS CAMPOS;354990404A;SP;Jardim Juçara;-23,187;-45,869;2019-02-06 10:50:00.0;0,0
SÃO JOSÉ DOS CAMPOS;354990404A;SP;Jardim Juçara;-23,187;-45,869;2019-02-06 11:50:00.0;0,0
SÃO JOSÉ DOS CAMPOS;354990404A;SP;Jardim Juçara;-23,187;-45,869;2019-02-06 12:50:00.0;0,0
SÃO JOSÉ DOS CAMPOS;354990404A;SP;Jardim Juçara;-23,187;-45,869;2019-02-06 13:50:00.0;0,0
SÃO JOSÉ DOS CAMPOS;354990404A;SP;Jardim Juçara;-23,187;-45,869;2019-02-06 14:50:00.0;0,0
SÃO JOSÉ DOS CAMPOS;354990404A;SP;Jardim Juçara;-23,187;-45,869;2019-02-06 15:50:00.0;0,0
SÃO JOSÉ DOS CAMPOS;354990404A;SP;Jardim Juçara;-23,187;-45,869;2019-02-06 16:50:00.0;0,0
SÃO JOSÉ DOS CAMPOS;354990404A;SP;Jardim Juçara;-23,187;-45,869;2019-02-06 18:10:00.0;0,0
SÃO JOSÉ DOS CAMPOS;354990404A;SP;Jardim Juçara;-23,187;-45,869;2019-02-06 18:50:00.0;0,0
SÃO JOSÉ DOS CAMPOS;354990404A;SP;Jardim Juçara;-23,187;-45,869;2019-02-06 19:50:00.0;0,0
SÃO JOSÉ DOS CAMPOS;354990404A;SP;Jardim Juçara;-23,187;-45,869;2019-02-06 20:50:00.0;0,0
SÃO JOSÉ DOS CAMPOS;354990404A;SP;Jardim Juçara;-23,187;-45,869;2019-02-06 21:50:00.0;0,0
SÃO JOSÉ DOS CAMPOS;354990404A;SP;Jardim Juçara;-23,187;-45,869;2019-02-06 22:50:00.0;0,0
SÃO JOSÉ DOS CAMPOS;354990404A;SP;Jardim Juçara;-23,187;-45,869;2019-02-06 23:50:00.0;0,0
SÃO JOSÉ DOS CAMPOS;354990404A;SP;Jardim Juçara;-23,187;-45,869;2019-02-07 00:50:00.0;0,0
SÃO JOSÉ DOS CAMPOS;354990404A;SP;Jardim Juçara;-23,187;-45,869;2019-02-07 01:50:00.0;0,0
SÃO JOSÉ DOS CAMPOS;354990404A;SP;Jardim Juçara;-23,187;-45,869;2019-02-07 02:50:00.0;0,0
SÃO JOSÉ DOS CAMPOS;354990404A;SP;Jardim Juçara;-23,187;-45,869;2019-02-07 03:50:00.0;0,0
SÃO JOSÉ DOS CAMPOS;354990404A;SP;Jardim Juçara;-23,187;-45,869;2019-02-07 04:50:00.0;0,0
SÃO JOSÉ DOS CAMPOS;354990404A;SP;Jardim Juçara;-23,187;-45,869;2019-02-07 05:50:00.0;0,0
SÃO JOSÉ DOS CAMPOS;354990404A;SP;Jardim Juçara;-23,187;-45,869;2019-02-07 06:50:00.0;0,0
SÃO JOSÉ DOS CAMPOS;354990404A;SP;Jardim Juçara;-23,187;-45,869;2019-02-07 07:50:00.0;0,0
SÃO JOSÉ DOS CAMPOS;354990404A;SP;Jardim Juçara;-23,187;-45,869;2019-02-07 08:50:00.0;0,0
SÃO JOSÉ DOS CAMPOS;354990404A;SP;Jardim Juçara;-23,187;-45,869;2019-02-07 09:50:00.0;0,0
SÃO JOSÉ DOS CAMPOS;354990404A;SP;Jardim Juçara;-23,187;-45,869;2019-02-07 10:50:00.0;0,0
SÃO JOSÉ DOS CAMPOS;354990404A;SP;Jardim Juçara;-23,187;-45,869;2019-02-07 11:50:00.0;0,0
SÃO JOSÉ DOS CAMPOS;354990404A;SP;Jardim Juçara;-23,187;-45,869;2019-02-07 12:50:00.0;0,0
SÃO JOSÉ DOS CAMPOS;354990404A;SP;Jardim Juçara;-23,187;-45,869;2019-02-07 13:50:00.0;0,0
SÃO JOSÉ DOS CAMPOS;354990404A;SP;Jardim Juçara;-23,187;-45,869;2019-02-07 14:50:00.0;0,0
SÃO JOSÉ DOS CAMPOS;354990404A;SP;Jardim Juçara;-23,187;-45,869;2019-02-07 15:50:00.0;0,0
SÃO JOSÉ DOS CAMPOS;354990404A;SP;Jardim Juçara;-23,187;-45,869;2019-02-07 16:50:00.0;0,0
SÃO JOSÉ DOS CAMPOS;354990404A;SP;Jardim Juçara;-23,187;-45,869;2019-02-07 17:50:00.0;0,0
SÃO JOSÉ DOS CAMPOS;354990404A;SP;Jardim Juçara;-23,187;-45,869;2019-02-07 18:50:00.0;0,0
SÃO JOSÉ DOS CAMPOS;354990404A;SP;Jardim Juçara;-23,187;-45,869;2019-02-07 19:50:00.0;0,0
SÃO JOSÉ DOS CAMPOS;354990404A;SP;Jardim Juçara;-23,187;-45,869;2019-02-07 20:50:00.0;0,0
SÃO JOSÉ DOS CAMPOS;354990404A;SP;Jardim Juçara;-23,187;-45,869;2019-02-08 17:00:00.0;0,0
SÃO JOSÉ DOS CAMPOS;354990404A;SP;Jardim Juçara;-23,187;-45,869;2019-02-08 18:00:00.0;0,0
SÃO JOSÉ DOS CAMPOS;354990404A;SP;Jardim Juçara;-23,187;-45,869;2019-02-08 19:10:00.0;0,0
SÃO JOSÉ DOS CAMPOS;354990404A;SP;Jardim Juçara;-23,187;-45,869;2019-02-08 20:00:00.0;0,0
SÃO JOSÉ DOS CAMPOS;354990404A;SP;Jardim Juçara;-23,187;-45,869;2019-02-08 20:50:00.0;0,0
SÃO JOSÉ DOS CAMPOS;354990404A;SP;Jardim Juçara;-23,187;-45,869;2019-02-08 21:50:00.0;0,0
SÃO JOSÉ DOS CAMPOS;354990404A;SP;Jardim Juçara;-23,187;-45,869;2019-02-08 22:50:00.0;0,0
SÃO JOSÉ DOS CAMPOS;354990404A;SP;Jardim Juçara;-23,187;-45,869;2019-02-08 23:50:00.0;0,0
SÃO JOSÉ DOS CAMPOS;354990404A;SP;Jardim Juçara;-23,187;-45,869;2019-02-09 00:50:00.0;0,0
SÃO JOSÉ DOS CAMPOS;354990404A;SP;Jardim Juçara;-23,187;-45,869;2019-02-09 01:50:00.0;0,0
SÃO JOSÉ DOS CAMPOS;354990404A;SP;Jardim Juçara;-23,187;-45,869;2019-02-09 02:50:00.0;0,0
SÃO JOSÉ DOS CAMPOS;354990404A;SP;Jardim Juçara;-23,187;-45,869;2019-02-09 03:50:00.0;0,0
SÃO JOSÉ DOS CAMPOS;354990404A;SP;Jardim Juçara;-23,187;-45,869;2019-02-09 04:50:00.0;0,0
SÃO JOSÉ DOS CAMPOS;354990404A;SP;Jardim Juçara;-23,187;-45,869;2019-02-09 05:50:00.0;0,0
SÃO JOSÉ DOS CAMPOS;354990404A;SP;Jardim Juçara;-23,187;-45,869;2019-02-09 06:50:00.0;0,0
SÃO JOSÉ DOS CAMPOS;354990404A;SP;Jardim Juçara;-23,187;-45,869;2019-02-09 07:50:00.0;0,0
SÃO JOSÉ DOS CAMPOS;354990404A;SP;Jardim Juçara;-23,187;-45,869;2019-02-09 08:50:00.0;0,0
SÃO JOSÉ DOS CAMPOS;354990404A;SP;Jardim Juçara;-23,187;-45,869;2019-02-09 09:50:00.0;0,0
SÃO JOSÉ DOS CAMPOS;354990404A;SP;Jardim Juçara;-23,187;-45,869;2019-02-09 10:50:00.0;0,0
SÃO JOSÉ DOS CAMPOS;354990404A;SP;Jardim Juçara;-23,187;-45,869;2019-02-09 11:50:00.0;0,0
SÃO JOSÉ DOS CAMPOS;354990404A;SP;Jardim Juçara;-23,187;-45,869;2019-02-09 12:50:00.0;0,0
SÃO JOSÉ DOS CAMPOS;354990404A;SP;Jardim Juçara;-23,187;-45,869;2019-02-09 13:50:00.0;0,0
SÃO JOSÉ DOS CAMPOS;354990404A;SP;Jardim Juçara;-23,187;-45,869;2019-02-09 14:50:00.0;0,0
SÃO JOSÉ DOS CAMPOS;354990404A;SP;Jardim Juçara;-23,187;-45,869;2019-02-09 15:50:00.0;0,0
SÃO JOSÉ DOS CAMPOS;354990404A;SP;Jardim Juçara;-23,187;-45,869;2019-02-09 16:50:00.0;0,0
SÃO JOSÉ DOS CAMPOS;354990404A;SP;Jardim Juçara;-23,187;-45,869;2019-02-09 17:50:00.0;0,0
SÃO JOSÉ DOS CAMPOS;354990404A;SP;Jardim Juçara;-23,187;-45,869;2019-02-09 18:50:00.0;0,0
SÃO JOSÉ DOS CAMPOS;354990404A;SP;Jardim Juçara;-23,187;-45,869;2019-02-09 19:50:00.0;0,0
SÃO JOSÉ DOS CAMPOS;354990404A;SP;Jardim Juçara;-23,187;-45,869;2019-02-09 20:50:00.0;0,0
SÃO JOSÉ DOS CAMPOS;354990404A;SP;Jardim Juçara;-23,187;-45,869;2019-02-09 21:50:00.0;0,0
SÃO JOSÉ DOS CAMPOS;354990404A;SP;Jardim Juçara;-23,187;-45,869;2019-02-09 22:50:00.0;0,0
SÃO JOSÉ DOS CAMPOS;354990404A;SP;Jardim Juçara;-23,187;-45,869;2019-02-09 23:50:00.0;0,0
SÃO JOSÉ DOS CAMPOS;354990404A;SP;Jardim Juçara;-23,187;-45,869;2019-02-10 00:50:00.0;0,0
SÃO JOSÉ DOS CAMPOS;354990404A;SP;Jardim Juçara;-23,187;-45,869;2019-02-10 01:50:00.0;0,0
SÃO JOSÉ DOS CAMPOS;354990404A;SP;Jardim Juçara;-23,187;-45,869;2019-02-10 02:50:00.0;0,0
SÃO JOSÉ DOS CAMPOS;354990404A;SP;Jardim Juçara;-23,187;-45,869;2019-02-10 03:50:00.0;0,0
SÃO JOSÉ DOS CAMPOS;354990404A;SP;Jardim Juçara;-23,187;-45,869;2019-02-10 04:50:00.0;0,0
SÃO JOSÉ DOS CAMPOS;354990404A;SP;Jardim Juçara;-23,187;-45,869;2019-02-10 05:50:00.0;0,0
SÃO JOSÉ DOS CAMPOS;354990404A;SP;Jardim Juçara;-23,187;-45,869;2019-02-10 06:50:00.0;0,0
SÃO JOSÉ DOS CAMPOS;354990404A;SP;Jardim Juçara;-23,187;-45,869;2019-02-10 07:50:00.0;0,0
SÃO JOSÉ DOS CAMPOS;354990404A;SP;Jardim Juçara;-23,187;-45,869;2019-02-10 08:50:00.0;0,0
SÃO JOSÉ DOS CAMPOS;354990404A;SP;Jardim Juçara;-23,187;-45,869;2019-02-10 09:50:00.0;0,0
SÃO JOSÉ DOS CAMPOS;354990404A;SP;Jardim Juçara;-23,187;-45,869;2019-02-10 10:50:00.0;0,0
SÃO JOSÉ DOS CAMPOS;354990404A;SP;Jardim Juçara;-23,187;-45,869;2019-02-10 11:50:00.0;0,0
SÃO JOSÉ DOS CAMPOS;354990404A;SP;Jardim Juçara;-23,187;-45,869;2019-02-10 12:50:00.0;0,0
SÃO JOSÉ DOS CAMPOS;354990404A;SP;Jardim Juçara;-23,187;-45,869;2019-02-10 13:50:00.0;0,0
SÃO JOSÉ DOS CAMPOS;354990404A;SP;Jardim Juçara;-23,187;-45,869;2019-02-10 14:50:00.0;0,0
SÃO JOSÉ DOS CAMPOS;354990404A;SP;Jardim Juçara;-23,187;-45,869;2019-02-10 15:50:00.0;0,0
SÃO JOSÉ DOS CAMPOS;354990404A;SP;Jardim Juçara;-23,187;-45,869;2019-02-10 16:50:00.0;0,0
SÃO JOSÉ DOS CAMPOS;354990404A;SP;Jardim Juçara;-23,187;-45,869;2019-02-10 17:50:00.0;0,0
SÃO JOSÉ DOS CAMPOS;354990404A;SP;Jardim Juçara;-23,187;-45,869;2019-02-10 18:50:00.0;0,0
SÃO JOSÉ DOS CAMPOS;354990404A;SP;Jardim Juçara;-23,187;-45,869;2019-02-10 19:50:00.0;0,0
SÃO JOSÉ DOS CAMPOS;354990404A;SP;Jardim Juçara;-23,187;-45,869;2019-02-10 20:50:00.0;0,0
SÃO JOSÉ DOS CAMPOS;354990404A;SP;Jardim Juçara;-23,187;-45,869;2019-02-10 21:50:00.0;0,0
SÃO JOSÉ DOS CAMPOS;354990404A;SP;Jardim Juçara;-23,187;-45,869;2019-02-10 22:50:00.0;0,0
SÃO JOSÉ DOS CAMPOS;354990404A;SP;Jardim Juçara;-23,187;-45,869;2019-02-10 23:50:00.0;0,0
SÃO JOSÉ DOS CAMPOS;354990404A;SP;Jardim Juçara;-23,187;-45,869;2019-02-11 00:50:00.0;0,0
SÃO JOSÉ DOS CAMPOS;354990404A;SP;Jardim Juçara;-23,187;-45,869;2019-02-11 01:50:00.0;0,0
SÃO JOSÉ DOS CAMPOS;354990404A;SP;Jardim Juçara;-23,187;-45,869;2019-02-11 02:50:00.0;0,0
SÃO JOSÉ DOS CAMPOS;354990404A;SP;Jardim Juçara;-23,187;-45,869;2019-02-11 03:50:00.0;0,0
SÃO JOSÉ DOS CAMPOS;354990404A;SP;Jardim Juçara;-23,187;-45,869;2019-02-11 04:50:00.0;0,0
SÃO JOSÉ DOS CAMPOS;354990404A;SP;Jardim Juçara;-23,187;-45,869;2019-02-11 05:50:00.0;0,0
SÃO JOSÉ DOS CAMPOS;354990404A;SP;Jardim Juçara;-23,187;-45,869;2019-02-11 06:50:00.0;0,0
SÃO JOSÉ DOS CAMPOS;354990404A;SP;Jardim Juçara;-23,187;-45,869;2019-02-11 07:50:00.0;0,0
SÃO JOSÉ DOS CAMPOS;354990404A;SP;Jardim Juçara;-23,187;-45,869;2019-02-11 08:50:00.0;0,0
SÃO JOSÉ DOS CAMPOS;354990404A;SP;Jardim Juçara;-23,187;-45,869;2019-02-11 09:50:00.0;0,0
SÃO JOSÉ DOS CAMPOS;354990404A;SP;Jardim Juçara;-23,187;-45,869;2019-02-11 10:50:00.0;0,0
SÃO JOSÉ DOS CAMPOS;354990404A;SP;Jardim Juçara;-23,187;-45,869;2019-02-11 11:50:00.0;0,0
SÃO JOSÉ DOS CAMPOS;354990404A;SP;Jardim Juçara;-23,187;-45,869;2019-02-11 12:50:00.0;0,0
SÃO JOSÉ DOS CAMPOS;354990404A;SP;Jardim Juçara;-23,187;-45,869;2019-02-11 13:50:00.0;0,0
SÃO JOSÉ DOS CAMPOS;354990404A;SP;Jardim Juçara;-23,187;-45,869;2019-02-11 14:50:00.0;0,0
SÃO JOSÉ DOS CAMPOS;354990404A;SP;Jardim Juçara;-23,187;-45,869;2019-02-11 15:50:00.0;0,0
SÃO JOSÉ DOS CAMPOS;354990404A;SP;Jardim Juçara;-23,187;-45,869;2019-02-11 16:50:00.0;0,0
SÃO JOSÉ DOS CAMPOS;354990404A;SP;Jardim Juçara;-23,187;-45,869;2019-02-11 17:50:00.0;0,0
SÃO JOSÉ DOS CAMPOS;354990404A;SP;Jardim Juçara;-23,187;-45,869;2019-02-11 18:50:00.0;0,0
SÃO JOSÉ DOS CAMPOS;354990404A;SP;Jardim Juçara;-23,187;-45,869;2019-02-11 19:50:00.0;0,0
SÃO JOSÉ DOS CAMPOS;354990404A;SP;Jardim Juçara;-23,187;-45,869;2019-02-11 20:50:00.0;0,0
SÃO JOSÉ DOS CAMPOS;354990404A;SP;Jardim Juçara;-23,187;-45,869;2019-02-11 21:50:00.0;0,0
SÃO JOSÉ DOS CAMPOS;354990404A;SP;Jardim Juçara;-23,187;-45,869;2019-02-11 22:50:00.0;0,0
SÃO JOSÉ DOS CAMPOS;354990404A;SP;Jardim Juçara;-23,187;-45,869;2019-02-11 23:50:00.0;0,0
SÃO JOSÉ DOS CAMPOS;354990404A;SP;Jardim Juçara;-23,187;-45,869;2019-02-12 00:50:00.0;0,0
SÃO JOSÉ DOS CAMPOS;354990404A;SP;Jardim Juçara;-23,187;-45,869;2019-02-12 01:50:00.0;0,0
SÃO JOSÉ DOS CAMPOS;354990404A;SP;Jardim Juçara;-23,187;-45,869;2019-02-12 02:50:00.0;0,0
SÃO JOSÉ DOS CAMPOS;354990404A;SP;Jardim Juçara;-23,187;-45,869;2019-02-12 03:50:00.0;0,0
SÃO JOSÉ DOS CAMPOS;354990404A;SP;Jardim Juçara;-23,187;-45,869;2019-02-12 04:50:00.0;0,0
SÃO JOSÉ DOS CAMPOS;354990404A;SP;Jardim Juçara;-23,187;-45,869;2019-02-12 05:50:00.0;0,0
SÃO JOSÉ DOS CAMPOS;354990404A;SP;Jardim Juçara;-23,187;-45,869;2019-02-12 06:50:00.0;0,0
SÃO JOSÉ DOS CAMPOS;354990404A;SP;Jardim Juçara;-23,187;-45,869;2019-02-12 07:50:00.0;0,0
SÃO JOSÉ DOS CAMPOS;354990404A;SP;Jardim Juçara;-23,187;-45,869;2019-02-12 08:50:00.0;0,0
SÃO JOSÉ DOS CAMPOS;354990404A;SP;Jardim Juçara;-23,187;-45,869;2019-02-12 09:50:00.0;0,0
SÃO JOSÉ DOS CAMPOS;354990404A;SP;Jardim Juçara;-23,187;-45,869;2019-02-12 10:50:00.0;0,0
SÃO JOSÉ DOS CAMPOS;354990404A;SP;Jardim Juçara;-23,187;-45,869;2019-02-12 11:50:00.0;0,0
SÃO JOSÉ DOS CAMPOS;354990404A;SP;Jardim Juçara;-23,187;-45,869;2019-02-12 12:50:00.0;0,0
SÃO JOSÉ DOS CAMPOS;354990404A;SP;Jardim Juçara;-23,187;-45,869;2019-02-12 13:50:00.0;0,0
SÃO JOSÉ DOS CAMPOS;354990404A;SP;Jardim Juçara;-23,187;-45,869;2019-02-12 14:50:00.0;0,0
SÃO JOSÉ DOS CAMPOS;354990404A;SP;Jardim Juçara;-23,187;-45,869;2019-02-12 15:50:00.0;0,0
SÃO JOSÉ DOS CAMPOS;354990404A;SP;Jardim Juçara;-23,187;-45,869;2019-02-12 16:50:00.0;0,0
SÃO JOSÉ DOS CAMPOS;354990404A;SP;Jardim Juçara;-23,187;-45,869;2019-02-12 17:50:00.0;0,0
SÃO JOSÉ DOS CAMPOS;354990404A;SP;Jardim Juçara;-23,187;-45,869;2019-02-12 18:50:00.0;0,0
SÃO JOSÉ DOS CAMPOS;354990404A;SP;Jardim Juçara;-23,187;-45,869;2019-02-12 19:50:00.0;0,0
SÃO JOSÉ DOS CAMPOS;354990404A;SP;Jardim Juçara;-23,187;-45,869;2019-02-12 20:50:00.0;0,0
SÃO JOSÉ DOS CAMPOS;354990404A;SP;Jardim Juçara;-23,187;-45,869;2019-02-12 21:50:00.0;0,0
SÃO JOSÉ DOS CAMPOS;354990404A;SP;Jardim Juçara;-23,187;-45,869;2019-02-12 22:50:00.0;0,0
SÃO JOSÉ DOS CAMPOS;354990404A;SP;Jardim Juçara;-23,187;-45,869;2019-02-12 23:50:00.0;0,0
SÃO JOSÉ DOS CAMPOS;354990404A;SP;Jardim Juçara;-23,187;-45,869;2019-02-13 00:50:00.0;0,0
SÃO JOSÉ DOS CAMPOS;354990404A;SP;Jardim Juçara;-23,187;-45,869;2019-02-13 01:50:00.0;0,0
SÃO JOSÉ DOS CAMPOS;354990404A;SP;Jardim Juçara;-23,187;-45,869;2019-02-13 02:50:00.0;0,0
SÃO JOSÉ DOS CAMPOS;354990404A;SP;Jardim Juçara;-23,187;-45,869;2019-02-13 03:50:00.0;0,0
SÃO JOSÉ DOS CAMPOS;354990404A;SP;Jardim Juçara;-23,187;-45,869;2019-02-13 04:50:00.0;0,0
SÃO JOSÉ DOS CAMPOS;354990404A;SP;Jardim Juçara;-23,187;-45,869;2019-02-13 05:50:00.0;0,0
SÃO JOSÉ DOS CAMPOS;354990404A;SP;Jardim Juçara;-23,187;-45,869;2019-02-13 06:50:00.0;0,0
SÃO JOSÉ DOS CAMPOS;354990404A;SP;Jardim Juçara;-23,187;-45,869;2019-02-13 07:50:00.0;0,0
SÃO JOSÉ DOS CAMPOS;354990404A;SP;Jardim Juçara;-23,187;-45,869;2019-02-13 08:50:00.0;0,0
SÃO JOSÉ DOS CAMPOS;354990404A;SP;Jardim Juçara;-23,187;-45,869;2019-02-13 09:50:00.0;0,0
SÃO JOSÉ DOS CAMPOS;354990404A;SP;Jardim Juçara;-23,187;-45,869;2019-02-13 10:50:00.0;0,0
SÃO JOSÉ DOS CAMPOS;354990404A;SP;Jardim Juçara;-23,187;-45,869;2019-02-13 11:50:00.0;0,0
SÃO JOSÉ DOS CAMPOS;354990404A;SP;Jardim Juçara;-23,187;-45,869;2019-02-13 12:50:00.0;0,0
SÃO JOSÉ DOS CAMPOS;354990404A;SP;Jardim Juçara;-23,187;-45,869;2019-02-13 13:50:00.0;0,0
SÃO JOSÉ DOS CAMPOS;354990404A;SP;Jardim Juçara;-23,187;-45,869;2019-02-13 14:50:00.0;0,0
SÃO JOSÉ DOS CAMPOS;354990404A;SP;Jardim Juçara;-23,187;-45,869;2019-02-13 15:50:00.0;0,0
SÃO JOSÉ DOS CAMPOS;354990404A;SP;Jardim Juçara;-23,187;-45,869;2019-02-13 16:50:00.0;0,0
SÃO JOSÉ DOS CAMPOS;354990404A;SP;Jardim Juçara;-23,187;-45,869;2019-02-13 17:50:00.0;0,0
SÃO JOSÉ DOS CAMPOS;354990404A;SP;Jardim Juçara;-23,187;-45,869;2019-02-13 18:50:00.0;0,0
SÃO JOSÉ DOS CAMPOS;354990404A;SP;Jardim Juçara;-23,187;-45,869;2019-02-13 19:50:00.0;0,0
SÃO JOSÉ DOS CAMPOS;354990404A;SP;Jardim Juçara;-23,187;-45,869;2019-02-13 20:50:00.0;0,0
SÃO JOSÉ DOS CAMPOS;354990404A;SP;Jardim Juçara;-23,187;-45,869;2019-02-13 21:50:00.0;0,0
SÃO JOSÉ DOS CAMPOS;354990404A;SP;Jardim Juçara;-23,187;-45,869;2019-02-13 22:50:00.0;0,0
SÃO JOSÉ DOS CAMPOS;354990404A;SP;Jardim Juçara;-23,187;-45,869;2019-02-13 23:50:00.0;0,0
SÃO JOSÉ DOS CAMPOS;354990404A;SP;Jardim Juçara;-23,187;-45,869;2019-02-14 00:50:00.0;0,0
SÃO JOSÉ DOS CAMPOS;354990404A;SP;Jardim Juçara;-23,187;-45,869;2019-02-14 01:50:00.0;0,0
SÃO JOSÉ DOS CAMPOS;354990404A;SP;Jardim Juçara;-23,187;-45,869;2019-02-14 02:50:00.0;0,0
SÃO JOSÉ DOS CAMPOS;354990404A;SP;Jardim Juçara;-23,187;-45,869;2019-02-14 03:50:00.0;0,0
SÃO JOSÉ DOS CAMPOS;354990404A;SP;Jardim Juçara;-23,187;-45,869;2019-02-14 04:50:00.0;0,0
SÃO JOSÉ DOS CAMPOS;354990404A;SP;Jardim Juçara;-23,187;-45,869;2019-02-14 05:50:00.0;0,0
SÃO JOSÉ DOS CAMPOS;354990404A;SP;Jardim Juçara;-23,187;-45,869;2019-02-14 06:50:00.0;0,0
SÃO JOSÉ DOS CAMPOS;354990404A;SP;Jardim Juçara;-23,187;-45,869;2019-02-14 07:50:00.0;0,0
SÃO JOSÉ DOS CAMPOS;354990404A;SP;Jardim Juçara;-23,187;-45,869;2019-02-14 08:50:00.0;0,0
SÃO JOSÉ DOS CAMPOS;354990404A;SP;Jardim Juçara;-23,187;-45,869;2019-02-14 09:50:00.0;0,0
SÃO JOSÉ DOS CAMPOS;354990404A;SP;Jardim Juçara;-23,187;-45,869;2019-02-14 10:50:00.0;0,0
SÃO JOSÉ DOS CAMPOS;354990404A;SP;Jardim Juçara;-23,187;-45,869;2019-02-14 11:50:00.0;0,0
SÃO JOSÉ DOS CAMPOS;354990404A;SP;Jardim Juçara;-23,187;-45,869;2019-02-14 12:50:00.0;0,0
SÃO JOSÉ DOS CAMPOS;354990404A;SP;Jardim Juçara;-23,187;-45,869;2019-02-14 13:50:00.0;0,0
SÃO JOSÉ DOS CAMPOS;354990404A;SP;Jardim Juçara;-23,187;-45,869;2019-02-14 14:50:00.0;0,0
SÃO JOSÉ DOS CAMPOS;354990404A;SP;Jardim Juçara;-23,187;-45,869;2019-02-14 15:50:00.0;0,0
SÃO JOSÉ DOS CAMPOS;354990404A;SP;Jardim Juçara;-23,187;-45,869;2019-02-14 16:50:00.0;0,0
SÃO JOSÉ DOS CAMPOS;354990404A;SP;Jardim Juçara;-23,187;-45,869;2019-02-14 17:50:00.0;0,0
SÃO JOSÉ DOS CAMPOS;354990404A;SP;Jardim Juçara;-23,187;-45,869;2019-02-14 18:50:00.0;0,0
SÃO JOSÉ DOS CAMPOS;354990404A;SP;Jardim Juçara;-23,187;-45,869;2019-02-14 19:50:00.0;0,0
SÃO JOSÉ DOS CAMPOS;354990404A;SP;Jardim Juçara;-23,187;-45,869;2019-02-14 20:50:00.0;0,0
SÃO JOSÉ DOS CAMPOS;354990404A;SP;Jardim Juçara;-23,187;-45,869;2019-02-14 21:50:00.0;0,0
SÃO JOSÉ DOS CAMPOS;354990404A;SP;Jardim Juçara;-23,187;-45,869;2019-02-14 22:50:00.0;0,0
SÃO JOSÉ DOS CAMPOS;354990404A;SP;Jardim Juçara;-23,187;-45,869;2019-02-14 23:50:00.0;0,0
SÃO JOSÉ DOS CAMPOS;354990404A;SP;Jardim Juçara;-23,187;-45,869;2019-02-15 00:50:00.0;0,0
SÃO JOSÉ DOS CAMPOS;354990404A;SP;Jardim Juçara;-23,187;-45,869;2019-02-15 01:50:00.0;0,0
SÃO JOSÉ DOS CAMPOS;354990404A;SP;Jardim Juçara;-23,187;-45,869;2019-02-15 02:50:00.0;0,0
SÃO JOSÉ DOS CAMPOS;354990404A;SP;Jardim Juçara;-23,187;-45,869;2019-02-15 03:50:00.0;0,0
SÃO JOSÉ DOS CAMPOS;354990404A;SP;Jardim Juçara;-23,187;-45,869;2019-02-15 04:50:00.0;0,0
SÃO JOSÉ DOS CAMPOS;354990404A;SP;Jardim Juçara;-23,187;-45,869;2019-02-15 05:50:00.0;0,0
SÃO JOSÉ DOS CAMPOS;354990404A;SP;Jardim Juçara;-23,187;-45,869;2019-02-15 06:50:00.0;0,0
SÃO JOSÉ DOS CAMPOS;354990404A;SP;Jardim Juçara;-23,187;-45,869;2019-02-15 07:50:00.0;0,0
SÃO JOSÉ DOS CAMPOS;354990404A;SP;Jardim Juçara;-23,187;-45,869;2019-02-15 08:50:00.0;0,0
SÃO JOSÉ DOS CAMPOS;354990404A;SP;Jardim Juçara;-23,187;-45,869;2019-02-15 09:50:00.0;0,0
SÃO JOSÉ DOS CAMPOS;354990404A;SP;Jardim Juçara;-23,187;-45,869;2019-02-15 10:50:00.0;0,0
SÃO JOSÉ DOS CAMPOS;354990404A;SP;Jardim Juçara;-23,187;-45,869;2019-02-15 11:50:00.0;0,0
SÃO JOSÉ DOS CAMPOS;354990404A;SP;Jardim Juçara;-23,187;-45,869;2019-02-15 12:50:00.0;0,0
SÃO JOSÉ DOS CAMPOS;354990404A;SP;Jardim Juçara;-23,187;-45,869;2019-02-15 13:50:00.0;0,0
SÃO JOSÉ DOS CAMPOS;354990404A;SP;Jardim Juçara;-23,187;-45,869;2019-02-15 14:50:00.0;0,0
SÃO JOSÉ DOS CAMPOS;354990404A;SP;Jardim Juçara;-23,187;-45,869;2019-02-15 15:50:00.0;0,0
SÃO JOSÉ DOS CAMPOS;354990404A;SP;Jardim Juçara;-23,187;-45,869;2019-02-15 16:50:00.0;0,0
SÃO JOSÉ DOS CAMPOS;354990404A;SP;Jardim Juçara;-23,187;-45,869;2019-02-15 17:50:00.0;0,0
SÃO JOSÉ DOS CAMPOS;354990404A;SP;Jardim Juçara;-23,187;-45,869;2019-02-15 18:50:00.0;0,0
SÃO JOSÉ DOS CAMPOS;354990404A;SP;Jardim Juçara;-23,187;-45,869;2019-02-15 19:50:00.0;0,0
SÃO JOSÉ DOS CAMPOS;354990404A;SP;Jardim Juçara;-23,187;-45,869;2019-02-15 20:50:00.0;0,0
SÃO JOSÉ DOS CAMPOS;354990404A;SP;Jardim Juçara;-23,187;-45,869;2019-02-15 21:50:00.0;0,0
SÃO JOSÉ DOS CAMPOS;354990404A;SP;Jardim Juçara;-23,187;-45,869;2019-02-15 22:50:00.0;0,0
SÃO JOSÉ DOS CAMPOS;354990404A;SP;Jardim Juçara;-23,187;-45,869;2019-02-15 23:50:00.0;0,0
SÃO JOSÉ DOS CAMPOS;354990404A;SP;Jardim Juçara;-23,187;-45,869;2019-02-16 00:50:00.0;0,0
SÃO JOSÉ DOS CAMPOS;354990404A;SP;Jardim Juçara;-23,187;-45,869;2019-02-16 01:50:00.0;0,0
SÃO JOSÉ DOS CAMPOS;354990404A;SP;Jardim Juçara;-23,187;-45,869;2019-02-16 02:50:00.0;0,0
SÃO JOSÉ DOS CAMPOS;354990404A;SP;Jardim Juçara;-23,187;-45,869;2019-02-16 03:50:00.0;0,0
SÃO JOSÉ DOS CAMPOS;354990404A;SP;Jardim Juçara;-23,187;-45,869;2019-02-16 04:50:00.0;0,0
SÃO JOSÉ DOS CAMPOS;354990404A;SP;Jardim Juçara;-23,187;-45,869;2019-02-16 05:50:00.0;0,0
SÃO JOSÉ DOS CAMPOS;354990404A;SP;Jardim Juçara;-23,187;-45,869;2019-02-16 06:50:00.0;0,0
SÃO JOSÉ DOS CAMPOS;354990404A;SP;Jardim Juçara;-23,187;-45,869;2019-02-16 07:50:00.0;0,0
SÃO JOSÉ DOS CAMPOS;354990404A;SP;Jardim Juçara;-23,187;-45,869;2019-02-16 08:50:00.0;0,0
SÃO JOSÉ DOS CAMPOS;354990404A;SP;Jardim Juçara;-23,187;-45,869;2019-02-16 09:50:00.0;0,0
SÃO JOSÉ DOS CAMPOS;354990404A;SP;Jardim Juçara;-23,187;-45,869;2019-02-16 10:50:00.0;0,0
SÃO JOSÉ DOS CAMPOS;354990404A;SP;Jardim Juçara;-23,187;-45,869;2019-02-16 11:50:00.0;0,0
SÃO JOSÉ DOS CAMPOS;354990404A;SP;Jardim Juçara;-23,187;-45,869;2019-02-16 12:50:00.0;0,0
SÃO JOSÉ DOS CAMPOS;354990404A;SP;Jardim Juçara;-23,187;-45,869;2019-02-16 18:50:00.0;0,0
SÃO JOSÉ DOS CAMPOS;354990404A;SP;Jardim Juçara;-23,187;-45,869;2019-02-16 19:50:00.0;0,0
SÃO JOSÉ DOS CAMPOS;354990404A;SP;Jardim Juçara;-23,187;-45,869;2019-02-16 20:50:00.0;0,0
SÃO JOSÉ DOS CAMPOS;354990404A;SP;Jardim Juçara;-23,187;-45,869;2019-02-16 21:50:00.0;0,0
SÃO JOSÉ DOS CAMPOS;354990404A;SP;Jardim Juçara;-23,187;-45,869;2019-02-16 22:50:00.0;0,0
SÃO JOSÉ DOS CAMPOS;354990404A;SP;Jardim Juçara;-23,187;-45,869;2019-02-16 23:50:00.0;0,0
SÃO JOSÉ DOS CAMPOS;354990404A;SP;Jardim Juçara;-23,187;-45,869;2019-02-17 00:50:00.0;0,0
SÃO JOSÉ DOS CAMPOS;354990404A;SP;Jardim Juçara;-23,187;-45,869;2019-02-17 01:50:00.0;0,0
SÃO JOSÉ DOS CAMPOS;354990404A;SP;Jardim Juçara;-23,187;-45,869;2019-02-17 02:50:00.0;0,0
SÃO JOSÉ DOS CAMPOS;354990404A;SP;Jardim Juçara;-23,187;-45,869;2019-02-17 03:50:00.0;0,0
SÃO JOSÉ DOS CAMPOS;354990404A;SP;Jardim Juçara;-23,187;-45,869;2019-02-17 04:50:00.0;0,0
SÃO JOSÉ DOS CAMPOS;354990404A;SP;Jardim Juçara;-23,187;-45,869;2019-02-17 05:50:00.0;0,0
SÃO JOSÉ DOS CAMPOS;354990404A;SP;Jardim Juçara;-23,187;-45,869;2019-02-17 06:50:00.0;0,0
SÃO JOSÉ DOS CAMPOS;354990404A;SP;Jardim Juçara;-23,187;-45,869;2019-02-17 07:50:00.0;0,0
SÃO JOSÉ DOS CAMPOS;354990404A;SP;Jardim Juçara;-23,187;-45,869;2019-02-17 08:50:00.0;0,0
SÃO JOSÉ DOS CAMPOS;354990404A;SP;Jardim Juçara;-23,187;-45,869;2019-02-17 09:50:00.0;0,0
SÃO JOSÉ DOS CAMPOS;354990404A;SP;Jardim Juçara;-23,187;-45,869;2019-02-17 10:50:00.0;0,0
SÃO JOSÉ DOS CAMPOS;354990404A;SP;Jardim Juçara;-23,187;-45,869;2019-02-17 11:50:00.0;0,0
SÃO JOSÉ DOS CAMPOS;354990404A;SP;Jardim Juçara;-23,187;-45,869;2019-02-17 12:50:00.0;0,0
SÃO JOSÉ DOS CAMPOS;354990404A;SP;Jardim Juçara;-23,187;-45,869;2019-02-17 13:50:00.0;0,0
SÃO JOSÉ DOS CAMPOS;354990404A;SP;Jardim Juçara;-23,187;-45,869;2019-02-17 14:50:00.0;0,0
SÃO JOSÉ DOS CAMPOS;354990404A;SP;Jardim Juçara;-23,187;-45,869;2019-02-17 15:50:00.0;0,0
SÃO JOSÉ DOS CAMPOS;354990404A;SP;Jardim Juçara;-23,187;-45,869;2019-02-17 16:50:00.0;0,0
SÃO JOSÉ DOS CAMPOS;354990404A;SP;Jardim Juçara;-23,187;-45,869;2019-02-17 17:50:00.0;0,0
SÃO JOSÉ DOS CAMPOS;354990404A;SP;Jardim Juçara;-23,187;-45,869;2019-02-17 18:50:00.0;0,0
SÃO JOSÉ DOS CAMPOS;354990404A;SP;Jardim Juçara;-23,187;-45,869;2019-02-17 19:50:00.0;0,0
SÃO JOSÉ DOS CAMPOS;354990404A;SP;Jardim Juçara;-23,187;-45,869;2019-02-17 20:50:00.0;0,0
SÃO JOSÉ DOS CAMPOS;354990404A;SP;Jardim Juçara;-23,187;-45,869;2019-02-17 21:50:00.0;0,0
SÃO JOSÉ DOS CAMPOS;354990404A;SP;Jardim Juçara;-23,187;-45,869;2019-02-17 22:50:00.0;0,0
SÃO JOSÉ DOS CAMPOS;354990404A;SP;Jardim Juçara;-23,187;-45,869;2019-02-17 23:50:00.0;0,0
SÃO JOSÉ DOS CAMPOS;354990404A;SP;Jardim Juçara;-23,187;-45,869;2019-02-18 00:50:00.0;0,0
SÃO JOSÉ DOS CAMPOS;354990404A;SP;Jardim Juçara;-23,187;-45,869;2019-02-18 01:50:00.0;0,0
SÃO JOSÉ DOS CAMPOS;354990404A;SP;Jardim Juçara;-23,187;-45,869;2019-02-18 02:50:00.0;0,0
SÃO JOSÉ DOS CAMPOS;354990404A;SP;Jardim Juçara;-23,187;-45,869;2019-02-18 03:50:00.0;0,0
SÃO JOSÉ DOS CAMPOS;354990404A;SP;Jardim Juçara;-23,187;-45,869;2019-02-18 04:50:00.0;0,0
SÃO JOSÉ DOS CAMPOS;354990404A;SP;Jardim Juçara;-23,187;-45,869;2019-02-18 05:50:00.0;0,0
SÃO JOSÉ DOS CAMPOS;354990404A;SP;Jardim Juçara;-23,187;-45,869;2019-02-18 06:50:00.0;0,0
SÃO JOSÉ DOS CAMPOS;354990404A;SP;Jardim Juçara;-23,187;-45,869;2019-02-18 07:50:00.0;0,0
SÃO JOSÉ DOS CAMPOS;354990404A;SP;Jardim Juçara;-23,187;-45,869;2019-02-18 08:50:00.0;0,0
SÃO JOSÉ DOS CAMPOS;354990404A;SP;Jardim Juçara;-23,187;-45,869;2019-02-18 09:50:00.0;0,0
SÃO JOSÉ DOS CAMPOS;354990404A;SP;Jardim Juçara;-23,187;-45,869;2019-02-18 10:50:00.0;0,0
SÃO JOSÉ DOS CAMPOS;354990404A;SP;Jardim Juçara;-23,187;-45,869;2019-02-18 11:50:00.0;0,0
SÃO JOSÉ DOS CAMPOS;354990404A;SP;Jardim Juçara;-23,187;-45,869;2019-02-18 12:50:00.0;0,0
SÃO JOSÉ DOS CAMPOS;354990404A;SP;Jardim Juçara;-23,187;-45,869;2019-02-18 13:50:00.0;0,0
SÃO JOSÉ DOS CAMPOS;354990404A;SP;Jardim Juçara;-23,187;-45,869;2019-02-18 14:50:00.0;0,0
SÃO JOSÉ DOS CAMPOS;354990404A;SP;Jardim Juçara;-23,187;-45,869;2019-02-18 15:50:00.0;0,0
SÃO JOSÉ DOS CAMPOS;354990404A;SP;Jardim Juçara;-23,187;-45,869;2019-02-18 16:50:00.0;0,0
SÃO JOSÉ DOS CAMPOS;354990404A;SP;Jardim Juçara;-23,187;-45,869;2019-02-18 17:50:00.0;0,0
SÃO JOSÉ DOS CAMPOS;354990404A;SP;Jardim Juçara;-23,187;-45,869;2019-02-18 18:50:00.0;0,0
SÃO JOSÉ DOS CAMPOS;354990404A;SP;Jardim Juçara;-23,187;-45,869;2019-02-18 19:50:00.0;0,0
SÃO JOSÉ DOS CAMPOS;354990404A;SP;Jardim Juçara;-23,187;-45,869;2019-02-18 20:50:00.0;0,0
SÃO JOSÉ DOS CAMPOS;354990404A;SP;Jardim Juçara;-23,187;-45,869;2019-02-18 21:50:00.0;0,0
SÃO JOSÉ DOS CAMPOS;354990404A;SP;Jardim Juçara;-23,187;-45,869;2019-02-18 22:50:00.0;0,0
SÃO JOSÉ DOS CAMPOS;354990404A;SP;Jardim Juçara;-23,187;-45,869;2019-02-18 23:50:00.0;0,0
SÃO JOSÉ DOS CAMPOS;354990404A;SP;Jardim Juçara;-23,187;-45,869;2019-02-19 00:50:00.0;0,0
SÃO JOSÉ DOS CAMPOS;354990404A;SP;Jardim Juçara;-23,187;-45,869;2019-02-19 01:50:00.0;0,0
SÃO JOSÉ DOS CAMPOS;354990404A;SP;Jardim Juçara;-23,187;-45,869;2019-02-19 02:50:00.0;0,0
SÃO JOSÉ DOS CAMPOS;354990404A;SP;Jardim Juçara;-23,187;-45,869;2019-02-19 03:50:00.0;0,0
SÃO JOSÉ DOS CAMPOS;354990404A;SP;Jardim Juçara;-23,187;-45,869;2019-02-19 04:50:00.0;0,0
SÃO JOSÉ DOS CAMPOS;354990404A;SP;Jardim Juçara;-23,187;-45,869;2019-02-19 05:50:00.0;0,0
SÃO JOSÉ DOS CAMPOS;354990404A;SP;Jardim Juçara;-23,187;-45,869;2019-02-19 06:50:00.0;0,0
SÃO JOSÉ DOS CAMPOS;354990404A;SP;Jardim Juçara;-23,187;-45,869;2019-02-19 07:50:00.0;0,0
SÃO JOSÉ DOS CAMPOS;354990404A;SP;Jardim Juçara;-23,187;-45,869;2019-02-19 08:50:00.0;0,0
SÃO JOSÉ DOS CAMPOS;354990404A;SP;Jardim Juçara;-23,187;-45,869;2019-02-19 09:50:00.0;0,0
SÃO JOSÉ DOS CAMPOS;354990404A;SP;Jardim Juçara;-23,187;-45,869;2019-02-19 10:50:00.0;0,0
SÃO JOSÉ DOS CAMPOS;354990404A;SP;Jardim Juçara;-23,187;-45,869;2019-02-19 11:50:00.0;0,0
SÃO JOSÉ DOS CAMPOS;354990404A;SP;Jardim Juçara;-23,187;-45,869;2019-02-19 12:50:00.0;0,0
SÃO JOSÉ DOS CAMPOS;354990404A;SP;Jardim Juçara;-23,187;-45,869;2019-02-19 13:50:00.0;0,0
SÃO JOSÉ DOS CAMPOS;354990404A;SP;Jardim Juçara;-23,187;-45,869;2019-02-19 14:50:00.0;0,0
SÃO JOSÉ DOS CAMPOS;354990404A;SP;Jardim Juçara;-23,187;-45,869;2019-02-19 15:50:00.0;0,0
SÃO JOSÉ DOS CAMPOS;354990404A;SP;Jardim Juçara;-23,187;-45,869;2019-02-19 16:50:00.0;0,0
SÃO JOSÉ DOS CAMPOS;354990404A;SP;Jardim Juçara;-23,187;-45,869;2019-02-19 17:50:00.0;0,0
SÃO JOSÉ DOS CAMPOS;354990404A;SP;Jardim Juçara;-23,187;-45,869;2019-02-19 18:50:00.0;0,0
SÃO JOSÉ DOS CAMPOS;354990404A;SP;Jardim Juçara;-23,187;-45,869;2019-02-19 19:50:00.0;0,0
SÃO JOSÉ DOS CAMPOS;354990404A;SP;Jardim Juçara;-23,187;-45,869;2019-02-19 20:50:00.0;0,0
SÃO JOSÉ DOS CAMPOS;354990404A;SP;Jardim Juçara;-23,187;-45,869;2019-02-19 21:50:00.0;0,0
SÃO JOSÉ DOS CAMPOS;354990404A;SP;Jardim Juçara;-23,187;-45,869;2019-02-19 22:50:00.0;0,0
SÃO JOSÉ DOS CAMPOS;354990404A;SP;Jardim Juçara;-23,187;-45,869;2019-02-19 23:50:00.0;0,0
SÃO JOSÉ DOS CAMPOS;354990404A;SP;Jardim Juçara;-23,187;-45,869;2019-02-20 00:50:00.0;0,0
SÃO JOSÉ DOS CAMPOS;354990404A;SP;Jardim Juçara;-23,187;-45,869;2019-02-20 01:50:00.0;0,0
SÃO JOSÉ DOS CAMPOS;354990404A;SP;Jardim Juçara;-23,187;-45,869;2019-02-20 02:50:00.0;0,0
SÃO JOSÉ DOS CAMPOS;354990404A;SP;Jardim Juçara;-23,187;-45,869;2019-02-20 03:50:00.0;0,0
SÃO JOSÉ DOS CAMPOS;354990404A;SP;Jardim Juçara;-23,187;-45,869;2019-02-20 04:50:00.0;0,0
SÃO JOSÉ DOS CAMPOS;354990404A;SP;Jardim Juçara;-23,187;-45,869;2019-02-20 05:50:00.0;0,0
SÃO JOSÉ DOS CAMPOS;354990404A;SP;Jardim Juçara;-23,187;-45,869;2019-02-20 06:50:00.0;0,0
SÃO JOSÉ DOS CAMPOS;354990404A;SP;Jardim Juçara;-23,187;-45,869;2019-02-20 07:50:00.0;0,0
SÃO JOSÉ DOS CAMPOS;354990404A;SP;Jardim Juçara;-23,187;-45,869;2019-02-20 08:50:00.0;0,0
SÃO JOSÉ DOS CAMPOS;354990404A;SP;Jardim Juçara;-23,187;-45,869;2019-02-20 09:50:00.0;0,0
SÃO JOSÉ DOS CAMPOS;354990404A;SP;Jardim Juçara;-23,187;-45,869;2019-02-20 10:50:00.0;0,0
SÃO JOSÉ DOS CAMPOS;354990404A;SP;Jardim Juçara;-23,187;-45,869;2019-02-20 11:50:00.0;0,0
SÃO JOSÉ DOS CAMPOS;354990404A;SP;Jardim Juçara;-23,187;-45,869;2019-02-20 12:50:00.0;0,0
SÃO JOSÉ DOS CAMPOS;354990404A;SP;Jardim Juçara;-23,187;-45,869;2019-02-20 13:50:00.0;0,0
SÃO JOSÉ DOS CAMPOS;354990404A;SP;Jardim Juçara;-23,187;-45,869;2019-02-20 14:50:00.0;0,0
SÃO JOSÉ DOS CAMPOS;354990404A;SP;Jardim Juçara;-23,187;-45,869;2019-02-20 15:50:00.0;0,0
SÃO JOSÉ DOS CAMPOS;354990404A;SP;Jardim Juçara;-23,187;-45,869;2019-02-20 16:50:00.0;0,0
SÃO JOSÉ DOS CAMPOS;354990404A;SP;Jardim Juçara;-23,187;-45,869;2019-02-20 17:50:00.0;0,0
SÃO JOSÉ DOS CAMPOS;354990404A;SP;Jardim Juçara;-23,187;-45,869;2019-02-20 18:50:00.0;0,0
SÃO JOSÉ DOS CAMPOS;354990404A;SP;Jardim Juçara;-23,187;-45,869;2019-02-20 19:50:00.0;0,0
SÃO JOSÉ DOS CAMPOS;354990404A;SP;Jardim Juçara;-23,187;-45,869;2019-02-20 20:50:00.0;0,0
SÃO JOSÉ DOS CAMPOS;354990404A;SP;Jardim Juçara;-23,187;-45,869;2019-02-20 21:50:00.0;0,0
SÃO JOSÉ DOS CAMPOS;354990404A;SP;Jardim Juçara;-23,187;-45,869;2019-02-20 22:50:00.0;0,0
SÃO JOSÉ DOS CAMPOS;354990404A;SP;Jardim Juçara;-23,187;-45,869;2019-02-20 23:50:00.0;0,0
SÃO JOSÉ DOS CAMPOS;354990404A;SP;Jardim Juçara;-23,187;-45,869;2019-02-21 00:50:00.0;0,0
SÃO JOSÉ DOS CAMPOS;354990404A;SP;Jardim Juçara;-23,187;-45,869;2019-02-21 01:50:00.0;0,0
SÃO JOSÉ DOS CAMPOS;354990404A;SP;Jardim Juçara;-23,187;-45,869;2019-02-21 02:50:00.0;0,0
SÃO JOSÉ DOS CAMPOS;354990404A;SP;Jardim Juçara;-23,187;-45,869;2019-02-21 03:50:00.0;0,0
SÃO JOSÉ DOS CAMPOS;354990404A;SP;Jardim Juçara;-23,187;-45,869;2019-02-21 04:50:00.0;0,0
SÃO JOSÉ DOS CAMPOS;354990404A;SP;Jardim Juçara;-23,187;-45,869;2019-02-21 05:50:00.0;0,0
SÃO JOSÉ DOS CAMPOS;354990404A;SP;Jardim Juçara;-23,187;-45,869;2019-02-21 06:50:00.0;0,0
SÃO JOSÉ DOS CAMPOS;354990404A;SP;Jardim Juçara;-23,187;-45,869;2019-02-21 07:50:00.0;0,0
SÃO JOSÉ DOS CAMPOS;354990404A;SP;Jardim Juçara;-23,187;-45,869;2019-02-21 08:50:00.0;0,0
SÃO JOSÉ DOS CAMPOS;354990404A;SP;Jardim Juçara;-23,187;-45,869;2019-02-21 09:50:00.0;0,0
SÃO JOSÉ DOS CAMPOS;354990404A;SP;Jardim Juçara;-23,187;-45,869;2019-02-21 10:50:00.0;0,0
SÃO JOSÉ DOS CAMPOS;354990404A;SP;Jardim Juçara;-23,187;-45,869;2019-02-21 11:50:00.0;0,0
SÃO JOSÉ DOS CAMPOS;354990404A;SP;Jardim Juçara;-23,187;-45,869;2019-02-21 12:50:00.0;0,0
SÃO JOSÉ DOS CAMPOS;354990404A;SP;Jardim Juçara;-23,187;-45,869;2019-02-21 13:50:00.0;0,0
SÃO JOSÉ DOS CAMPOS;354990404A;SP;Jardim Juçara;-23,187;-45,869;2019-02-21 14:50:00.0;0,0
SÃO JOSÉ DOS CAMPOS;354990404A;SP;Jardim Juçara;-23,187;-45,869;2019-02-21 15:50:00.0;0,0
SÃO JOSÉ DOS CAMPOS;354990404A;SP;Jardim Juçara;-23,187;-45,869;2019-02-21 16:50:00.0;0,0
SÃO JOSÉ DOS CAMPOS;354990404A;SP;Jardim Juçara;-23,187;-45,869;2019-02-21 17:50:00.0;0,0
SÃO JOSÉ DOS CAMPOS;354990404A;SP;Jardim Juçara;-23,187;-45,869;2019-02-21 18:50:00.0;0,0
SÃO JOSÉ DOS CAMPOS;354990404A;SP;Jardim Juçara;-23,187;-45,869;2019-02-21 19:50:00.0;0,0
SÃO JOSÉ DOS CAMPOS;354990404A;SP;Jardim Juçara;-23,187;-45,869;2019-02-21 20:50:00.0;0,0
SÃO JOSÉ DOS CAMPOS;354990404A;SP;Jardim Juçara;-23,187;-45,869;2019-02-21 21:50:00.0;0,0
SÃO JOSÉ DOS CAMPOS;354990404A;SP;Jardim Juçara;-23,187;-45,869;2019-02-21 22:50:00.0;0,0
SÃO JOSÉ DOS CAMPOS;354990404A;SP;Jardim Juçara;-23,187;-45,869;2019-02-21 23:50:00.0;0,0
SÃO JOSÉ DOS CAMPOS;354990404A;SP;Jardim Juçara;-23,187;-45,869;2019-02-22 00:50:00.0;0,0
SÃO JOSÉ DOS CAMPOS;354990404A;SP;Jardim Juçara;-23,187;-45,869;2019-02-22 01:50:00.0;0,0
SÃO JOSÉ DOS CAMPOS;354990404A;SP;Jardim Juçara;-23,187;-45,869;2019-02-22 02:50:00.0;0,0
SÃO JOSÉ DOS CAMPOS;354990404A;SP;Jardim Juçara;-23,187;-45,869;2019-02-22 03:50:00.0;0,0
SÃO JOSÉ DOS CAMPOS;354990404A;SP;Jardim Juçara;-23,187;-45,869;2019-02-22 04:50:00.0;0,0
SÃO JOSÉ DOS CAMPOS;354990404A;SP;Jardim Juçara;-23,187;-45,869;2019-02-22 05:50:00.0;0,0
SÃO JOSÉ DOS CAMPOS;354990404A;SP;Jardim Juçara;-23,187;-45,869;2019-02-22 06:50:00.0;0,0
SÃO JOSÉ DOS CAMPOS;354990404A;SP;Jardim Juçara;-23,187;-45,869;2019-02-22 07:50:00.0;0,0
SÃO JOSÉ DOS CAMPOS;354990404A;SP;Jardim Juçara;-23,187;-45,869;2019-02-22 08:50:00.0;0,0
SÃO JOSÉ DOS CAMPOS;354990404A;SP;Jardim Juçara;-23,187;-45,869;2019-02-22 09:50:00.0;0,0
SÃO JOSÉ DOS CAMPOS;354990404A;SP;Jardim Juçara;-23,187;-45,869;2019-02-22 10:50:00.0;0,0
SÃO JOSÉ DOS CAMPOS;354990404A;SP;Jardim Juçara;-23,187;-45,869;2019-02-22 11:50:00.0;0,0
SÃO JOSÉ DOS CAMPOS;354990404A;SP;Jardim Juçara;-23,187;-45,869;2019-02-22 12:50:00.0;0,0
SÃO JOSÉ DOS CAMPOS;354990404A;SP;Jardim Juçara;-23,187;-45,869;2019-02-22 13:50:00.0;0,0
SÃO JOSÉ DOS CAMPOS;354990404A;SP;Jardim Juçara;-23,187;-45,869;2019-02-22 14:50:00.0;0,0
SÃO JOSÉ DOS CAMPOS;354990404A;SP;Jardim Juçara;-23,187;-45,869;2019-02-22 15:50:00.0;0,0
SÃO JOSÉ DOS CAMPOS;354990404A;SP;Jardim Juçara;-23,187;-45,869;2019-02-22 16:50:00.0;0,0
SÃO JOSÉ DOS CAMPOS;354990404A;SP;Jardim Juçara;-23,187;-45,869;2019-02-22 17:50:00.0;0,0
SÃO JOSÉ DOS CAMPOS;354990404A;SP;Jardim Juçara;-23,187;-45,869;2019-02-22 18:50:00.0;0,0
SÃO JOSÉ DOS CAMPOS;354990404A;SP;Jardim Juçara;-23,187;-45,869;2019-02-22 19:50:00.0;0,0
SÃO JOSÉ DOS CAMPOS;354990404A;SP;Jardim Juçara;-23,187;-45,869;2019-02-22 20:50:00.0;0,0
SÃO JOSÉ DOS CAMPOS;354990404A;SP;Jardim Juçara;-23,187;-45,869;2019-02-22 21:50:00.0;0,0
SÃO JOSÉ DOS CAMPOS;354990404A;SP;Jardim Juçara;-23,187;-45,869;2019-02-22 22:50:00.0;0,0
SÃO JOSÉ DOS CAMPOS;354990404A;SP;Jardim Juçara;-23,187;-45,869;2019-02-22 23:50:00.0;0,0
SÃO JOSÉ DOS CAMPOS;354990404A;SP;Jardim Juçara;-23,187;-45,869;2019-02-23 00:50:00.0;0,0
SÃO JOSÉ DOS CAMPOS;354990404A;SP;Jardim Juçara;-23,187;-45,869;2019-02-23 01:50:00.0;0,0
SÃO JOSÉ DOS CAMPOS;354990404A;SP;Jardim Juçara;-23,187;-45,869;2019-02-23 02:50:00.0;0,0
SÃO JOSÉ DOS CAMPOS;354990404A;SP;Jardim Juçara;-23,187;-45,869;2019-02-23 03:50:00.0;0,0
SÃO JOSÉ DOS CAMPOS;354990404A;SP;Jardim Juçara;-23,187;-45,869;2019-02-23 04:50:00.0;0,0
SÃO JOSÉ DOS CAMPOS;354990404A;SP;Jardim Juçara;-23,187;-45,869;2019-02-23 05:50:00.0;0,0
SÃO JOSÉ DOS CAMPOS;354990404A;SP;Jardim Juçara;-23,187;-45,869;2019-02-23 06:50:00.0;0,0
SÃO JOSÉ DOS CAMPOS;354990404A;SP;Jardim Juçara;-23,187;-45,869;2019-02-23 07:50:00.0;0,0
SÃO JOSÉ DOS CAMPOS;354990404A;SP;Jardim Juçara;-23,187;-45,869;2019-02-23 08:50:00.0;0,0
SÃO JOSÉ DOS CAMPOS;354990404A;SP;Jardim Juçara;-23,187;-45,869;2019-02-23 09:50:00.0;0,0
SÃO JOSÉ DOS CAMPOS;354990404A;SP;Jardim Juçara;-23,187;-45,869;2019-02-23 10:50:00.0;0,0
SÃO JOSÉ DOS CAMPOS;354990404A;SP;Jardim Juçara;-23,187;-45,869;2019-02-23 11:50:00.0;0,0
SÃO JOSÉ DOS CAMPOS;354990404A;SP;Jardim Juçara;-23,187;-45,869;2019-02-23 12:50:00.0;0,0
SÃO JOSÉ DOS CAMPOS;354990404A;SP;Jardim Juçara;-23,187;-45,869;2019-02-23 13:50:00.0;0,0
SÃO JOSÉ DOS CAMPOS;354990404A;SP;Jardim Juçara;-23,187;-45,869;2019-02-23 14:50:00.0;0,0
SÃO JOSÉ DOS CAMPOS;354990404A;SP;Jardim Juçara;-23,187;-45,869;2019-02-23 15:50:00.0;0,0
SÃO JOSÉ DOS CAMPOS;354990404A;SP;Jardim Juçara;-23,187;-45,869;2019-02-23 16:50:00.0;0,0
SÃO JOSÉ DOS CAMPOS;354990404A;SP;Jardim Juçara;-23,187;-45,869;2019-02-23 17:50:00.0;0,0
SÃO JOSÉ DOS CAMPOS;354990404A;SP;Jardim Juçara;-23,187;-45,869;2019-02-23 18:50:00.0;0,0
SÃO JOSÉ DOS CAMPOS;354990404A;SP;Jardim Juçara;-23,187;-45,869;2019-02-23 19:50:00.0;0,0
SÃO JOSÉ DOS CAMPOS;354990404A;SP;Jardim Juçara;-23,187;-45,869;2019-02-24 03:00:00.0;0,0
SÃO JOSÉ DOS CAMPOS;354990404A;SP;Jardim Juçara;-23,187;-45,869;2019-02-24 03:50:00.0;0,0
SÃO JOSÉ DOS CAMPOS;354990404A;SP;Jardim Juçara;-23,187;-45,869;2019-02-24 04:50:00.0;0,0
SÃO JOSÉ DOS CAMPOS;354990404A;SP;Jardim Juçara;-23,187;-45,869;2019-02-24 05:50:00.0;0,0
SÃO JOSÉ DOS CAMPOS;354990404A;SP;Jardim Juçara;-23,187;-45,869;2019-02-24 06:50:00.0;0,0
SÃO JOSÉ DOS CAMPOS;354990404A;SP;Jardim Juçara;-23,187;-45,869;2019-02-24 07:50:00.0;0,0
SÃO JOSÉ DOS CAMPOS;354990404A;SP;Jardim Juçara;-23,187;-45,869;2019-02-24 08:50:00.0;0,0
SÃO JOSÉ DOS CAMPOS;354990404A;SP;Jardim Juçara;-23,187;-45,869;2019-02-24 09:50:00.0;0,0
SÃO JOSÉ DOS CAMPOS;354990404A;SP;Jardim Juçara;-23,187;-45,869;2019-02-24 10:50:00.0;0,0
SÃO JOSÉ DOS CAMPOS;354990404A;SP;Jardim Juçara;-23,187;-45,869;2019-02-24 11:50:00.0;0,0
SÃO JOSÉ DOS CAMPOS;354990404A;SP;Jardim Juçara;-23,187;-45,869;2019-02-24 12:50:00.0;0,0
SÃO JOSÉ DOS CAMPOS;354990404A;SP;Jardim Juçara;-23,187;-45,869;2019-02-24 13:50:00.0;0,0
SÃO JOSÉ DOS CAMPOS;354990404A;SP;Jardim Juçara;-23,187;-45,869;2019-02-24 14:50:00.0;0,0
SÃO JOSÉ DOS CAMPOS;354990404A;SP;Jardim Juçara;-23,187;-45,869;2019-02-24 15:50:00.0;0,0
SÃO JOSÉ DOS CAMPOS;354990404A;SP;Jardim Juçara;-23,187;-45,869;2019-02-24 16:50:00.0;0,0
SÃO JOSÉ DOS CAMPOS;354990404A;SP;Jardim Juçara;-23,187;-45,869;2019-02-24 17:50:00.0;0,0
SÃO JOSÉ DOS CAMPOS;354990404A;SP;Jardim Juçara;-23,187;-45,869;2019-02-24 18:50:00.0;0,0
SÃO JOSÉ DOS CAMPOS;354990404A;SP;Jardim Juçara;-23,187;-45,869;2019-02-24 19:50:00.0;0,0
SÃO JOSÉ DOS CAMPOS;354990404A;SP;Jardim Juçara;-23,187;-45,869;2019-02-24 20:50:00.0;0,0
SÃO JOSÉ DOS CAMPOS;354990404A;SP;Jardim Juçara;-23,187;-45,869;2019-02-24 21:50:00.0;0,0
SÃO JOSÉ DOS CAMPOS;354990404A;SP;Jardim Juçara;-23,187;-45,869;2019-02-24 22:50:00.0;0,0
SÃO JOSÉ DOS CAMPOS;354990404A;SP;Jardim Juçara;-23,187;-45,869;2019-02-24 23:50:00.0;0,0
SÃO JOSÉ DOS CAMPOS;354990404A;SP;Jardim Juçara;-23,187;-45,869;2019-02-25 00:50:00.0;0,0
SÃO JOSÉ DOS CAMPOS;354990404A;SP;Jardim Juçara;-23,187;-45,869;2019-02-25 01:50:00.0;0,0
SÃO JOSÉ DOS CAMPOS;354990404A;SP;Jardim Juçara;-23,187;-45,869;2019-02-25 02:50:00.0;0,0
SÃO JOSÉ DOS CAMPOS;354990404A;SP;Jardim Juçara;-23,187;-45,869;2019-02-25 03:50:00.0;0,0
SÃO JOSÉ DOS CAMPOS;354990404A;SP;Jardim Juçara;-23,187;-45,869;2019-02-25 04:50:00.0;0,0
SÃO JOSÉ DOS CAMPOS;354990404A;SP;Jardim Juçara;-23,187;-45,869;2019-02-25 05:50:00.0;0,0
SÃO JOSÉ DOS CAMPOS;354990404A;SP;Jardim Juçara;-23,187;-45,869;2019-02-25 06:50:00.0;0,0
SÃO JOSÉ DOS CAMPOS;354990404A;SP;Jardim Juçara;-23,187;-45,869;2019-02-25 07:50:00.0;0,0
SÃO JOSÉ DOS CAMPOS;354990404A;SP;Jardim Juçara;-23,187;-45,869;2019-02-25 08:50:00.0;0,0
SÃO JOSÉ DOS CAMPOS;354990404A;SP;Jardim Juçara;-23,187;-45,869;2019-02-25 09:50:00.0;0,0
SÃO JOSÉ DOS CAMPOS;354990404A;SP;Jardim Juçara;-23,187;-45,869;2019-02-25 10:50:00.0;0,0
SÃO JOSÉ DOS CAMPOS;354990404A;SP;Jardim Juçara;-23,187;-45,869;2019-02-25 11:50:00.0;0,0
SÃO JOSÉ DOS CAMPOS;354990404A;SP;Jardim Juçara;-23,187;-45,869;2019-02-25 12:50:00.0;0,0
SÃO JOSÉ DOS CAMPOS;354990404A;SP;Jardim Juçara;-23,187;-45,869;2019-02-25 13:50:00.0;0,0
SÃO JOSÉ DOS CAMPOS;354990404A;SP;Jardim Juçara;-23,187;-45,869;2019-02-25 14:50:00.0;0,0
SÃO JOSÉ DOS CAMPOS;354990404A;SP;Jardim Juçara;-23,187;-45,869;2019-02-25 15:50:00.0;0,0
SÃO JOSÉ DOS CAMPOS;354990404A;SP;Jardim Juçara;-23,187;-45,869;2019-02-25 16:50:00.0;0,0
SÃO JOSÉ DOS CAMPOS;354990404A;SP;Jardim Juçara;-23,187;-45,869;2019-02-25 17:50:00.0;0,0
SÃO JOSÉ DOS CAMPOS;354990404A;SP;Jardim Juçara;-23,187;-45,869;2019-02-25 18:50:00.0;0,0
SÃO JOSÉ DOS CAMPOS;354990404A;SP;Jardim Juçara;-23,187;-45,869;2019-02-25 19:50:00.0;0,0
SÃO JOSÉ DOS CAMPOS;354990404A;SP;Jardim Juçara;-23,187;-45,869;2019-02-25 20:50:00.0;0,0
SÃO JOSÉ DOS CAMPOS;354990404A;SP;Jardim Juçara;-23,187;-45,869;2019-02-25 21:50:00.0;0,0
SÃO JOSÉ DOS CAMPOS;354990404A;SP;Jardim Juçara;-23,187;-45,869;2019-02-25 22:50:00.0;0,0
SÃO JOSÉ DOS CAMPOS;354990404A;SP;Jardim Juçara;-23,187;-45,869;2019-02-25 23:50:00.0;0,0
SÃO JOSÉ DOS CAMPOS;354990404A;SP;Jardim Juçara;-23,187;-45,869;2019-02-26 00:50:00.0;0,0
SÃO JOSÉ DOS CAMPOS;354990404A;SP;Jardim Juçara;-23,187;-45,869;2019-02-26 01:50:00.0;0,0
SÃO JOSÉ DOS CAMPOS;354990404A;SP;Jardim Juçara;-23,187;-45,869;2019-02-26 02:50:00.0;0,0
SÃO JOSÉ DOS CAMPOS;354990404A;SP;Jardim Juçara;-23,187;-45,869;2019-02-26 03:50:00.0;0,0
SÃO JOSÉ DOS CAMPOS;354990404A;SP;Jardim Juçara;-23,187;-45,869;2019-02-26 04:50:00.0;0,0
SÃO JOSÉ DOS CAMPOS;354990404A;SP;Jardim Juçara;-23,187;-45,869;2019-02-26 05:50:00.0;0,0
SÃO JOSÉ DOS CAMPOS;354990404A;SP;Jardim Juçara;-23,187;-45,869;2019-02-26 06:50:00.0;0,0
SÃO JOSÉ DOS CAMPOS;354990404A;SP;Jardim Juçara;-23,187;-45,869;2019-02-26 07:50:00.0;0,0
SÃO JOSÉ DOS CAMPOS;354990404A;SP;Jardim Juçara;-23,187;-45,869;2019-02-26 08:50:00.0;0,0
SÃO JOSÉ DOS CAMPOS;354990404A;SP;Jardim Juçara;-23,187;-45,869;2019-02-26 09:50:00.0;0,0
SÃO JOSÉ DOS CAMPOS;354990404A;SP;Jardim Juçara;-23,187;-45,869;2019-02-26 10:50:00.0;0,0
SÃO JOSÉ DOS CAMPOS;354990404A;SP;Jardim Juçara;-23,187;-45,869;2019-02-26 11:50:00.0;0,0
SÃO JOSÉ DOS CAMPOS;354990404A;SP;Jardim Juçara;-23,187;-45,869;2019-02-26 12:50:00.0;0,0
SÃO JOSÉ DOS CAMPOS;354990404A;SP;Jardim Juçara;-23,187;-45,869;2019-02-26 13:50:00.0;0,0
SÃO JOSÉ DOS CAMPOS;354990404A;SP;Jardim Juçara;-23,187;-45,869;2019-02-26 14:50:00.0;0,0
SÃO JOSÉ DOS CAMPOS;354990404A;SP;Jardim Juçara;-23,187;-45,869;2019-02-26 15:50:00.0;0,0
SÃO JOSÉ DOS CAMPOS;354990404A;SP;Jardim Juçara;-23,187;-45,869;2019-02-26 16:50:00.0;0,0
SÃO JOSÉ DOS CAMPOS;354990404A;SP;Jardim Juçara;-23,187;-45,869;2019-02-26 17:50:00.0;0,0
SÃO JOSÉ DOS CAMPOS;354990404A;SP;Jardim Juçara;-23,187;-45,869;2019-02-26 18:50:00.0;0,0
SÃO JOSÉ DOS CAMPOS;354990404A;SP;Jardim Juçara;-23,187;-45,869;2019-02-26 19:50:00.0;0,0
SÃO JOSÉ DOS CAMPOS;354990404A;SP;Jardim Juçara;-23,187;-45,869;2019-02-26 20:50:00.0;0,0
SÃO JOSÉ DOS CAMPOS;354990404A;SP;Jardim Juçara;-23,187;-45,869;2019-02-26 21:50:00.0;0,0
SÃO JOSÉ DOS CAMPOS;354990404A;SP;Jardim Juçara;-23,187;-45,869;2019-02-26 22:50:00.0;0,0
SÃO JOSÉ DOS CAMPOS;354990404A;SP;Jardim Juçara;-23,187;-45,869;2019-02-26 23:50:00.0;0,0
SÃO JOSÉ DOS CAMPOS;354990404A;SP;Jardim Juçara;-23,187;-45,869;2019-02-27 00:50:00.0;0,0
SÃO JOSÉ DOS CAMPOS;354990404A;SP;Jardim Juçara;-23,187;-45,869;2019-02-27 01:50:00.0;0,0
SÃO JOSÉ DOS CAMPOS;354990404A;SP;Jardim Juçara;-23,187;-45,869;2019-02-27 02:50:00.0;0,0
SÃO JOSÉ DOS CAMPOS;354990404A;SP;Jardim Juçara;-23,187;-45,869;2019-02-27 03:50:00.0;0,0
SÃO JOSÉ DOS CAMPOS;354990404A;SP;Jardim Juçara;-23,187;-45,869;2019-02-27 04:50:00.0;0,0
SÃO JOSÉ DOS CAMPOS;354990404A;SP;Jardim Juçara;-23,187;-45,869;2019-02-27 05:50:00.0;0,0
SÃO JOSÉ DOS CAMPOS;354990404A;SP;Jardim Juçara;-23,187;-45,869;2019-02-27 06:50:00.0;0,0
SÃO JOSÉ DOS CAMPOS;354990404A;SP;Jardim Juçara;-23,187;-45,869;2019-02-27 07:50:00.0;0,0
SÃO JOSÉ DOS CAMPOS;354990404A;SP;Jardim Juçara;-23,187;-45,869;2019-02-27 08:50:00.0;0,0
SÃO JOSÉ DOS CAMPOS;354990404A;SP;Jardim Juçara;-23,187;-45,869;2019-02-27 09:50:00.0;0,0
SÃO JOSÉ DOS CAMPOS;354990404A;SP;Jardim Juçara;-23,187;-45,869;2019-02-27 10:50:00.0;0,0
SÃO JOSÉ DOS CAMPOS;354990404A;SP;Jardim Juçara;-23,187;-45,869;2019-02-27 11:50:00.0;0,0
SÃO JOSÉ DOS CAMPOS;354990404A;SP;Jardim Juçara;-23,187;-45,869;2019-02-27 12:50:00.0;0,0
SÃO JOSÉ DOS CAMPOS;354990404A;SP;Jardim Juçara;-23,187;-45,869;2019-02-27 13:50:00.0;0,0
SÃO JOSÉ DOS CAMPOS;354990404A;SP;Jardim Juçara;-23,187;-45,869;2019-02-27 14:50:00.0;0,0
SÃO JOSÉ DOS CAMPOS;354990404A;SP;Jardim Juçara;-23,187;-45,869;2019-02-27 15:50:00.0;0,0
SÃO JOSÉ DOS CAMPOS;354990404A;SP;Jardim Juçara;-23,187;-45,869;2019-02-27 16:50:00.0;0,0
SÃO JOSÉ DOS CAMPOS;354990404A;SP;Jardim Juçara;-23,187;-45,869;2019-02-27 17:50:00.0;0,0
SÃO JOSÉ DOS CAMPOS;354990404A;SP;Jardim Juçara;-23,187;-45,869;2019-02-27 18:50:00.0;0,0
SÃO JOSÉ DOS CAMPOS;354990404A;SP;Jardim Juçara;-23,187;-45,869;2019-02-27 19:50:00.0;0,0
SÃO JOSÉ DOS CAMPOS;354990404A;SP;Jardim Juçara;-23,187;-45,869;2019-02-27 20:50:00.0;0,0
SÃO JOSÉ DOS CAMPOS;354990404A;SP;Jardim Juçara;-23,187;-45,869;2019-02-27 21:50:00.0;0,0
SÃO JOSÉ DOS CAMPOS;354990404A;SP;Jardim Juçara;-23,187;-45,869;2019-02-27 22:50:00.0;0,0
SÃO JOSÉ DOS CAMPOS;354990404A;SP;Jardim Juçara;-23,187;-45,869;2019-02-27 23:50:00.0;0,0
SÃO JOSÉ DOS CAMPOS;354990404A;SP;Jardim Juçara;-23,187;-45,869;2019-02-28 00:50:00.0;0,0
SÃO JOSÉ DOS CAMPOS;354990404A;SP;Jardim Juçara;-23,187;-45,869;2019-02-28 01:50:00.0;0,0
SÃO JOSÉ DOS CAMPOS;354990404A;SP;Jardim Juçara;-23,187;-45,869;2019-02-28 02:50:00.0;0,0
SÃO JOSÉ DOS CAMPOS;354990404A;SP;Jardim Juçara;-23,187;-45,869;2019-02-28 03:50:00.0;0,0
SÃO JOSÉ DOS CAMPOS;354990404A;SP;Jardim Juçara;-23,187;-45,869;2019-02-28 04:50:00.0;0,0
SÃO JOSÉ DOS CAMPOS;354990404A;SP;Jardim Juçara;-23,187;-45,869;2019-02-28 05:50:00.0;0,0
SÃO JOSÉ DOS CAMPOS;354990404A;SP;Jardim Juçara;-23,187;-45,869;2019-02-28 06:50:00.0;0,0
SÃO JOSÉ DOS CAMPOS;354990404A;SP;Jardim Juçara;-23,187;-45,869;2019-02-28 07:50:00.0;0,0
SÃO JOSÉ DOS CAMPOS;354990404A;SP;Jardim Juçara;-23,187;-45,869;2019-02-28 08:50:00.0;0,0
SÃO JOSÉ DOS CAMPOS;354990404A;SP;Jardim Juçara;-23,187;-45,869;2019-02-28 09:50:00.0;0,0
SÃO JOSÉ DOS CAMPOS;354990404A;SP;Jardim Juçara;-23,187;-45,869;2019-02-28 10:50:00.0;0,0
SÃO JOSÉ DOS CAMPOS;354990404A;SP;Jardim Juçara;-23,187;-45,869;2019-02-28 11:50:00.0;0,0
SÃO JOSÉ DOS CAMPOS;354990404A;SP;Jardim Juçara;-23,187;-45,869;2019-02-28 12:50:00.0;0,0
SÃO JOSÉ DOS CAMPOS;354990404A;SP;Jardim Juçara;-23,187;-45,869;2019-02-28 13:50:00.0;0,0
SÃO JOSÉ DOS CAMPOS;354990404A;SP;Jardim Juçara;-23,187;-45,869;2019-02-28 14:50:00.0;0,0
SÃO JOSÉ DOS CAMPOS;354990404A;SP;Jardim Juçara;-23,187;-45,869;2019-02-28 15:50:00.0;0,0
SÃO JOSÉ DOS CAMPOS;354990404A;SP;Jardim Juçara;-23,187;-45,869;2019-02-28 16:50:00.0;0,0
SÃO JOSÉ DOS CAMPOS;354990404A;SP;Jardim Juçara;-23,187;-45,869;2019-02-28 17:50:00.0;0,0
SÃO JOSÉ DOS CAMPOS;354990404A;SP;Jardim Juçara;-23,187;-45,869;2019-02-28 18:50:00.0;0,0
SÃO JOSÉ DOS CAMPOS;354990404A;SP;Jardim Juçara;-23,187;-45,869;2019-02-28 19:50:00.0;0,0
SÃO JOSÉ DOS CAMPOS;354990404A;SP;Jardim Juçara;-23,187;-45,869;2019-02-28 20:50:00.0;0,0
SÃO JOSÉ DOS CAMPOS;354990404A;SP;Jardim Juçara;-23,187;-45,869;2019-02-28 21:50:00.0;0,0
SÃO JOSÉ DOS CAMPOS;354990404A;SP;Jardim Juçara;-23,187;-45,869;2019-02-28 22:50:00.0;0,0
SÃO JOSÉ DOS CAMPOS;354990404A;SP;Jardim Juçara;-23,187;-45,869;2019-02-28 23:50:00.0;0,0
SÃO JOSÉ DOS CAMPOS;354990406A;SP;Altos Vila Paiva;-23,143;-45,92;2019-02-01 00:10:00.0;0,0
SÃO JOSÉ DOS CAMPOS;354990406A;SP;Altos Vila Paiva;-23,143;-45,92;2019-02-01 01:10:00.0;0,0
SÃO JOSÉ DOS CAMPOS;354990406A;SP;Altos Vila Paiva;-23,143;-45,92;2019-02-01 02:10:00.0;0,0
SÃO JOSÉ DOS CAMPOS;354990406A;SP;Altos Vila Paiva;-23,143;-45,92;2019-02-01 03:10:00.0;0,0
SÃO JOSÉ DOS CAMPOS;354990406A;SP;Altos Vila Paiva;-23,143;-45,92;2019-02-01 04:10:00.0;0,0
SÃO JOSÉ DOS CAMPOS;354990406A;SP;Altos Vila Paiva;-23,143;-45,92;2019-02-01 05:10:00.0;0,0
SÃO JOSÉ DOS CAMPOS;354990406A;SP;Altos Vila Paiva;-23,143;-45,92;2019-02-01 06:10:00.0;0,0
SÃO JOSÉ DOS CAMPOS;354990406A;SP;Altos Vila Paiva;-23,143;-45,92;2019-02-01 07:10:00.0;0,0
SÃO JOSÉ DOS CAMPOS;354990406A;SP;Altos Vila Paiva;-23,143;-45,92;2019-02-01 08:10:00.0;0,0
SÃO JOSÉ DOS CAMPOS;354990406A;SP;Altos Vila Paiva;-23,143;-45,92;2019-02-01 09:10:00.0;0,0
SÃO JOSÉ DOS CAMPOS;354990406A;SP;Altos Vila Paiva;-23,143;-45,92;2019-02-01 10:10:00.0;0,0
SÃO JOSÉ DOS CAMPOS;354990406A;SP;Altos Vila Paiva;-23,143;-45,92;2019-02-01 11:10:00.0;0,0
SÃO JOSÉ DOS CAMPOS;354990406A;SP;Altos Vila Paiva;-23,143;-45,92;2019-02-01 12:10:00.0;0,0
SÃO JOSÉ DOS CAMPOS;354990406A;SP;Altos Vila Paiva;-23,143;-45,92;2019-02-01 13:10:00.0;0,0
SÃO JOSÉ DOS CAMPOS;354990406A;SP;Altos Vila Paiva;-23,143;-45,92;2019-02-01 14:10:00.0;0,0
SÃO JOSÉ DOS CAMPOS;354990406A;SP;Altos Vila Paiva;-23,143;-45,92;2019-02-01 15:10:00.0;0,0
SÃO JOSÉ DOS CAMPOS;354990406A;SP;Altos Vila Paiva;-23,143;-45,92;2019-02-01 16:10:00.0;0,0
SÃO JOSÉ DOS CAMPOS;354990406A;SP;Altos Vila Paiva;-23,143;-45,92;2019-02-01 17:10:00.0;0,0
SÃO JOSÉ DOS CAMPOS;354990406A;SP;Altos Vila Paiva;-23,143;-45,92;2019-02-01 18:10:00.0;0,0
SÃO JOSÉ DOS CAMPOS;354990406A;SP;Altos Vila Paiva;-23,143;-45,92;2019-02-01 19:10:00.0;0,0
SÃO JOSÉ DOS CAMPOS;354990406A;SP;Altos Vila Paiva;-23,143;-45,92;2019-02-01 20:10:00.0;0,0
SÃO JOSÉ DOS CAMPOS;354990406A;SP;Altos Vila Paiva;-23,143;-45,92;2019-02-01 21:10:00.0;0,0
SÃO JOSÉ DOS CAMPOS;354990406A;SP;Altos Vila Paiva;-23,143;-45,92;2019-02-01 22:10:00.0;0,0
SÃO JOSÉ DOS CAMPOS;354990406A;SP;Altos Vila Paiva;-23,143;-45,92;2019-02-01 23:10:00.0;0,0
SÃO JOSÉ DOS CAMPOS;354990406A;SP;Altos Vila Paiva;-23,143;-45,92;2019-02-02 00:10:00.0;0,0
SÃO JOSÉ DOS CAMPOS;354990406A;SP;Altos Vila Paiva;-23,143;-45,92;2019-02-02 01:10:00.0;0,0
SÃO JOSÉ DOS CAMPOS;354990406A;SP;Altos Vila Paiva;-23,143;-45,92;2019-02-02 02:10:00.0;0,0
SÃO JOSÉ DOS CAMPOS;354990406A;SP;Altos Vila Paiva;-23,143;-45,92;2019-02-02 03:10:00.0;0,0
SÃO JOSÉ DOS CAMPOS;354990406A;SP;Altos Vila Paiva;-23,143;-45,92;2019-02-02 04:10:00.0;0,0
SÃO JOSÉ DOS CAMPOS;354990406A;SP;Altos Vila Paiva;-23,143;-45,92;2019-02-02 05:10:00.0;0,0
SÃO JOSÉ DOS CAMPOS;354990406A;SP;Altos Vila Paiva;-23,143;-45,92;2019-02-02 06:10:00.0;0,0
SÃO JOSÉ DOS CAMPOS;354990406A;SP;Altos Vila Paiva;-23,143;-45,92;2019-02-02 07:10:00.0;0,0
SÃO JOSÉ DOS CAMPOS;354990406A;SP;Altos Vila Paiva;-23,143;-45,92;2019-02-02 08:10:00.0;0,0
SÃO JOSÉ DOS CAMPOS;354990406A;SP;Altos Vila Paiva;-23,143;-45,92;2019-02-02 09:10:00.0;0,0
SÃO JOSÉ DOS CAMPOS;354990406A;SP;Altos Vila Paiva;-23,143;-45,92;2019-02-02 10:10:00.0;0,0
SÃO JOSÉ DOS CAMPOS;354990406A;SP;Altos Vila Paiva;-23,143;-45,92;2019-02-02 11:10:00.0;0,0
SÃO JOSÉ DOS CAMPOS;354990406A;SP;Altos Vila Paiva;-23,143;-45,92;2019-02-02 12:10:00.0;0,0
SÃO JOSÉ DOS CAMPOS;354990406A;SP;Altos Vila Paiva;-23,143;-45,92;2019-02-02 13:10:00.0;0,0
SÃO JOSÉ DOS CAMPOS;354990406A;SP;Altos Vila Paiva;-23,143;-45,92;2019-02-02 14:10:00.0;0,0
SÃO JOSÉ DOS CAMPOS;354990406A;SP;Altos Vila Paiva;-23,143;-45,92;2019-02-02 15:10:00.0;0,0
SÃO JOSÉ DOS CAMPOS;354990406A;SP;Altos Vila Paiva;-23,143;-45,92;2019-02-02 16:10:00.0;0,0
SÃO JOSÉ DOS CAMPOS;354990406A;SP;Altos Vila Paiva;-23,143;-45,92;2019-02-02 17:10:00.0;0,0
SÃO JOSÉ DOS CAMPOS;354990406A;SP;Altos Vila Paiva;-23,143;-45,92;2019-02-02 18:10:00.0;0,0
SÃO JOSÉ DOS CAMPOS;354990406A;SP;Altos Vila Paiva;-23,143;-45,92;2019-02-02 19:10:00.0;0,0
SÃO JOSÉ DOS CAMPOS;354990406A;SP;Altos Vila Paiva;-23,143;-45,92;2019-02-02 20:10:00.0;0,0
SÃO JOSÉ DOS CAMPOS;354990406A;SP;Altos Vila Paiva;-23,143;-45,92;2019-02-02 21:10:00.0;0,0
SÃO JOSÉ DOS CAMPOS;354990406A;SP;Altos Vila Paiva;-23,143;-45,92;2019-02-02 22:10:00.0;0,0
SÃO JOSÉ DOS CAMPOS;354990406A;SP;Altos Vila Paiva;-23,143;-45,92;2019-02-02 23:10:00.0;0,0
SÃO JOSÉ DOS CAMPOS;354990406A;SP;Altos Vila Paiva;-23,143;-45,92;2019-02-03 00:10:00.0;0,0
SÃO JOSÉ DOS CAMPOS;354990406A;SP;Altos Vila Paiva;-23,143;-45,92;2019-02-03 01:10:00.0;0,0
SÃO JOSÉ DOS CAMPOS;354990406A;SP;Altos Vila Paiva;-23,143;-45,92;2019-02-03 02:10:00.0;0,0
SÃO JOSÉ DOS CAMPOS;354990406A;SP;Altos Vila Paiva;-23,143;-45,92;2019-02-03 03:10:00.0;0,0
SÃO JOSÉ DOS CAMPOS;354990406A;SP;Altos Vila Paiva;-23,143;-45,92;2019-02-03 04:10:00.0;0,0
SÃO JOSÉ DOS CAMPOS;354990406A;SP;Altos Vila Paiva;-23,143;-45,92;2019-02-03 05:10:00.0;0,0
SÃO JOSÉ DOS CAMPOS;354990406A;SP;Altos Vila Paiva;-23,143;-45,92;2019-02-03 06:10:00.0;0,0
SÃO JOSÉ DOS CAMPOS;354990406A;SP;Altos Vila Paiva;-23,143;-45,92;2019-02-03 07:10:00.0;0,0
SÃO JOSÉ DOS CAMPOS;354990406A;SP;Altos Vila Paiva;-23,143;-45,92;2019-02-03 08:10:00.0;0,0
SÃO JOSÉ DOS CAMPOS;354990406A;SP;Altos Vila Paiva;-23,143;-45,92;2019-02-03 09:10:00.0;0,0
SÃO JOSÉ DOS CAMPOS;354990406A;SP;Altos Vila Paiva;-23,143;-45,92;2019-02-03 10:10:00.0;0,0
SÃO JOSÉ DOS CAMPOS;354990406A;SP;Altos Vila Paiva;-23,143;-45,92;2019-02-03 11:10:00.0;0,0
SÃO JOSÉ DOS CAMPOS;354990406A;SP;Altos Vila Paiva;-23,143;-45,92;2019-02-03 12:10:00.0;0,0
SÃO JOSÉ DOS CAMPOS;354990406A;SP;Altos Vila Paiva;-23,143;-45,92;2019-02-03 13:10:00.0;0,0
SÃO JOSÉ DOS CAMPOS;354990406A;SP;Altos Vila Paiva;-23,143;-45,92;2019-02-03 14:10:00.0;0,0
SÃO JOSÉ DOS CAMPOS;354990406A;SP;Altos Vila Paiva;-23,143;-45,92;2019-02-03 15:10:00.0;0,0
SÃO JOSÉ DOS CAMPOS;354990406A;SP;Altos Vila Paiva;-23,143;-45,92;2019-02-03 16:10:00.0;0,0
SÃO JOSÉ DOS CAMPOS;354990406A;SP;Altos Vila Paiva;-23,143;-45,92;2019-02-03 17:10:00.0;0,0
SÃO JOSÉ DOS CAMPOS;354990406A;SP;Altos Vila Paiva;-23,143;-45,92;2019-02-03 18:10:00.0;0,0
SÃO JOSÉ DOS CAMPOS;354990406A;SP;Altos Vila Paiva;-23,143;-45,92;2019-02-03 19:10:00.0;0,0
SÃO JOSÉ DOS CAMPOS;354990406A;SP;Altos Vila Paiva;-23,143;-45,92;2019-02-03 20:10:00.0;0,0
SÃO JOSÉ DOS CAMPOS;354990406A;SP;Altos Vila Paiva;-23,143;-45,92;2019-02-03 21:10:00.0;0,0
SÃO JOSÉ DOS CAMPOS;354990406A;SP;Altos Vila Paiva;-23,143;-45,92;2019-02-03 22:10:00.0;0,0
SÃO JOSÉ DOS CAMPOS;354990406A;SP;Altos Vila Paiva;-23,143;-45,92;2019-02-03 23:10:00.0;0,0
SÃO JOSÉ DOS CAMPOS;354990406A;SP;Altos Vila Paiva;-23,143;-45,92;2019-02-04 00:10:00.0;0,0
SÃO JOSÉ DOS CAMPOS;354990406A;SP;Altos Vila Paiva;-23,143;-45,92;2019-02-04 01:10:00.0;0,0
SÃO JOSÉ DOS CAMPOS;354990406A;SP;Altos Vila Paiva;-23,143;-45,92;2019-02-04 02:10:00.0;0,0
SÃO JOSÉ DOS CAMPOS;354990406A;SP;Altos Vila Paiva;-23,143;-45,92;2019-02-04 03:10:00.0;0,0
SÃO JOSÉ DOS CAMPOS;354990406A;SP;Altos Vila Paiva;-23,143;-45,92;2019-02-04 04:10:00.0;0,0
SÃO JOSÉ DOS CAMPOS;354990406A;SP;Altos Vila Paiva;-23,143;-45,92;2019-02-04 05:10:00.0;0,0
SÃO JOSÉ DOS CAMPOS;354990406A;SP;Altos Vila Paiva;-23,143;-45,92;2019-02-04 06:10:00.0;0,0
SÃO JOSÉ DOS CAMPOS;354990406A;SP;Altos Vila Paiva;-23,143;-45,92;2019-02-04 06:40:00.0;3,17
SÃO JOSÉ DOS CAMPOS;354990406A;SP;Altos Vila Paiva;-23,143;-45,92;2019-02-04 06:50:00.0;5,71
SÃO JOSÉ DOS CAMPOS;354990406A;SP;Altos Vila Paiva;-23,143;-45,92;2019-02-04 07:00:00.0;4,13
SÃO JOSÉ DOS CAMPOS;354990406A;SP;Altos Vila Paiva;-23,143;-45,92;2019-02-04 07:10:00.0;2,16
SÃO JOSÉ DOS CAMPOS;354990406A;SP;Altos Vila Paiva;-23,143;-45,92;2019-02-04 07:20:00.0;0,59
SÃO JOSÉ DOS CAMPOS;354990406A;SP;Altos Vila Paiva;-23,143;-45,92;2019-02-04 07:30:00.0;0,39
SÃO JOSÉ DOS CAMPOS;354990406A;SP;Altos Vila Paiva;-23,143;-45,92;2019-02-04 07:40:00.0;0,98
SÃO JOSÉ DOS CAMPOS;354990406A;SP;Altos Vila Paiva;-23,143;-45,92;2019-02-04 07:50:00.0;0,59
SÃO JOSÉ DOS CAMPOS;354990406A;SP;Altos Vila Paiva;-23,143;-45,92;2019-02-04 08:00:00.0;0,79
SÃO JOSÉ DOS CAMPOS;354990406A;SP;Altos Vila Paiva;-23,143;-45,92;2019-02-04 08:10:00.0;0,2
SÃO JOSÉ DOS CAMPOS;354990406A;SP;Altos Vila Paiva;-23,143;-45,92;2019-02-04 08:40:00.0;0,2
SÃO JOSÉ DOS CAMPOS;354990406A;SP;Altos Vila Paiva;-23,143;-45,92;2019-02-04 08:50:00.0;0,39
SÃO JOSÉ DOS CAMPOS;354990406A;SP;Altos Vila Paiva;-23,143;-45,92;2019-02-04 09:00:00.0;0,2
SÃO JOSÉ DOS CAMPOS;354990406A;SP;Altos Vila Paiva;-23,143;-45,92;2019-02-04 10:10:00.0;0,0
SÃO JOSÉ DOS CAMPOS;354990406A;SP;Altos Vila Paiva;-23,143;-45,92;2019-02-04 10:20:00.0;0,2
SÃO JOSÉ DOS CAMPOS;354990406A;SP;Altos Vila Paiva;-23,143;-45,92;2019-02-04 10:30:00.0;0,2
SÃO JOSÉ DOS CAMPOS;354990406A;SP;Altos Vila Paiva;-23,143;-45,92;2019-02-04 10:40:00.0;0,39
SÃO JOSÉ DOS CAMPOS;354990406A;SP;Altos Vila Paiva;-23,143;-45,92;2019-02-04 10:50:00.0;0,39
SÃO JOSÉ DOS CAMPOS;354990406A;SP;Altos Vila Paiva;-23,143;-45,92;2019-02-04 11:10:00.0;0,2
SÃO JOSÉ DOS CAMPOS;354990406A;SP;Altos Vila Paiva;-23,143;-45,92;2019-02-04 11:20:00.0;0,2
SÃO JOSÉ DOS CAMPOS;354990406A;SP;Altos Vila Paiva;-23,143;-45,92;2019-02-04 11:30:00.0;0,2
SÃO JOSÉ DOS CAMPOS;354990406A;SP;Altos Vila Paiva;-23,143;-45,92;2019-02-04 11:40:00.0;0,2
SÃO JOSÉ DOS CAMPOS;354990406A;SP;Altos Vila Paiva;-23,143;-45,92;2019-02-04 11:50:00.0;0,79
SÃO JOSÉ DOS CAMPOS;354990406A;SP;Altos Vila Paiva;-23,143;-45,92;2019-02-04 12:00:00.0;0,39
SÃO JOSÉ DOS CAMPOS;354990406A;SP;Altos Vila Paiva;-23,143;-45,92;2019-02-04 12:10:00.0;0,39
SÃO JOSÉ DOS CAMPOS;354990406A;SP;Altos Vila Paiva;-23,143;-45,92;2019-02-04 12:20:00.0;0,2
SÃO JOSÉ DOS CAMPOS;354990406A;SP;Altos Vila Paiva;-23,143;-45,92;2019-02-04 12:30:00.0;0,2
SÃO JOSÉ DOS CAMPOS;354990406A;SP;Altos Vila Paiva;-23,143;-45,92;2019-02-04 12:40:00.0;0,2
SÃO JOSÉ DOS CAMPOS;354990406A;SP;Altos Vila Paiva;-23,143;-45,92;2019-02-04 12:50:00.0;0,79
SÃO JOSÉ DOS CAMPOS;354990406A;SP;Altos Vila Paiva;-23,143;-45,92;2019-02-04 13:00:00.0;0,98
SÃO JOSÉ DOS CAMPOS;354990406A;SP;Altos Vila Paiva;-23,143;-45,92;2019-02-04 13:10:00.0;0,98
SÃO JOSÉ DOS CAMPOS;354990406A;SP;Altos Vila Paiva;-23,143;-45,92;2019-02-04 13:20:00.0;0,39
SÃO JOSÉ DOS CAMPOS;354990406A;SP;Altos Vila Paiva;-23,143;-45,92;2019-02-04 13:30:00.0;0,2
SÃO JOSÉ DOS CAMPOS;354990406A;SP;Altos Vila Paiva;-23,143;-45,92;2019-02-04 14:10:00.0;0,39
SÃO JOSÉ DOS CAMPOS;354990406A;SP;Altos Vila Paiva;-23,143;-45,92;2019-02-04 14:20:00.0;1,37
SÃO JOSÉ DOS CAMPOS;354990406A;SP;Altos Vila Paiva;-23,143;-45,92;2019-02-04 14:30:00.0;1,37
SÃO JOSÉ DOS CAMPOS;354990406A;SP;Altos Vila Paiva;-23,143;-45,92;2019-02-04 14:40:00.0;0,59
SÃO JOSÉ DOS CAMPOS;354990406A;SP;Altos Vila Paiva;-23,143;-45,92;2019-02-04 14:50:00.0;0,59
SÃO JOSÉ DOS CAMPOS;354990406A;SP;Altos Vila Paiva;-23,143;-45,92;2019-02-04 15:00:00.0;0,39
SÃO JOSÉ DOS CAMPOS;354990406A;SP;Altos Vila Paiva;-23,143;-45,92;2019-02-04 15:10:00.0;0,2
SÃO JOSÉ DOS CAMPOS;354990406A;SP;Altos Vila Paiva;-23,143;-45,92;2019-02-04 15:20:00.0;0,2
SÃO JOSÉ DOS CAMPOS;354990406A;SP;Altos Vila Paiva;-23,143;-45,92;2019-02-04 15:30:00.0;0,2
SÃO JOSÉ DOS CAMPOS;354990406A;SP;Altos Vila Paiva;-23,143;-45,92;2019-02-04 15:40:00.0;0,2
SÃO JOSÉ DOS CAMPOS;354990406A;SP;Altos Vila Paiva;-23,143;-45,92;2019-02-04 16:10:00.0;0,0
SÃO JOSÉ DOS CAMPOS;354990406A;SP;Altos Vila Paiva;-23,143;-45,92;2019-02-04 17:10:00.0;0,0
SÃO JOSÉ DOS CAMPOS;354990406A;SP;Altos Vila Paiva;-23,143;-45,92;2019-02-04 18:10:00.0;0,0
SÃO JOSÉ DOS CAMPOS;354990406A;SP;Altos Vila Paiva;-23,143;-45,92;2019-02-04 19:10:00.0;0,0
SÃO JOSÉ DOS CAMPOS;354990406A;SP;Altos Vila Paiva;-23,143;-45,92;2019-02-04 20:10:00.0;0,0
SÃO JOSÉ DOS CAMPOS;354990406A;SP;Altos Vila Paiva;-23,143;-45,92;2019-02-04 21:10:00.0;0,0
SÃO JOSÉ DOS CAMPOS;354990406A;SP;Altos Vila Paiva;-23,143;-45,92;2019-02-04 22:10:00.0;0,0
SÃO JOSÉ DOS CAMPOS;354990406A;SP;Altos Vila Paiva;-23,143;-45,92;2019-02-04 23:10:00.0;0,0
SÃO JOSÉ DOS CAMPOS;354990406A;SP;Altos Vila Paiva;-23,143;-45,92;2019-02-05 00:10:00.0;0,0
SÃO JOSÉ DOS CAMPOS;354990406A;SP;Altos Vila Paiva;-23,143;-45,92;2019-02-05 01:10:00.0;0,0
SÃO JOSÉ DOS CAMPOS;354990406A;SP;Altos Vila Paiva;-23,143;-45,92;2019-02-05 02:10:00.0;0,0
SÃO JOSÉ DOS CAMPOS;354990406A;SP;Altos Vila Paiva;-23,143;-45,92;2019-02-05 03:10:00.0;0,0
SÃO JOSÉ DOS CAMPOS;354990406A;SP;Altos Vila Paiva;-23,143;-45,92;2019-02-05 04:10:00.0;0,0
SÃO JOSÉ DOS CAMPOS;354990406A;SP;Altos Vila Paiva;-23,143;-45,92;2019-02-05 05:10:00.0;0,0
SÃO JOSÉ DOS CAMPOS;354990406A;SP;Altos Vila Paiva;-23,143;-45,92;2019-02-05 06:10:00.0;0,0
SÃO JOSÉ DOS CAMPOS;354990406A;SP;Altos Vila Paiva;-23,143;-45,92;2019-02-05 07:10:00.0;0,0
SÃO JOSÉ DOS CAMPOS;354990406A;SP;Altos Vila Paiva;-23,143;-45,92;2019-02-05 08:10:00.0;0,0
SÃO JOSÉ DOS CAMPOS;354990406A;SP;Altos Vila Paiva;-23,143;-45,92;2019-02-05 09:10:00.0;0,0
SÃO JOSÉ DOS CAMPOS;354990406A;SP;Altos Vila Paiva;-23,143;-45,92;2019-02-05 10:10:00.0;0,0
SÃO JOSÉ DOS CAMPOS;354990406A;SP;Altos Vila Paiva;-23,143;-45,92;2019-02-05 11:10:00.0;0,0
SÃO JOSÉ DOS CAMPOS;354990406A;SP;Altos Vila Paiva;-23,143;-45,92;2019-02-05 12:10:00.0;0,0
SÃO JOSÉ DOS CAMPOS;354990406A;SP;Altos Vila Paiva;-23,143;-45,92;2019-02-05 12:40:00.0;0,2
SÃO JOSÉ DOS CAMPOS;354990406A;SP;Altos Vila Paiva;-23,143;-45,92;2019-02-05 13:10:00.0;0,0
SÃO JOSÉ DOS CAMPOS;354990406A;SP;Altos Vila Paiva;-23,143;-45,92;2019-02-05 14:10:00.0;0,0
SÃO JOSÉ DOS CAMPOS;354990406A;SP;Altos Vila Paiva;-23,143;-45,92;2019-02-05 15:10:00.0;0,0
SÃO JOSÉ DOS CAMPOS;354990406A;SP;Altos Vila Paiva;-23,143;-45,92;2019-02-05 16:10:00.0;0,0
SÃO JOSÉ DOS CAMPOS;354990406A;SP;Altos Vila Paiva;-23,143;-45,92;2019-02-05 17:10:00.0;0,0
SÃO JOSÉ DOS CAMPOS;354990406A;SP;Altos Vila Paiva;-23,143;-45,92;2019-02-05 18:10:00.0;0,0
SÃO JOSÉ DOS CAMPOS;354990406A;SP;Altos Vila Paiva;-23,143;-45,92;2019-02-05 19:10:00.0;0,0
SÃO JOSÉ DOS CAMPOS;354990406A;SP;Altos Vila Paiva;-23,143;-45,92;2019-02-05 20:10:00.0;0,0
SÃO JOSÉ DOS CAMPOS;354990406A;SP;Altos Vila Paiva;-23,143;-45,92;2019-02-05 21:10:00.0;0,0
SÃO JOSÉ DOS CAMPOS;354990406A;SP;Altos Vila Paiva;-23,143;-45,92;2019-02-05 22:10:00.0;0,0
SÃO JOSÉ DOS CAMPOS;354990406A;SP;Altos Vila Paiva;-23,143;-45,92;2019-02-05 23:10:00.0;0,0
SÃO JOSÉ DOS CAMPOS;354990406A;SP;Altos Vila Paiva;-23,143;-45,92;2019-02-06 00:10:00.0;0,0
SÃO JOSÉ DOS CAMPOS;354990406A;SP;Altos Vila Paiva;-23,143;-45,92;2019-02-06 01:10:00.0;0,0
SÃO JOSÉ DOS CAMPOS;354990406A;SP;Altos Vila Paiva;-23,143;-45,92;2019-02-06 02:10:00.0;0,0
SÃO JOSÉ DOS CAMPOS;354990406A;SP;Altos Vila Paiva;-23,143;-45,92;2019-02-06 03:10:00.0;0,0
SÃO JOSÉ DOS CAMPOS;354990406A;SP;Altos Vila Paiva;-23,143;-45,92;2019-02-06 04:10:00.0;0,0
SÃO JOSÉ DOS CAMPOS;354990406A;SP;Altos Vila Paiva;-23,143;-45,92;2019-02-06 05:10:00.0;0,0
SÃO JOSÉ DOS CAMPOS;354990406A;SP;Altos Vila Paiva;-23,143;-45,92;2019-02-06 06:10:00.0;0,0
SÃO JOSÉ DOS CAMPOS;354990406A;SP;Altos Vila Paiva;-23,143;-45,92;2019-02-06 07:10:00.0;0,0
SÃO JOSÉ DOS CAMPOS;354990406A;SP;Altos Vila Paiva;-23,143;-45,92;2019-02-06 07:40:00.0;0,39
SÃO JOSÉ DOS CAMPOS;354990406A;SP;Altos Vila Paiva;-23,143;-45,92;2019-02-06 07:50:00.0;0,2
SÃO JOSÉ DOS CAMPOS;354990406A;SP;Altos Vila Paiva;-23,143;-45,92;2019-02-06 08:00:00.0;0,2
SÃO JOSÉ DOS CAMPOS;354990406A;SP;Altos Vila Paiva;-23,143;-45,92;2019-02-06 08:10:00.0;0,0
SÃO JOSÉ DOS CAMPOS;354990406A;SP;Altos Vila Paiva;-23,143;-45,92;2019-02-06 08:30:00.0;0,2
SÃO JOSÉ DOS CAMPOS;354990406A;SP;Altos Vila Paiva;-23,143;-45,92;2019-02-06 09:10:00.0;0,0
SÃO JOSÉ DOS CAMPOS;354990406A;SP;Altos Vila Paiva;-23,143;-45,92;2019-02-06 10:10:00.0;0,2
SÃO JOSÉ DOS CAMPOS;354990406A;SP;Altos Vila Paiva;-23,143;-45,92;2019-02-06 10:20:00.0;0,2
SÃO JOSÉ DOS CAMPOS;354990406A;SP;Altos Vila Paiva;-23,143;-45,92;2019-02-06 10:40:00.0;0,79
SÃO JOSÉ DOS CAMPOS;354990406A;SP;Altos Vila Paiva;-23,143;-45,92;2019-02-06 10:50:00.0;0,2
SÃO JOSÉ DOS CAMPOS;354990406A;SP;Altos Vila Paiva;-23,143;-45,92;2019-02-06 11:00:00.0;0,2
SÃO JOSÉ DOS CAMPOS;354990406A;SP;Altos Vila Paiva;-23,143;-45,92;2019-02-06 11:10:00.0;0,79
SÃO JOSÉ DOS CAMPOS;354990406A;SP;Altos Vila Paiva;-23,143;-45,92;2019-02-06 11:20:00.0;0,59
SÃO JOSÉ DOS CAMPOS;354990406A;SP;Altos Vila Paiva;-23,143;-45,92;2019-02-06 11:30:00.0;1,18
SÃO JOSÉ DOS CAMPOS;354990406A;SP;Altos Vila Paiva;-23,143;-45,92;2019-02-06 11:40:00.0;3,35
SÃO JOSÉ DOS CAMPOS;354990406A;SP;Altos Vila Paiva;-23,143;-45,92;2019-02-06 11:50:00.0;0,39
SÃO JOSÉ DOS CAMPOS;354990406A;SP;Altos Vila Paiva;-23,143;-45,92;2019-02-06 12:00:00.0;0,2
SÃO JOSÉ DOS CAMPOS;354990406A;SP;Altos Vila Paiva;-23,143;-45,92;2019-02-06 12:10:00.0;0,2
SÃO JOSÉ DOS CAMPOS;354990406A;SP;Altos Vila Paiva;-23,143;-45,92;2019-02-06 12:20:00.0;0,2
SÃO JOSÉ DOS CAMPOS;354990406A;SP;Altos Vila Paiva;-23,143;-45,92;2019-02-06 12:30:00.0;0,59
SÃO JOSÉ DOS CAMPOS;354990406A;SP;Altos Vila Paiva;-23,143;-45,92;2019-02-06 12:40:00.0;0,59
SÃO JOSÉ DOS CAMPOS;354990406A;SP;Altos Vila Paiva;-23,143;-45,92;2019-02-06 12:50:00.0;0,79
SÃO JOSÉ DOS CAMPOS;354990406A;SP;Altos Vila Paiva;-23,143;-45,92;2019-02-06 13:00:00.0;0,98
SÃO JOSÉ DOS CAMPOS;354990406A;SP;Altos Vila Paiva;-23,143;-45,92;2019-02-06 13:10:00.0;0,59
SÃO JOSÉ DOS CAMPOS;354990406A;SP;Altos Vila Paiva;-23,143;-45,92;2019-02-06 13:30:00.0;0,2
SÃO JOSÉ DOS CAMPOS;354990406A;SP;Altos Vila Paiva;-23,143;-45,92;2019-02-06 13:50:00.0;0,2
SÃO JOSÉ DOS CAMPOS;354990406A;SP;Altos Vila Paiva;-23,143;-45,92;2019-02-06 15:10:00.0;0,0
SÃO JOSÉ DOS CAMPOS;354990406A;SP;Altos Vila Paiva;-23,143;-45,92;2019-02-06 16:10:00.0;2,56
SÃO JOSÉ DOS CAMPOS;354990406A;SP;Altos Vila Paiva;-23,143;-45,92;2019-02-06 16:20:00.0;5,31
SÃO JOSÉ DOS CAMPOS;354990406A;SP;Altos Vila Paiva;-23,143;-45,92;2019-02-06 16:30:00.0;2,95
SÃO JOSÉ DOS CAMPOS;354990406A;SP;Altos Vila Paiva;-23,143;-45,92;2019-02-06 16:40:00.0;0,98
SÃO JOSÉ DOS CAMPOS;354990406A;SP;Altos Vila Paiva;-23,143;-45,92;2019-02-06 16:50:00.0;1,18
SÃO JOSÉ DOS CAMPOS;354990406A;SP;Altos Vila Paiva;-23,143;-45,92;2019-02-06 17:00:00.0;0,79
SÃO JOSÉ DOS CAMPOS;354990406A;SP;Altos Vila Paiva;-23,143;-45,92;2019-02-06 17:10:00.0;0,79
SÃO JOSÉ DOS CAMPOS;354990406A;SP;Altos Vila Paiva;-23,143;-45,92;2019-02-06 17:20:00.0;0,39
SÃO JOSÉ DOS CAMPOS;354990406A;SP;Altos Vila Paiva;-23,143;-45,92;2019-02-06 17:30:00.0;0,59
SÃO JOSÉ DOS CAMPOS;354990406A;SP;Altos Vila Paiva;-23,143;-45,92;2019-02-06 17:40:00.0;0,2
SÃO JOSÉ DOS CAMPOS;354990406A;SP;Altos Vila Paiva;-23,143;-45,92;2019-02-06 17:50:00.0;0,39
SÃO JOSÉ DOS CAMPOS;354990406A;SP;Altos Vila Paiva;-23,143;-45,92;2019-02-06 18:00:00.0;0,39
SÃO JOSÉ DOS CAMPOS;354990406A;SP;Altos Vila Paiva;-23,143;-45,92;2019-02-06 18:10:00.0;0,98
SÃO JOSÉ DOS CAMPOS;354990406A;SP;Altos Vila Paiva;-23,143;-45,92;2019-02-06 18:20:00.0;0,79
SÃO JOSÉ DOS CAMPOS;354990406A;SP;Altos Vila Paiva;-23,143;-45,92;2019-02-06 18:30:00.0;0,59
SÃO JOSÉ DOS CAMPOS;354990406A;SP;Altos Vila Paiva;-23,143;-45,92;2019-02-06 18:40:00.0;0,59
SÃO JOSÉ DOS CAMPOS;354990406A;SP;Altos Vila Paiva;-23,143;-45,92;2019-02-06 18:50:00.0;0,39
SÃO JOSÉ DOS CAMPOS;354990406A;SP;Altos Vila Paiva;-23,143;-45,92;2019-02-06 19:00:00.0;0,39
SÃO JOSÉ DOS CAMPOS;354990406A;SP;Altos Vila Paiva;-23,143;-45,92;2019-02-06 19:10:00.0;0,59
SÃO JOSÉ DOS CAMPOS;354990406A;SP;Altos Vila Paiva;-23,143;-45,92;2019-02-06 19:20:00.0;0,39
SÃO JOSÉ DOS CAMPOS;354990406A;SP;Altos Vila Paiva;-23,143;-45,92;2019-02-06 19:30:00.0;0,59
SÃO JOSÉ DOS CAMPOS;354990406A;SP;Altos Vila Paiva;-23,143;-45,92;2019-02-06 19:40:00.0;0,59
SÃO JOSÉ DOS CAMPOS;354990406A;SP;Altos Vila Paiva;-23,143;-45,92;2019-02-06 19:50:00.0;0,79
SÃO JOSÉ DOS CAMPOS;354990406A;SP;Altos Vila Paiva;-23,143;-45,92;2019-02-06 20:00:00.0;0,39
SÃO JOSÉ DOS CAMPOS;354990406A;SP;Altos Vila Paiva;-23,143;-45,92;2019-02-06 20:10:00.0;0,39
SÃO JOSÉ DOS CAMPOS;354990406A;SP;Altos Vila Paiva;-23,143;-45,92;2019-02-06 20:30:00.0;0,2
SÃO JOSÉ DOS CAMPOS;354990406A;SP;Altos Vila Paiva;-23,143;-45,92;2019-02-06 21:10:00.0;0,39
SÃO JOSÉ DOS CAMPOS;354990406A;SP;Altos Vila Paiva;-23,143;-45,92;2019-02-06 22:10:00.0;0,0
SÃO JOSÉ DOS CAMPOS;354990406A;SP;Altos Vila Paiva;-23,143;-45,92;2019-02-06 22:30:00.0;0,2
SÃO JOSÉ DOS CAMPOS;354990406A;SP;Altos Vila Paiva;-23,143;-45,92;2019-02-06 23:10:00.0;0,0
SÃO JOSÉ DOS CAMPOS;354990406A;SP;Altos Vila Paiva;-23,143;-45,92;2019-02-07 00:10:00.0;0,0
SÃO JOSÉ DOS CAMPOS;354990406A;SP;Altos Vila Paiva;-23,143;-45,92;2019-02-07 01:10:00.0;0,0
SÃO JOSÉ DOS CAMPOS;354990406A;SP;Altos Vila Paiva;-23,143;-45,92;2019-02-07 02:10:00.0;0,0
SÃO JOSÉ DOS CAMPOS;354990406A;SP;Altos Vila Paiva;-23,143;-45,92;2019-02-07 03:10:00.0;0,0
SÃO JOSÉ DOS CAMPOS;354990406A;SP;Altos Vila Paiva;-23,143;-45,92;2019-02-07 04:10:00.0;0,0
SÃO JOSÉ DOS CAMPOS;354990406A;SP;Altos Vila Paiva;-23,143;-45,92;2019-02-07 05:10:00.0;0,0
SÃO JOSÉ DOS CAMPOS;354990406A;SP;Altos Vila Paiva;-23,143;-45,92;2019-02-07 06:10:00.0;0,0
SÃO JOSÉ DOS CAMPOS;354990406A;SP;Altos Vila Paiva;-23,143;-45,92;2019-02-07 07:10:00.0;0,0
SÃO JOSÉ DOS CAMPOS;354990406A;SP;Altos Vila Paiva;-23,143;-45,92;2019-02-07 08:10:00.0;0,0
SÃO JOSÉ DOS CAMPOS;354990406A;SP;Altos Vila Paiva;-23,143;-45,92;2019-02-07 09:10:00.0;0,0
SÃO JOSÉ DOS CAMPOS;354990406A;SP;Altos Vila Paiva;-23,143;-45,92;2019-02-07 10:10:00.0;0,0
SÃO JOSÉ DOS CAMPOS;354990406A;SP;Altos Vila Paiva;-23,143;-45,92;2019-02-07 11:10:00.0;0,0
SÃO JOSÉ DOS CAMPOS;354990406A;SP;Altos Vila Paiva;-23,143;-45,92;2019-02-07 12:10:00.0;0,0
SÃO JOSÉ DOS CAMPOS;354990406A;SP;Altos Vila Paiva;-23,143;-45,92;2019-02-07 13:10:00.0;0,0
SÃO JOSÉ DOS CAMPOS;354990406A;SP;Altos Vila Paiva;-23,143;-45,92;2019-02-07 14:10:00.0;0,0
SÃO JOSÉ DOS CAMPOS;354990406A;SP;Altos Vila Paiva;-23,143;-45,92;2019-02-07 15:10:00.0;0,0
SÃO JOSÉ DOS CAMPOS;354990406A;SP;Altos Vila Paiva;-23,143;-45,92;2019-02-07 16:10:00.0;0,0
SÃO JOSÉ DOS CAMPOS;354990406A;SP;Altos Vila Paiva;-23,143;-45,92;2019-02-07 17:10:00.0;0,0
SÃO JOSÉ DOS CAMPOS;354990406A;SP;Altos Vila Paiva;-23,143;-45,92;2019-02-07 18:10:00.0;0,0
SÃO JOSÉ DOS CAMPOS;354990406A;SP;Altos Vila Paiva;-23,143;-45,92;2019-02-07 19:10:00.0;0,0
SÃO JOSÉ DOS CAMPOS;354990406A;SP;Altos Vila Paiva;-23,143;-45,92;2019-02-07 20:10:00.0;0,0
SÃO JOSÉ DOS CAMPOS;354990406A;SP;Altos Vila Paiva;-23,143;-45,92;2019-02-07 21:10:00.0;0,0
SÃO JOSÉ DOS CAMPOS;354990406A;SP;Altos Vila Paiva;-23,143;-45,92;2019-02-08 17:50:00.0;0,0
SÃO JOSÉ DOS CAMPOS;354990406A;SP;Altos Vila Paiva;-23,143;-45,92;2019-02-08 19:20:00.0;0,0
SÃO JOSÉ DOS CAMPOS;354990406A;SP;Altos Vila Paiva;-23,143;-45,92;2019-02-08 20:10:00.0;0,0
SÃO JOSÉ DOS CAMPOS;354990406A;SP;Altos Vila Paiva;-23,143;-45,92;2019-02-08 21:10:00.0;0,0
SÃO JOSÉ DOS CAMPOS;354990406A;SP;Altos Vila Paiva;-23,143;-45,92;2019-02-08 22:10:00.0;0,0
SÃO JOSÉ DOS CAMPOS;354990406A;SP;Altos Vila Paiva;-23,143;-45,92;2019-02-08 23:10:00.0;0,0
SÃO JOSÉ DOS CAMPOS;354990406A;SP;Altos Vila Paiva;-23,143;-45,92;2019-02-09 00:10:00.0;0,0
SÃO JOSÉ DOS CAMPOS;354990406A;SP;Altos Vila Paiva;-23,143;-45,92;2019-02-09 01:10:00.0;0,0
SÃO JOSÉ DOS CAMPOS;354990406A;SP;Altos Vila Paiva;-23,143;-45,92;2019-02-09 02:10:00.0;0,0
SÃO JOSÉ DOS CAMPOS;354990406A;SP;Altos Vila Paiva;-23,143;-45,92;2019-02-09 03:10:00.0;0,0
SÃO JOSÉ DOS CAMPOS;354990406A;SP;Altos Vila Paiva;-23,143;-45,92;2019-02-09 04:10:00.0;0,0
SÃO JOSÉ DOS CAMPOS;354990406A;SP;Altos Vila Paiva;-23,143;-45,92;2019-02-09 05:10:00.0;0,0
SÃO JOSÉ DOS CAMPOS;354990406A;SP;Altos Vila Paiva;-23,143;-45,92;2019-02-09 06:10:00.0;0,0
SÃO JOSÉ DOS CAMPOS;354990406A;SP;Altos Vila Paiva;-23,143;-45,92;2019-02-09 07:10:00.0;0,0
SÃO JOSÉ DOS CAMPOS;354990406A;SP;Altos Vila Paiva;-23,143;-45,92;2019-02-09 08:10:00.0;0,0
SÃO JOSÉ DOS CAMPOS;354990406A;SP;Altos Vila Paiva;-23,143;-45,92;2019-02-09 09:10:00.0;0,0
SÃO JOSÉ DOS CAMPOS;354990406A;SP;Altos Vila Paiva;-23,143;-45,92;2019-02-09 10:10:00.0;0,0
SÃO JOSÉ DOS CAMPOS;354990406A;SP;Altos Vila Paiva;-23,143;-45,92;2019-02-09 11:10:00.0;0,0
SÃO JOSÉ DOS CAMPOS;354990406A;SP;Altos Vila Paiva;-23,143;-45,92;2019-02-09 12:10:00.0;0,0
SÃO JOSÉ DOS CAMPOS;354990406A;SP;Altos Vila Paiva;-23,143;-45,92;2019-02-09 13:10:00.0;0,0
SÃO JOSÉ DOS CAMPOS;354990406A;SP;Altos Vila Paiva;-23,143;-45,92;2019-02-09 14:10:00.0;0,0
SÃO JOSÉ DOS CAMPOS;354990406A;SP;Altos Vila Paiva;-23,143;-45,92;2019-02-09 15:10:00.0;0,0
SÃO JOSÉ DOS CAMPOS;354990406A;SP;Altos Vila Paiva;-23,143;-45,92;2019-02-09 16:10:00.0;0,0
SÃO JOSÉ DOS CAMPOS;354990406A;SP;Altos Vila Paiva;-23,143;-45,92;2019-02-09 17:10:00.0;0,0
SÃO JOSÉ DOS CAMPOS;354990406A;SP;Altos Vila Paiva;-23,143;-45,92;2019-02-09 18:10:00.0;0,0
SÃO JOSÉ DOS CAMPOS;354990406A;SP;Altos Vila Paiva;-23,143;-45,92;2019-02-09 19:10:00.0;0,0
SÃO JOSÉ DOS CAMPOS;354990406A;SP;Altos Vila Paiva;-23,143;-45,92;2019-02-09 20:10:00.0;0,0
SÃO JOSÉ DOS CAMPOS;354990406A;SP;Altos Vila Paiva;-23,143;-45,92;2019-02-09 21:10:00.0;0,0
SÃO JOSÉ DOS CAMPOS;354990406A;SP;Altos Vila Paiva;-23,143;-45,92;2019-02-09 22:10:00.0;0,0
SÃO JOSÉ DOS CAMPOS;354990406A;SP;Altos Vila Paiva;-23,143;-45,92;2019-02-09 23:10:00.0;0,0
SÃO JOSÉ DOS CAMPOS;354990406A;SP;Altos Vila Paiva;-23,143;-45,92;2019-02-10 00:10:00.0;0,0
SÃO JOSÉ DOS CAMPOS;354990406A;SP;Altos Vila Paiva;-23,143;-45,92;2019-02-10 01:10:00.0;0,0
SÃO JOSÉ DOS CAMPOS;354990406A;SP;Altos Vila Paiva;-23,143;-45,92;2019-02-10 02:10:00.0;0,0
SÃO JOSÉ DOS CAMPOS;354990406A;SP;Altos Vila Paiva;-23,143;-45,92;2019-02-10 03:10:00.0;0,0
SÃO JOSÉ DOS CAMPOS;354990406A;SP;Altos Vila Paiva;-23,143;-45,92;2019-02-10 04:10:00.0;0,0
SÃO JOSÉ DOS CAMPOS;354990406A;SP;Altos Vila Paiva;-23,143;-45,92;2019-02-10 05:10:00.0;0,0
SÃO JOSÉ DOS CAMPOS;354990406A;SP;Altos Vila Paiva;-23,143;-45,92;2019-02-10 06:10:00.0;0,0
SÃO JOSÉ DOS CAMPOS;354990406A;SP;Altos Vila Paiva;-23,143;-45,92;2019-02-10 07:10:00.0;0,0
SÃO JOSÉ DOS CAMPOS;354990406A;SP;Altos Vila Paiva;-23,143;-45,92;2019-02-10 08:10:00.0;0,0
SÃO JOSÉ DOS CAMPOS;354990406A;SP;Altos Vila Paiva;-23,143;-45,92;2019-02-10 09:10:00.0;0,0
SÃO JOSÉ DOS CAMPOS;354990406A;SP;Altos Vila Paiva;-23,143;-45,92;2019-02-10 10:10:00.0;0,0
SÃO JOSÉ DOS CAMPOS;354990406A;SP;Altos Vila Paiva;-23,143;-45,92;2019-02-10 11:10:00.0;0,0
SÃO JOSÉ DOS CAMPOS;354990406A;SP;Altos Vila Paiva;-23,143;-45,92;2019-02-10 12:10:00.0;0,0
SÃO JOSÉ DOS CAMPOS;354990406A;SP;Altos Vila Paiva;-23,143;-45,92;2019-02-10 13:10:00.0;0,0
SÃO JOSÉ DOS CAMPOS;354990406A;SP;Altos Vila Paiva;-23,143;-45,92;2019-02-10 14:10:00.0;0,0
SÃO JOSÉ DOS CAMPOS;354990406A;SP;Altos Vila Paiva;-23,143;-45,92;2019-02-10 15:10:00.0;0,0
SÃO JOSÉ DOS CAMPOS;354990406A;SP;Altos Vila Paiva;-23,143;-45,92;2019-02-10 16:10:00.0;0,0
SÃO JOSÉ DOS CAMPOS;354990406A;SP;Altos Vila Paiva;-23,143;-45,92;2019-02-10 17:10:00.0;0,0
SÃO JOSÉ DOS CAMPOS;354990406A;SP;Altos Vila Paiva;-23,143;-45,92;2019-02-10 18:10:00.0;0,0
SÃO JOSÉ DOS CAMPOS;354990406A;SP;Altos Vila Paiva;-23,143;-45,92;2019-02-10 19:10:00.0;0,0
SÃO JOSÉ DOS CAMPOS;354990406A;SP;Altos Vila Paiva;-23,143;-45,92;2019-02-10 20:10:00.0;0,0
SÃO JOSÉ DOS CAMPOS;354990406A;SP;Altos Vila Paiva;-23,143;-45,92;2019-02-10 21:10:00.0;0,0
SÃO JOSÉ DOS CAMPOS;354990406A;SP;Altos Vila Paiva;-23,143;-45,92;2019-02-10 22:10:00.0;0,0
SÃO JOSÉ DOS CAMPOS;354990406A;SP;Altos Vila Paiva;-23,143;-45,92;2019-02-10 23:10:00.0;0,0
SÃO JOSÉ DOS CAMPOS;354990406A;SP;Altos Vila Paiva;-23,143;-45,92;2019-02-11 00:10:00.0;0,0
SÃO JOSÉ DOS CAMPOS;354990406A;SP;Altos Vila Paiva;-23,143;-45,92;2019-02-11 01:10:00.0;0,0
SÃO JOSÉ DOS CAMPOS;354990406A;SP;Altos Vila Paiva;-23,143;-45,92;2019-02-11 02:10:00.0;0,0
SÃO JOSÉ DOS CAMPOS;354990406A;SP;Altos Vila Paiva;-23,143;-45,92;2019-02-11 03:10:00.0;0,0
SÃO JOSÉ DOS CAMPOS;354990406A;SP;Altos Vila Paiva;-23,143;-45,92;2019-02-11 04:10:00.0;0,0
SÃO JOSÉ DOS CAMPOS;354990406A;SP;Altos Vila Paiva;-23,143;-45,92;2019-02-11 05:10:00.0;0,0
SÃO JOSÉ DOS CAMPOS;354990406A;SP;Altos Vila Paiva;-23,143;-45,92;2019-02-11 06:10:00.0;0,0
SÃO JOSÉ DOS CAMPOS;354990406A;SP;Altos Vila Paiva;-23,143;-45,92;2019-02-11 07:10:00.0;0,0
SÃO JOSÉ DOS CAMPOS;354990406A;SP;Altos Vila Paiva;-23,143;-45,92;2019-02-11 08:10:00.0;0,0
SÃO JOSÉ DOS CAMPOS;354990406A;SP;Altos Vila Paiva;-23,143;-45,92;2019-02-11 09:10:00.0;0,0
SÃO JOSÉ DOS CAMPOS;354990406A;SP;Altos Vila Paiva;-23,143;-45,92;2019-02-11 10:10:00.0;0,0
SÃO JOSÉ DOS CAMPOS;354990406A;SP;Altos Vila Paiva;-23,143;-45,92;2019-02-11 11:10:00.0;0,0
SÃO JOSÉ DOS CAMPOS;354990406A;SP;Altos Vila Paiva;-23,143;-45,92;2019-02-11 12:10:00.0;0,0
SÃO JOSÉ DOS CAMPOS;354990406A;SP;Altos Vila Paiva;-23,143;-45,92;2019-02-11 13:10:00.0;0,0
SÃO JOSÉ DOS CAMPOS;354990406A;SP;Altos Vila Paiva;-23,143;-45,92;2019-02-11 14:10:00.0;0,0
SÃO JOSÉ DOS CAMPOS;354990406A;SP;Altos Vila Paiva;-23,143;-45,92;2019-02-11 15:10:00.0;0,0
SÃO JOSÉ DOS CAMPOS;354990406A;SP;Altos Vila Paiva;-23,143;-45,92;2019-02-11 16:10:00.0;0,0
SÃO JOSÉ DOS CAMPOS;354990406A;SP;Altos Vila Paiva;-23,143;-45,92;2019-02-11 17:10:00.0;0,0
SÃO JOSÉ DOS CAMPOS;354990406A;SP;Altos Vila Paiva;-23,143;-45,92;2019-02-11 18:10:00.0;0,0
SÃO JOSÉ DOS CAMPOS;354990406A;SP;Altos Vila Paiva;-23,143;-45,92;2019-02-11 19:10:00.0;1,38
SÃO JOSÉ DOS CAMPOS;354990406A;SP;Altos Vila Paiva;-23,143;-45,92;2019-02-11 19:20:00.0;0,98
SÃO JOSÉ DOS CAMPOS;354990406A;SP;Altos Vila Paiva;-23,143;-45,92;2019-02-11 19:30:00.0;1,57
SÃO JOSÉ DOS CAMPOS;354990406A;SP;Altos Vila Paiva;-23,143;-45,92;2019-02-11 19:40:00.0;0,39
SÃO JOSÉ DOS CAMPOS;354990406A;SP;Altos Vila Paiva;-23,143;-45,92;2019-02-11 20:10:00.0;0,0
SÃO JOSÉ DOS CAMPOS;354990406A;SP;Altos Vila Paiva;-23,143;-45,92;2019-02-11 21:10:00.0;0,0
SÃO JOSÉ DOS CAMPOS;354990406A;SP;Altos Vila Paiva;-23,143;-45,92;2019-02-11 21:50:00.0;0,2
SÃO JOSÉ DOS CAMPOS;354990406A;SP;Altos Vila Paiva;-23,143;-45,92;2019-02-11 22:10:00.0;0,0
SÃO JOSÉ DOS CAMPOS;354990406A;SP;Altos Vila Paiva;-23,143;-45,92;2019-02-11 23:10:00.0;0,0
SÃO JOSÉ DOS CAMPOS;354990406A;SP;Altos Vila Paiva;-23,143;-45,92;2019-02-12 00:10:00.0;0,0
SÃO JOSÉ DOS CAMPOS;354990406A;SP;Altos Vila Paiva;-23,143;-45,92;2019-02-12 01:10:00.0;0,0
SÃO JOSÉ DOS CAMPOS;354990406A;SP;Altos Vila Paiva;-23,143;-45,92;2019-02-12 02:10:00.0;0,0
SÃO JOSÉ DOS CAMPOS;354990406A;SP;Altos Vila Paiva;-23,143;-45,92;2019-02-12 03:10:00.0;0,0
SÃO JOSÉ DOS CAMPOS;354990406A;SP;Altos Vila Paiva;-23,143;-45,92;2019-02-12 04:10:00.0;0,0
SÃO JOSÉ DOS CAMPOS;354990406A;SP;Altos Vila Paiva;-23,143;-45,92;2019-02-12 05:10:00.0;0,0
SÃO JOSÉ DOS CAMPOS;354990406A;SP;Altos Vila Paiva;-23,143;-45,92;2019-02-12 06:10:00.0;0,0
SÃO JOSÉ DOS CAMPOS;354990406A;SP;Altos Vila Paiva;-23,143;-45,92;2019-02-12 07:10:00.0;0,0
SÃO JOSÉ DOS CAMPOS;354990406A;SP;Altos Vila Paiva;-23,143;-45,92;2019-02-12 08:10:00.0;0,0
SÃO JOSÉ DOS CAMPOS;354990406A;SP;Altos Vila Paiva;-23,143;-45,92;2019-02-12 09:10:00.0;0,0
SÃO JOSÉ DOS CAMPOS;354990406A;SP;Altos Vila Paiva;-23,143;-45,92;2019-02-12 10:10:00.0;0,0
SÃO JOSÉ DOS CAMPOS;354990406A;SP;Altos Vila Paiva;-23,143;-45,92;2019-02-12 11:10:00.0;0,0
SÃO JOSÉ DOS CAMPOS;354990406A;SP;Altos Vila Paiva;-23,143;-45,92;2019-02-12 12:10:00.0;0,0
SÃO JOSÉ DOS CAMPOS;354990406A;SP;Altos Vila Paiva;-23,143;-45,92;2019-02-12 13:10:00.0;0,0
SÃO JOSÉ DOS CAMPOS;354990406A;SP;Altos Vila Paiva;-23,143;-45,92;2019-02-12 14:10:00.0;0,0
SÃO JOSÉ DOS CAMPOS;354990406A;SP;Altos Vila Paiva;-23,143;-45,92;2019-02-12 15:10:00.0;0,0
SÃO JOSÉ DOS CAMPOS;354990406A;SP;Altos Vila Paiva;-23,143;-45,92;2019-02-12 16:10:00.0;0,0
SÃO JOSÉ DOS CAMPOS;354990406A;SP;Altos Vila Paiva;-23,143;-45,92;2019-02-12 17:10:00.0;0,0
SÃO JOSÉ DOS CAMPOS;354990406A;SP;Altos Vila Paiva;-23,143;-45,92;2019-02-12 18:10:00.0;0,0
SÃO JOSÉ DOS CAMPOS;354990406A;SP;Altos Vila Paiva;-23,143;-45,92;2019-02-12 19:10:00.0;0,0
SÃO JOSÉ DOS CAMPOS;354990406A;SP;Altos Vila Paiva;-23,143;-45,92;2019-02-12 20:10:00.0;0,0
SÃO JOSÉ DOS CAMPOS;354990406A;SP;Altos Vila Paiva;-23,143;-45,92;2019-02-12 21:10:00.0;0,0
SÃO JOSÉ DOS CAMPOS;354990406A;SP;Altos Vila Paiva;-23,143;-45,92;2019-02-12 22:10:00.0;0,0
SÃO JOSÉ DOS CAMPOS;354990406A;SP;Altos Vila Paiva;-23,143;-45,92;2019-02-12 23:10:00.0;0,0
SÃO JOSÉ DOS CAMPOS;354990406A;SP;Altos Vila Paiva;-23,143;-45,92;2019-02-13 00:10:00.0;0,0
SÃO JOSÉ DOS CAMPOS;354990406A;SP;Altos Vila Paiva;-23,143;-45,92;2019-02-13 00:20:00.0;0,39
SÃO JOSÉ DOS CAMPOS;354990406A;SP;Altos Vila Paiva;-23,143;-45,92;2019-02-13 00:30:00.0;1,18
SÃO JOSÉ DOS CAMPOS;354990406A;SP;Altos Vila Paiva;-23,143;-45,92;2019-02-13 00:40:00.0;0,39
SÃO JOSÉ DOS CAMPOS;354990406A;SP;Altos Vila Paiva;-23,143;-45,92;2019-02-13 00:50:00.0;0,2
SÃO JOSÉ DOS CAMPOS;354990406A;SP;Altos Vila Paiva;-23,143;-45,92;2019-02-13 01:00:00.0;0,79
SÃO JOSÉ DOS CAMPOS;354990406A;SP;Altos Vila Paiva;-23,143;-45,92;2019-02-13 01:10:00.0;0,2
SÃO JOSÉ DOS CAMPOS;354990406A;SP;Altos Vila Paiva;-23,143;-45,92;2019-02-13 01:20:00.0;0,2
SÃO JOSÉ DOS CAMPOS;354990406A;SP;Altos Vila Paiva;-23,143;-45,92;2019-02-13 02:10:00.0;0,0
SÃO JOSÉ DOS CAMPOS;354990406A;SP;Altos Vila Paiva;-23,143;-45,92;2019-02-13 03:10:00.0;0,0
SÃO JOSÉ DOS CAMPOS;354990406A;SP;Altos Vila Paiva;-23,143;-45,92;2019-02-13 04:10:00.0;0,2
SÃO JOSÉ DOS CAMPOS;354990406A;SP;Altos Vila Paiva;-23,143;-45,92;2019-02-13 04:20:00.0;0,2
SÃO JOSÉ DOS CAMPOS;354990406A;SP;Altos Vila Paiva;-23,143;-45,92;2019-02-13 04:30:00.0;0,2
SÃO JOSÉ DOS CAMPOS;354990406A;SP;Altos Vila Paiva;-23,143;-45,92;2019-02-13 04:50:00.0;0,79
SÃO JOSÉ DOS CAMPOS;354990406A;SP;Altos Vila Paiva;-23,143;-45,92;2019-02-13 05:00:00.0;0,59
SÃO JOSÉ DOS CAMPOS;354990406A;SP;Altos Vila Paiva;-23,143;-45,92;2019-02-13 05:10:00.0;2,76
SÃO JOSÉ DOS CAMPOS;354990406A;SP;Altos Vila Paiva;-23,143;-45,92;2019-02-13 05:20:00.0;2,16
SÃO JOSÉ DOS CAMPOS;354990406A;SP;Altos Vila Paiva;-23,143;-45,92;2019-02-13 05:30:00.0;1,96
SÃO JOSÉ DOS CAMPOS;354990406A;SP;Altos Vila Paiva;-23,143;-45,92;2019-02-13 05:40:00.0;2,36
SÃO JOSÉ DOS CAMPOS;354990406A;SP;Altos Vila Paiva;-23,143;-45,92;2019-02-13 05:50:00.0;0,39
SÃO JOSÉ DOS CAMPOS;354990406A;SP;Altos Vila Paiva;-23,143;-45,92;2019-02-13 06:00:00.0;0,39
SÃO JOSÉ DOS CAMPOS;354990406A;SP;Altos Vila Paiva;-23,143;-45,92;2019-02-13 06:10:00.0;0,0
SÃO JOSÉ DOS CAMPOS;354990406A;SP;Altos Vila Paiva;-23,143;-45,92;2019-02-13 06:20:00.0;0,2
SÃO JOSÉ DOS CAMPOS;354990406A;SP;Altos Vila Paiva;-23,143;-45,92;2019-02-13 07:00:00.0;0,2
SÃO JOSÉ DOS CAMPOS;354990406A;SP;Altos Vila Paiva;-23,143;-45,92;2019-02-13 07:10:00.0;0,0
SÃO JOSÉ DOS CAMPOS;354990406A;SP;Altos Vila Paiva;-23,143;-45,92;2019-02-13 08:10:00.0;0,0
SÃO JOSÉ DOS CAMPOS;354990406A;SP;Altos Vila Paiva;-23,143;-45,92;2019-02-13 09:00:00.0;0,2
SÃO JOSÉ DOS CAMPOS;354990406A;SP;Altos Vila Paiva;-23,143;-45,92;2019-02-13 09:10:00.0;0,2
SÃO JOSÉ DOS CAMPOS;354990406A;SP;Altos Vila Paiva;-23,143;-45,92;2019-02-13 09:50:00.0;0,2
SÃO JOSÉ DOS CAMPOS;354990406A;SP;Altos Vila Paiva;-23,143;-45,92;2019-02-13 10:00:00.0;0,39
SÃO JOSÉ DOS CAMPOS;354990406A;SP;Altos Vila Paiva;-23,143;-45,92;2019-02-13 10:10:00.0;0,2
SÃO JOSÉ DOS CAMPOS;354990406A;SP;Altos Vila Paiva;-23,143;-45,92;2019-02-13 10:20:00.0;0,2
SÃO JOSÉ DOS CAMPOS;354990406A;SP;Altos Vila Paiva;-23,143;-45,92;2019-02-13 10:30:00.0;0,59
SÃO JOSÉ DOS CAMPOS;354990406A;SP;Altos Vila Paiva;-23,143;-45,92;2019-02-13 10:40:00.0;0,79
SÃO JOSÉ DOS CAMPOS;354990406A;SP;Altos Vila Paiva;-23,143;-45,92;2019-02-13 10:50:00.0;0,98
SÃO JOSÉ DOS CAMPOS;354990406A;SP;Altos Vila Paiva;-23,143;-45,92;2019-02-13 11:00:00.0;1,57
SÃO JOSÉ DOS CAMPOS;354990406A;SP;Altos Vila Paiva;-23,143;-45,92;2019-02-13 11:10:00.0;1,37
SÃO JOSÉ DOS CAMPOS;354990406A;SP;Altos Vila Paiva;-23,143;-45,92;2019-02-13 11:20:00.0;0,79
SÃO JOSÉ DOS CAMPOS;354990406A;SP;Altos Vila Paiva;-23,143;-45,92;2019-02-13 11:30:00.0;0,59
SÃO JOSÉ DOS CAMPOS;354990406A;SP;Altos Vila Paiva;-23,143;-45,92;2019-02-13 11:40:00.0;0,59
SÃO JOSÉ DOS CAMPOS;354990406A;SP;Altos Vila Paiva;-23,143;-45,92;2019-02-13 11:50:00.0;0,59
SÃO JOSÉ DOS CAMPOS;354990406A;SP;Altos Vila Paiva;-23,143;-45,92;2019-02-13 12:00:00.0;0,39
SÃO JOSÉ DOS CAMPOS;354990406A;SP;Altos Vila Paiva;-23,143;-45,92;2019-02-13 12:10:00.0;0,79
SÃO JOSÉ DOS CAMPOS;354990406A;SP;Altos Vila Paiva;-23,143;-45,92;2019-02-13 12:20:00.0;0,79
SÃO JOSÉ DOS CAMPOS;354990406A;SP;Altos Vila Paiva;-23,143;-45,92;2019-02-13 12:30:00.0;1,18
SÃO JOSÉ DOS CAMPOS;354990406A;SP;Altos Vila Paiva;-23,143;-45,92;2019-02-13 12:40:00.0;0,59
SÃO JOSÉ DOS CAMPOS;354990406A;SP;Altos Vila Paiva;-23,143;-45,92;2019-02-13 12:50:00.0;0,2
SÃO JOSÉ DOS CAMPOS;354990406A;SP;Altos Vila Paiva;-23,143;-45,92;2019-02-13 13:00:00.0;0,2
SÃO JOSÉ DOS CAMPOS;354990406A;SP;Altos Vila Paiva;-23,143;-45,92;2019-02-13 13:10:00.0;0,0
SÃO JOSÉ DOS CAMPOS;354990406A;SP;Altos Vila Paiva;-23,143;-45,92;2019-02-13 13:30:00.0;0,2
SÃO JOSÉ DOS CAMPOS;354990406A;SP;Altos Vila Paiva;-23,143;-45,92;2019-02-13 13:50:00.0;0,2
SÃO JOSÉ DOS CAMPOS;354990406A;SP;Altos Vila Paiva;-23,143;-45,92;2019-02-13 14:00:00.0;0,2
SÃO JOSÉ DOS CAMPOS;354990406A;SP;Altos Vila Paiva;-23,143;-45,92;2019-02-13 14:10:00.0;0,0
SÃO JOSÉ DOS CAMPOS;354990406A;SP;Altos Vila Paiva;-23,143;-45,92;2019-02-13 14:20:00.0;0,2
SÃO JOSÉ DOS CAMPOS;354990406A;SP;Altos Vila Paiva;-23,143;-45,92;2019-02-13 15:10:00.0;0,0
SÃO JOSÉ DOS CAMPOS;354990406A;SP;Altos Vila Paiva;-23,143;-45,92;2019-02-13 16:10:00.0;0,0
SÃO JOSÉ DOS CAMPOS;354990406A;SP;Altos Vila Paiva;-23,143;-45,92;2019-02-13 17:10:00.0;0,0
SÃO JOSÉ DOS CAMPOS;354990406A;SP;Altos Vila Paiva;-23,143;-45,92;2019-02-13 18:10:00.0;0,0
SÃO JOSÉ DOS CAMPOS;354990406A;SP;Altos Vila Paiva;-23,143;-45,92;2019-02-13 19:10:00.0;0,0
SÃO JOSÉ DOS CAMPOS;354990406A;SP;Altos Vila Paiva;-23,143;-45,92;2019-02-13 20:10:00.0;0,0
SÃO JOSÉ DOS CAMPOS;354990406A;SP;Altos Vila Paiva;-23,143;-45,92;2019-02-13 21:10:00.0;0,0
SÃO JOSÉ DOS CAMPOS;354990406A;SP;Altos Vila Paiva;-23,143;-45,92;2019-02-13 22:10:00.0;0,0
SÃO JOSÉ DOS CAMPOS;354990406A;SP;Altos Vila Paiva;-23,143;-45,92;2019-02-13 23:10:00.0;0,0
SÃO JOSÉ DOS CAMPOS;354990406A;SP;Altos Vila Paiva;-23,143;-45,92;2019-02-14 00:10:00.0;0,0
SÃO JOSÉ DOS CAMPOS;354990406A;SP;Altos Vila Paiva;-23,143;-45,92;2019-02-14 01:10:00.0;0,0
SÃO JOSÉ DOS CAMPOS;354990406A;SP;Altos Vila Paiva;-23,143;-45,92;2019-02-14 02:10:00.0;0,0
SÃO JOSÉ DOS CAMPOS;354990406A;SP;Altos Vila Paiva;-23,143;-45,92;2019-02-14 03:10:00.0;0,0
SÃO JOSÉ DOS CAMPOS;354990406A;SP;Altos Vila Paiva;-23,143;-45,92;2019-02-14 04:10:00.0;0,0
SÃO JOSÉ DOS CAMPOS;354990406A;SP;Altos Vila Paiva;-23,143;-45,92;2019-02-14 05:10:00.0;0,0
SÃO JOSÉ DOS CAMPOS;354990406A;SP;Altos Vila Paiva;-23,143;-45,92;2019-02-14 06:10:00.0;0,0
SÃO JOSÉ DOS CAMPOS;354990406A;SP;Altos Vila Paiva;-23,143;-45,92;2019-02-14 07:10:00.0;0,0
SÃO JOSÉ DOS CAMPOS;354990406A;SP;Altos Vila Paiva;-23,143;-45,92;2019-02-14 08:10:00.0;0,0
SÃO JOSÉ DOS CAMPOS;354990406A;SP;Altos Vila Paiva;-23,143;-45,92;2019-02-14 09:10:00.0;0,0
SÃO JOSÉ DOS CAMPOS;354990406A;SP;Altos Vila Paiva;-23,143;-45,92;2019-02-14 10:10:00.0;0,0
SÃO JOSÉ DOS CAMPOS;354990406A;SP;Altos Vila Paiva;-23,143;-45,92;2019-02-14 11:10:00.0;0,0
SÃO JOSÉ DOS CAMPOS;354990406A;SP;Altos Vila Paiva;-23,143;-45,92;2019-02-14 12:10:00.0;0,0
SÃO JOSÉ DOS CAMPOS;354990406A;SP;Altos Vila Paiva;-23,143;-45,92;2019-02-14 13:10:00.0;0,0
SÃO JOSÉ DOS CAMPOS;354990406A;SP;Altos Vila Paiva;-23,143;-45,92;2019-02-14 14:10:00.0;0,0
SÃO JOSÉ DOS CAMPOS;354990406A;SP;Altos Vila Paiva;-23,143;-45,92;2019-02-14 15:10:00.0;0,0
SÃO JOSÉ DOS CAMPOS;354990406A;SP;Altos Vila Paiva;-23,143;-45,92;2019-02-14 16:10:00.0;0,0
SÃO JOSÉ DOS CAMPOS;354990406A;SP;Altos Vila Paiva;-23,143;-45,92;2019-02-14 17:10:00.0;0,0
SÃO JOSÉ DOS CAMPOS;354990406A;SP;Altos Vila Paiva;-23,143;-45,92;2019-02-14 18:10:00.0;0,0
SÃO JOSÉ DOS CAMPOS;354990406A;SP;Altos Vila Paiva;-23,143;-45,92;2019-02-14 19:10:00.0;0,0
SÃO JOSÉ DOS CAMPOS;354990406A;SP;Altos Vila Paiva;-23,143;-45,92;2019-02-14 20:10:00.0;0,0
SÃO JOSÉ DOS CAMPOS;354990406A;SP;Altos Vila Paiva;-23,143;-45,92;2019-02-14 21:10:00.0;0,0
SÃO JOSÉ DOS CAMPOS;354990406A;SP;Altos Vila Paiva;-23,143;-45,92;2019-02-14 22:10:00.0;0,0
SÃO JOSÉ DOS CAMPOS;354990406A;SP;Altos Vila Paiva;-23,143;-45,92;2019-02-14 23:10:00.0;0,0
SÃO JOSÉ DOS CAMPOS;354990406A;SP;Altos Vila Paiva;-23,143;-45,92;2019-02-15 00:10:00.0;0,0
SÃO JOSÉ DOS CAMPOS;354990406A;SP;Altos Vila Paiva;-23,143;-45,92;2019-02-15 01:10:00.0;0,0
SÃO JOSÉ DOS CAMPOS;354990406A;SP;Altos Vila Paiva;-23,143;-45,92;2019-02-15 02:10:00.0;0,0
SÃO JOSÉ DOS CAMPOS;354990406A;SP;Altos Vila Paiva;-23,143;-45,92;2019-02-15 03:10:00.0;0,0
SÃO JOSÉ DOS CAMPOS;354990406A;SP;Altos Vila Paiva;-23,143;-45,92;2019-02-15 04:10:00.0;0,0
SÃO JOSÉ DOS CAMPOS;354990406A;SP;Altos Vila Paiva;-23,143;-45,92;2019-02-15 05:10:00.0;0,0
SÃO JOSÉ DOS CAMPOS;354990406A;SP;Altos Vila Paiva;-23,143;-45,92;2019-02-15 06:10:00.0;0,0
SÃO JOSÉ DOS CAMPOS;354990406A;SP;Altos Vila Paiva;-23,143;-45,92;2019-02-15 07:10:00.0;0,0
SÃO JOSÉ DOS CAMPOS;354990406A;SP;Altos Vila Paiva;-23,143;-45,92;2019-02-15 08:10:00.0;0,0
SÃO JOSÉ DOS CAMPOS;354990406A;SP;Altos Vila Paiva;-23,143;-45,92;2019-02-15 09:10:00.0;0,0
SÃO JOSÉ DOS CAMPOS;354990406A;SP;Altos Vila Paiva;-23,143;-45,92;2019-02-15 10:10:00.0;0,0
SÃO JOSÉ DOS CAMPOS;354990406A;SP;Altos Vila Paiva;-23,143;-45,92;2019-02-15 11:10:00.0;0,0
SÃO JOSÉ DOS CAMPOS;354990406A;SP;Altos Vila Paiva;-23,143;-45,92;2019-02-15 12:10:00.0;0,0
SÃO JOSÉ DOS CAMPOS;354990406A;SP;Altos Vila Paiva;-23,143;-45,92;2019-02-15 13:10:00.0;0,0
SÃO JOSÉ DOS CAMPOS;354990406A;SP;Altos Vila Paiva;-23,143;-45,92;2019-02-15 14:10:00.0;0,0
SÃO JOSÉ DOS CAMPOS;354990406A;SP;Altos Vila Paiva;-23,143;-45,92;2019-02-15 15:10:00.0;0,0
SÃO JOSÉ DOS CAMPOS;354990406A;SP;Altos Vila Paiva;-23,143;-45,92;2019-02-15 16:10:00.0;0,0
SÃO JOSÉ DOS CAMPOS;354990406A;SP;Altos Vila Paiva;-23,143;-45,92;2019-02-15 17:10:00.0;0,0
SÃO JOSÉ DOS CAMPOS;354990406A;SP;Altos Vila Paiva;-23,143;-45,92;2019-02-15 18:10:00.0;0,0
SÃO JOSÉ DOS CAMPOS;354990406A;SP;Altos Vila Paiva;-23,143;-45,92;2019-02-15 19:10:00.0;0,0
SÃO JOSÉ DOS CAMPOS;354990406A;SP;Altos Vila Paiva;-23,143;-45,92;2019-02-15 20:10:00.0;0,0
SÃO JOSÉ DOS CAMPOS;354990406A;SP;Altos Vila Paiva;-23,143;-45,92;2019-02-15 21:10:00.0;0,0
SÃO JOSÉ DOS CAMPOS;354990406A;SP;Altos Vila Paiva;-23,143;-45,92;2019-02-15 22:10:00.0;0,0
SÃO JOSÉ DOS CAMPOS;354990406A;SP;Altos Vila Paiva;-23,143;-45,92;2019-02-15 23:10:00.0;0,0
SÃO JOSÉ DOS CAMPOS;354990406A;SP;Altos Vila Paiva;-23,143;-45,92;2019-02-16 00:10:00.0;0,39
SÃO JOSÉ DOS CAMPOS;354990406A;SP;Altos Vila Paiva;-23,143;-45,92;2019-02-16 00:20:00.0;0,59
SÃO JOSÉ DOS CAMPOS;354990406A;SP;Altos Vila Paiva;-23,143;-45,92;2019-02-16 00:30:00.0;1,37
SÃO JOSÉ DOS CAMPOS;354990406A;SP;Altos Vila Paiva;-23,143;-45,92;2019-02-16 00:40:00.0;1,57
SÃO JOSÉ DOS CAMPOS;354990406A;SP;Altos Vila Paiva;-23,143;-45,92;2019-02-16 00:50:00.0;1,77
SÃO JOSÉ DOS CAMPOS;354990406A;SP;Altos Vila Paiva;-23,143;-45,92;2019-02-16 01:00:00.0;0,98
SÃO JOSÉ DOS CAMPOS;354990406A;SP;Altos Vila Paiva;-23,143;-45,92;2019-02-16 01:10:00.0;1,97
SÃO JOSÉ DOS CAMPOS;354990406A;SP;Altos Vila Paiva;-23,143;-45,92;2019-02-16 01:20:00.0;0,98
SÃO JOSÉ DOS CAMPOS;354990406A;SP;Altos Vila Paiva;-23,143;-45,92;2019-02-16 01:30:00.0;0,98
SÃO JOSÉ DOS CAMPOS;354990406A;SP;Altos Vila Paiva;-23,143;-45,92;2019-02-16 01:40:00.0;0,98
SÃO JOSÉ DOS CAMPOS;354990406A;SP;Altos Vila Paiva;-23,143;-45,92;2019-02-16 01:50:00.0;4,33
SÃO JOSÉ DOS CAMPOS;354990406A;SP;Altos Vila Paiva;-23,143;-45,92;2019-02-16 02:00:00.0;2,75
SÃO JOSÉ DOS CAMPOS;354990406A;SP;Altos Vila Paiva;-23,143;-45,92;2019-02-16 02:10:00.0;1,18
SÃO JOSÉ DOS CAMPOS;354990406A;SP;Altos Vila Paiva;-23,143;-45,92;2019-02-16 02:20:00.0;0,59
SÃO JOSÉ DOS CAMPOS;354990406A;SP;Altos Vila Paiva;-23,143;-45,92;2019-02-16 02:30:00.0;1,37
SÃO JOSÉ DOS CAMPOS;354990406A;SP;Altos Vila Paiva;-23,143;-45,92;2019-02-16 02:40:00.0;1,57
SÃO JOSÉ DOS CAMPOS;354990406A;SP;Altos Vila Paiva;-23,143;-45,92;2019-02-16 02:50:00.0;0,79
SÃO JOSÉ DOS CAMPOS;354990406A;SP;Altos Vila Paiva;-23,143;-45,92;2019-02-16 03:00:00.0;0,79
SÃO JOSÉ DOS CAMPOS;354990406A;SP;Altos Vila Paiva;-23,143;-45,92;2019-02-16 03:10:00.0;0,79
SÃO JOSÉ DOS CAMPOS;354990406A;SP;Altos Vila Paiva;-23,143;-45,92;2019-02-16 03:20:00.0;0,39
SÃO JOSÉ DOS CAMPOS;354990406A;SP;Altos Vila Paiva;-23,143;-45,92;2019-02-16 03:30:00.0;0,39
SÃO JOSÉ DOS CAMPOS;354990406A;SP;Altos Vila Paiva;-23,143;-45,92;2019-02-16 03:40:00.0;0,2
SÃO JOSÉ DOS CAMPOS;354990406A;SP;Altos Vila Paiva;-23,143;-45,92;2019-02-16 03:50:00.0;0,2
SÃO JOSÉ DOS CAMPOS;354990406A;SP;Altos Vila Paiva;-23,143;-45,92;2019-02-16 04:00:00.0;0,2
SÃO JOSÉ DOS CAMPOS;354990406A;SP;Altos Vila Paiva;-23,143;-45,92;2019-02-16 04:10:00.0;0,2
SÃO JOSÉ DOS CAMPOS;354990406A;SP;Altos Vila Paiva;-23,143;-45,92;2019-02-16 04:50:00.0;0,2
SÃO JOSÉ DOS CAMPOS;354990406A;SP;Altos Vila Paiva;-23,143;-45,92;2019-02-16 05:10:00.0;0,0
SÃO JOSÉ DOS CAMPOS;354990406A;SP;Altos Vila Paiva;-23,143;-45,92;2019-02-16 06:10:00.0;0,0
SÃO JOSÉ DOS CAMPOS;354990406A;SP;Altos Vila Paiva;-23,143;-45,92;2019-02-16 07:10:00.0;0,0
SÃO JOSÉ DOS CAMPOS;354990406A;SP;Altos Vila Paiva;-23,143;-45,92;2019-02-16 08:10:00.0;0,0
SÃO JOSÉ DOS CAMPOS;354990406A;SP;Altos Vila Paiva;-23,143;-45,92;2019-02-16 09:10:00.0;0,0
SÃO JOSÉ DOS CAMPOS;354990406A;SP;Altos Vila Paiva;-23,143;-45,92;2019-02-16 10:10:00.0;0,0
SÃO JOSÉ DOS CAMPOS;354990406A;SP;Altos Vila Paiva;-23,143;-45,92;2019-02-16 11:10:00.0;0,2
SÃO JOSÉ DOS CAMPOS;354990406A;SP;Altos Vila Paiva;-23,143;-45,92;2019-02-16 11:20:00.0;0,2
SÃO JOSÉ DOS CAMPOS;354990406A;SP;Altos Vila Paiva;-23,143;-45,92;2019-02-16 11:30:00.0;0,2
SÃO JOSÉ DOS CAMPOS;354990406A;SP;Altos Vila Paiva;-23,143;-45,92;2019-02-16 12:10:00.0;0,0
SÃO JOSÉ DOS CAMPOS;354990406A;SP;Altos Vila Paiva;-23,143;-45,92;2019-02-16 13:10:00.0;0,0
SÃO JOSÉ DOS CAMPOS;354990406A;SP;Altos Vila Paiva;-23,143;-45,92;2019-02-16 13:40:00.0;0,2
SÃO JOSÉ DOS CAMPOS;354990406A;SP;Altos Vila Paiva;-23,143;-45,92;2019-02-16 17:00:00.0;0,2
SÃO JOSÉ DOS CAMPOS;354990406A;SP;Altos Vila Paiva;-23,143;-45,92;2019-02-16 17:10:00.0;0,2
SÃO JOSÉ DOS CAMPOS;354990406A;SP;Altos Vila Paiva;-23,143;-45,92;2019-02-16 17:20:00.0;0,39
SÃO JOSÉ DOS CAMPOS;354990406A;SP;Altos Vila Paiva;-23,143;-45,92;2019-02-16 19:10:00.0;0,0
SÃO JOSÉ DOS CAMPOS;354990406A;SP;Altos Vila Paiva;-23,143;-45,92;2019-02-16 20:10:00.0;0,0
SÃO JOSÉ DOS CAMPOS;354990406A;SP;Altos Vila Paiva;-23,143;-45,92;2019-02-16 21:10:00.0;0,0
SÃO JOSÉ DOS CAMPOS;354990406A;SP;Altos Vila Paiva;-23,143;-45,92;2019-02-16 22:10:00.0;0,0
SÃO JOSÉ DOS CAMPOS;354990406A;SP;Altos Vila Paiva;-23,143;-45,92;2019-02-16 23:10:00.0;0,0
SÃO JOSÉ DOS CAMPOS;354990406A;SP;Altos Vila Paiva;-23,143;-45,92;2019-02-17 00:10:00.0;0,0
SÃO JOSÉ DOS CAMPOS;354990406A;SP;Altos Vila Paiva;-23,143;-45,92;2019-02-17 01:10:00.0;0,0
SÃO JOSÉ DOS CAMPOS;354990406A;SP;Altos Vila Paiva;-23,143;-45,92;2019-02-17 02:10:00.0;0,0
SÃO JOSÉ DOS CAMPOS;354990406A;SP;Altos Vila Paiva;-23,143;-45,92;2019-02-17 03:10:00.0;0,0
SÃO JOSÉ DOS CAMPOS;354990406A;SP;Altos Vila Paiva;-23,143;-45,92;2019-02-17 04:10:00.0;0,0
SÃO JOSÉ DOS CAMPOS;354990406A;SP;Altos Vila Paiva;-23,143;-45,92;2019-02-17 05:10:00.0;0,0
SÃO JOSÉ DOS CAMPOS;354990406A;SP;Altos Vila Paiva;-23,143;-45,92;2019-02-17 06:10:00.0;0,0
SÃO JOSÉ DOS CAMPOS;354990406A;SP;Altos Vila Paiva;-23,143;-45,92;2019-02-17 07:10:00.0;0,0
SÃO JOSÉ DOS CAMPOS;354990406A;SP;Altos Vila Paiva;-23,143;-45,92;2019-02-17 07:20:00.0;0,2
SÃO JOSÉ DOS CAMPOS;354990406A;SP;Altos Vila Paiva;-23,143;-45,92;2019-02-17 08:10:00.0;0,0
SÃO JOSÉ DOS CAMPOS;354990406A;SP;Altos Vila Paiva;-23,143;-45,92;2019-02-17 09:10:00.0;0,0
SÃO JOSÉ DOS CAMPOS;354990406A;SP;Altos Vila Paiva;-23,143;-45,92;2019-02-17 10:10:00.0;0,0
SÃO JOSÉ DOS CAMPOS;354990406A;SP;Altos Vila Paiva;-23,143;-45,92;2019-02-17 11:10:00.0;0,0
SÃO JOSÉ DOS CAMPOS;354990406A;SP;Altos Vila Paiva;-23,143;-45,92;2019-02-17 12:10:00.0;0,0
SÃO JOSÉ DOS CAMPOS;354990406A;SP;Altos Vila Paiva;-23,143;-45,92;2019-02-17 13:10:00.0;0,0
SÃO JOSÉ DOS CAMPOS;354990406A;SP;Altos Vila Paiva;-23,143;-45,92;2019-02-17 14:10:00.0;0,0
SÃO JOSÉ DOS CAMPOS;354990406A;SP;Altos Vila Paiva;-23,143;-45,92;2019-02-17 15:10:00.0;0,0
SÃO JOSÉ DOS CAMPOS;354990406A;SP;Altos Vila Paiva;-23,143;-45,92;2019-02-17 16:00:00.0;0,2
SÃO JOSÉ DOS CAMPOS;354990406A;SP;Altos Vila Paiva;-23,143;-45,92;2019-02-17 16:10:00.0;0,0
SÃO JOSÉ DOS CAMPOS;354990406A;SP;Altos Vila Paiva;-23,143;-45,92;2019-02-17 16:40:00.0;1,18
SÃO JOSÉ DOS CAMPOS;354990406A;SP;Altos Vila Paiva;-23,143;-45,92;2019-02-17 17:10:00.0;0,0
SÃO JOSÉ DOS CAMPOS;354990406A;SP;Altos Vila Paiva;-23,143;-45,92;2019-02-17 18:10:00.0;0,39
SÃO JOSÉ DOS CAMPOS;354990406A;SP;Altos Vila Paiva;-23,143;-45,92;2019-02-17 18:20:00.0;0,2
SÃO JOSÉ DOS CAMPOS;354990406A;SP;Altos Vila Paiva;-23,143;-45,92;2019-02-17 19:10:00.0;0,0
SÃO JOSÉ DOS CAMPOS;354990406A;SP;Altos Vila Paiva;-23,143;-45,92;2019-02-17 20:10:00.0;0,0
SÃO JOSÉ DOS CAMPOS;354990406A;SP;Altos Vila Paiva;-23,143;-45,92;2019-02-17 21:10:00.0;0,0
SÃO JOSÉ DOS CAMPOS;354990406A;SP;Altos Vila Paiva;-23,143;-45,92;2019-02-17 22:10:00.0;0,0
SÃO JOSÉ DOS CAMPOS;354990406A;SP;Altos Vila Paiva;-23,143;-45,92;2019-02-17 23:10:00.0;0,0
SÃO JOSÉ DOS CAMPOS;354990406A;SP;Altos Vila Paiva;-23,143;-45,92;2019-02-18 00:10:00.0;0,0
SÃO JOSÉ DOS CAMPOS;354990406A;SP;Altos Vila Paiva;-23,143;-45,92;2019-02-18 01:10:00.0;0,0
SÃO JOSÉ DOS CAMPOS;354990406A;SP;Altos Vila Paiva;-23,143;-45,92;2019-02-18 02:10:00.0;0,0
SÃO JOSÉ DOS CAMPOS;354990406A;SP;Altos Vila Paiva;-23,143;-45,92;2019-02-18 03:10:00.0;0,0
SÃO JOSÉ DOS CAMPOS;354990406A;SP;Altos Vila Paiva;-23,143;-45,92;2019-02-18 04:10:00.0;0,0
SÃO JOSÉ DOS CAMPOS;354990406A;SP;Altos Vila Paiva;-23,143;-45,92;2019-02-18 05:10:00.0;0,0
SÃO JOSÉ DOS CAMPOS;354990406A;SP;Altos Vila Paiva;-23,143;-45,92;2019-02-18 06:10:00.0;0,0
SÃO JOSÉ DOS CAMPOS;354990406A;SP;Altos Vila Paiva;-23,143;-45,92;2019-02-18 07:10:00.0;0,0
SÃO JOSÉ DOS CAMPOS;354990406A;SP;Altos Vila Paiva;-23,143;-45,92;2019-02-18 08:10:00.0;0,0
SÃO JOSÉ DOS CAMPOS;354990406A;SP;Altos Vila Paiva;-23,143;-45,92;2019-02-18 09:10:00.0;0,0
SÃO JOSÉ DOS CAMPOS;354990406A;SP;Altos Vila Paiva;-23,143;-45,92;2019-02-18 10:10:00.0;0,0
SÃO JOSÉ DOS CAMPOS;354990406A;SP;Altos Vila Paiva;-23,143;-45,92;2019-02-18 11:10:00.0;0,0
SÃO JOSÉ DOS CAMPOS;354990406A;SP;Altos Vila Paiva;-23,143;-45,92;2019-02-18 12:10:00.0;0,0
SÃO JOSÉ DOS CAMPOS;354990406A;SP;Altos Vila Paiva;-23,143;-45,92;2019-02-18 13:10:00.0;0,0
SÃO JOSÉ DOS CAMPOS;354990406A;SP;Altos Vila Paiva;-23,143;-45,92;2019-02-18 14:10:00.0;0,0
SÃO JOSÉ DOS CAMPOS;354990406A;SP;Altos Vila Paiva;-23,143;-45,92;2019-02-18 15:10:00.0;0,0
SÃO JOSÉ DOS CAMPOS;354990406A;SP;Altos Vila Paiva;-23,143;-45,92;2019-02-18 16:10:00.0;0,0
SÃO JOSÉ DOS CAMPOS;354990406A;SP;Altos Vila Paiva;-23,143;-45,92;2019-02-18 17:10:00.0;0,0
SÃO JOSÉ DOS CAMPOS;354990406A;SP;Altos Vila Paiva;-23,143;-45,92;2019-02-18 18:10:00.0;0,0
SÃO JOSÉ DOS CAMPOS;354990406A;SP;Altos Vila Paiva;-23,143;-45,92;2019-02-18 19:10:00.0;0,0
SÃO JOSÉ DOS CAMPOS;354990406A;SP;Altos Vila Paiva;-23,143;-45,92;2019-02-18 20:10:00.0;0,0
SÃO JOSÉ DOS CAMPOS;354990406A;SP;Altos Vila Paiva;-23,143;-45,92;2019-02-18 21:10:00.0;0,0
SÃO JOSÉ DOS CAMPOS;354990406A;SP;Altos Vila Paiva;-23,143;-45,92;2019-02-18 22:10:00.0;0,0
SÃO JOSÉ DOS CAMPOS;354990406A;SP;Altos Vila Paiva;-23,143;-45,92;2019-02-18 23:10:00.0;0,0
SÃO JOSÉ DOS CAMPOS;354990406A;SP;Altos Vila Paiva;-23,143;-45,92;2019-02-19 00:10:00.0;0,0
SÃO JOSÉ DOS CAMPOS;354990406A;SP;Altos Vila Paiva;-23,143;-45,92;2019-02-19 01:10:00.0;0,0
SÃO JOSÉ DOS CAMPOS;354990406A;SP;Altos Vila Paiva;-23,143;-45,92;2019-02-19 02:10:00.0;0,0
SÃO JOSÉ DOS CAMPOS;354990406A;SP;Altos Vila Paiva;-23,143;-45,92;2019-02-19 03:10:00.0;0,0
SÃO JOSÉ DOS CAMPOS;354990406A;SP;Altos Vila Paiva;-23,143;-45,92;2019-02-19 04:10:00.0;0,0
SÃO JOSÉ DOS CAMPOS;354990406A;SP;Altos Vila Paiva;-23,143;-45,92;2019-02-19 05:10:00.0;0,0
SÃO JOSÉ DOS CAMPOS;354990406A;SP;Altos Vila Paiva;-23,143;-45,92;2019-02-19 06:10:00.0;0,0
SÃO JOSÉ DOS CAMPOS;354990406A;SP;Altos Vila Paiva;-23,143;-45,92;2019-02-19 07:10:00.0;0,0
SÃO JOSÉ DOS CAMPOS;354990406A;SP;Altos Vila Paiva;-23,143;-45,92;2019-02-19 08:10:00.0;0,0
SÃO JOSÉ DOS CAMPOS;354990406A;SP;Altos Vila Paiva;-23,143;-45,92;2019-02-19 09:10:00.0;0,0
SÃO JOSÉ DOS CAMPOS;354990406A;SP;Altos Vila Paiva;-23,143;-45,92;2019-02-19 10:10:00.0;0,0
SÃO JOSÉ DOS CAMPOS;354990406A;SP;Altos Vila Paiva;-23,143;-45,92;2019-02-19 11:10:00.0;0,0
SÃO JOSÉ DOS CAMPOS;354990406A;SP;Altos Vila Paiva;-23,143;-45,92;2019-02-19 12:10:00.0;0,0
SÃO JOSÉ DOS CAMPOS;354990406A;SP;Altos Vila Paiva;-23,143;-45,92;2019-02-19 13:10:00.0;0,0
SÃO JOSÉ DOS CAMPOS;354990406A;SP;Altos Vila Paiva;-23,143;-45,92;2019-02-19 14:10:00.0;0,0
SÃO JOSÉ DOS CAMPOS;354990406A;SP;Altos Vila Paiva;-23,143;-45,92;2019-02-19 15:10:00.0;0,0
SÃO JOSÉ DOS CAMPOS;354990406A;SP;Altos Vila Paiva;-23,143;-45,92;2019-02-19 16:10:00.0;0,0
SÃO JOSÉ DOS CAMPOS;354990406A;SP;Altos Vila Paiva;-23,143;-45,92;2019-02-19 17:10:00.0;0,0
SÃO JOSÉ DOS CAMPOS;354990406A;SP;Altos Vila Paiva;-23,143;-45,92;2019-02-19 18:10:00.0;0,0
SÃO JOSÉ DOS CAMPOS;354990406A;SP;Altos Vila Paiva;-23,143;-45,92;2019-02-19 19:10:00.0;0,0
SÃO JOSÉ DOS CAMPOS;354990406A;SP;Altos Vila Paiva;-23,143;-45,92;2019-02-19 20:10:00.0;0,0
SÃO JOSÉ DOS CAMPOS;354990406A;SP;Altos Vila Paiva;-23,143;-45,92;2019-02-19 21:10:00.0;0,0
SÃO JOSÉ DOS CAMPOS;354990406A;SP;Altos Vila Paiva;-23,143;-45,92;2019-02-19 22:10:00.0;0,0
SÃO JOSÉ DOS CAMPOS;354990406A;SP;Altos Vila Paiva;-23,143;-45,92;2019-02-19 23:10:00.0;0,0
SÃO JOSÉ DOS CAMPOS;354990406A;SP;Altos Vila Paiva;-23,143;-45,92;2019-02-20 00:10:00.0;0,0
SÃO JOSÉ DOS CAMPOS;354990406A;SP;Altos Vila Paiva;-23,143;-45,92;2019-02-20 01:10:00.0;0,0
SÃO JOSÉ DOS CAMPOS;354990406A;SP;Altos Vila Paiva;-23,143;-45,92;2019-02-20 02:10:00.0;0,0
SÃO JOSÉ DOS CAMPOS;354990406A;SP;Altos Vila Paiva;-23,143;-45,92;2019-02-20 03:10:00.0;0,0
SÃO JOSÉ DOS CAMPOS;354990406A;SP;Altos Vila Paiva;-23,143;-45,92;2019-02-20 04:10:00.0;0,0
SÃO JOSÉ DOS CAMPOS;354990406A;SP;Altos Vila Paiva;-23,143;-45,92;2019-02-20 05:10:00.0;0,0
SÃO JOSÉ DOS CAMPOS;354990406A;SP;Altos Vila Paiva;-23,143;-45,92;2019-02-20 06:10:00.0;0,0
SÃO JOSÉ DOS CAMPOS;354990406A;SP;Altos Vila Paiva;-23,143;-45,92;2019-02-20 07:10:00.0;0,0
SÃO JOSÉ DOS CAMPOS;354990406A;SP;Altos Vila Paiva;-23,143;-45,92;2019-02-20 08:10:00.0;0,0
SÃO JOSÉ DOS CAMPOS;354990406A;SP;Altos Vila Paiva;-23,143;-45,92;2019-02-20 09:10:00.0;0,0
SÃO JOSÉ DOS CAMPOS;354990406A;SP;Altos Vila Paiva;-23,143;-45,92;2019-02-20 10:10:00.0;0,0
SÃO JOSÉ DOS CAMPOS;354990406A;SP;Altos Vila Paiva;-23,143;-45,92;2019-02-20 11:10:00.0;0,0
SÃO JOSÉ DOS CAMPOS;354990406A;SP;Altos Vila Paiva;-23,143;-45,92;2019-02-20 12:10:00.0;0,0
SÃO JOSÉ DOS CAMPOS;354990406A;SP;Altos Vila Paiva;-23,143;-45,92;2019-02-20 13:10:00.0;0,0
SÃO JOSÉ DOS CAMPOS;354990406A;SP;Altos Vila Paiva;-23,143;-45,92;2019-02-20 14:10:00.0;0,0
SÃO JOSÉ DOS CAMPOS;354990406A;SP;Altos Vila Paiva;-23,143;-45,92;2019-02-20 15:10:00.0;0,0
SÃO JOSÉ DOS CAMPOS;354990406A;SP;Altos Vila Paiva;-23,143;-45,92;2019-02-20 16:10:00.0;0,0
SÃO JOSÉ DOS CAMPOS;354990406A;SP;Altos Vila Paiva;-23,143;-45,92;2019-02-20 16:40:00.0;0,2
SÃO JOSÉ DOS CAMPOS;354990406A;SP;Altos Vila Paiva;-23,143;-45,92;2019-02-20 17:10:00.0;0,0
SÃO JOSÉ DOS CAMPOS;354990406A;SP;Altos Vila Paiva;-23,143;-45,92;2019-02-20 17:50:00.0;0,79
SÃO JOSÉ DOS CAMPOS;354990406A;SP;Altos Vila Paiva;-23,143;-45,92;2019-02-20 18:00:00.0;0,39
SÃO JOSÉ DOS CAMPOS;354990406A;SP;Altos Vila Paiva;-23,143;-45,92;2019-02-20 18:10:00.0;0,0
SÃO JOSÉ DOS CAMPOS;354990406A;SP;Altos Vila Paiva;-23,143;-45,92;2019-02-20 18:20:00.0;0,39
SÃO JOSÉ DOS CAMPOS;354990406A;SP;Altos Vila Paiva;-23,143;-45,92;2019-02-20 18:30:00.0;0,39
SÃO JOSÉ DOS CAMPOS;354990406A;SP;Altos Vila Paiva;-23,143;-45,92;2019-02-20 18:40:00.0;0,2
SÃO JOSÉ DOS CAMPOS;354990406A;SP;Altos Vila Paiva;-23,143;-45,92;2019-02-20 19:10:00.0;0,0
SÃO JOSÉ DOS CAMPOS;354990406A;SP;Altos Vila Paiva;-23,143;-45,92;2019-02-20 20:10:00.0;0,0
SÃO JOSÉ DOS CAMPOS;354990406A;SP;Altos Vila Paiva;-23,143;-45,92;2019-02-20 21:10:00.0;0,0
SÃO JOSÉ DOS CAMPOS;354990406A;SP;Altos Vila Paiva;-23,143;-45,92;2019-02-20 22:10:00.0;0,0
SÃO JOSÉ DOS CAMPOS;354990406A;SP;Altos Vila Paiva;-23,143;-45,92;2019-02-20 23:10:00.0;0,0
SÃO JOSÉ DOS CAMPOS;354990406A;SP;Altos Vila Paiva;-23,143;-45,92;2019-02-20 23:20:00.0;0,2
SÃO JOSÉ DOS CAMPOS;354990406A;SP;Altos Vila Paiva;-23,143;-45,92;2019-02-21 00:10:00.0;0,0
SÃO JOSÉ DOS CAMPOS;354990406A;SP;Altos Vila Paiva;-23,143;-45,92;2019-02-21 01:10:00.0;0,0
SÃO JOSÉ DOS CAMPOS;354990406A;SP;Altos Vila Paiva;-23,143;-45,92;2019-02-21 02:10:00.0;0,0
SÃO JOSÉ DOS CAMPOS;354990406A;SP;Altos Vila Paiva;-23,143;-45,92;2019-02-21 03:10:00.0;0,0
SÃO JOSÉ DOS CAMPOS;354990406A;SP;Altos Vila Paiva;-23,143;-45,92;2019-02-21 04:10:00.0;0,0
SÃO JOSÉ DOS CAMPOS;354990406A;SP;Altos Vila Paiva;-23,143;-45,92;2019-02-21 05:10:00.0;0,0
SÃO JOSÉ DOS CAMPOS;354990406A;SP;Altos Vila Paiva;-23,143;-45,92;2019-02-21 06:10:00.0;0,0
SÃO JOSÉ DOS CAMPOS;354990406A;SP;Altos Vila Paiva;-23,143;-45,92;2019-02-21 07:10:00.0;0,0
SÃO JOSÉ DOS CAMPOS;354990406A;SP;Altos Vila Paiva;-23,143;-45,92;2019-02-21 08:10:00.0;0,0
SÃO JOSÉ DOS CAMPOS;354990406A;SP;Altos Vila Paiva;-23,143;-45,92;2019-02-21 09:10:00.0;0,0
SÃO JOSÉ DOS CAMPOS;354990406A;SP;Altos Vila Paiva;-23,143;-45,92;2019-02-21 10:10:00.0;0,0
SÃO JOSÉ DOS CAMPOS;354990406A;SP;Altos Vila Paiva;-23,143;-45,92;2019-02-21 10:20:00.0;0,2
SÃO JOSÉ DOS CAMPOS;354990406A;SP;Altos Vila Paiva;-23,143;-45,92;2019-02-21 11:10:00.0;0,0
SÃO JOSÉ DOS CAMPOS;354990406A;SP;Altos Vila Paiva;-23,143;-45,92;2019-02-21 12:10:00.0;0,0
SÃO JOSÉ DOS CAMPOS;354990406A;SP;Altos Vila Paiva;-23,143;-45,92;2019-02-21 13:10:00.0;0,0
SÃO JOSÉ DOS CAMPOS;354990406A;SP;Altos Vila Paiva;-23,143;-45,92;2019-02-21 14:10:00.0;0,0
SÃO JOSÉ DOS CAMPOS;354990406A;SP;Altos Vila Paiva;-23,143;-45,92;2019-02-21 15:10:00.0;0,0
SÃO JOSÉ DOS CAMPOS;354990406A;SP;Altos Vila Paiva;-23,143;-45,92;2019-02-21 16:10:00.0;0,0
SÃO JOSÉ DOS CAMPOS;354990406A;SP;Altos Vila Paiva;-23,143;-45,92;2019-02-21 17:10:00.0;0,0
SÃO JOSÉ DOS CAMPOS;354990406A;SP;Altos Vila Paiva;-23,143;-45,92;2019-02-21 18:10:00.0;0,0
SÃO JOSÉ DOS CAMPOS;354990406A;SP;Altos Vila Paiva;-23,143;-45,92;2019-02-21 19:10:00.0;0,0
SÃO JOSÉ DOS CAMPOS;354990406A;SP;Altos Vila Paiva;-23,143;-45,92;2019-02-21 20:10:00.0;0,0
SÃO JOSÉ DOS CAMPOS;354990406A;SP;Altos Vila Paiva;-23,143;-45,92;2019-02-21 21:00:00.0;8,56
SÃO JOSÉ DOS CAMPOS;354990406A;SP;Altos Vila Paiva;-23,143;-45,92;2019-02-21 21:10:00.0;7,18
SÃO JOSÉ DOS CAMPOS;354990406A;SP;Altos Vila Paiva;-23,143;-45,92;2019-02-21 21:20:00.0;0,2
SÃO JOSÉ DOS CAMPOS;354990406A;SP;Altos Vila Paiva;-23,143;-45,92;2019-02-21 22:10:00.0;0,2
SÃO JOSÉ DOS CAMPOS;354990406A;SP;Altos Vila Paiva;-23,143;-45,92;2019-02-21 22:20:00.0;2,36
SÃO JOSÉ DOS CAMPOS;354990406A;SP;Altos Vila Paiva;-23,143;-45,92;2019-02-21 22:30:00.0;2,76
SÃO JOSÉ DOS CAMPOS;354990406A;SP;Altos Vila Paiva;-23,143;-45,92;2019-02-21 22:40:00.0;0,2
SÃO JOSÉ DOS CAMPOS;354990406A;SP;Altos Vila Paiva;-23,143;-45,92;2019-02-21 22:50:00.0;0,98
SÃO JOSÉ DOS CAMPOS;354990406A;SP;Altos Vila Paiva;-23,143;-45,92;2019-02-21 23:10:00.0;0,0
SÃO JOSÉ DOS CAMPOS;354990406A;SP;Altos Vila Paiva;-23,143;-45,92;2019-02-22 00:10:00.0;0,0
SÃO JOSÉ DOS CAMPOS;354990406A;SP;Altos Vila Paiva;-23,143;-45,92;2019-02-22 01:10:00.0;0,2
SÃO JOSÉ DOS CAMPOS;354990406A;SP;Altos Vila Paiva;-23,143;-45,92;2019-02-22 02:10:00.0;0,0
SÃO JOSÉ DOS CAMPOS;354990406A;SP;Altos Vila Paiva;-23,143;-45,92;2019-02-22 03:10:00.0;0,0
SÃO JOSÉ DOS CAMPOS;354990406A;SP;Altos Vila Paiva;-23,143;-45,92;2019-02-22 04:10:00.0;0,0
SÃO JOSÉ DOS CAMPOS;354990406A;SP;Altos Vila Paiva;-23,143;-45,92;2019-02-22 05:10:00.0;0,0
SÃO JOSÉ DOS CAMPOS;354990406A;SP;Altos Vila Paiva;-23,143;-45,92;2019-02-22 06:10:00.0;0,0
SÃO JOSÉ DOS CAMPOS;354990406A;SP;Altos Vila Paiva;-23,143;-45,92;2019-02-22 07:10:00.0;0,0
SÃO JOSÉ DOS CAMPOS;354990406A;SP;Altos Vila Paiva;-23,143;-45,92;2019-02-22 08:10:00.0;0,0
SÃO JOSÉ DOS CAMPOS;354990406A;SP;Altos Vila Paiva;-23,143;-45,92;2019-02-22 09:10:00.0;0,0
SÃO JOSÉ DOS CAMPOS;354990406A;SP;Altos Vila Paiva;-23,143;-45,92;2019-02-22 10:10:00.0;0,0
SÃO JOSÉ DOS CAMPOS;354990406A;SP;Altos Vila Paiva;-23,143;-45,92;2019-02-22 11:10:00.0;0,0
SÃO JOSÉ DOS CAMPOS;354990406A;SP;Altos Vila Paiva;-23,143;-45,92;2019-02-22 12:10:00.0;0,0
SÃO JOSÉ DOS CAMPOS;354990406A;SP;Altos Vila Paiva;-23,143;-45,92;2019-02-22 13:10:00.0;0,0
SÃO JOSÉ DOS CAMPOS;354990406A;SP;Altos Vila Paiva;-23,143;-45,92;2019-02-22 14:10:00.0;0,0
SÃO JOSÉ DOS CAMPOS;354990406A;SP;Altos Vila Paiva;-23,143;-45,92;2019-02-22 15:10:00.0;0,0
SÃO JOSÉ DOS CAMPOS;354990406A;SP;Altos Vila Paiva;-23,143;-45,92;2019-02-22 16:10:00.0;0,0
SÃO JOSÉ DOS CAMPOS;354990406A;SP;Altos Vila Paiva;-23,143;-45,92;2019-02-22 17:10:00.0;0,0
SÃO JOSÉ DOS CAMPOS;354990406A;SP;Altos Vila Paiva;-23,143;-45,92;2019-02-22 17:20:00.0;6,31
SÃO JOSÉ DOS CAMPOS;354990406A;SP;Altos Vila Paiva;-23,143;-45,92;2019-02-22 17:30:00.0;3,54
SÃO JOSÉ DOS CAMPOS;354990406A;SP;Altos Vila Paiva;-23,143;-45,92;2019-02-22 17:40:00.0;1,18
SÃO JOSÉ DOS CAMPOS;354990406A;SP;Altos Vila Paiva;-23,143;-45,92;2019-02-22 17:50:00.0;0,59
SÃO JOSÉ DOS CAMPOS;354990406A;SP;Altos Vila Paiva;-23,143;-45,92;2019-02-22 18:00:00.0;0,39
SÃO JOSÉ DOS CAMPOS;354990406A;SP;Altos Vila Paiva;-23,143;-45,92;2019-02-22 18:10:00.0;0,39
SÃO JOSÉ DOS CAMPOS;354990406A;SP;Altos Vila Paiva;-23,143;-45,92;2019-02-22 18:20:00.0;0,59
SÃO JOSÉ DOS CAMPOS;354990406A;SP;Altos Vila Paiva;-23,143;-45,92;2019-02-22 18:30:00.0;0,2
SÃO JOSÉ DOS CAMPOS;354990406A;SP;Altos Vila Paiva;-23,143;-45,92;2019-02-22 18:40:00.0;0,39
SÃO JOSÉ DOS CAMPOS;354990406A;SP;Altos Vila Paiva;-23,143;-45,92;2019-02-22 18:50:00.0;0,2
SÃO JOSÉ DOS CAMPOS;354990406A;SP;Altos Vila Paiva;-23,143;-45,92;2019-02-22 19:10:00.0;2,95
SÃO JOSÉ DOS CAMPOS;354990406A;SP;Altos Vila Paiva;-23,143;-45,92;2019-02-22 19:20:00.0;2,16
SÃO JOSÉ DOS CAMPOS;354990406A;SP;Altos Vila Paiva;-23,143;-45,92;2019-02-22 19:30:00.0;0,79
SÃO JOSÉ DOS CAMPOS;354990406A;SP;Altos Vila Paiva;-23,143;-45,92;2019-02-22 20:00:00.0;0,2
SÃO JOSÉ DOS CAMPOS;354990406A;SP;Altos Vila Paiva;-23,143;-45,92;2019-02-22 20:10:00.0;0,39
SÃO JOSÉ DOS CAMPOS;354990406A;SP;Altos Vila Paiva;-23,143;-45,92;2019-02-22 20:20:00.0;0,39
SÃO JOSÉ DOS CAMPOS;354990406A;SP;Altos Vila Paiva;-23,143;-45,92;2019-02-22 20:30:00.0;0,59
SÃO JOSÉ DOS CAMPOS;354990406A;SP;Altos Vila Paiva;-23,143;-45,92;2019-02-22 20:40:00.0;0,39
SÃO JOSÉ DOS CAMPOS;354990406A;SP;Altos Vila Paiva;-23,143;-45,92;2019-02-22 20:50:00.0;0,2
SÃO JOSÉ DOS CAMPOS;354990406A;SP;Altos Vila Paiva;-23,143;-45,92;2019-02-22 21:10:00.0;0,2
SÃO JOSÉ DOS CAMPOS;354990406A;SP;Altos Vila Paiva;-23,143;-45,92;2019-02-22 21:20:00.0;0,0
SÃO JOSÉ DOS CAMPOS;354990406A;SP;Altos Vila Paiva;-23,143;-45,92;2019-02-22 21:40:00.0;0,2
SÃO JOSÉ DOS CAMPOS;354990406A;SP;Altos Vila Paiva;-23,143;-45,92;2019-02-22 21:50:00.0;0,2
SÃO JOSÉ DOS CAMPOS;354990406A;SP;Altos Vila Paiva;-23,143;-45,92;2019-02-22 22:00:00.0;0,2
SÃO JOSÉ DOS CAMPOS;354990406A;SP;Altos Vila Paiva;-23,143;-45,92;2019-02-22 22:10:00.0;0,2
SÃO JOSÉ DOS CAMPOS;354990406A;SP;Altos Vila Paiva;-23,143;-45,92;2019-02-22 22:20:00.0;0,39
SÃO JOSÉ DOS CAMPOS;354990406A;SP;Altos Vila Paiva;-23,143;-45,92;2019-02-22 22:30:00.0;0,2
SÃO JOSÉ DOS CAMPOS;354990406A;SP;Altos Vila Paiva;-23,143;-45,92;2019-02-22 22:40:00.0;0,2
SÃO JOSÉ DOS CAMPOS;354990406A;SP;Altos Vila Paiva;-23,143;-45,92;2019-02-22 23:00:00.0;0,2
SÃO JOSÉ DOS CAMPOS;354990406A;SP;Altos Vila Paiva;-23,143;-45,92;2019-02-22 23:10:00.0;0,0
SÃO JOSÉ DOS CAMPOS;354990406A;SP;Altos Vila Paiva;-23,143;-45,92;2019-02-23 00:10:00.0;0,0
SÃO JOSÉ DOS CAMPOS;354990406A;SP;Altos Vila Paiva;-23,143;-45,92;2019-02-23 01:10:00.0;0,0
SÃO JOSÉ DOS CAMPOS;354990406A;SP;Altos Vila Paiva;-23,143;-45,92;2019-02-23 02:10:00.0;0,0
SÃO JOSÉ DOS CAMPOS;354990406A;SP;Altos Vila Paiva;-23,143;-45,92;2019-02-23 03:10:00.0;0,0
SÃO JOSÉ DOS CAMPOS;354990406A;SP;Altos Vila Paiva;-23,143;-45,92;2019-02-23 04:10:00.0;0,0
SÃO JOSÉ DOS CAMPOS;354990406A;SP;Altos Vila Paiva;-23,143;-45,92;2019-02-23 05:10:00.0;0,0
SÃO JOSÉ DOS CAMPOS;354990406A;SP;Altos Vila Paiva;-23,143;-45,92;2019-02-23 06:10:00.0;0,0
SÃO JOSÉ DOS CAMPOS;354990406A;SP;Altos Vila Paiva;-23,143;-45,92;2019-02-23 07:10:00.0;0,0
SÃO JOSÉ DOS CAMPOS;354990406A;SP;Altos Vila Paiva;-23,143;-45,92;2019-02-23 08:10:00.0;0,0
SÃO JOSÉ DOS CAMPOS;354990406A;SP;Altos Vila Paiva;-23,143;-45,92;2019-02-23 09:10:00.0;0,0
SÃO JOSÉ DOS CAMPOS;354990406A;SP;Altos Vila Paiva;-23,143;-45,92;2019-02-23 10:10:00.0;0,0
SÃO JOSÉ DOS CAMPOS;354990406A;SP;Altos Vila Paiva;-23,143;-45,92;2019-02-23 11:10:00.0;0,0
SÃO JOSÉ DOS CAMPOS;354990406A;SP;Altos Vila Paiva;-23,143;-45,92;2019-02-23 12:10:00.0;0,0
SÃO JOSÉ DOS CAMPOS;354990406A;SP;Altos Vila Paiva;-23,143;-45,92;2019-02-23 13:10:00.0;0,0
SÃO JOSÉ DOS CAMPOS;354990406A;SP;Altos Vila Paiva;-23,143;-45,92;2019-02-23 14:00:00.0;0,2
SÃO JOSÉ DOS CAMPOS;354990406A;SP;Altos Vila Paiva;-23,143;-45,92;2019-02-23 14:20:00.0;0,0
SÃO JOSÉ DOS CAMPOS;354990406A;SP;Altos Vila Paiva;-23,143;-45,92;2019-02-23 15:10:00.0;0,0
SÃO JOSÉ DOS CAMPOS;354990406A;SP;Altos Vila Paiva;-23,143;-45,92;2019-02-23 16:10:00.0;0,0
SÃO JOSÉ DOS CAMPOS;354990406A;SP;Altos Vila Paiva;-23,143;-45,92;2019-02-23 17:10:00.0;0,0
SÃO JOSÉ DOS CAMPOS;354990406A;SP;Altos Vila Paiva;-23,143;-45,92;2019-02-23 18:10:00.0;0,0
SÃO JOSÉ DOS CAMPOS;354990406A;SP;Altos Vila Paiva;-23,143;-45,92;2019-02-24 03:30:00.0;0,0
SÃO JOSÉ DOS CAMPOS;354990406A;SP;Altos Vila Paiva;-23,143;-45,92;2019-02-24 04:10:00.0;0,0
SÃO JOSÉ DOS CAMPOS;354990406A;SP;Altos Vila Paiva;-23,143;-45,92;2019-02-24 05:10:00.0;0,0
SÃO JOSÉ DOS CAMPOS;354990406A;SP;Altos Vila Paiva;-23,143;-45,92;2019-02-24 06:10:00.0;0,0
SÃO JOSÉ DOS CAMPOS;354990406A;SP;Altos Vila Paiva;-23,143;-45,92;2019-02-24 07:10:00.0;0,0
SÃO JOSÉ DOS CAMPOS;354990406A;SP;Altos Vila Paiva;-23,143;-45,92;2019-02-24 08:10:00.0;0,0
SÃO JOSÉ DOS CAMPOS;354990406A;SP;Altos Vila Paiva;-23,143;-45,92;2019-02-24 09:10:00.0;0,0
SÃO JOSÉ DOS CAMPOS;354990406A;SP;Altos Vila Paiva;-23,143;-45,92;2019-02-24 10:10:00.0;0,0
SÃO JOSÉ DOS CAMPOS;354990406A;SP;Altos Vila Paiva;-23,143;-45,92;2019-02-24 11:10:00.0;0,0
SÃO JOSÉ DOS CAMPOS;354990406A;SP;Altos Vila Paiva;-23,143;-45,92;2019-02-24 12:10:00.0;0,0
SÃO JOSÉ DOS CAMPOS;354990406A;SP;Altos Vila Paiva;-23,143;-45,92;2019-02-24 13:10:00.0;0,0
SÃO JOSÉ DOS CAMPOS;354990406A;SP;Altos Vila Paiva;-23,143;-45,92;2019-02-24 14:10:00.0;0,0
SÃO JOSÉ DOS CAMPOS;354990406A;SP;Altos Vila Paiva;-23,143;-45,92;2019-02-24 15:10:00.0;0,0
SÃO JOSÉ DOS CAMPOS;354990406A;SP;Altos Vila Paiva;-23,143;-45,92;2019-02-24 16:10:00.0;0,0
SÃO JOSÉ DOS CAMPOS;354990406A;SP;Altos Vila Paiva;-23,143;-45,92;2019-02-24 17:10:00.0;0,0
SÃO JOSÉ DOS CAMPOS;354990406A;SP;Altos Vila Paiva;-23,143;-45,92;2019-02-24 18:10:00.0;0,0
SÃO JOSÉ DOS CAMPOS;354990406A;SP;Altos Vila Paiva;-23,143;-45,92;2019-02-24 19:10:00.0;0,0
SÃO JOSÉ DOS CAMPOS;354990406A;SP;Altos Vila Paiva;-23,143;-45,92;2019-02-24 20:10:00.0;0,0
SÃO JOSÉ DOS CAMPOS;354990406A;SP;Altos Vila Paiva;-23,143;-45,92;2019-02-24 21:10:00.0;0,0
SÃO JOSÉ DOS CAMPOS;354990406A;SP;Altos Vila Paiva;-23,143;-45,92;2019-02-24 22:10:00.0;0,0
SÃO JOSÉ DOS CAMPOS;354990406A;SP;Altos Vila Paiva;-23,143;-45,92;2019-02-24 23:10:00.0;0,0
SÃO JOSÉ DOS CAMPOS;354990406A;SP;Altos Vila Paiva;-23,143;-45,92;2019-02-25 00:10:00.0;0,0
SÃO JOSÉ DOS CAMPOS;354990406A;SP;Altos Vila Paiva;-23,143;-45,92;2019-02-25 01:10:00.0;0,0
SÃO JOSÉ DOS CAMPOS;354990406A;SP;Altos Vila Paiva;-23,143;-45,92;2019-02-25 02:10:00.0;0,0
SÃO JOSÉ DOS CAMPOS;354990406A;SP;Altos Vila Paiva;-23,143;-45,92;2019-02-25 03:10:00.0;0,0
SÃO JOSÉ DOS CAMPOS;354990406A;SP;Altos Vila Paiva;-23,143;-45,92;2019-02-25 04:10:00.0;0,0
SÃO JOSÉ DOS CAMPOS;354990406A;SP;Altos Vila Paiva;-23,143;-45,92;2019-02-25 05:10:00.0;0,0
SÃO JOSÉ DOS CAMPOS;354990406A;SP;Altos Vila Paiva;-23,143;-45,92;2019-02-25 06:10:00.0;0,0
SÃO JOSÉ DOS CAMPOS;354990406A;SP;Altos Vila Paiva;-23,143;-45,92;2019-02-25 07:10:00.0;0,0
SÃO JOSÉ DOS CAMPOS;354990406A;SP;Altos Vila Paiva;-23,143;-45,92;2019-02-25 08:10:00.0;0,0
SÃO JOSÉ DOS CAMPOS;354990406A;SP;Altos Vila Paiva;-23,143;-45,92;2019-02-25 09:10:00.0;0,0
SÃO JOSÉ DOS CAMPOS;354990406A;SP;Altos Vila Paiva;-23,143;-45,92;2019-02-25 10:10:00.0;0,0
SÃO JOSÉ DOS CAMPOS;354990406A;SP;Altos Vila Paiva;-23,143;-45,92;2019-02-25 11:10:00.0;0,0
SÃO JOSÉ DOS CAMPOS;354990406A;SP;Altos Vila Paiva;-23,143;-45,92;2019-02-25 12:10:00.0;0,0
SÃO JOSÉ DOS CAMPOS;354990406A;SP;Altos Vila Paiva;-23,143;-45,92;2019-02-25 13:10:00.0;0,0
SÃO JOSÉ DOS CAMPOS;354990406A;SP;Altos Vila Paiva;-23,143;-45,92;2019-02-25 14:10:00.0;0,0
SÃO JOSÉ DOS CAMPOS;354990406A;SP;Altos Vila Paiva;-23,143;-45,92;2019-02-25 15:10:00.0;0,0
SÃO JOSÉ DOS CAMPOS;354990406A;SP;Altos Vila Paiva;-23,143;-45,92;2019-02-25 16:10:00.0;0,0
SÃO JOSÉ DOS CAMPOS;354990406A;SP;Altos Vila Paiva;-23,143;-45,92;2019-02-25 17:10:00.0;0,0
SÃO JOSÉ DOS CAMPOS;354990406A;SP;Altos Vila Paiva;-23,143;-45,92;2019-02-25 18:10:00.0;0,0
SÃO JOSÉ DOS CAMPOS;354990406A;SP;Altos Vila Paiva;-23,143;-45,92;2019-02-25 19:10:00.0;0,0
SÃO JOSÉ DOS CAMPOS;354990406A;SP;Altos Vila Paiva;-23,143;-45,92;2019-02-25 20:10:00.0;0,0
SÃO JOSÉ DOS CAMPOS;354990406A;SP;Altos Vila Paiva;-23,143;-45,92;2019-02-25 21:10:00.0;0,0
SÃO JOSÉ DOS CAMPOS;354990406A;SP;Altos Vila Paiva;-23,143;-45,92;2019-02-25 21:20:00.0;0,2
SÃO JOSÉ DOS CAMPOS;354990406A;SP;Altos Vila Paiva;-23,143;-45,92;2019-02-25 21:30:00.0;2,17
SÃO JOSÉ DOS CAMPOS;354990406A;SP;Altos Vila Paiva;-23,143;-45,92;2019-02-25 21:40:00.0;0,2
SÃO JOSÉ DOS CAMPOS;354990406A;SP;Altos Vila Paiva;-23,143;-45,92;2019-02-25 21:50:00.0;0,2
SÃO JOSÉ DOS CAMPOS;354990406A;SP;Altos Vila Paiva;-23,143;-45,92;2019-02-25 22:10:00.0;0,0
SÃO JOSÉ DOS CAMPOS;354990406A;SP;Altos Vila Paiva;-23,143;-45,92;2019-02-25 23:10:00.0;0,0
SÃO JOSÉ DOS CAMPOS;354990406A;SP;Altos Vila Paiva;-23,143;-45,92;2019-02-26 00:10:00.0;0,0
SÃO JOSÉ DOS CAMPOS;354990406A;SP;Altos Vila Paiva;-23,143;-45,92;2019-02-26 01:10:00.0;0,0
SÃO JOSÉ DOS CAMPOS;354990406A;SP;Altos Vila Paiva;-23,143;-45,92;2019-02-26 01:20:00.0;0,2
SÃO JOSÉ DOS CAMPOS;354990406A;SP;Altos Vila Paiva;-23,143;-45,92;2019-02-26 01:40:00.0;0,2
SÃO JOSÉ DOS CAMPOS;354990406A;SP;Altos Vila Paiva;-23,143;-45,92;2019-02-26 02:10:00.0;0,0
SÃO JOSÉ DOS CAMPOS;354990406A;SP;Altos Vila Paiva;-23,143;-45,92;2019-02-26 03:10:00.0;2,4
SÃO JOSÉ DOS CAMPOS;354990406A;SP;Altos Vila Paiva;-23,143;-45,92;2019-02-26 03:20:00.0;4,33
SÃO JOSÉ DOS CAMPOS;354990406A;SP;Altos Vila Paiva;-23,143;-45,92;2019-02-26 03:30:00.0;5,71
SÃO JOSÉ DOS CAMPOS;354990406A;SP;Altos Vila Paiva;-23,143;-45,92;2019-02-26 03:40:00.0;1,18
SÃO JOSÉ DOS CAMPOS;354990406A;SP;Altos Vila Paiva;-23,143;-45,92;2019-02-26 03:50:00.0;0,39
SÃO JOSÉ DOS CAMPOS;354990406A;SP;Altos Vila Paiva;-23,143;-45,92;2019-02-26 04:00:00.0;0,79
SÃO JOSÉ DOS CAMPOS;354990406A;SP;Altos Vila Paiva;-23,143;-45,92;2019-02-26 04:10:00.0;0,39
SÃO JOSÉ DOS CAMPOS;354990406A;SP;Altos Vila Paiva;-23,143;-45,92;2019-02-26 04:20:00.0;0,59
SÃO JOSÉ DOS CAMPOS;354990406A;SP;Altos Vila Paiva;-23,143;-45,92;2019-02-26 04:30:00.0;0,2
SÃO JOSÉ DOS CAMPOS;354990406A;SP;Altos Vila Paiva;-23,143;-45,92;2019-02-26 04:40:00.0;0,2
SÃO JOSÉ DOS CAMPOS;354990406A;SP;Altos Vila Paiva;-23,143;-45,92;2019-02-26 04:50:00.0;0,59
SÃO JOSÉ DOS CAMPOS;354990406A;SP;Altos Vila Paiva;-23,143;-45,92;2019-02-26 05:00:00.0;0,79
SÃO JOSÉ DOS CAMPOS;354990406A;SP;Altos Vila Paiva;-23,143;-45,92;2019-02-26 05:10:00.0;2,16
SÃO JOSÉ DOS CAMPOS;354990406A;SP;Altos Vila Paiva;-23,143;-45,92;2019-02-26 05:20:00.0;0,59
SÃO JOSÉ DOS CAMPOS;354990406A;SP;Altos Vila Paiva;-23,143;-45,92;2019-02-26 05:30:00.0;0,79
SÃO JOSÉ DOS CAMPOS;354990406A;SP;Altos Vila Paiva;-23,143;-45,92;2019-02-26 05:40:00.0;0,79
SÃO JOSÉ DOS CAMPOS;354990406A;SP;Altos Vila Paiva;-23,143;-45,92;2019-02-26 05:50:00.0;0,79
SÃO JOSÉ DOS CAMPOS;354990406A;SP;Altos Vila Paiva;-23,143;-45,92;2019-02-26 06:00:00.0;0,98
SÃO JOSÉ DOS CAMPOS;354990406A;SP;Altos Vila Paiva;-23,143;-45,92;2019-02-26 06:10:00.0;0,79
SÃO JOSÉ DOS CAMPOS;354990406A;SP;Altos Vila Paiva;-23,143;-45,92;2019-02-26 06:20:00.0;0,39
SÃO JOSÉ DOS CAMPOS;354990406A;SP;Altos Vila Paiva;-23,143;-45,92;2019-02-26 06:30:00.0;0,39
SÃO JOSÉ DOS CAMPOS;354990406A;SP;Altos Vila Paiva;-23,143;-45,92;2019-02-26 06:40:00.0;0,59
SÃO JOSÉ DOS CAMPOS;354990406A;SP;Altos Vila Paiva;-23,143;-45,92;2019-02-26 06:50:00.0;0,39
SÃO JOSÉ DOS CAMPOS;354990406A;SP;Altos Vila Paiva;-23,143;-45,92;2019-02-26 07:00:00.0;0,39
SÃO JOSÉ DOS CAMPOS;354990406A;SP;Altos Vila Paiva;-23,143;-45,92;2019-02-26 07:10:00.0;0,2
SÃO JOSÉ DOS CAMPOS;354990406A;SP;Altos Vila Paiva;-23,143;-45,92;2019-02-26 07:20:00.0;0,2
SÃO JOSÉ DOS CAMPOS;354990406A;SP;Altos Vila Paiva;-23,143;-45,92;2019-02-26 07:30:00.0;0,2
SÃO JOSÉ DOS CAMPOS;354990406A;SP;Altos Vila Paiva;-23,143;-45,92;2019-02-26 07:40:00.0;0,2
SÃO JOSÉ DOS CAMPOS;354990406A;SP;Altos Vila Paiva;-23,143;-45,92;2019-02-26 07:50:00.0;0,2
SÃO JOSÉ DOS CAMPOS;354990406A;SP;Altos Vila Paiva;-23,143;-45,92;2019-02-26 08:10:00.0;0,0
SÃO JOSÉ DOS CAMPOS;354990406A;SP;Altos Vila Paiva;-23,143;-45,92;2019-02-26 08:30:00.0;0,2
SÃO JOSÉ DOS CAMPOS;354990406A;SP;Altos Vila Paiva;-23,143;-45,92;2019-02-26 09:10:00.0;0,0
SÃO JOSÉ DOS CAMPOS;354990406A;SP;Altos Vila Paiva;-23,143;-45,92;2019-02-26 09:20:00.0;0,2
SÃO JOSÉ DOS CAMPOS;354990406A;SP;Altos Vila Paiva;-23,143;-45,92;2019-02-26 10:10:00.0;0,0
SÃO JOSÉ DOS CAMPOS;354990406A;SP;Altos Vila Paiva;-23,143;-45,92;2019-02-26 11:10:00.0;0,0
SÃO JOSÉ DOS CAMPOS;354990406A;SP;Altos Vila Paiva;-23,143;-45,92;2019-02-26 11:40:00.0;0,2
SÃO JOSÉ DOS CAMPOS;354990406A;SP;Altos Vila Paiva;-23,143;-45,92;2019-02-26 11:50:00.0;0,2
SÃO JOSÉ DOS CAMPOS;354990406A;SP;Altos Vila Paiva;-23,143;-45,92;2019-02-26 12:10:00.0;0,0
SÃO JOSÉ DOS CAMPOS;354990406A;SP;Altos Vila Paiva;-23,143;-45,92;2019-02-26 13:10:00.0;0,0
SÃO JOSÉ DOS CAMPOS;354990406A;SP;Altos Vila Paiva;-23,143;-45,92;2019-02-26 14:10:00.0;0,0
SÃO JOSÉ DOS CAMPOS;354990406A;SP;Altos Vila Paiva;-23,143;-45,92;2019-02-26 15:10:00.0;0,0
SÃO JOSÉ DOS CAMPOS;354990406A;SP;Altos Vila Paiva;-23,143;-45,92;2019-02-26 16:10:00.0;0,0
SÃO JOSÉ DOS CAMPOS;354990406A;SP;Altos Vila Paiva;-23,143;-45,92;2019-02-26 17:10:00.0;0,0
SÃO JOSÉ DOS CAMPOS;354990406A;SP;Altos Vila Paiva;-23,143;-45,92;2019-02-26 17:50:00.0;5,59
SÃO JOSÉ DOS CAMPOS;354990406A;SP;Altos Vila Paiva;-23,143;-45,92;2019-02-26 18:00:00.0;10,37
SÃO JOSÉ DOS CAMPOS;354990406A;SP;Altos Vila Paiva;-23,143;-45,92;2019-02-26 18:10:00.0;1,57
SÃO JOSÉ DOS CAMPOS;354990406A;SP;Altos Vila Paiva;-23,143;-45,92;2019-02-26 18:20:00.0;0,2
SÃO JOSÉ DOS CAMPOS;354990406A;SP;Altos Vila Paiva;-23,143;-45,92;2019-02-26 18:30:00.0;0,2
SÃO JOSÉ DOS CAMPOS;354990406A;SP;Altos Vila Paiva;-23,143;-45,92;2019-02-26 19:00:00.0;0,2
SÃO JOSÉ DOS CAMPOS;354990406A;SP;Altos Vila Paiva;-23,143;-45,92;2019-02-26 19:10:00.0;0,0
SÃO JOSÉ DOS CAMPOS;354990406A;SP;Altos Vila Paiva;-23,143;-45,92;2019-02-26 20:10:00.0;0,0
SÃO JOSÉ DOS CAMPOS;354990406A;SP;Altos Vila Paiva;-23,143;-45,92;2019-02-26 21:10:00.0;0,0
SÃO JOSÉ DOS CAMPOS;354990406A;SP;Altos Vila Paiva;-23,143;-45,92;2019-02-26 22:10:00.0;0,0
SÃO JOSÉ DOS CAMPOS;354990406A;SP;Altos Vila Paiva;-23,143;-45,92;2019-02-26 23:10:00.0;0,0
SÃO JOSÉ DOS CAMPOS;354990406A;SP;Altos Vila Paiva;-23,143;-45,92;2019-02-27 00:10:00.0;0,0
SÃO JOSÉ DOS CAMPOS;354990406A;SP;Altos Vila Paiva;-23,143;-45,92;2019-02-27 01:10:00.0;0,0
SÃO JOSÉ DOS CAMPOS;354990406A;SP;Altos Vila Paiva;-23,143;-45,92;2019-02-27 02:10:00.0;0,0
SÃO JOSÉ DOS CAMPOS;354990406A;SP;Altos Vila Paiva;-23,143;-45,92;2019-02-27 03:10:00.0;0,0
SÃO JOSÉ DOS CAMPOS;354990406A;SP;Altos Vila Paiva;-23,143;-45,92;2019-02-27 04:10:00.0;0,0
SÃO JOSÉ DOS CAMPOS;354990406A;SP;Altos Vila Paiva;-23,143;-45,92;2019-02-27 04:40:00.0;0,2
SÃO JOSÉ DOS CAMPOS;354990406A;SP;Altos Vila Paiva;-23,143;-45,92;2019-02-27 04:50:00.0;0,2
SÃO JOSÉ DOS CAMPOS;354990406A;SP;Altos Vila Paiva;-23,143;-45,92;2019-02-27 05:10:00.0;0,0
SÃO JOSÉ DOS CAMPOS;354990406A;SP;Altos Vila Paiva;-23,143;-45,92;2019-02-27 06:10:00.0;0,0
SÃO JOSÉ DOS CAMPOS;354990406A;SP;Altos Vila Paiva;-23,143;-45,92;2019-02-27 07:10:00.0;0,0
SÃO JOSÉ DOS CAMPOS;354990406A;SP;Altos Vila Paiva;-23,143;-45,92;2019-02-27 08:10:00.0;0,0
SÃO JOSÉ DOS CAMPOS;354990406A;SP;Altos Vila Paiva;-23,143;-45,92;2019-02-27 08:30:00.0;0,2
SÃO JOSÉ DOS CAMPOS;354990406A;SP;Altos Vila Paiva;-23,143;-45,92;2019-02-27 09:10:00.0;0,0
SÃO JOSÉ DOS CAMPOS;354990406A;SP;Altos Vila Paiva;-23,143;-45,92;2019-02-27 09:20:00.0;0,2
SÃO JOSÉ DOS CAMPOS;354990406A;SP;Altos Vila Paiva;-23,143;-45,92;2019-02-27 10:10:00.0;0,0
SÃO JOSÉ DOS CAMPOS;354990406A;SP;Altos Vila Paiva;-23,143;-45,92;2019-02-27 11:10:00.0;0,0
SÃO JOSÉ DOS CAMPOS;354990406A;SP;Altos Vila Paiva;-23,143;-45,92;2019-02-27 12:10:00.0;0,0
SÃO JOSÉ DOS CAMPOS;354990406A;SP;Altos Vila Paiva;-23,143;-45,92;2019-02-27 13:10:00.0;0,0
SÃO JOSÉ DOS CAMPOS;354990406A;SP;Altos Vila Paiva;-23,143;-45,92;2019-02-27 14:10:00.0;0,0
SÃO JOSÉ DOS CAMPOS;354990406A;SP;Altos Vila Paiva;-23,143;-45,92;2019-02-27 15:10:00.0;0,0
SÃO JOSÉ DOS CAMPOS;354990406A;SP;Altos Vila Paiva;-23,143;-45,92;2019-02-27 16:10:00.0;0,0
SÃO JOSÉ DOS CAMPOS;354990406A;SP;Altos Vila Paiva;-23,143;-45,92;2019-02-27 17:10:00.0;0,0
SÃO JOSÉ DOS CAMPOS;354990406A;SP;Altos Vila Paiva;-23,143;-45,92;2019-02-27 18:10:00.0;0,0
SÃO JOSÉ DOS CAMPOS;354990406A;SP;Altos Vila Paiva;-23,143;-45,92;2019-02-27 19:10:00.0;0,0
SÃO JOSÉ DOS CAMPOS;354990406A;SP;Altos Vila Paiva;-23,143;-45,92;2019-02-27 19:50:00.0;0,2
SÃO JOSÉ DOS CAMPOS;354990406A;SP;Altos Vila Paiva;-23,143;-45,92;2019-02-27 20:10:00.0;0,0
SÃO JOSÉ DOS CAMPOS;354990406A;SP;Altos Vila Paiva;-23,143;-45,92;2019-02-27 20:20:00.0;0,2
SÃO JOSÉ DOS CAMPOS;354990406A;SP;Altos Vila Paiva;-23,143;-45,92;2019-02-27 21:10:00.0;0,0
SÃO JOSÉ DOS CAMPOS;354990406A;SP;Altos Vila Paiva;-23,143;-45,92;2019-02-27 22:10:00.0;0,0
SÃO JOSÉ DOS CAMPOS;354990406A;SP;Altos Vila Paiva;-23,143;-45,92;2019-02-27 23:10:00.0;0,2
SÃO JOSÉ DOS CAMPOS;354990406A;SP;Altos Vila Paiva;-23,143;-45,92;2019-02-28 00:10:00.0;0,0
SÃO JOSÉ DOS CAMPOS;354990406A;SP;Altos Vila Paiva;-23,143;-45,92;2019-02-28 01:00:00.0;0,2
SÃO JOSÉ DOS CAMPOS;354990406A;SP;Altos Vila Paiva;-23,143;-45,92;2019-02-28 01:10:00.0;0,0
SÃO JOSÉ DOS CAMPOS;354990406A;SP;Altos Vila Paiva;-23,143;-45,92;2019-02-28 01:20:00.0;0,2
SÃO JOSÉ DOS CAMPOS;354990406A;SP;Altos Vila Paiva;-23,143;-45,92;2019-02-28 02:10:00.0;0,0
SÃO JOSÉ DOS CAMPOS;354990406A;SP;Altos Vila Paiva;-23,143;-45,92;2019-02-28 03:10:00.0;0,0
SÃO JOSÉ DOS CAMPOS;354990406A;SP;Altos Vila Paiva;-23,143;-45,92;2019-02-28 04:10:00.0;0,0
SÃO JOSÉ DOS CAMPOS;354990406A;SP;Altos Vila Paiva;-23,143;-45,92;2019-02-28 05:10:00.0;0,0
SÃO JOSÉ DOS CAMPOS;354990406A;SP;Altos Vila Paiva;-23,143;-45,92;2019-02-28 06:10:00.0;0,0
SÃO JOSÉ DOS CAMPOS;354990406A;SP;Altos Vila Paiva;-23,143;-45,92;2019-02-28 07:10:00.0;0,0
SÃO JOSÉ DOS CAMPOS;354990406A;SP;Altos Vila Paiva;-23,143;-45,92;2019-02-28 08:10:00.0;0,0
SÃO JOSÉ DOS CAMPOS;354990406A;SP;Altos Vila Paiva;-23,143;-45,92;2019-02-28 09:10:00.0;0,0
SÃO JOSÉ DOS CAMPOS;354990406A;SP;Altos Vila Paiva;-23,143;-45,92;2019-02-28 10:10:00.0;0,0
SÃO JOSÉ DOS CAMPOS;354990406A;SP;Altos Vila Paiva;-23,143;-45,92;2019-02-28 11:10:00.0;0,0
SÃO JOSÉ DOS CAMPOS;354990406A;SP;Altos Vila Paiva;-23,143;-45,92;2019-02-28 12:10:00.0;0,0
SÃO JOSÉ DOS CAMPOS;354990406A;SP;Altos Vila Paiva;-23,143;-45,92;2019-02-28 13:10:00.0;0,0
SÃO JOSÉ DOS CAMPOS;354990406A;SP;Altos Vila Paiva;-23,143;-45,92;2019-02-28 14:10:00.0;0,0
SÃO JOSÉ DOS CAMPOS;354990406A;SP;Altos Vila Paiva;-23,143;-45,92;2019-02-28 15:10:00.0;0,0
SÃO JOSÉ DOS CAMPOS;354990406A;SP;Altos Vila Paiva;-23,143;-45,92;2019-02-28 16:10:00.0;0,0
SÃO JOSÉ DOS CAMPOS;354990406A;SP;Altos Vila Paiva;-23,143;-45,92;2019-02-28 16:20:00.0;8,18
SÃO JOSÉ DOS CAMPOS;354990406A;SP;Altos Vila Paiva;-23,143;-45,92;2019-02-28 16:30:00.0;1,57
SÃO JOSÉ DOS CAMPOS;354990406A;SP;Altos Vila Paiva;-23,143;-45,92;2019-02-28 16:40:00.0;0,39
SÃO JOSÉ DOS CAMPOS;354990406A;SP;Altos Vila Paiva;-23,143;-45,92;2019-02-28 16:50:00.0;0,2
SÃO JOSÉ DOS CAMPOS;354990406A;SP;Altos Vila Paiva;-23,143;-45,92;2019-02-28 17:00:00.0;0,2
SÃO JOSÉ DOS CAMPOS;354990406A;SP;Altos Vila Paiva;-23,143;-45,92;2019-02-28 17:10:00.0;0,39
SÃO JOSÉ DOS CAMPOS;354990406A;SP;Altos Vila Paiva;-23,143;-45,92;2019-02-28 17:20:00.0;0,39
SÃO JOSÉ DOS CAMPOS;354990406A;SP;Altos Vila Paiva;-23,143;-45,92;2019-02-28 17:30:00.0;0,2
SÃO JOSÉ DOS CAMPOS;354990406A;SP;Altos Vila Paiva;-23,143;-45,92;2019-02-28 17:40:00.0;0,2
SÃO JOSÉ DOS CAMPOS;354990406A;SP;Altos Vila Paiva;-23,143;-45,92;2019-02-28 18:00:00.0;0,2
SÃO JOSÉ DOS CAMPOS;354990406A;SP;Altos Vila Paiva;-23,143;-45,92;2019-02-28 18:10:00.0;0,0
SÃO JOSÉ DOS CAMPOS;354990406A;SP;Altos Vila Paiva;-23,143;-45,92;2019-02-28 18:30:00.0;0,2
SÃO JOSÉ DOS CAMPOS;354990406A;SP;Altos Vila Paiva;-23,143;-45,92;2019-02-28 19:10:00.0;0,0
SÃO JOSÉ DOS CAMPOS;354990406A;SP;Altos Vila Paiva;-23,143;-45,92;2019-02-28 19:30:00.0;0,2
SÃO JOSÉ DOS CAMPOS;354990406A;SP;Altos Vila Paiva;-23,143;-45,92;2019-02-28 19:40:00.0;0,2
SÃO JOSÉ DOS CAMPOS;354990406A;SP;Altos Vila Paiva;-23,143;-45,92;2019-02-28 20:10:00.0;0,0
SÃO JOSÉ DOS CAMPOS;354990406A;SP;Altos Vila Paiva;-23,143;-45,92;2019-02-28 20:30:00.0;0,2
SÃO JOSÉ DOS CAMPOS;354990406A;SP;Altos Vila Paiva;-23,143;-45,92;2019-02-28 20:50:00.0;0,2
SÃO JOSÉ DOS CAMPOS;354990406A;SP;Altos Vila Paiva;-23,143;-45,92;2019-02-28 21:10:00.0;0,0
SÃO JOSÉ DOS CAMPOS;354990406A;SP;Altos Vila Paiva;-23,143;-45,92;2019-02-28 22:10:00.0;0,0
SÃO JOSÉ DOS CAMPOS;354990406A;SP;Altos Vila Paiva;-23,143;-45,92;2019-02-28 22:30:00.0;0,2
SÃO JOSÉ DOS CAMPOS;354990406A;SP;Altos Vila Paiva;-23,143;-45,92;2019-02-28 23:10:00.0;0,0
SÃO JOSÉ DOS CAMPOS;354990407A;SP;Freitas;-23,109;-45,933;2019-02-01 10:10:00.0;0,0
SÃO JOSÉ DOS CAMPOS;354990407A;SP;Freitas;-23,109;-45,933;2019-02-01 10:20:00.0;0,0
SÃO JOSÉ DOS CAMPOS;354990407A;SP;Freitas;-23,109;-45,933;2019-02-07 11:00:00.0;0,0
SÃO JOSÉ DOS CAMPOS;354990408A;SP;Buquirinha;-23,111;-45,913;2019-02-01 00:10:00.0;0,0
SÃO JOSÉ DOS CAMPOS;354990408A;SP;Buquirinha;-23,111;-45,913;2019-02-01 01:10:00.0;0,0
SÃO JOSÉ DOS CAMPOS;354990408A;SP;Buquirinha;-23,111;-45,913;2019-02-01 02:10:00.0;0,0
SÃO JOSÉ DOS CAMPOS;354990408A;SP;Buquirinha;-23,111;-45,913;2019-02-01 03:10:00.0;0,0
SÃO JOSÉ DOS CAMPOS;354990408A;SP;Buquirinha;-23,111;-45,913;2019-02-01 04:10:00.0;0,0
SÃO JOSÉ DOS CAMPOS;354990408A;SP;Buquirinha;-23,111;-45,913;2019-02-01 05:10:00.0;0,0
SÃO JOSÉ DOS CAMPOS;354990408A;SP;Buquirinha;-23,111;-45,913;2019-02-01 06:10:00.0;0,0
SÃO JOSÉ DOS CAMPOS;354990408A;SP;Buquirinha;-23,111;-45,913;2019-02-01 07:10:00.0;0,0
SÃO JOSÉ DOS CAMPOS;354990408A;SP;Buquirinha;-23,111;-45,913;2019-02-01 08:10:00.0;0,0
SÃO JOSÉ DOS CAMPOS;354990408A;SP;Buquirinha;-23,111;-45,913;2019-02-01 09:10:00.0;0,0
SÃO JOSÉ DOS CAMPOS;354990408A;SP;Buquirinha;-23,111;-45,913;2019-02-01 10:10:00.0;0,0
SÃO JOSÉ DOS CAMPOS;354990408A;SP;Buquirinha;-23,111;-45,913;2019-02-01 11:10:00.0;0,0
SÃO JOSÉ DOS CAMPOS;354990408A;SP;Buquirinha;-23,111;-45,913;2019-02-01 12:10:00.0;0,0
SÃO JOSÉ DOS CAMPOS;354990408A;SP;Buquirinha;-23,111;-45,913;2019-02-01 13:10:00.0;0,0
SÃO JOSÉ DOS CAMPOS;354990408A;SP;Buquirinha;-23,111;-45,913;2019-02-01 14:10:00.0;0,0
SÃO JOSÉ DOS CAMPOS;354990408A;SP;Buquirinha;-23,111;-45,913;2019-02-01 15:10:00.0;0,0
SÃO JOSÉ DOS CAMPOS;354990408A;SP;Buquirinha;-23,111;-45,913;2019-02-01 16:10:00.0;0,0
SÃO JOSÉ DOS CAMPOS;354990408A;SP;Buquirinha;-23,111;-45,913;2019-02-01 17:10:00.0;0,0
SÃO JOSÉ DOS CAMPOS;354990408A;SP;Buquirinha;-23,111;-45,913;2019-02-01 18:10:00.0;0,0
SÃO JOSÉ DOS CAMPOS;354990408A;SP;Buquirinha;-23,111;-45,913;2019-02-01 19:10:00.0;0,0
SÃO JOSÉ DOS CAMPOS;354990408A;SP;Buquirinha;-23,111;-45,913;2019-02-01 20:10:00.0;0,0
SÃO JOSÉ DOS CAMPOS;354990408A;SP;Buquirinha;-23,111;-45,913;2019-02-01 21:10:00.0;0,0
SÃO JOSÉ DOS CAMPOS;354990408A;SP;Buquirinha;-23,111;-45,913;2019-02-01 22:10:00.0;0,0
SÃO JOSÉ DOS CAMPOS;354990408A;SP;Buquirinha;-23,111;-45,913;2019-02-01 23:10:00.0;0,0
SÃO JOSÉ DOS CAMPOS;354990408A;SP;Buquirinha;-23,111;-45,913;2019-02-02 00:10:00.0;0,0
SÃO JOSÉ DOS CAMPOS;354990408A;SP;Buquirinha;-23,111;-45,913;2019-02-02 01:10:00.0;0,0
SÃO JOSÉ DOS CAMPOS;354990408A;SP;Buquirinha;-23,111;-45,913;2019-02-02 02:10:00.0;0,0
SÃO JOSÉ DOS CAMPOS;354990408A;SP;Buquirinha;-23,111;-45,913;2019-02-02 03:10:00.0;0,0
SÃO JOSÉ DOS CAMPOS;354990408A;SP;Buquirinha;-23,111;-45,913;2019-02-02 04:10:00.0;0,0
SÃO JOSÉ DOS CAMPOS;354990408A;SP;Buquirinha;-23,111;-45,913;2019-02-02 05:10:00.0;0,0
SÃO JOSÉ DOS CAMPOS;354990408A;SP;Buquirinha;-23,111;-45,913;2019-02-02 06:10:00.0;0,0
SÃO JOSÉ DOS CAMPOS;354990408A;SP;Buquirinha;-23,111;-45,913;2019-02-02 07:10:00.0;0,0
SÃO JOSÉ DOS CAMPOS;354990408A;SP;Buquirinha;-23,111;-45,913;2019-02-02 08:10:00.0;0,0
SÃO JOSÉ DOS CAMPOS;354990408A;SP;Buquirinha;-23,111;-45,913;2019-02-02 09:10:00.0;0,0
SÃO JOSÉ DOS CAMPOS;354990408A;SP;Buquirinha;-23,111;-45,913;2019-02-02 10:10:00.0;0,0
SÃO JOSÉ DOS CAMPOS;354990408A;SP;Buquirinha;-23,111;-45,913;2019-02-02 11:10:00.0;0,0
SÃO JOSÉ DOS CAMPOS;354990408A;SP;Buquirinha;-23,111;-45,913;2019-02-02 12:10:00.0;0,0
SÃO JOSÉ DOS CAMPOS;354990408A;SP;Buquirinha;-23,111;-45,913;2019-02-02 13:10:00.0;0,0
SÃO JOSÉ DOS CAMPOS;354990408A;SP;Buquirinha;-23,111;-45,913;2019-02-02 14:10:00.0;0,0
SÃO JOSÉ DOS CAMPOS;354990408A;SP;Buquirinha;-23,111;-45,913;2019-02-02 15:10:00.0;0,0
SÃO JOSÉ DOS CAMPOS;354990408A;SP;Buquirinha;-23,111;-45,913;2019-02-02 16:10:00.0;0,0
SÃO JOSÉ DOS CAMPOS;354990408A;SP;Buquirinha;-23,111;-45,913;2019-02-02 17:10:00.0;0,0
SÃO JOSÉ DOS CAMPOS;354990408A;SP;Buquirinha;-23,111;-45,913;2019-02-02 18:10:00.0;0,0
SÃO JOSÉ DOS CAMPOS;354990408A;SP;Buquirinha;-23,111;-45,913;2019-02-02 19:10:00.0;0,0
SÃO JOSÉ DOS CAMPOS;354990408A;SP;Buquirinha;-23,111;-45,913;2019-02-02 20:10:00.0;0,0
SÃO JOSÉ DOS CAMPOS;354990408A;SP;Buquirinha;-23,111;-45,913;2019-02-02 21:10:00.0;0,0
SÃO JOSÉ DOS CAMPOS;354990408A;SP;Buquirinha;-23,111;-45,913;2019-02-02 22:10:00.0;0,0
SÃO JOSÉ DOS CAMPOS;354990408A;SP;Buquirinha;-23,111;-45,913;2019-02-02 23:10:00.0;0,0
SÃO JOSÉ DOS CAMPOS;354990408A;SP;Buquirinha;-23,111;-45,913;2019-02-03 00:10:00.0;0,0
SÃO JOSÉ DOS CAMPOS;354990408A;SP;Buquirinha;-23,111;-45,913;2019-02-03 01:10:00.0;0,0
SÃO JOSÉ DOS CAMPOS;354990408A;SP;Buquirinha;-23,111;-45,913;2019-02-03 02:10:00.0;0,0
SÃO JOSÉ DOS CAMPOS;354990408A;SP;Buquirinha;-23,111;-45,913;2019-02-03 03:10:00.0;0,0
SÃO JOSÉ DOS CAMPOS;354990408A;SP;Buquirinha;-23,111;-45,913;2019-02-03 04:10:00.0;0,0
SÃO JOSÉ DOS CAMPOS;354990408A;SP;Buquirinha;-23,111;-45,913;2019-02-03 05:10:00.0;0,0
SÃO JOSÉ DOS CAMPOS;354990408A;SP;Buquirinha;-23,111;-45,913;2019-02-03 06:10:00.0;0,0
SÃO JOSÉ DOS CAMPOS;354990408A;SP;Buquirinha;-23,111;-45,913;2019-02-03 07:10:00.0;0,0
SÃO JOSÉ DOS CAMPOS;354990408A;SP;Buquirinha;-23,111;-45,913;2019-02-03 08:10:00.0;0,0
SÃO JOSÉ DOS CAMPOS;354990408A;SP;Buquirinha;-23,111;-45,913;2019-02-03 09:10:00.0;0,0
SÃO JOSÉ DOS CAMPOS;354990408A;SP;Buquirinha;-23,111;-45,913;2019-02-03 10:10:00.0;0,0
SÃO JOSÉ DOS CAMPOS;354990408A;SP;Buquirinha;-23,111;-45,913;2019-02-03 11:10:00.0;0,0
SÃO JOSÉ DOS CAMPOS;354990408A;SP;Buquirinha;-23,111;-45,913;2019-02-03 12:10:00.0;0,0
SÃO JOSÉ DOS CAMPOS;354990408A;SP;Buquirinha;-23,111;-45,913;2019-02-03 13:10:00.0;0,0
SÃO JOSÉ DOS CAMPOS;354990408A;SP;Buquirinha;-23,111;-45,913;2019-02-03 14:10:00.0;0,0
SÃO JOSÉ DOS CAMPOS;354990408A;SP;Buquirinha;-23,111;-45,913;2019-02-03 15:10:00.0;0,0
SÃO JOSÉ DOS CAMPOS;354990408A;SP;Buquirinha;-23,111;-45,913;2019-02-03 16:10:00.0;0,0
SÃO JOSÉ DOS CAMPOS;354990408A;SP;Buquirinha;-23,111;-45,913;2019-02-03 17:10:00.0;0,0
SÃO JOSÉ DOS CAMPOS;354990408A;SP;Buquirinha;-23,111;-45,913;2019-02-03 18:10:00.0;0,0
SÃO JOSÉ DOS CAMPOS;354990408A;SP;Buquirinha;-23,111;-45,913;2019-02-03 19:10:00.0;0,0
SÃO JOSÉ DOS CAMPOS;354990408A;SP;Buquirinha;-23,111;-45,913;2019-02-03 20:10:00.0;0,0
SÃO JOSÉ DOS CAMPOS;354990408A;SP;Buquirinha;-23,111;-45,913;2019-02-03 21:10:00.0;0,0
SÃO JOSÉ DOS CAMPOS;354990408A;SP;Buquirinha;-23,111;-45,913;2019-02-03 22:10:00.0;0,0
SÃO JOSÉ DOS CAMPOS;354990408A;SP;Buquirinha;-23,111;-45,913;2019-02-03 23:10:00.0;0,0
SÃO JOSÉ DOS CAMPOS;354990408A;SP;Buquirinha;-23,111;-45,913;2019-02-04 00:10:00.0;0,0
SÃO JOSÉ DOS CAMPOS;354990408A;SP;Buquirinha;-23,111;-45,913;2019-02-04 01:10:00.0;0,0
SÃO JOSÉ DOS CAMPOS;354990408A;SP;Buquirinha;-23,111;-45,913;2019-02-04 02:10:00.0;0,0
SÃO JOSÉ DOS CAMPOS;354990408A;SP;Buquirinha;-23,111;-45,913;2019-02-04 03:10:00.0;0,0
SÃO JOSÉ DOS CAMPOS;354990408A;SP;Buquirinha;-23,111;-45,913;2019-02-04 04:10:00.0;0,0
SÃO JOSÉ DOS CAMPOS;354990408A;SP;Buquirinha;-23,111;-45,913;2019-02-04 05:10:00.0;0,0
SÃO JOSÉ DOS CAMPOS;354990408A;SP;Buquirinha;-23,111;-45,913;2019-02-04 06:10:00.0;0,0
SÃO JOSÉ DOS CAMPOS;354990408A;SP;Buquirinha;-23,111;-45,913;2019-02-04 06:50:00.0;9,55
SÃO JOSÉ DOS CAMPOS;354990408A;SP;Buquirinha;-23,111;-45,913;2019-02-04 07:00:00.0;7,71
SÃO JOSÉ DOS CAMPOS;354990408A;SP;Buquirinha;-23,111;-45,913;2019-02-04 07:10:00.0;5,12
SÃO JOSÉ DOS CAMPOS;354990408A;SP;Buquirinha;-23,111;-45,913;2019-02-04 07:20:00.0;0,59
SÃO JOSÉ DOS CAMPOS;354990408A;SP;Buquirinha;-23,111;-45,913;2019-02-04 07:30:00.0;0,59
SÃO JOSÉ DOS CAMPOS;354990408A;SP;Buquirinha;-23,111;-45,913;2019-02-04 07:40:00.0;0,79
SÃO JOSÉ DOS CAMPOS;354990408A;SP;Buquirinha;-23,111;-45,913;2019-02-04 07:50:00.0;0,59
SÃO JOSÉ DOS CAMPOS;354990408A;SP;Buquirinha;-23,111;-45,913;2019-02-04 08:00:00.0;0,59
SÃO JOSÉ DOS CAMPOS;354990408A;SP;Buquirinha;-23,111;-45,913;2019-02-04 08:10:00.0;0,39
SÃO JOSÉ DOS CAMPOS;354990408A;SP;Buquirinha;-23,111;-45,913;2019-02-04 09:00:00.0;0,2
SÃO JOSÉ DOS CAMPOS;354990408A;SP;Buquirinha;-23,111;-45,913;2019-02-04 09:10:00.0;0,0
SÃO JOSÉ DOS CAMPOS;354990408A;SP;Buquirinha;-23,111;-45,913;2019-02-04 10:10:00.0;0,0
SÃO JOSÉ DOS CAMPOS;354990408A;SP;Buquirinha;-23,111;-45,913;2019-02-04 10:40:00.0;0,39
SÃO JOSÉ DOS CAMPOS;354990408A;SP;Buquirinha;-23,111;-45,913;2019-02-04 10:50:00.0;0,59
SÃO JOSÉ DOS CAMPOS;354990408A;SP;Buquirinha;-23,111;-45,913;2019-02-04 11:00:00.0;0,39
SÃO JOSÉ DOS CAMPOS;354990408A;SP;Buquirinha;-23,111;-45,913;2019-02-04 11:10:00.0;0,0
SÃO JOSÉ DOS CAMPOS;354990408A;SP;Buquirinha;-23,111;-45,913;2019-02-04 11:20:00.0;0,2
SÃO JOSÉ DOS CAMPOS;354990408A;SP;Buquirinha;-23,111;-45,913;2019-02-04 11:40:00.0;0,2
SÃO JOSÉ DOS CAMPOS;354990408A;SP;Buquirinha;-23,111;-45,913;2019-02-04 11:50:00.0;0,2
SÃO JOSÉ DOS CAMPOS;354990408A;SP;Buquirinha;-23,111;-45,913;2019-02-04 12:00:00.0;0,79
SÃO JOSÉ DOS CAMPOS;354990408A;SP;Buquirinha;-23,111;-45,913;2019-02-04 12:10:00.0;0,59
SÃO JOSÉ DOS CAMPOS;354990408A;SP;Buquirinha;-23,111;-45,913;2019-02-04 12:20:00.0;0,2
SÃO JOSÉ DOS CAMPOS;354990408A;SP;Buquirinha;-23,111;-45,913;2019-02-04 12:40:00.0;0,39
SÃO JOSÉ DOS CAMPOS;354990408A;SP;Buquirinha;-23,111;-45,913;2019-02-04 12:50:00.0;0,39
SÃO JOSÉ DOS CAMPOS;354990408A;SP;Buquirinha;-23,111;-45,913;2019-02-04 13:00:00.0;0,98
SÃO JOSÉ DOS CAMPOS;354990408A;SP;Buquirinha;-23,111;-45,913;2019-02-04 13:10:00.0;0,79
SÃO JOSÉ DOS CAMPOS;354990408A;SP;Buquirinha;-23,111;-45,913;2019-02-04 13:20:00.0;0,79
SÃO JOSÉ DOS CAMPOS;354990408A;SP;Buquirinha;-23,111;-45,913;2019-02-04 13:30:00.0;0,39
SÃO JOSÉ DOS CAMPOS;354990408A;SP;Buquirinha;-23,111;-45,913;2019-02-04 14:10:00.0;0,0
SÃO JOSÉ DOS CAMPOS;354990408A;SP;Buquirinha;-23,111;-45,913;2019-02-04 14:20:00.0;1,18
SÃO JOSÉ DOS CAMPOS;354990408A;SP;Buquirinha;-23,111;-45,913;2019-02-04 14:30:00.0;0,98
SÃO JOSÉ DOS CAMPOS;354990408A;SP;Buquirinha;-23,111;-45,913;2019-02-04 14:40:00.0;0,79
SÃO JOSÉ DOS CAMPOS;354990408A;SP;Buquirinha;-23,111;-45,913;2019-02-04 14:50:00.0;0,59
SÃO JOSÉ DOS CAMPOS;354990408A;SP;Buquirinha;-23,111;-45,913;2019-02-04 15:00:00.0;0,39
SÃO JOSÉ DOS CAMPOS;354990408A;SP;Buquirinha;-23,111;-45,913;2019-02-04 15:10:00.0;0,2
SÃO JOSÉ DOS CAMPOS;354990408A;SP;Buquirinha;-23,111;-45,913;2019-02-04 15:20:00.0;0,2
SÃO JOSÉ DOS CAMPOS;354990408A;SP;Buquirinha;-23,111;-45,913;2019-02-04 15:30:00.0;0,2
SÃO JOSÉ DOS CAMPOS;354990408A;SP;Buquirinha;-23,111;-45,913;2019-02-04 15:40:00.0;0,2
SÃO JOSÉ DOS CAMPOS;354990408A;SP;Buquirinha;-23,111;-45,913;2019-02-04 16:10:00.0;0,0
SÃO JOSÉ DOS CAMPOS;354990408A;SP;Buquirinha;-23,111;-45,913;2019-02-04 16:30:00.0;0,2
SÃO JOSÉ DOS CAMPOS;354990408A;SP;Buquirinha;-23,111;-45,913;2019-02-04 17:10:00.0;0,0
SÃO JOSÉ DOS CAMPOS;354990408A;SP;Buquirinha;-23,111;-45,913;2019-02-04 18:10:00.0;0,0
SÃO JOSÉ DOS CAMPOS;354990408A;SP;Buquirinha;-23,111;-45,913;2019-02-04 19:10:00.0;0,0
SÃO JOSÉ DOS CAMPOS;354990408A;SP;Buquirinha;-23,111;-45,913;2019-02-04 20:10:00.0;0,0
SÃO JOSÉ DOS CAMPOS;354990408A;SP;Buquirinha;-23,111;-45,913;2019-02-04 21:10:00.0;0,0
SÃO JOSÉ DOS CAMPOS;354990408A;SP;Buquirinha;-23,111;-45,913;2019-02-04 22:10:00.0;0,0
SÃO JOSÉ DOS CAMPOS;354990408A;SP;Buquirinha;-23,111;-45,913;2019-02-04 23:10:00.0;0,0
SÃO JOSÉ DOS CAMPOS;354990408A;SP;Buquirinha;-23,111;-45,913;2019-02-05 00:10:00.0;0,0
SÃO JOSÉ DOS CAMPOS;354990408A;SP;Buquirinha;-23,111;-45,913;2019-02-05 01:10:00.0;0,0
SÃO JOSÉ DOS CAMPOS;354990408A;SP;Buquirinha;-23,111;-45,913;2019-02-05 02:10:00.0;0,0
SÃO JOSÉ DOS CAMPOS;354990408A;SP;Buquirinha;-23,111;-45,913;2019-02-05 03:10:00.0;0,0
SÃO JOSÉ DOS CAMPOS;354990408A;SP;Buquirinha;-23,111;-45,913;2019-02-05 04:10:00.0;0,0
SÃO JOSÉ DOS CAMPOS;354990408A;SP;Buquirinha;-23,111;-45,913;2019-02-05 05:10:00.0;0,0
SÃO JOSÉ DOS CAMPOS;354990408A;SP;Buquirinha;-23,111;-45,913;2019-02-05 06:10:00.0;0,0
SÃO JOSÉ DOS CAMPOS;354990408A;SP;Buquirinha;-23,111;-45,913;2019-02-05 07:10:00.0;0,0
SÃO JOSÉ DOS CAMPOS;354990408A;SP;Buquirinha;-23,111;-45,913;2019-02-05 08:10:00.0;0,0
SÃO JOSÉ DOS CAMPOS;354990408A;SP;Buquirinha;-23,111;-45,913;2019-02-05 09:10:00.0;0,0
SÃO JOSÉ DOS CAMPOS;354990408A;SP;Buquirinha;-23,111;-45,913;2019-02-05 10:10:00.0;0,0
SÃO JOSÉ DOS CAMPOS;354990408A;SP;Buquirinha;-23,111;-45,913;2019-02-05 11:10:00.0;0,0
SÃO JOSÉ DOS CAMPOS;354990408A;SP;Buquirinha;-23,111;-45,913;2019-02-05 12:10:00.0;0,0
SÃO JOSÉ DOS CAMPOS;354990408A;SP;Buquirinha;-23,111;-45,913;2019-02-05 13:10:00.0;0,0
SÃO JOSÉ DOS CAMPOS;354990408A;SP;Buquirinha;-23,111;-45,913;2019-02-05 14:10:00.0;0,0
SÃO JOSÉ DOS CAMPOS;354990408A;SP;Buquirinha;-23,111;-45,913;2019-02-05 15:10:00.0;0,0
SÃO JOSÉ DOS CAMPOS;354990408A;SP;Buquirinha;-23,111;-45,913;2019-02-05 16:10:00.0;0,0
SÃO JOSÉ DOS CAMPOS;354990408A;SP;Buquirinha;-23,111;-45,913;2019-02-05 17:10:00.0;0,0
SÃO JOSÉ DOS CAMPOS;354990408A;SP;Buquirinha;-23,111;-45,913;2019-02-05 18:10:00.0;0,0
SÃO JOSÉ DOS CAMPOS;354990408A;SP;Buquirinha;-23,111;-45,913;2019-02-05 19:10:00.0;0,0
SÃO JOSÉ DOS CAMPOS;354990408A;SP;Buquirinha;-23,111;-45,913;2019-02-05 20:10:00.0;0,0
SÃO JOSÉ DOS CAMPOS;354990408A;SP;Buquirinha;-23,111;-45,913;2019-02-05 21:10:00.0;0,0
SÃO JOSÉ DOS CAMPOS;354990408A;SP;Buquirinha;-23,111;-45,913;2019-02-05 22:10:00.0;0,0
SÃO JOSÉ DOS CAMPOS;354990408A;SP;Buquirinha;-23,111;-45,913;2019-02-05 23:10:00.0;0,0
SÃO JOSÉ DOS CAMPOS;354990408A;SP;Buquirinha;-23,111;-45,913;2019-02-06 00:10:00.0;0,0
SÃO JOSÉ DOS CAMPOS;354990408A;SP;Buquirinha;-23,111;-45,913;2019-02-06 01:10:00.0;0,0
SÃO JOSÉ DOS CAMPOS;354990408A;SP;Buquirinha;-23,111;-45,913;2019-02-06 01:20:00.0;0,2
SÃO JOSÉ DOS CAMPOS;354990408A;SP;Buquirinha;-23,111;-45,913;2019-02-06 01:50:00.0;0,2
SÃO JOSÉ DOS CAMPOS;354990408A;SP;Buquirinha;-23,111;-45,913;2019-02-06 02:10:00.0;0,0
SÃO JOSÉ DOS CAMPOS;354990408A;SP;Buquirinha;-23,111;-45,913;2019-02-06 03:10:00.0;0,0
SÃO JOSÉ DOS CAMPOS;354990408A;SP;Buquirinha;-23,111;-45,913;2019-02-06 04:10:00.0;0,0
SÃO JOSÉ DOS CAMPOS;354990408A;SP;Buquirinha;-23,111;-45,913;2019-02-06 05:10:00.0;0,0
SÃO JOSÉ DOS CAMPOS;354990408A;SP;Buquirinha;-23,111;-45,913;2019-02-06 06:10:00.0;0,0
SÃO JOSÉ DOS CAMPOS;354990408A;SP;Buquirinha;-23,111;-45,913;2019-02-06 07:10:00.0;0,0
SÃO JOSÉ DOS CAMPOS;354990408A;SP;Buquirinha;-23,111;-45,913;2019-02-06 07:30:00.0;0,39
SÃO JOSÉ DOS CAMPOS;354990408A;SP;Buquirinha;-23,111;-45,913;2019-02-06 07:50:00.0;0,2
SÃO JOSÉ DOS CAMPOS;354990408A;SP;Buquirinha;-23,111;-45,913;2019-02-06 08:10:00.0;0,0
SÃO JOSÉ DOS CAMPOS;354990408A;SP;Buquirinha;-23,111;-45,913;2019-02-06 09:10:00.0;0,0
SÃO JOSÉ DOS CAMPOS;354990408A;SP;Buquirinha;-23,111;-45,913;2019-02-06 10:00:00.0;0,2
SÃO JOSÉ DOS CAMPOS;354990408A;SP;Buquirinha;-23,111;-45,913;2019-02-06 10:10:00.0;0,2
SÃO JOSÉ DOS CAMPOS;354990408A;SP;Buquirinha;-23,111;-45,913;2019-02-06 10:20:00.0;0,2
SÃO JOSÉ DOS CAMPOS;354990408A;SP;Buquirinha;-23,111;-45,913;2019-02-06 10:40:00.0;1,57
SÃO JOSÉ DOS CAMPOS;354990408A;SP;Buquirinha;-23,111;-45,913;2019-02-06 10:50:00.0;0,39
SÃO JOSÉ DOS CAMPOS;354990408A;SP;Buquirinha;-23,111;-45,913;2019-02-06 11:00:00.0;0,39
SÃO JOSÉ DOS CAMPOS;354990408A;SP;Buquirinha;-23,111;-45,913;2019-02-06 11:10:00.0;0,39
SÃO JOSÉ DOS CAMPOS;354990408A;SP;Buquirinha;-23,111;-45,913;2019-02-06 11:20:00.0;1,37
SÃO JOSÉ DOS CAMPOS;354990408A;SP;Buquirinha;-23,111;-45,913;2019-02-06 11:30:00.0;2,16
SÃO JOSÉ DOS CAMPOS;354990408A;SP;Buquirinha;-23,111;-45,913;2019-02-06 11:40:00.0;0,59
SÃO JOSÉ DOS CAMPOS;354990408A;SP;Buquirinha;-23,111;-45,913;2019-02-06 11:50:00.0;0,39
SÃO JOSÉ DOS CAMPOS;354990408A;SP;Buquirinha;-23,111;-45,913;2019-02-06 12:00:00.0;0,39
SÃO JOSÉ DOS CAMPOS;354990408A;SP;Buquirinha;-23,111;-45,913;2019-02-06 12:10:00.0;0,39
SÃO JOSÉ DOS CAMPOS;354990408A;SP;Buquirinha;-23,111;-45,913;2019-02-06 12:20:00.0;0,39
SÃO JOSÉ DOS CAMPOS;354990408A;SP;Buquirinha;-23,111;-45,913;2019-02-06 12:30:00.0;0,59
SÃO JOSÉ DOS CAMPOS;354990408A;SP;Buquirinha;-23,111;-45,913;2019-02-06 12:40:00.0;0,98
SÃO JOSÉ DOS CAMPOS;354990408A;SP;Buquirinha;-23,111;-45,913;2019-02-06 13:00:00.0;0,79
SÃO JOSÉ DOS CAMPOS;354990408A;SP;Buquirinha;-23,111;-45,913;2019-02-06 13:10:00.0;0,39
SÃO JOSÉ DOS CAMPOS;354990408A;SP;Buquirinha;-23,111;-45,913;2019-02-06 13:20:00.0;0,2
SÃO JOSÉ DOS CAMPOS;354990408A;SP;Buquirinha;-23,111;-45,913;2019-02-06 14:10:00.0;0,0
SÃO JOSÉ DOS CAMPOS;354990408A;SP;Buquirinha;-23,111;-45,913;2019-02-06 15:10:00.0;0,0
SÃO JOSÉ DOS CAMPOS;354990408A;SP;Buquirinha;-23,111;-45,913;2019-02-06 16:10:00.0;1,37
SÃO JOSÉ DOS CAMPOS;354990408A;SP;Buquirinha;-23,111;-45,913;2019-02-06 16:20:00.0;4,33
SÃO JOSÉ DOS CAMPOS;354990408A;SP;Buquirinha;-23,111;-45,913;2019-02-06 16:30:00.0;1,96
SÃO JOSÉ DOS CAMPOS;354990408A;SP;Buquirinha;-23,111;-45,913;2019-02-06 16:40:00.0;1,57
SÃO JOSÉ DOS CAMPOS;354990408A;SP;Buquirinha;-23,111;-45,913;2019-02-06 16:50:00.0;1,57
SÃO JOSÉ DOS CAMPOS;354990408A;SP;Buquirinha;-23,111;-45,913;2019-02-06 17:00:00.0;0,98
SÃO JOSÉ DOS CAMPOS;354990408A;SP;Buquirinha;-23,111;-45,913;2019-02-06 17:10:00.0;0,59
SÃO JOSÉ DOS CAMPOS;354990408A;SP;Buquirinha;-23,111;-45,913;2019-02-06 17:20:00.0;0,2
SÃO JOSÉ DOS CAMPOS;354990408A;SP;Buquirinha;-23,111;-45,913;2019-02-06 17:30:00.0;0,2
SÃO JOSÉ DOS CAMPOS;354990408A;SP;Buquirinha;-23,111;-45,913;2019-02-06 17:40:00.0;0,39
SÃO JOSÉ DOS CAMPOS;354990408A;SP;Buquirinha;-23,111;-45,913;2019-02-06 17:50:00.0;0,59
SÃO JOSÉ DOS CAMPOS;354990408A;SP;Buquirinha;-23,111;-45,913;2019-02-06 18:00:00.0;0,79
SÃO JOSÉ DOS CAMPOS;354990408A;SP;Buquirinha;-23,111;-45,913;2019-02-06 18:10:00.0;0,59
SÃO JOSÉ DOS CAMPOS;354990408A;SP;Buquirinha;-23,111;-45,913;2019-02-06 18:20:00.0;0,59
SÃO JOSÉ DOS CAMPOS;354990408A;SP;Buquirinha;-23,111;-45,913;2019-02-06 18:30:00.0;0,39
SÃO JOSÉ DOS CAMPOS;354990408A;SP;Buquirinha;-23,111;-45,913;2019-02-06 18:40:00.0;0,59
SÃO JOSÉ DOS CAMPOS;354990408A;SP;Buquirinha;-23,111;-45,913;2019-02-06 18:50:00.0;0,79
SÃO JOSÉ DOS CAMPOS;354990408A;SP;Buquirinha;-23,111;-45,913;2019-02-06 19:00:00.0;0,59
SÃO JOSÉ DOS CAMPOS;354990408A;SP;Buquirinha;-23,111;-45,913;2019-02-06 19:10:00.0;0,59
SÃO JOSÉ DOS CAMPOS;354990408A;SP;Buquirinha;-23,111;-45,913;2019-02-06 19:20:00.0;0,59
SÃO JOSÉ DOS CAMPOS;354990408A;SP;Buquirinha;-23,111;-45,913;2019-02-06 19:30:00.0;0,79
SÃO JOSÉ DOS CAMPOS;354990408A;SP;Buquirinha;-23,111;-45,913;2019-02-06 19:40:00.0;0,79
SÃO JOSÉ DOS CAMPOS;354990408A;SP;Buquirinha;-23,111;-45,913;2019-02-06 19:50:00.0;0,79
SÃO JOSÉ DOS CAMPOS;354990408A;SP;Buquirinha;-23,111;-45,913;2019-02-06 20:00:00.0;0,59
SÃO JOSÉ DOS CAMPOS;354990408A;SP;Buquirinha;-23,111;-45,913;2019-02-06 20:10:00.0;0,59
SÃO JOSÉ DOS CAMPOS;354990408A;SP;Buquirinha;-23,111;-45,913;2019-02-06 20:20:00.0;0,39
SÃO JOSÉ DOS CAMPOS;354990408A;SP;Buquirinha;-23,111;-45,913;2019-02-06 20:30:00.0;0,39
SÃO JOSÉ DOS CAMPOS;354990408A;SP;Buquirinha;-23,111;-45,913;2019-02-06 21:10:00.0;0,39
SÃO JOSÉ DOS CAMPOS;354990408A;SP;Buquirinha;-23,111;-45,913;2019-02-06 22:10:00.0;0,0
SÃO JOSÉ DOS CAMPOS;354990408A;SP;Buquirinha;-23,111;-45,913;2019-02-06 22:30:00.0;0,2
SÃO JOSÉ DOS CAMPOS;354990408A;SP;Buquirinha;-23,111;-45,913;2019-02-06 23:10:00.0;0,0
SÃO JOSÉ DOS CAMPOS;354990408A;SP;Buquirinha;-23,111;-45,913;2019-02-07 00:10:00.0;0,0
SÃO JOSÉ DOS CAMPOS;354990408A;SP;Buquirinha;-23,111;-45,913;2019-02-07 01:10:00.0;0,0
SÃO JOSÉ DOS CAMPOS;354990408A;SP;Buquirinha;-23,111;-45,913;2019-02-07 02:10:00.0;0,0
SÃO JOSÉ DOS CAMPOS;354990408A;SP;Buquirinha;-23,111;-45,913;2019-02-07 03:10:00.0;0,0
SÃO JOSÉ DOS CAMPOS;354990408A;SP;Buquirinha;-23,111;-45,913;2019-02-07 04:10:00.0;0,0
SÃO JOSÉ DOS CAMPOS;354990408A;SP;Buquirinha;-23,111;-45,913;2019-02-07 05:10:00.0;0,0
SÃO JOSÉ DOS CAMPOS;354990408A;SP;Buquirinha;-23,111;-45,913;2019-02-07 06:10:00.0;0,0
SÃO JOSÉ DOS CAMPOS;354990408A;SP;Buquirinha;-23,111;-45,913;2019-02-07 07:10:00.0;0,0
SÃO JOSÉ DOS CAMPOS;354990408A;SP;Buquirinha;-23,111;-45,913;2019-02-07 08:10:00.0;0,0
SÃO JOSÉ DOS CAMPOS;354990408A;SP;Buquirinha;-23,111;-45,913;2019-02-07 09:10:00.0;0,0
SÃO JOSÉ DOS CAMPOS;354990408A;SP;Buquirinha;-23,111;-45,913;2019-02-07 10:10:00.0;0,0
SÃO JOSÉ DOS CAMPOS;354990408A;SP;Buquirinha;-23,111;-45,913;2019-02-07 11:10:00.0;0,0
SÃO JOSÉ DOS CAMPOS;354990408A;SP;Buquirinha;-23,111;-45,913;2019-02-07 12:10:00.0;0,0
SÃO JOSÉ DOS CAMPOS;354990408A;SP;Buquirinha;-23,111;-45,913;2019-02-07 13:10:00.0;0,0
SÃO JOSÉ DOS CAMPOS;354990408A;SP;Buquirinha;-23,111;-45,913;2019-02-07 14:10:00.0;0,0
SÃO JOSÉ DOS CAMPOS;354990408A;SP;Buquirinha;-23,111;-45,913;2019-02-07 15:10:00.0;0,0
SÃO JOSÉ DOS CAMPOS;354990408A;SP;Buquirinha;-23,111;-45,913;2019-02-07 16:10:00.0;0,0
SÃO JOSÉ DOS CAMPOS;354990408A;SP;Buquirinha;-23,111;-45,913;2019-02-07 17:10:00.0;0,0
SÃO JOSÉ DOS CAMPOS;354990408A;SP;Buquirinha;-23,111;-45,913;2019-02-07 18:10:00.0;0,0
SÃO JOSÉ DOS CAMPOS;354990408A;SP;Buquirinha;-23,111;-45,913;2019-02-07 19:10:00.0;0,0
SÃO JOSÉ DOS CAMPOS;354990408A;SP;Buquirinha;-23,111;-45,913;2019-02-07 20:10:00.0;0,0
SÃO JOSÉ DOS CAMPOS;354990408A;SP;Buquirinha;-23,111;-45,913;2019-02-07 21:10:00.0;0,0
SÃO JOSÉ DOS CAMPOS;354990408A;SP;Buquirinha;-23,111;-45,913;2019-02-08 17:00:00.0;0,0
SÃO JOSÉ DOS CAMPOS;354990408A;SP;Buquirinha;-23,111;-45,913;2019-02-08 17:30:00.0;0,0
SÃO JOSÉ DOS CAMPOS;354990408A;SP;Buquirinha;-23,111;-45,913;2019-02-08 18:30:00.0;0,0
SÃO JOSÉ DOS CAMPOS;354990408A;SP;Buquirinha;-23,111;-45,913;2019-02-08 19:10:00.0;0,0
SÃO JOSÉ DOS CAMPOS;354990408A;SP;Buquirinha;-23,111;-45,913;2019-02-08 20:10:00.0;0,0
SÃO JOSÉ DOS CAMPOS;354990408A;SP;Buquirinha;-23,111;-45,913;2019-02-08 21:10:00.0;0,0
SÃO JOSÉ DOS CAMPOS;354990408A;SP;Buquirinha;-23,111;-45,913;2019-02-08 22:10:00.0;0,0
SÃO JOSÉ DOS CAMPOS;354990408A;SP;Buquirinha;-23,111;-45,913;2019-02-08 23:10:00.0;0,0
SÃO JOSÉ DOS CAMPOS;354990408A;SP;Buquirinha;-23,111;-45,913;2019-02-09 00:10:00.0;0,0
SÃO JOSÉ DOS CAMPOS;354990408A;SP;Buquirinha;-23,111;-45,913;2019-02-09 01:10:00.0;0,0
SÃO JOSÉ DOS CAMPOS;354990408A;SP;Buquirinha;-23,111;-45,913;2019-02-09 02:10:00.0;0,0
SÃO JOSÉ DOS CAMPOS;354990408A;SP;Buquirinha;-23,111;-45,913;2019-02-09 03:10:00.0;0,0
SÃO JOSÉ DOS CAMPOS;354990408A;SP;Buquirinha;-23,111;-45,913;2019-02-09 04:10:00.0;0,0
SÃO JOSÉ DOS CAMPOS;354990408A;SP;Buquirinha;-23,111;-45,913;2019-02-09 05:10:00.0;0,0
SÃO JOSÉ DOS CAMPOS;354990408A;SP;Buquirinha;-23,111;-45,913;2019-02-09 06:10:00.0;0,0
SÃO JOSÉ DOS CAMPOS;354990408A;SP;Buquirinha;-23,111;-45,913;2019-02-09 07:10:00.0;0,0
SÃO JOSÉ DOS CAMPOS;354990408A;SP;Buquirinha;-23,111;-45,913;2019-02-09 08:10:00.0;0,0
SÃO JOSÉ DOS CAMPOS;354990408A;SP;Buquirinha;-23,111;-45,913;2019-02-09 09:10:00.0;0,0
SÃO JOSÉ DOS CAMPOS;354990408A;SP;Buquirinha;-23,111;-45,913;2019-02-09 10:10:00.0;0,0
SÃO JOSÉ DOS CAMPOS;354990408A;SP;Buquirinha;-23,111;-45,913;2019-02-09 11:10:00.0;0,0
SÃO JOSÉ DOS CAMPOS;354990408A;SP;Buquirinha;-23,111;-45,913;2019-02-09 12:10:00.0;0,0
SÃO JOSÉ DOS CAMPOS;354990408A;SP;Buquirinha;-23,111;-45,913;2019-02-09 13:10:00.0;0,0
SÃO JOSÉ DOS CAMPOS;354990408A;SP;Buquirinha;-23,111;-45,913;2019-02-09 14:10:00.0;0,0
SÃO JOSÉ DOS CAMPOS;354990408A;SP;Buquirinha;-23,111;-45,913;2019-02-09 15:10:00.0;0,0
SÃO JOSÉ DOS CAMPOS;354990408A;SP;Buquirinha;-23,111;-45,913;2019-02-09 16:10:00.0;0,0
SÃO JOSÉ DOS CAMPOS;354990408A;SP;Buquirinha;-23,111;-45,913;2019-02-09 17:10:00.0;0,0
SÃO JOSÉ DOS CAMPOS;354990408A;SP;Buquirinha;-23,111;-45,913;2019-02-09 18:10:00.0;0,0
SÃO JOSÉ DOS CAMPOS;354990408A;SP;Buquirinha;-23,111;-45,913;2019-02-09 19:10:00.0;0,0
SÃO JOSÉ DOS CAMPOS;354990408A;SP;Buquirinha;-23,111;-45,913;2019-02-09 20:10:00.0;0,0
SÃO JOSÉ DOS CAMPOS;354990408A;SP;Buquirinha;-23,111;-45,913;2019-02-09 21:10:00.0;0,0
SÃO JOSÉ DOS CAMPOS;354990408A;SP;Buquirinha;-23,111;-45,913;2019-02-09 22:10:00.0;0,0
SÃO JOSÉ DOS CAMPOS;354990408A;SP;Buquirinha;-23,111;-45,913;2019-02-09 23:10:00.0;0,0
SÃO JOSÉ DOS CAMPOS;354990408A;SP;Buquirinha;-23,111;-45,913;2019-02-10 00:10:00.0;0,0
SÃO JOSÉ DOS CAMPOS;354990408A;SP;Buquirinha;-23,111;-45,913;2019-02-10 01:10:00.0;0,0
SÃO JOSÉ DOS CAMPOS;354990408A;SP;Buquirinha;-23,111;-45,913;2019-02-10 02:10:00.0;0,0
SÃO JOSÉ DOS CAMPOS;354990408A;SP;Buquirinha;-23,111;-45,913;2019-02-10 03:10:00.0;0,0
SÃO JOSÉ DOS CAMPOS;354990408A;SP;Buquirinha;-23,111;-45,913;2019-02-10 04:10:00.0;0,0
SÃO JOSÉ DOS CAMPOS;354990408A;SP;Buquirinha;-23,111;-45,913;2019-02-10 05:10:00.0;0,0
SÃO JOSÉ DOS CAMPOS;354990408A;SP;Buquirinha;-23,111;-45,913;2019-02-10 06:10:00.0;0,0
SÃO JOSÉ DOS CAMPOS;354990408A;SP;Buquirinha;-23,111;-45,913;2019-02-10 07:10:00.0;0,0
SÃO JOSÉ DOS CAMPOS;354990408A;SP;Buquirinha;-23,111;-45,913;2019-02-10 08:10:00.0;0,0
SÃO JOSÉ DOS CAMPOS;354990408A;SP;Buquirinha;-23,111;-45,913;2019-02-10 09:10:00.0;0,0
SÃO JOSÉ DOS CAMPOS;354990408A;SP;Buquirinha;-23,111;-45,913;2019-02-10 10:10:00.0;0,0
SÃO JOSÉ DOS CAMPOS;354990408A;SP;Buquirinha;-23,111;-45,913;2019-02-10 11:10:00.0;0,0
SÃO JOSÉ DOS CAMPOS;354990408A;SP;Buquirinha;-23,111;-45,913;2019-02-10 12:10:00.0;0,0
SÃO JOSÉ DOS CAMPOS;354990408A;SP;Buquirinha;-23,111;-45,913;2019-02-10 13:10:00.0;0,0
SÃO JOSÉ DOS CAMPOS;354990408A;SP;Buquirinha;-23,111;-45,913;2019-02-10 14:10:00.0;0,0
SÃO JOSÉ DOS CAMPOS;354990408A;SP;Buquirinha;-23,111;-45,913;2019-02-10 15:10:00.0;0,0
SÃO JOSÉ DOS CAMPOS;354990408A;SP;Buquirinha;-23,111;-45,913;2019-02-10 16:10:00.0;0,0
SÃO JOSÉ DOS CAMPOS;354990408A;SP;Buquirinha;-23,111;-45,913;2019-02-10 17:10:00.0;0,0
SÃO JOSÉ DOS CAMPOS;354990408A;SP;Buquirinha;-23,111;-45,913;2019-02-10 18:10:00.0;0,0
SÃO JOSÉ DOS CAMPOS;354990408A;SP;Buquirinha;-23,111;-45,913;2019-02-10 19:10:00.0;0,0
SÃO JOSÉ DOS CAMPOS;354990408A;SP;Buquirinha;-23,111;-45,913;2019-02-10 20:10:00.0;0,0
SÃO JOSÉ DOS CAMPOS;354990408A;SP;Buquirinha;-23,111;-45,913;2019-02-10 21:10:00.0;0,0
SÃO JOSÉ DOS CAMPOS;354990408A;SP;Buquirinha;-23,111;-45,913;2019-02-10 22:10:00.0;0,0
SÃO JOSÉ DOS CAMPOS;354990408A;SP;Buquirinha;-23,111;-45,913;2019-02-10 23:10:00.0;0,0
SÃO JOSÉ DOS CAMPOS;354990408A;SP;Buquirinha;-23,111;-45,913;2019-02-11 00:10:00.0;0,0
SÃO JOSÉ DOS CAMPOS;354990408A;SP;Buquirinha;-23,111;-45,913;2019-02-11 01:10:00.0;0,0
SÃO JOSÉ DOS CAMPOS;354990408A;SP;Buquirinha;-23,111;-45,913;2019-02-11 02:10:00.0;0,0
SÃO JOSÉ DOS CAMPOS;354990408A;SP;Buquirinha;-23,111;-45,913;2019-02-11 03:10:00.0;0,0
SÃO JOSÉ DOS CAMPOS;354990408A;SP;Buquirinha;-23,111;-45,913;2019-02-11 04:10:00.0;0,0
SÃO JOSÉ DOS CAMPOS;354990408A;SP;Buquirinha;-23,111;-45,913;2019-02-11 05:10:00.0;0,0
SÃO JOSÉ DOS CAMPOS;354990408A;SP;Buquirinha;-23,111;-45,913;2019-02-11 06:10:00.0;0,0
SÃO JOSÉ DOS CAMPOS;354990408A;SP;Buquirinha;-23,111;-45,913;2019-02-11 07:10:00.0;0,0
SÃO JOSÉ DOS CAMPOS;354990408A;SP;Buquirinha;-23,111;-45,913;2019-02-11 08:10:00.0;0,0
SÃO JOSÉ DOS CAMPOS;354990408A;SP;Buquirinha;-23,111;-45,913;2019-02-11 09:10:00.0;0,0
SÃO JOSÉ DOS CAMPOS;354990408A;SP;Buquirinha;-23,111;-45,913;2019-02-11 10:10:00.0;0,0
SÃO JOSÉ DOS CAMPOS;354990408A;SP;Buquirinha;-23,111;-45,913;2019-02-11 11:10:00.0;0,0
SÃO JOSÉ DOS CAMPOS;354990408A;SP;Buquirinha;-23,111;-45,913;2019-02-11 12:10:00.0;0,0
SÃO JOSÉ DOS CAMPOS;354990408A;SP;Buquirinha;-23,111;-45,913;2019-02-11 13:10:00.0;0,0
SÃO JOSÉ DOS CAMPOS;354990408A;SP;Buquirinha;-23,111;-45,913;2019-02-11 14:10:00.0;0,0
SÃO JOSÉ DOS CAMPOS;354990408A;SP;Buquirinha;-23,111;-45,913;2019-02-11 15:10:00.0;0,0
SÃO JOSÉ DOS CAMPOS;354990408A;SP;Buquirinha;-23,111;-45,913;2019-02-11 15:20:00.0;0,2
SÃO JOSÉ DOS CAMPOS;354990408A;SP;Buquirinha;-23,111;-45,913;2019-02-11 16:10:00.0;0,0
SÃO JOSÉ DOS CAMPOS;354990408A;SP;Buquirinha;-23,111;-45,913;2019-02-11 17:10:00.0;0,0
SÃO JOSÉ DOS CAMPOS;354990408A;SP;Buquirinha;-23,111;-45,913;2019-02-11 18:10:00.0;0,0
SÃO JOSÉ DOS CAMPOS;354990408A;SP;Buquirinha;-23,111;-45,913;2019-02-11 18:50:00.0;3,76
SÃO JOSÉ DOS CAMPOS;354990408A;SP;Buquirinha;-23,111;-45,913;2019-02-11 19:00:00.0;15,34
SÃO JOSÉ DOS CAMPOS;354990408A;SP;Buquirinha;-23,111;-45,913;2019-02-11 19:10:00.0;15,58
SÃO JOSÉ DOS CAMPOS;354990408A;SP;Buquirinha;-23,111;-45,913;2019-02-11 19:20:00.0;6,49
SÃO JOSÉ DOS CAMPOS;354990408A;SP;Buquirinha;-23,111;-45,913;2019-02-11 19:30:00.0;1,97
SÃO JOSÉ DOS CAMPOS;354990408A;SP;Buquirinha;-23,111;-45,913;2019-02-11 19:40:00.0;0,59
SÃO JOSÉ DOS CAMPOS;354990408A;SP;Buquirinha;-23,111;-45,913;2019-02-11 20:10:00.0;0,0
SÃO JOSÉ DOS CAMPOS;354990408A;SP;Buquirinha;-23,111;-45,913;2019-02-11 21:10:00.0;0,0
SÃO JOSÉ DOS CAMPOS;354990408A;SP;Buquirinha;-23,111;-45,913;2019-02-11 22:10:00.0;0,0
SÃO JOSÉ DOS CAMPOS;354990408A;SP;Buquirinha;-23,111;-45,913;2019-02-11 22:40:00.0;0,98
SÃO JOSÉ DOS CAMPOS;354990408A;SP;Buquirinha;-23,111;-45,913;2019-02-11 22:50:00.0;0,2
SÃO JOSÉ DOS CAMPOS;354990408A;SP;Buquirinha;-23,111;-45,913;2019-02-11 23:10:00.0;0,0
SÃO JOSÉ DOS CAMPOS;354990408A;SP;Buquirinha;-23,111;-45,913;2019-02-12 00:10:00.0;0,0
SÃO JOSÉ DOS CAMPOS;354990408A;SP;Buquirinha;-23,111;-45,913;2019-02-12 01:10:00.0;0,0
SÃO JOSÉ DOS CAMPOS;354990408A;SP;Buquirinha;-23,111;-45,913;2019-02-12 02:10:00.0;0,0
SÃO JOSÉ DOS CAMPOS;354990408A;SP;Buquirinha;-23,111;-45,913;2019-02-12 03:10:00.0;0,0
SÃO JOSÉ DOS CAMPOS;354990408A;SP;Buquirinha;-23,111;-45,913;2019-02-12 04:10:00.0;0,0
SÃO JOSÉ DOS CAMPOS;354990408A;SP;Buquirinha;-23,111;-45,913;2019-02-12 05:10:00.0;0,0
SÃO JOSÉ DOS CAMPOS;354990408A;SP;Buquirinha;-23,111;-45,913;2019-02-12 06:10:00.0;0,0
SÃO JOSÉ DOS CAMPOS;354990408A;SP;Buquirinha;-23,111;-45,913;2019-02-12 07:10:00.0;0,0
SÃO JOSÉ DOS CAMPOS;354990408A;SP;Buquirinha;-23,111;-45,913;2019-02-12 08:10:00.0;0,0
SÃO JOSÉ DOS CAMPOS;354990408A;SP;Buquirinha;-23,111;-45,913;2019-02-12 09:10:00.0;0,0
SÃO JOSÉ DOS CAMPOS;354990408A;SP;Buquirinha;-23,111;-45,913;2019-02-12 10:10:00.0;0,0
SÃO JOSÉ DOS CAMPOS;354990408A;SP;Buquirinha;-23,111;-45,913;2019-02-12 11:10:00.0;0,0
SÃO JOSÉ DOS CAMPOS;354990408A;SP;Buquirinha;-23,111;-45,913;2019-02-12 12:10:00.0;0,0
SÃO JOSÉ DOS CAMPOS;354990408A;SP;Buquirinha;-23,111;-45,913;2019-02-12 13:10:00.0;0,2
SÃO JOSÉ DOS CAMPOS;354990408A;SP;Buquirinha;-23,111;-45,913;2019-02-12 14:10:00.0;0,0
SÃO JOSÉ DOS CAMPOS;354990408A;SP;Buquirinha;-23,111;-45,913;2019-02-12 15:10:00.0;0,0
SÃO JOSÉ DOS CAMPOS;354990408A;SP;Buquirinha;-23,111;-45,913;2019-02-12 16:10:00.0;0,0
SÃO JOSÉ DOS CAMPOS;354990408A;SP;Buquirinha;-23,111;-45,913;2019-02-12 17:10:00.0;0,0
SÃO JOSÉ DOS CAMPOS;354990408A;SP;Buquirinha;-23,111;-45,913;2019-02-12 18:10:00.0;0,0
SÃO JOSÉ DOS CAMPOS;354990408A;SP;Buquirinha;-23,111;-45,913;2019-02-12 19:10:00.0;0,0
SÃO JOSÉ DOS CAMPOS;354990408A;SP;Buquirinha;-23,111;-45,913;2019-02-12 20:10:00.0;0,0
SÃO JOSÉ DOS CAMPOS;354990408A;SP;Buquirinha;-23,111;-45,913;2019-02-12 21:10:00.0;0,0
SÃO JOSÉ DOS CAMPOS;354990408A;SP;Buquirinha;-23,111;-45,913;2019-02-12 22:10:00.0;0,0
SÃO JOSÉ DOS CAMPOS;354990408A;SP;Buquirinha;-23,111;-45,913;2019-02-12 23:10:00.0;0,0
SÃO JOSÉ DOS CAMPOS;354990408A;SP;Buquirinha;-23,111;-45,913;2019-02-13 00:10:00.0;0,0
SÃO JOSÉ DOS CAMPOS;354990408A;SP;Buquirinha;-23,111;-45,913;2019-02-13 00:30:00.0;0,39
SÃO JOSÉ DOS CAMPOS;354990408A;SP;Buquirinha;-23,111;-45,913;2019-02-13 00:40:00.0;3,15
SÃO JOSÉ DOS CAMPOS;354990408A;SP;Buquirinha;-23,111;-45,913;2019-02-13 00:50:00.0;0,98
SÃO JOSÉ DOS CAMPOS;354990408A;SP;Buquirinha;-23,111;-45,913;2019-02-13 01:00:00.0;0,2
SÃO JOSÉ DOS CAMPOS;354990408A;SP;Buquirinha;-23,111;-45,913;2019-02-13 01:10:00.0;0,59
SÃO JOSÉ DOS CAMPOS;354990408A;SP;Buquirinha;-23,111;-45,913;2019-02-13 01:20:00.0;0,2
SÃO JOSÉ DOS CAMPOS;354990408A;SP;Buquirinha;-23,111;-45,913;2019-02-13 01:40:00.0;0,2
SÃO JOSÉ DOS CAMPOS;354990408A;SP;Buquirinha;-23,111;-45,913;2019-02-13 02:10:00.0;0,0
SÃO JOSÉ DOS CAMPOS;354990408A;SP;Buquirinha;-23,111;-45,913;2019-02-13 03:10:00.0;0,0
SÃO JOSÉ DOS CAMPOS;354990408A;SP;Buquirinha;-23,111;-45,913;2019-02-13 04:10:00.0;0,0
SÃO JOSÉ DOS CAMPOS;354990408A;SP;Buquirinha;-23,111;-45,913;2019-02-13 04:20:00.0;0,2
SÃO JOSÉ DOS CAMPOS;354990408A;SP;Buquirinha;-23,111;-45,913;2019-02-13 04:50:00.0;0,2
SÃO JOSÉ DOS CAMPOS;354990408A;SP;Buquirinha;-23,111;-45,913;2019-02-13 05:00:00.0;0,59
SÃO JOSÉ DOS CAMPOS;354990408A;SP;Buquirinha;-23,111;-45,913;2019-02-13 05:10:00.0;0,59
SÃO JOSÉ DOS CAMPOS;354990408A;SP;Buquirinha;-23,111;-45,913;2019-02-13 05:20:00.0;1,18
SÃO JOSÉ DOS CAMPOS;354990408A;SP;Buquirinha;-23,111;-45,913;2019-02-13 05:30:00.0;1,57
SÃO JOSÉ DOS CAMPOS;354990408A;SP;Buquirinha;-23,111;-45,913;2019-02-13 05:40:00.0;1,57
SÃO JOSÉ DOS CAMPOS;354990408A;SP;Buquirinha;-23,111;-45,913;2019-02-13 05:50:00.0;0,39
SÃO JOSÉ DOS CAMPOS;354990408A;SP;Buquirinha;-23,111;-45,913;2019-02-13 06:00:00.0;0,2
SÃO JOSÉ DOS CAMPOS;354990408A;SP;Buquirinha;-23,111;-45,913;2019-02-13 06:10:00.0;0,0
SÃO JOSÉ DOS CAMPOS;354990408A;SP;Buquirinha;-23,111;-45,913;2019-02-13 06:50:00.0;0,2
SÃO JOSÉ DOS CAMPOS;354990408A;SP;Buquirinha;-23,111;-45,913;2019-02-13 07:10:00.0;0,0
SÃO JOSÉ DOS CAMPOS;354990408A;SP;Buquirinha;-23,111;-45,913;2019-02-13 08:10:00.0;0,0
SÃO JOSÉ DOS CAMPOS;354990408A;SP;Buquirinha;-23,111;-45,913;2019-02-13 08:40:00.0;0,2
SÃO JOSÉ DOS CAMPOS;354990408A;SP;Buquirinha;-23,111;-45,913;2019-02-13 08:50:00.0;0,2
SÃO JOSÉ DOS CAMPOS;354990408A;SP;Buquirinha;-23,111;-45,913;2019-02-13 09:00:00.0;0,39
SÃO JOSÉ DOS CAMPOS;354990408A;SP;Buquirinha;-23,111;-45,913;2019-02-13 09:10:00.0;0,2
SÃO JOSÉ DOS CAMPOS;354990408A;SP;Buquirinha;-23,111;-45,913;2019-02-13 09:20:00.0;0,2
SÃO JOSÉ DOS CAMPOS;354990408A;SP;Buquirinha;-23,111;-45,913;2019-02-13 09:40:00.0;0,2
SÃO JOSÉ DOS CAMPOS;354990408A;SP;Buquirinha;-23,111;-45,913;2019-02-13 09:50:00.0;0,2
SÃO JOSÉ DOS CAMPOS;354990408A;SP;Buquirinha;-23,111;-45,913;2019-02-13 10:10:00.0;0,2
SÃO JOSÉ DOS CAMPOS;354990408A;SP;Buquirinha;-23,111;-45,913;2019-02-13 10:20:00.0;0,2
SÃO JOSÉ DOS CAMPOS;354990408A;SP;Buquirinha;-23,111;-45,913;2019-02-13 10:30:00.0;0,59
SÃO JOSÉ DOS CAMPOS;354990408A;SP;Buquirinha;-23,111;-45,913;2019-02-13 10:40:00.0;1,57
SÃO JOSÉ DOS CAMPOS;354990408A;SP;Buquirinha;-23,111;-45,913;2019-02-13 10:50:00.0;1,18
SÃO JOSÉ DOS CAMPOS;354990408A;SP;Buquirinha;-23,111;-45,913;2019-02-13 11:00:00.0;0,98
SÃO JOSÉ DOS CAMPOS;354990408A;SP;Buquirinha;-23,111;-45,913;2019-02-13 11:10:00.0;0,79
SÃO JOSÉ DOS CAMPOS;354990408A;SP;Buquirinha;-23,111;-45,913;2019-02-13 11:20:00.0;1,57
SÃO JOSÉ DOS CAMPOS;354990408A;SP;Buquirinha;-23,111;-45,913;2019-02-13 11:30:00.0;1,37
SÃO JOSÉ DOS CAMPOS;354990408A;SP;Buquirinha;-23,111;-45,913;2019-02-13 11:40:00.0;0,59
SÃO JOSÉ DOS CAMPOS;354990408A;SP;Buquirinha;-23,111;-45,913;2019-02-13 11:50:00.0;0,39
SÃO JOSÉ DOS CAMPOS;354990408A;SP;Buquirinha;-23,111;-45,913;2019-02-13 12:10:00.0;0,0
SÃO JOSÉ DOS CAMPOS;354990408A;SP;Buquirinha;-23,111;-45,913;2019-02-13 13:00:00.0;0,2
SÃO JOSÉ DOS CAMPOS;354990408A;SP;Buquirinha;-23,111;-45,913;2019-02-13 13:10:00.0;0,0
SÃO JOSÉ DOS CAMPOS;354990408A;SP;Buquirinha;-23,111;-45,913;2019-02-13 14:00:00.0;0,2
SÃO JOSÉ DOS CAMPOS;354990408A;SP;Buquirinha;-23,111;-45,913;2019-02-13 14:10:00.0;0,0
SÃO JOSÉ DOS CAMPOS;354990408A;SP;Buquirinha;-23,111;-45,913;2019-02-13 14:50:00.0;0,2
SÃO JOSÉ DOS CAMPOS;354990408A;SP;Buquirinha;-23,111;-45,913;2019-02-13 15:10:00.0;0,0
SÃO JOSÉ DOS CAMPOS;354990408A;SP;Buquirinha;-23,111;-45,913;2019-02-13 16:10:00.0;0,0
SÃO JOSÉ DOS CAMPOS;354990408A;SP;Buquirinha;-23,111;-45,913;2019-02-13 17:10:00.0;0,0
SÃO JOSÉ DOS CAMPOS;354990408A;SP;Buquirinha;-23,111;-45,913;2019-02-13 18:10:00.0;0,0
SÃO JOSÉ DOS CAMPOS;354990408A;SP;Buquirinha;-23,111;-45,913;2019-02-13 18:30:00.0;0,2
SÃO JOSÉ DOS CAMPOS;354990408A;SP;Buquirinha;-23,111;-45,913;2019-02-13 19:10:00.0;0,2
SÃO JOSÉ DOS CAMPOS;354990408A;SP;Buquirinha;-23,111;-45,913;2019-02-13 19:40:00.0;0,2
SÃO JOSÉ DOS CAMPOS;354990408A;SP;Buquirinha;-23,111;-45,913;2019-02-13 20:10:00.0;0,0
SÃO JOSÉ DOS CAMPOS;354990408A;SP;Buquirinha;-23,111;-45,913;2019-02-13 21:10:00.0;0,0
SÃO JOSÉ DOS CAMPOS;354990408A;SP;Buquirinha;-23,111;-45,913;2019-02-13 22:10:00.0;0,0
SÃO JOSÉ DOS CAMPOS;354990408A;SP;Buquirinha;-23,111;-45,913;2019-02-13 23:10:00.0;0,0
SÃO JOSÉ DOS CAMPOS;354990408A;SP;Buquirinha;-23,111;-45,913;2019-02-13 23:30:00.0;0,2
SÃO JOSÉ DOS CAMPOS;354990408A;SP;Buquirinha;-23,111;-45,913;2019-02-14 00:10:00.0;0,0
SÃO JOSÉ DOS CAMPOS;354990408A;SP;Buquirinha;-23,111;-45,913;2019-02-14 01:10:00.0;0,0
SÃO JOSÉ DOS CAMPOS;354990408A;SP;Buquirinha;-23,111;-45,913;2019-02-14 02:10:00.0;0,0
SÃO JOSÉ DOS CAMPOS;354990408A;SP;Buquirinha;-23,111;-45,913;2019-02-14 03:10:00.0;0,0
SÃO JOSÉ DOS CAMPOS;354990408A;SP;Buquirinha;-23,111;-45,913;2019-02-14 04:10:00.0;0,0
SÃO JOSÉ DOS CAMPOS;354990408A;SP;Buquirinha;-23,111;-45,913;2019-02-14 05:10:00.0;0,0
SÃO JOSÉ DOS CAMPOS;354990408A;SP;Buquirinha;-23,111;-45,913;2019-02-14 06:10:00.0;0,0
SÃO JOSÉ DOS CAMPOS;354990408A;SP;Buquirinha;-23,111;-45,913;2019-02-14 07:10:00.0;0,0
SÃO JOSÉ DOS CAMPOS;354990408A;SP;Buquirinha;-23,111;-45,913;2019-02-14 08:10:00.0;0,0
SÃO JOSÉ DOS CAMPOS;354990408A;SP;Buquirinha;-23,111;-45,913;2019-02-14 09:10:00.0;0,0
SÃO JOSÉ DOS CAMPOS;354990408A;SP;Buquirinha;-23,111;-45,913;2019-02-14 10:10:00.0;0,0
SÃO JOSÉ DOS CAMPOS;354990408A;SP;Buquirinha;-23,111;-45,913;2019-02-14 11:10:00.0;0,0
SÃO JOSÉ DOS CAMPOS;354990408A;SP;Buquirinha;-23,111;-45,913;2019-02-14 12:10:00.0;0,0
SÃO JOSÉ DOS CAMPOS;354990408A;SP;Buquirinha;-23,111;-45,913;2019-02-14 13:10:00.0;0,0
SÃO JOSÉ DOS CAMPOS;354990408A;SP;Buquirinha;-23,111;-45,913;2019-02-14 14:10:00.0;0,0
SÃO JOSÉ DOS CAMPOS;354990408A;SP;Buquirinha;-23,111;-45,913;2019-02-14 15:10:00.0;0,0
SÃO JOSÉ DOS CAMPOS;354990408A;SP;Buquirinha;-23,111;-45,913;2019-02-14 16:10:00.0;0,0
SÃO JOSÉ DOS CAMPOS;354990408A;SP;Buquirinha;-23,111;-45,913;2019-02-14 17:10:00.0;0,0
SÃO JOSÉ DOS CAMPOS;354990408A;SP;Buquirinha;-23,111;-45,913;2019-02-14 18:10:00.0;0,0
SÃO JOSÉ DOS CAMPOS;354990408A;SP;Buquirinha;-23,111;-45,913;2019-02-14 19:10:00.0;0,0
SÃO JOSÉ DOS CAMPOS;354990408A;SP;Buquirinha;-23,111;-45,913;2019-02-14 20:10:00.0;0,0
SÃO JOSÉ DOS CAMPOS;354990408A;SP;Buquirinha;-23,111;-45,913;2019-02-14 21:10:00.0;0,0
SÃO JOSÉ DOS CAMPOS;354990408A;SP;Buquirinha;-23,111;-45,913;2019-02-14 22:10:00.0;0,0
SÃO JOSÉ DOS CAMPOS;354990408A;SP;Buquirinha;-23,111;-45,913;2019-02-14 23:10:00.0;0,0
SÃO JOSÉ DOS CAMPOS;354990408A;SP;Buquirinha;-23,111;-45,913;2019-02-15 00:10:00.0;0,0
SÃO JOSÉ DOS CAMPOS;354990408A;SP;Buquirinha;-23,111;-45,913;2019-02-15 01:10:00.0;0,0
SÃO JOSÉ DOS CAMPOS;354990408A;SP;Buquirinha;-23,111;-45,913;2019-02-15 02:10:00.0;0,0
SÃO JOSÉ DOS CAMPOS;354990408A;SP;Buquirinha;-23,111;-45,913;2019-02-15 03:10:00.0;0,0
SÃO JOSÉ DOS CAMPOS;354990408A;SP;Buquirinha;-23,111;-45,913;2019-02-15 04:10:00.0;0,0
SÃO JOSÉ DOS CAMPOS;354990408A;SP;Buquirinha;-23,111;-45,913;2019-02-15 05:10:00.0;0,0
SÃO JOSÉ DOS CAMPOS;354990408A;SP;Buquirinha;-23,111;-45,913;2019-02-15 06:10:00.0;0,0
SÃO JOSÉ DOS CAMPOS;354990408A;SP;Buquirinha;-23,111;-45,913;2019-02-15 07:10:00.0;0,0
SÃO JOSÉ DOS CAMPOS;354990408A;SP;Buquirinha;-23,111;-45,913;2019-02-15 08:10:00.0;0,0
SÃO JOSÉ DOS CAMPOS;354990408A;SP;Buquirinha;-23,111;-45,913;2019-02-15 09:10:00.0;0,0
SÃO JOSÉ DOS CAMPOS;354990408A;SP;Buquirinha;-23,111;-45,913;2019-02-15 10:10:00.0;0,0
SÃO JOSÉ DOS CAMPOS;354990408A;SP;Buquirinha;-23,111;-45,913;2019-02-15 11:10:00.0;0,0
SÃO JOSÉ DOS CAMPOS;354990408A;SP;Buquirinha;-23,111;-45,913;2019-02-15 12:10:00.0;0,0
SÃO JOSÉ DOS CAMPOS;354990408A;SP;Buquirinha;-23,111;-45,913;2019-02-15 13:10:00.0;0,0
SÃO JOSÉ DOS CAMPOS;354990408A;SP;Buquirinha;-23,111;-45,913;2019-02-15 14:10:00.0;0,0
SÃO JOSÉ DOS CAMPOS;354990408A;SP;Buquirinha;-23,111;-45,913;2019-02-15 15:10:00.0;0,0
SÃO JOSÉ DOS CAMPOS;354990408A;SP;Buquirinha;-23,111;-45,913;2019-02-15 16:10:00.0;0,0
SÃO JOSÉ DOS CAMPOS;354990408A;SP;Buquirinha;-23,111;-45,913;2019-02-15 17:10:00.0;0,0
SÃO JOSÉ DOS CAMPOS;354990408A;SP;Buquirinha;-23,111;-45,913;2019-02-15 18:10:00.0;0,0
SÃO JOSÉ DOS CAMPOS;354990408A;SP;Buquirinha;-23,111;-45,913;2019-02-15 19:10:00.0;0,0
SÃO JOSÉ DOS CAMPOS;354990408A;SP;Buquirinha;-23,111;-45,913;2019-02-15 20:10:00.0;0,0
SÃO JOSÉ DOS CAMPOS;354990408A;SP;Buquirinha;-23,111;-45,913;2019-02-15 21:10:00.0;0,0
SÃO JOSÉ DOS CAMPOS;354990408A;SP;Buquirinha;-23,111;-45,913;2019-02-15 22:10:00.0;0,0
SÃO JOSÉ DOS CAMPOS;354990408A;SP;Buquirinha;-23,111;-45,913;2019-02-15 23:10:00.0;0,0
SÃO JOSÉ DOS CAMPOS;354990408A;SP;Buquirinha;-23,111;-45,913;2019-02-16 00:00:00.0;0,2
SÃO JOSÉ DOS CAMPOS;354990408A;SP;Buquirinha;-23,111;-45,913;2019-02-16 00:10:00.0;0,39
SÃO JOSÉ DOS CAMPOS;354990408A;SP;Buquirinha;-23,111;-45,913;2019-02-16 00:20:00.0;0,79
SÃO JOSÉ DOS CAMPOS;354990408A;SP;Buquirinha;-23,111;-45,913;2019-02-16 00:30:00.0;2,56
SÃO JOSÉ DOS CAMPOS;354990408A;SP;Buquirinha;-23,111;-45,913;2019-02-16 00:40:00.0;1,57
SÃO JOSÉ DOS CAMPOS;354990408A;SP;Buquirinha;-23,111;-45,913;2019-02-16 00:50:00.0;2,16
SÃO JOSÉ DOS CAMPOS;354990408A;SP;Buquirinha;-23,111;-45,913;2019-02-16 01:00:00.0;2,95
SÃO JOSÉ DOS CAMPOS;354990408A;SP;Buquirinha;-23,111;-45,913;2019-02-16 01:10:00.0;1,18
SÃO JOSÉ DOS CAMPOS;354990408A;SP;Buquirinha;-23,111;-45,913;2019-02-16 01:20:00.0;0,98
SÃO JOSÉ DOS CAMPOS;354990408A;SP;Buquirinha;-23,111;-45,913;2019-02-16 01:30:00.0;0,79
SÃO JOSÉ DOS CAMPOS;354990408A;SP;Buquirinha;-23,111;-45,913;2019-02-16 01:40:00.0;1,18
SÃO JOSÉ DOS CAMPOS;354990408A;SP;Buquirinha;-23,111;-45,913;2019-02-16 01:50:00.0;4,53
SÃO JOSÉ DOS CAMPOS;354990408A;SP;Buquirinha;-23,111;-45,913;2019-02-16 02:00:00.0;1,57
SÃO JOSÉ DOS CAMPOS;354990408A;SP;Buquirinha;-23,111;-45,913;2019-02-16 02:10:00.0;0,59
SÃO JOSÉ DOS CAMPOS;354990408A;SP;Buquirinha;-23,111;-45,913;2019-02-16 02:20:00.0;0,79
SÃO JOSÉ DOS CAMPOS;354990408A;SP;Buquirinha;-23,111;-45,913;2019-02-16 02:30:00.0;1,18
SÃO JOSÉ DOS CAMPOS;354990408A;SP;Buquirinha;-23,111;-45,913;2019-02-16 02:40:00.0;1,37
SÃO JOSÉ DOS CAMPOS;354990408A;SP;Buquirinha;-23,111;-45,913;2019-02-16 02:50:00.0;1,18
SÃO JOSÉ DOS CAMPOS;354990408A;SP;Buquirinha;-23,111;-45,913;2019-02-16 03:00:00.0;1,18
SÃO JOSÉ DOS CAMPOS;354990408A;SP;Buquirinha;-23,111;-45,913;2019-02-16 03:10:00.0;0,98
SÃO JOSÉ DOS CAMPOS;354990408A;SP;Buquirinha;-23,111;-45,913;2019-02-16 03:20:00.0;0,59
SÃO JOSÉ DOS CAMPOS;354990408A;SP;Buquirinha;-23,111;-45,913;2019-02-16 03:30:00.0;0,39
SÃO JOSÉ DOS CAMPOS;354990408A;SP;Buquirinha;-23,111;-45,913;2019-02-16 03:40:00.0;0,2
SÃO JOSÉ DOS CAMPOS;354990408A;SP;Buquirinha;-23,111;-45,913;2019-02-16 03:50:00.0;0,39
SÃO JOSÉ DOS CAMPOS;354990408A;SP;Buquirinha;-23,111;-45,913;2019-02-16 04:00:00.0;0,39
SÃO JOSÉ DOS CAMPOS;354990408A;SP;Buquirinha;-23,111;-45,913;2019-02-16 04:10:00.0;0,0
SÃO JOSÉ DOS CAMPOS;354990408A;SP;Buquirinha;-23,111;-45,913;2019-02-16 04:20:00.0;0,2
SÃO JOSÉ DOS CAMPOS;354990408A;SP;Buquirinha;-23,111;-45,913;2019-02-16 05:10:00.0;0,0
SÃO JOSÉ DOS CAMPOS;354990408A;SP;Buquirinha;-23,111;-45,913;2019-02-16 06:10:00.0;0,0
SÃO JOSÉ DOS CAMPOS;354990408A;SP;Buquirinha;-23,111;-45,913;2019-02-16 06:40:00.0;0,2
SÃO JOSÉ DOS CAMPOS;354990408A;SP;Buquirinha;-23,111;-45,913;2019-02-16 07:10:00.0;0,0
SÃO JOSÉ DOS CAMPOS;354990408A;SP;Buquirinha;-23,111;-45,913;2019-02-16 08:10:00.0;0,0
SÃO JOSÉ DOS CAMPOS;354990408A;SP;Buquirinha;-23,111;-45,913;2019-02-16 09:10:00.0;0,0
SÃO JOSÉ DOS CAMPOS;354990408A;SP;Buquirinha;-23,111;-45,913;2019-02-16 10:10:00.0;0,0
SÃO JOSÉ DOS CAMPOS;354990408A;SP;Buquirinha;-23,111;-45,913;2019-02-16 11:00:00.0;0,2
SÃO JOSÉ DOS CAMPOS;354990408A;SP;Buquirinha;-23,111;-45,913;2019-02-16 11:10:00.0;0,2
SÃO JOSÉ DOS CAMPOS;354990408A;SP;Buquirinha;-23,111;-45,913;2019-02-16 11:20:00.0;0,39
SÃO JOSÉ DOS CAMPOS;354990408A;SP;Buquirinha;-23,111;-45,913;2019-02-16 12:00:00.0;0,2
SÃO JOSÉ DOS CAMPOS;354990408A;SP;Buquirinha;-23,111;-45,913;2019-02-16 12:10:00.0;0,0
SÃO JOSÉ DOS CAMPOS;354990408A;SP;Buquirinha;-23,111;-45,913;2019-02-16 13:10:00.0;0,0
SÃO JOSÉ DOS CAMPOS;354990408A;SP;Buquirinha;-23,111;-45,913;2019-02-16 15:30:00.0;0,59
SÃO JOSÉ DOS CAMPOS;354990408A;SP;Buquirinha;-23,111;-45,913;2019-02-16 15:40:00.0;1,18
SÃO JOSÉ DOS CAMPOS;354990408A;SP;Buquirinha;-23,111;-45,913;2019-02-16 15:50:00.0;0,2
SÃO JOSÉ DOS CAMPOS;354990408A;SP;Buquirinha;-23,111;-45,913;2019-02-16 16:00:00.0;0,59
SÃO JOSÉ DOS CAMPOS;354990408A;SP;Buquirinha;-23,111;-45,913;2019-02-16 16:20:00.0;0,2
SÃO JOSÉ DOS CAMPOS;354990408A;SP;Buquirinha;-23,111;-45,913;2019-02-16 17:00:00.0;0,2
SÃO JOSÉ DOS CAMPOS;354990408A;SP;Buquirinha;-23,111;-45,913;2019-02-16 19:10:00.0;0,0
SÃO JOSÉ DOS CAMPOS;354990408A;SP;Buquirinha;-23,111;-45,913;2019-02-16 20:10:00.0;0,0
SÃO JOSÉ DOS CAMPOS;354990408A;SP;Buquirinha;-23,111;-45,913;2019-02-16 21:10:00.0;0,0
SÃO JOSÉ DOS CAMPOS;354990408A;SP;Buquirinha;-23,111;-45,913;2019-02-16 22:10:00.0;0,0
SÃO JOSÉ DOS CAMPOS;354990408A;SP;Buquirinha;-23,111;-45,913;2019-02-16 23:10:00.0;0,0
SÃO JOSÉ DOS CAMPOS;354990408A;SP;Buquirinha;-23,111;-45,913;2019-02-17 00:10:00.0;0,0
SÃO JOSÉ DOS CAMPOS;354990408A;SP;Buquirinha;-23,111;-45,913;2019-02-17 01:10:00.0;0,0
SÃO JOSÉ DOS CAMPOS;354990408A;SP;Buquirinha;-23,111;-45,913;2019-02-17 02:10:00.0;0,0
SÃO JOSÉ DOS CAMPOS;354990408A;SP;Buquirinha;-23,111;-45,913;2019-02-17 03:10:00.0;0,0
SÃO JOSÉ DOS CAMPOS;354990408A;SP;Buquirinha;-23,111;-45,913;2019-02-17 04:10:00.0;0,0
SÃO JOSÉ DOS CAMPOS;354990408A;SP;Buquirinha;-23,111;-45,913;2019-02-17 05:10:00.0;0,0
SÃO JOSÉ DOS CAMPOS;354990408A;SP;Buquirinha;-23,111;-45,913;2019-02-17 06:10:00.0;0,0
SÃO JOSÉ DOS CAMPOS;354990408A;SP;Buquirinha;-23,111;-45,913;2019-02-17 07:10:00.0;0,0
SÃO JOSÉ DOS CAMPOS;354990408A;SP;Buquirinha;-23,111;-45,913;2019-02-17 08:10:00.0;0,0
SÃO JOSÉ DOS CAMPOS;354990408A;SP;Buquirinha;-23,111;-45,913;2019-02-17 09:10:00.0;0,0
SÃO JOSÉ DOS CAMPOS;354990408A;SP;Buquirinha;-23,111;-45,913;2019-02-17 10:10:00.0;0,0
SÃO JOSÉ DOS CAMPOS;354990408A;SP;Buquirinha;-23,111;-45,913;2019-02-17 11:10:00.0;0,0
SÃO JOSÉ DOS CAMPOS;354990408A;SP;Buquirinha;-23,111;-45,913;2019-02-17 12:10:00.0;0,0
SÃO JOSÉ DOS CAMPOS;354990408A;SP;Buquirinha;-23,111;-45,913;2019-02-17 13:10:00.0;0,0
SÃO JOSÉ DOS CAMPOS;354990408A;SP;Buquirinha;-23,111;-45,913;2019-02-17 14:10:00.0;0,0
SÃO JOSÉ DOS CAMPOS;354990408A;SP;Buquirinha;-23,111;-45,913;2019-02-17 15:10:00.0;0,0
SÃO JOSÉ DOS CAMPOS;354990408A;SP;Buquirinha;-23,111;-45,913;2019-02-17 16:10:00.0;0,0
SÃO JOSÉ DOS CAMPOS;354990408A;SP;Buquirinha;-23,111;-45,913;2019-02-17 16:30:00.0;0,59
SÃO JOSÉ DOS CAMPOS;354990408A;SP;Buquirinha;-23,111;-45,913;2019-02-17 16:40:00.0;0,59
SÃO JOSÉ DOS CAMPOS;354990408A;SP;Buquirinha;-23,111;-45,913;2019-02-17 17:10:00.0;0,0
SÃO JOSÉ DOS CAMPOS;354990408A;SP;Buquirinha;-23,111;-45,913;2019-02-17 18:10:00.0;0,2
SÃO JOSÉ DOS CAMPOS;354990408A;SP;Buquirinha;-23,111;-45,913;2019-02-17 18:20:00.0;0,2
SÃO JOSÉ DOS CAMPOS;354990408A;SP;Buquirinha;-23,111;-45,913;2019-02-17 19:10:00.0;0,0
SÃO JOSÉ DOS CAMPOS;354990408A;SP;Buquirinha;-23,111;-45,913;2019-02-17 20:10:00.0;0,0
SÃO JOSÉ DOS CAMPOS;354990408A;SP;Buquirinha;-23,111;-45,913;2019-02-17 21:10:00.0;0,0
SÃO JOSÉ DOS CAMPOS;354990408A;SP;Buquirinha;-23,111;-45,913;2019-02-17 22:10:00.0;0,0
SÃO JOSÉ DOS CAMPOS;354990408A;SP;Buquirinha;-23,111;-45,913;2019-02-17 23:10:00.0;0,0
SÃO JOSÉ DOS CAMPOS;354990408A;SP;Buquirinha;-23,111;-45,913;2019-02-18 00:10:00.0;0,0
SÃO JOSÉ DOS CAMPOS;354990408A;SP;Buquirinha;-23,111;-45,913;2019-02-18 01:10:00.0;0,0
SÃO JOSÉ DOS CAMPOS;354990408A;SP;Buquirinha;-23,111;-45,913;2019-02-18 02:10:00.0;0,0
SÃO JOSÉ DOS CAMPOS;354990408A;SP;Buquirinha;-23,111;-45,913;2019-02-18 03:10:00.0;0,0
SÃO JOSÉ DOS CAMPOS;354990408A;SP;Buquirinha;-23,111;-45,913;2019-02-18 04:10:00.0;0,0
SÃO JOSÉ DOS CAMPOS;354990408A;SP;Buquirinha;-23,111;-45,913;2019-02-18 05:10:00.0;0,0
SÃO JOSÉ DOS CAMPOS;354990408A;SP;Buquirinha;-23,111;-45,913;2019-02-18 06:10:00.0;0,0
SÃO JOSÉ DOS CAMPOS;354990408A;SP;Buquirinha;-23,111;-45,913;2019-02-18 07:10:00.0;0,0
SÃO JOSÉ DOS CAMPOS;354990408A;SP;Buquirinha;-23,111;-45,913;2019-02-18 08:10:00.0;0,0
SÃO JOSÉ DOS CAMPOS;354990408A;SP;Buquirinha;-23,111;-45,913;2019-02-18 09:10:00.0;0,0
SÃO JOSÉ DOS CAMPOS;354990408A;SP;Buquirinha;-23,111;-45,913;2019-02-18 10:10:00.0;0,0
SÃO JOSÉ DOS CAMPOS;354990408A;SP;Buquirinha;-23,111;-45,913;2019-02-18 11:10:00.0;0,0
SÃO JOSÉ DOS CAMPOS;354990408A;SP;Buquirinha;-23,111;-45,913;2019-02-18 12:10:00.0;0,0
SÃO JOSÉ DOS CAMPOS;354990408A;SP;Buquirinha;-23,111;-45,913;2019-02-18 13:10:00.0;0,0
SÃO JOSÉ DOS CAMPOS;354990408A;SP;Buquirinha;-23,111;-45,913;2019-02-18 14:10:00.0;0,0
SÃO JOSÉ DOS CAMPOS;354990408A;SP;Buquirinha;-23,111;-45,913;2019-02-18 15:10:00.0;0,0
SÃO JOSÉ DOS CAMPOS;354990408A;SP;Buquirinha;-23,111;-45,913;2019-02-18 16:10:00.0;0,0
SÃO JOSÉ DOS CAMPOS;354990408A;SP;Buquirinha;-23,111;-45,913;2019-02-18 17:10:00.0;0,0
SÃO JOSÉ DOS CAMPOS;354990408A;SP;Buquirinha;-23,111;-45,913;2019-02-18 18:10:00.0;0,0
SÃO JOSÉ DOS CAMPOS;354990408A;SP;Buquirinha;-23,111;-45,913;2019-02-18 19:10:00.0;0,0
SÃO JOSÉ DOS CAMPOS;354990408A;SP;Buquirinha;-23,111;-45,913;2019-02-18 20:10:00.0;0,0
SÃO JOSÉ DOS CAMPOS;354990408A;SP;Buquirinha;-23,111;-45,913;2019-02-18 21:10:00.0;0,0
SÃO JOSÉ DOS CAMPOS;354990408A;SP;Buquirinha;-23,111;-45,913;2019-02-18 22:10:00.0;0,0
SÃO JOSÉ DOS CAMPOS;354990408A;SP;Buquirinha;-23,111;-45,913;2019-02-18 23:10:00.0;0,0
SÃO JOSÉ DOS CAMPOS;354990408A;SP;Buquirinha;-23,111;-45,913;2019-02-19 00:10:00.0;0,0
SÃO JOSÉ DOS CAMPOS;354990408A;SP;Buquirinha;-23,111;-45,913;2019-02-19 01:10:00.0;0,0
SÃO JOSÉ DOS CAMPOS;354990408A;SP;Buquirinha;-23,111;-45,913;2019-02-19 02:10:00.0;0,0
SÃO JOSÉ DOS CAMPOS;354990408A;SP;Buquirinha;-23,111;-45,913;2019-02-19 03:10:00.0;0,0
SÃO JOSÉ DOS CAMPOS;354990408A;SP;Buquirinha;-23,111;-45,913;2019-02-19 04:10:00.0;0,0
SÃO JOSÉ DOS CAMPOS;354990408A;SP;Buquirinha;-23,111;-45,913;2019-02-19 05:10:00.0;0,0
SÃO JOSÉ DOS CAMPOS;354990408A;SP;Buquirinha;-23,111;-45,913;2019-02-19 06:10:00.0;0,0
SÃO JOSÉ DOS CAMPOS;354990408A;SP;Buquirinha;-23,111;-45,913;2019-02-19 07:10:00.0;0,0
SÃO JOSÉ DOS CAMPOS;354990408A;SP;Buquirinha;-23,111;-45,913;2019-02-19 08:10:00.0;0,0
SÃO JOSÉ DOS CAMPOS;354990408A;SP;Buquirinha;-23,111;-45,913;2019-02-19 09:10:00.0;0,0
SÃO JOSÉ DOS CAMPOS;354990408A;SP;Buquirinha;-23,111;-45,913;2019-02-19 10:10:00.0;0,0
SÃO JOSÉ DOS CAMPOS;354990408A;SP;Buquirinha;-23,111;-45,913;2019-02-19 11:10:00.0;0,0
SÃO JOSÉ DOS CAMPOS;354990408A;SP;Buquirinha;-23,111;-45,913;2019-02-19 12:10:00.0;0,0
SÃO JOSÉ DOS CAMPOS;354990408A;SP;Buquirinha;-23,111;-45,913;2019-02-19 13:10:00.0;0,0
SÃO JOSÉ DOS CAMPOS;354990408A;SP;Buquirinha;-23,111;-45,913;2019-02-19 14:10:00.0;0,0
SÃO JOSÉ DOS CAMPOS;354990408A;SP;Buquirinha;-23,111;-45,913;2019-02-19 15:10:00.0;0,0
SÃO JOSÉ DOS CAMPOS;354990408A;SP;Buquirinha;-23,111;-45,913;2019-02-19 16:10:00.0;0,0
SÃO JOSÉ DOS CAMPOS;354990408A;SP;Buquirinha;-23,111;-45,913;2019-02-19 17:10:00.0;0,0
SÃO JOSÉ DOS CAMPOS;354990408A;SP;Buquirinha;-23,111;-45,913;2019-02-19 18:10:00.0;0,0
SÃO JOSÉ DOS CAMPOS;354990408A;SP;Buquirinha;-23,111;-45,913;2019-02-19 19:10:00.0;0,0
SÃO JOSÉ DOS CAMPOS;354990408A;SP;Buquirinha;-23,111;-45,913;2019-02-19 20:10:00.0;0,0
SÃO JOSÉ DOS CAMPOS;354990408A;SP;Buquirinha;-23,111;-45,913;2019-02-19 21:10:00.0;0,0
SÃO JOSÉ DOS CAMPOS;354990408A;SP;Buquirinha;-23,111;-45,913;2019-02-19 22:10:00.0;0,0
SÃO JOSÉ DOS CAMPOS;354990408A;SP;Buquirinha;-23,111;-45,913;2019-02-19 23:10:00.0;0,0
SÃO JOSÉ DOS CAMPOS;354990408A;SP;Buquirinha;-23,111;-45,913;2019-02-20 00:10:00.0;0,0
SÃO JOSÉ DOS CAMPOS;354990408A;SP;Buquirinha;-23,111;-45,913;2019-02-20 01:10:00.0;0,0
SÃO JOSÉ DOS CAMPOS;354990408A;SP;Buquirinha;-23,111;-45,913;2019-02-20 02:10:00.0;0,0
SÃO JOSÉ DOS CAMPOS;354990408A;SP;Buquirinha;-23,111;-45,913;2019-02-20 03:10:00.0;0,0
SÃO JOSÉ DOS CAMPOS;354990408A;SP;Buquirinha;-23,111;-45,913;2019-02-20 04:10:00.0;0,0
SÃO JOSÉ DOS CAMPOS;354990408A;SP;Buquirinha;-23,111;-45,913;2019-02-20 05:10:00.0;0,0
SÃO JOSÉ DOS CAMPOS;354990408A;SP;Buquirinha;-23,111;-45,913;2019-02-20 06:10:00.0;0,0
SÃO JOSÉ DOS CAMPOS;354990408A;SP;Buquirinha;-23,111;-45,913;2019-02-20 07:10:00.0;0,0
SÃO JOSÉ DOS CAMPOS;354990408A;SP;Buquirinha;-23,111;-45,913;2019-02-20 08:10:00.0;0,0
SÃO JOSÉ DOS CAMPOS;354990408A;SP;Buquirinha;-23,111;-45,913;2019-02-20 09:10:00.0;0,0
SÃO JOSÉ DOS CAMPOS;354990408A;SP;Buquirinha;-23,111;-45,913;2019-02-20 10:10:00.0;0,0
SÃO JOSÉ DOS CAMPOS;354990408A;SP;Buquirinha;-23,111;-45,913;2019-02-20 11:10:00.0;0,0
SÃO JOSÉ DOS CAMPOS;354990408A;SP;Buquirinha;-23,111;-45,913;2019-02-20 12:10:00.0;0,0
SÃO JOSÉ DOS CAMPOS;354990408A;SP;Buquirinha;-23,111;-45,913;2019-02-20 13:10:00.0;0,0
SÃO JOSÉ DOS CAMPOS;354990408A;SP;Buquirinha;-23,111;-45,913;2019-02-20 14:10:00.0;0,0
SÃO JOSÉ DOS CAMPOS;354990408A;SP;Buquirinha;-23,111;-45,913;2019-02-20 15:10:00.0;0,0
SÃO JOSÉ DOS CAMPOS;354990408A;SP;Buquirinha;-23,111;-45,913;2019-02-20 16:10:00.0;0,0
SÃO JOSÉ DOS CAMPOS;354990408A;SP;Buquirinha;-23,111;-45,913;2019-02-20 16:20:00.0;0,2
SÃO JOSÉ DOS CAMPOS;354990408A;SP;Buquirinha;-23,111;-45,913;2019-02-20 17:10:00.0;0,0
SÃO JOSÉ DOS CAMPOS;354990408A;SP;Buquirinha;-23,111;-45,913;2019-02-20 18:10:00.0;0,0
SÃO JOSÉ DOS CAMPOS;354990408A;SP;Buquirinha;-23,111;-45,913;2019-02-20 18:30:00.0;0,39
SÃO JOSÉ DOS CAMPOS;354990408A;SP;Buquirinha;-23,111;-45,913;2019-02-20 19:10:00.0;0,0
SÃO JOSÉ DOS CAMPOS;354990408A;SP;Buquirinha;-23,111;-45,913;2019-02-20 20:10:00.0;0,0
SÃO JOSÉ DOS CAMPOS;354990408A;SP;Buquirinha;-23,111;-45,913;2019-02-20 21:10:00.0;0,0
SÃO JOSÉ DOS CAMPOS;354990408A;SP;Buquirinha;-23,111;-45,913;2019-02-20 22:10:00.0;0,0
SÃO JOSÉ DOS CAMPOS;354990408A;SP;Buquirinha;-23,111;-45,913;2019-02-20 23:10:00.0;0,0
SÃO JOSÉ DOS CAMPOS;354990408A;SP;Buquirinha;-23,111;-45,913;2019-02-21 00:10:00.0;0,0
SÃO JOSÉ DOS CAMPOS;354990408A;SP;Buquirinha;-23,111;-45,913;2019-02-21 01:10:00.0;0,0
SÃO JOSÉ DOS CAMPOS;354990408A;SP;Buquirinha;-23,111;-45,913;2019-02-21 02:10:00.0;0,0
SÃO JOSÉ DOS CAMPOS;354990408A;SP;Buquirinha;-23,111;-45,913;2019-02-21 03:10:00.0;0,0
SÃO JOSÉ DOS CAMPOS;354990408A;SP;Buquirinha;-23,111;-45,913;2019-02-21 04:10:00.0;0,0
SÃO JOSÉ DOS CAMPOS;354990408A;SP;Buquirinha;-23,111;-45,913;2019-02-21 05:10:00.0;0,0
SÃO JOSÉ DOS CAMPOS;354990408A;SP;Buquirinha;-23,111;-45,913;2019-02-21 06:10:00.0;0,0
SÃO JOSÉ DOS CAMPOS;354990408A;SP;Buquirinha;-23,111;-45,913;2019-02-21 07:10:00.0;0,0
SÃO JOSÉ DOS CAMPOS;354990408A;SP;Buquirinha;-23,111;-45,913;2019-02-21 08:10:00.0;0,0
SÃO JOSÉ DOS CAMPOS;354990408A;SP;Buquirinha;-23,111;-45,913;2019-02-21 09:10:00.0;0,0
SÃO JOSÉ DOS CAMPOS;354990408A;SP;Buquirinha;-23,111;-45,913;2019-02-21 10:10:00.0;0,0
SÃO JOSÉ DOS CAMPOS;354990408A;SP;Buquirinha;-23,111;-45,913;2019-02-21 11:10:00.0;0,0
SÃO JOSÉ DOS CAMPOS;354990408A;SP;Buquirinha;-23,111;-45,913;2019-02-21 12:10:00.0;0,0
SÃO JOSÉ DOS CAMPOS;354990408A;SP;Buquirinha;-23,111;-45,913;2019-02-21 13:10:00.0;0,0
SÃO JOSÉ DOS CAMPOS;354990408A;SP;Buquirinha;-23,111;-45,913;2019-02-21 14:10:00.0;0,0
SÃO JOSÉ DOS CAMPOS;354990408A;SP;Buquirinha;-23,111;-45,913;2019-02-21 15:10:00.0;0,0
SÃO JOSÉ DOS CAMPOS;354990408A;SP;Buquirinha;-23,111;-45,913;2019-02-21 16:10:00.0;0,0
SÃO JOSÉ DOS CAMPOS;354990408A;SP;Buquirinha;-23,111;-45,913;2019-02-21 17:10:00.0;0,0
SÃO JOSÉ DOS CAMPOS;354990408A;SP;Buquirinha;-23,111;-45,913;2019-02-21 17:40:00.0;0,59
SÃO JOSÉ DOS CAMPOS;354990408A;SP;Buquirinha;-23,111;-45,913;2019-02-21 17:50:00.0;1,97
SÃO JOSÉ DOS CAMPOS;354990408A;SP;Buquirinha;-23,111;-45,913;2019-02-21 18:10:00.0;0,0
SÃO JOSÉ DOS CAMPOS;354990408A;SP;Buquirinha;-23,111;-45,913;2019-02-21 19:10:00.0;0,0
SÃO JOSÉ DOS CAMPOS;354990408A;SP;Buquirinha;-23,111;-45,913;2019-02-21 20:10:00.0;0,0
SÃO JOSÉ DOS CAMPOS;354990408A;SP;Buquirinha;-23,111;-45,913;2019-02-21 20:40:00.0;6,08
SÃO JOSÉ DOS CAMPOS;354990408A;SP;Buquirinha;-23,111;-45,913;2019-02-21 20:50:00.0;8,72
SÃO JOSÉ DOS CAMPOS;354990408A;SP;Buquirinha;-23,111;-45,913;2019-02-21 21:00:00.0;2,56
SÃO JOSÉ DOS CAMPOS;354990408A;SP;Buquirinha;-23,111;-45,913;2019-02-21 21:10:00.0;0,0
SÃO JOSÉ DOS CAMPOS;354990408A;SP;Buquirinha;-23,111;-45,913;2019-02-21 21:30:00.0;0,2
SÃO JOSÉ DOS CAMPOS;354990408A;SP;Buquirinha;-23,111;-45,913;2019-02-21 22:10:00.0;0,79
SÃO JOSÉ DOS CAMPOS;354990408A;SP;Buquirinha;-23,111;-45,913;2019-02-21 22:20:00.0;1,57
SÃO JOSÉ DOS CAMPOS;354990408A;SP;Buquirinha;-23,111;-45,913;2019-02-21 22:30:00.0;1,37
SÃO JOSÉ DOS CAMPOS;354990408A;SP;Buquirinha;-23,111;-45,913;2019-02-21 22:40:00.0;0,98
SÃO JOSÉ DOS CAMPOS;354990408A;SP;Buquirinha;-23,111;-45,913;2019-02-21 23:10:00.0;0,0
SÃO JOSÉ DOS CAMPOS;354990408A;SP;Buquirinha;-23,111;-45,913;2019-02-22 00:10:00.0;0,0
SÃO JOSÉ DOS CAMPOS;354990408A;SP;Buquirinha;-23,111;-45,913;2019-02-22 00:30:00.0;0,2
SÃO JOSÉ DOS CAMPOS;354990408A;SP;Buquirinha;-23,111;-45,913;2019-02-22 01:10:00.0;0,0
SÃO JOSÉ DOS CAMPOS;354990408A;SP;Buquirinha;-23,111;-45,913;2019-02-22 02:10:00.0;0,0
SÃO JOSÉ DOS CAMPOS;354990408A;SP;Buquirinha;-23,111;-45,913;2019-02-22 03:10:00.0;0,0
SÃO JOSÉ DOS CAMPOS;354990408A;SP;Buquirinha;-23,111;-45,913;2019-02-22 04:10:00.0;0,0
SÃO JOSÉ DOS CAMPOS;354990408A;SP;Buquirinha;-23,111;-45,913;2019-02-22 05:10:00.0;0,0
SÃO JOSÉ DOS CAMPOS;354990408A;SP;Buquirinha;-23,111;-45,913;2019-02-22 06:10:00.0;0,0
SÃO JOSÉ DOS CAMPOS;354990408A;SP;Buquirinha;-23,111;-45,913;2019-02-22 07:10:00.0;0,0
SÃO JOSÉ DOS CAMPOS;354990408A;SP;Buquirinha;-23,111;-45,913;2019-02-22 08:10:00.0;0,0
SÃO JOSÉ DOS CAMPOS;354990408A;SP;Buquirinha;-23,111;-45,913;2019-02-22 09:10:00.0;0,0
SÃO JOSÉ DOS CAMPOS;354990408A;SP;Buquirinha;-23,111;-45,913;2019-02-22 10:10:00.0;0,0
SÃO JOSÉ DOS CAMPOS;354990408A;SP;Buquirinha;-23,111;-45,913;2019-02-22 11:10:00.0;0,0
SÃO JOSÉ DOS CAMPOS;354990408A;SP;Buquirinha;-23,111;-45,913;2019-02-22 12:10:00.0;0,0
SÃO JOSÉ DOS CAMPOS;354990408A;SP;Buquirinha;-23,111;-45,913;2019-02-22 13:10:00.0;0,0
SÃO JOSÉ DOS CAMPOS;354990408A;SP;Buquirinha;-23,111;-45,913;2019-02-22 14:10:00.0;0,0
SÃO JOSÉ DOS CAMPOS;354990408A;SP;Buquirinha;-23,111;-45,913;2019-02-22 15:10:00.0;0,0
SÃO JOSÉ DOS CAMPOS;354990408A;SP;Buquirinha;-23,111;-45,913;2019-02-22 16:10:00.0;0,0
SÃO JOSÉ DOS CAMPOS;354990408A;SP;Buquirinha;-23,111;-45,913;2019-02-22 17:10:00.0;2,39
SÃO JOSÉ DOS CAMPOS;354990408A;SP;Buquirinha;-23,111;-45,913;2019-02-22 17:20:00.0;20,17
SÃO JOSÉ DOS CAMPOS;354990408A;SP;Buquirinha;-23,111;-45,913;2019-02-22 17:30:00.0;5,31
SÃO JOSÉ DOS CAMPOS;354990408A;SP;Buquirinha;-23,111;-45,913;2019-02-22 17:40:00.0;3,15
SÃO JOSÉ DOS CAMPOS;354990408A;SP;Buquirinha;-23,111;-45,913;2019-02-22 17:50:00.0;0,2
SÃO JOSÉ DOS CAMPOS;354990408A;SP;Buquirinha;-23,111;-45,913;2019-02-22 18:00:00.0;0,2
SÃO JOSÉ DOS CAMPOS;354990408A;SP;Buquirinha;-23,111;-45,913;2019-02-22 18:10:00.0;0,79
SÃO JOSÉ DOS CAMPOS;354990408A;SP;Buquirinha;-23,111;-45,913;2019-02-22 18:30:00.0;0,2
SÃO JOSÉ DOS CAMPOS;354990408A;SP;Buquirinha;-23,111;-45,913;2019-02-22 18:40:00.0;0,2
SÃO JOSÉ DOS CAMPOS;354990408A;SP;Buquirinha;-23,111;-45,913;2019-02-22 18:50:00.0;0,2
SÃO JOSÉ DOS CAMPOS;354990408A;SP;Buquirinha;-23,111;-45,913;2019-02-22 19:10:00.0;3,15
SÃO JOSÉ DOS CAMPOS;354990408A;SP;Buquirinha;-23,111;-45,913;2019-02-22 19:20:00.0;0,39
SÃO JOSÉ DOS CAMPOS;354990408A;SP;Buquirinha;-23,111;-45,913;2019-02-22 19:30:00.0;0,39
SÃO JOSÉ DOS CAMPOS;354990408A;SP;Buquirinha;-23,111;-45,913;2019-02-22 19:40:00.0;0,39
SÃO JOSÉ DOS CAMPOS;354990408A;SP;Buquirinha;-23,111;-45,913;2019-02-22 20:00:00.0;0,79
SÃO JOSÉ DOS CAMPOS;354990408A;SP;Buquirinha;-23,111;-45,913;2019-02-22 20:10:00.0;0,2
SÃO JOSÉ DOS CAMPOS;354990408A;SP;Buquirinha;-23,111;-45,913;2019-02-22 20:20:00.0;0,39
SÃO JOSÉ DOS CAMPOS;354990408A;SP;Buquirinha;-23,111;-45,913;2019-02-22 20:30:00.0;0,79
SÃO JOSÉ DOS CAMPOS;354990408A;SP;Buquirinha;-23,111;-45,913;2019-02-22 20:40:00.0;0,39
SÃO JOSÉ DOS CAMPOS;354990408A;SP;Buquirinha;-23,111;-45,913;2019-02-22 20:50:00.0;0,2
SÃO JOSÉ DOS CAMPOS;354990408A;SP;Buquirinha;-23,111;-45,913;2019-02-22 21:10:00.0;0,0
SÃO JOSÉ DOS CAMPOS;354990408A;SP;Buquirinha;-23,111;-45,913;2019-02-22 21:20:00.0;0,2
SÃO JOSÉ DOS CAMPOS;354990408A;SP;Buquirinha;-23,111;-45,913;2019-02-22 21:50:00.0;0,39
SÃO JOSÉ DOS CAMPOS;354990408A;SP;Buquirinha;-23,111;-45,913;2019-02-22 22:00:00.0;0,2
SÃO JOSÉ DOS CAMPOS;354990408A;SP;Buquirinha;-23,111;-45,913;2019-02-22 22:10:00.0;0,39
SÃO JOSÉ DOS CAMPOS;354990408A;SP;Buquirinha;-23,111;-45,913;2019-02-22 22:20:00.0;0,39
SÃO JOSÉ DOS CAMPOS;354990408A;SP;Buquirinha;-23,111;-45,913;2019-02-22 22:30:00.0;0,2
SÃO JOSÉ DOS CAMPOS;354990408A;SP;Buquirinha;-23,111;-45,913;2019-02-22 22:40:00.0;0,2
SÃO JOSÉ DOS CAMPOS;354990408A;SP;Buquirinha;-23,111;-45,913;2019-02-22 23:10:00.0;0,0
SÃO JOSÉ DOS CAMPOS;354990408A;SP;Buquirinha;-23,111;-45,913;2019-02-23 00:10:00.0;0,0
SÃO JOSÉ DOS CAMPOS;354990408A;SP;Buquirinha;-23,111;-45,913;2019-02-23 01:10:00.0;0,2
SÃO JOSÉ DOS CAMPOS;354990408A;SP;Buquirinha;-23,111;-45,913;2019-02-23 02:10:00.0;0,0
SÃO JOSÉ DOS CAMPOS;354990408A;SP;Buquirinha;-23,111;-45,913;2019-02-23 03:10:00.0;0,0
SÃO JOSÉ DOS CAMPOS;354990408A;SP;Buquirinha;-23,111;-45,913;2019-02-23 04:10:00.0;0,0
SÃO JOSÉ DOS CAMPOS;354990408A;SP;Buquirinha;-23,111;-45,913;2019-02-23 05:10:00.0;0,0
SÃO JOSÉ DOS CAMPOS;354990408A;SP;Buquirinha;-23,111;-45,913;2019-02-23 06:10:00.0;0,0
SÃO JOSÉ DOS CAMPOS;354990408A;SP;Buquirinha;-23,111;-45,913;2019-02-23 07:10:00.0;0,0
SÃO JOSÉ DOS CAMPOS;354990408A;SP;Buquirinha;-23,111;-45,913;2019-02-23 08:10:00.0;0,0
SÃO JOSÉ DOS CAMPOS;354990408A;SP;Buquirinha;-23,111;-45,913;2019-02-23 09:10:00.0;0,0
SÃO JOSÉ DOS CAMPOS;354990408A;SP;Buquirinha;-23,111;-45,913;2019-02-23 10:10:00.0;0,0
SÃO JOSÉ DOS CAMPOS;354990408A;SP;Buquirinha;-23,111;-45,913;2019-02-23 11:10:00.0;0,0
SÃO JOSÉ DOS CAMPOS;354990408A;SP;Buquirinha;-23,111;-45,913;2019-02-23 12:10:00.0;0,0
SÃO JOSÉ DOS CAMPOS;354990408A;SP;Buquirinha;-23,111;-45,913;2019-02-23 13:10:00.0;0,0
SÃO JOSÉ DOS CAMPOS;354990408A;SP;Buquirinha;-23,111;-45,913;2019-02-23 14:10:00.0;0,0
SÃO JOSÉ DOS CAMPOS;354990408A;SP;Buquirinha;-23,111;-45,913;2019-02-23 15:10:00.0;0,0
SÃO JOSÉ DOS CAMPOS;354990408A;SP;Buquirinha;-23,111;-45,913;2019-02-23 16:10:00.0;0,0
SÃO JOSÉ DOS CAMPOS;354990408A;SP;Buquirinha;-23,111;-45,913;2019-02-23 17:10:00.0;0,0
SÃO JOSÉ DOS CAMPOS;354990408A;SP;Buquirinha;-23,111;-45,913;2019-02-23 18:10:00.0;0,0
SÃO JOSÉ DOS CAMPOS;354990408A;SP;Buquirinha;-23,111;-45,913;2019-02-23 19:10:00.0;0,0
SÃO JOSÉ DOS CAMPOS;354990408A;SP;Buquirinha;-23,111;-45,913;2019-02-24 03:20:00.0;0,0
SÃO JOSÉ DOS CAMPOS;354990408A;SP;Buquirinha;-23,111;-45,913;2019-02-24 04:10:00.0;0,0
SÃO JOSÉ DOS CAMPOS;354990408A;SP;Buquirinha;-23,111;-45,913;2019-02-24 05:10:00.0;0,0
SÃO JOSÉ DOS CAMPOS;354990408A;SP;Buquirinha;-23,111;-45,913;2019-02-24 06:10:00.0;0,0
SÃO JOSÉ DOS CAMPOS;354990408A;SP;Buquirinha;-23,111;-45,913;2019-02-24 07:10:00.0;0,0
SÃO JOSÉ DOS CAMPOS;354990408A;SP;Buquirinha;-23,111;-45,913;2019-02-24 08:10:00.0;0,0
SÃO JOSÉ DOS CAMPOS;354990408A;SP;Buquirinha;-23,111;-45,913;2019-02-24 09:10:00.0;0,0
SÃO JOSÉ DOS CAMPOS;354990408A;SP;Buquirinha;-23,111;-45,913;2019-02-24 10:10:00.0;0,0
SÃO JOSÉ DOS CAMPOS;354990408A;SP;Buquirinha;-23,111;-45,913;2019-02-24 11:10:00.0;0,0
SÃO JOSÉ DOS CAMPOS;354990408A;SP;Buquirinha;-23,111;-45,913;2019-02-24 12:10:00.0;0,0
SÃO JOSÉ DOS CAMPOS;354990408A;SP;Buquirinha;-23,111;-45,913;2019-02-24 13:10:00.0;0,0
SÃO JOSÉ DOS CAMPOS;354990408A;SP;Buquirinha;-23,111;-45,913;2019-02-24 14:10:00.0;0,0
SÃO JOSÉ DOS CAMPOS;354990408A;SP;Buquirinha;-23,111;-45,913;2019-02-24 15:10:00.0;0,0
SÃO JOSÉ DOS CAMPOS;354990408A;SP;Buquirinha;-23,111;-45,913;2019-02-24 15:40:00.0;0,39
SÃO JOSÉ DOS CAMPOS;354990408A;SP;Buquirinha;-23,111;-45,913;2019-02-24 16:10:00.0;0,0
SÃO JOSÉ DOS CAMPOS;354990408A;SP;Buquirinha;-23,111;-45,913;2019-02-24 17:10:00.0;0,0
SÃO JOSÉ DOS CAMPOS;354990408A;SP;Buquirinha;-23,111;-45,913;2019-02-24 18:10:00.0;0,0
SÃO JOSÉ DOS CAMPOS;354990408A;SP;Buquirinha;-23,111;-45,913;2019-02-24 19:10:00.0;0,0
SÃO JOSÉ DOS CAMPOS;354990408A;SP;Buquirinha;-23,111;-45,913;2019-02-24 20:10:00.0;0,0
SÃO JOSÉ DOS CAMPOS;354990408A;SP;Buquirinha;-23,111;-45,913;2019-02-24 21:10:00.0;0,0
SÃO JOSÉ DOS CAMPOS;354990408A;SP;Buquirinha;-23,111;-45,913;2019-02-24 22:10:00.0;0,0
SÃO JOSÉ DOS CAMPOS;354990408A;SP;Buquirinha;-23,111;-45,913;2019-02-24 23:10:00.0;0,0
SÃO JOSÉ DOS CAMPOS;354990408A;SP;Buquirinha;-23,111;-45,913;2019-02-25 00:10:00.0;0,0
SÃO JOSÉ DOS CAMPOS;354990408A;SP;Buquirinha;-23,111;-45,913;2019-02-25 01:10:00.0;0,0
SÃO JOSÉ DOS CAMPOS;354990408A;SP;Buquirinha;-23,111;-45,913;2019-02-25 02:10:00.0;0,0
SÃO JOSÉ DOS CAMPOS;354990408A;SP;Buquirinha;-23,111;-45,913;2019-02-25 03:10:00.0;0,0
SÃO JOSÉ DOS CAMPOS;354990408A;SP;Buquirinha;-23,111;-45,913;2019-02-25 04:10:00.0;0,0
SÃO JOSÉ DOS CAMPOS;354990408A;SP;Buquirinha;-23,111;-45,913;2019-02-25 05:10:00.0;0,0
SÃO JOSÉ DOS CAMPOS;354990408A;SP;Buquirinha;-23,111;-45,913;2019-02-25 06:10:00.0;0,0
SÃO JOSÉ DOS CAMPOS;354990408A;SP;Buquirinha;-23,111;-45,913;2019-02-25 07:10:00.0;0,0
SÃO JOSÉ DOS CAMPOS;354990408A;SP;Buquirinha;-23,111;-45,913;2019-02-25 08:10:00.0;0,0
SÃO JOSÉ DOS CAMPOS;354990408A;SP;Buquirinha;-23,111;-45,913;2019-02-25 09:10:00.0;0,0
SÃO JOSÉ DOS CAMPOS;354990408A;SP;Buquirinha;-23,111;-45,913;2019-02-25 10:10:00.0;0,0
SÃO JOSÉ DOS CAMPOS;354990408A;SP;Buquirinha;-23,111;-45,913;2019-02-25 11:10:00.0;0,0
SÃO JOSÉ DOS CAMPOS;354990408A;SP;Buquirinha;-23,111;-45,913;2019-02-25 12:10:00.0;0,0
SÃO JOSÉ DOS CAMPOS;354990408A;SP;Buquirinha;-23,111;-45,913;2019-02-25 13:10:00.0;0,0
SÃO JOSÉ DOS CAMPOS;354990408A;SP;Buquirinha;-23,111;-45,913;2019-02-25 14:10:00.0;0,0
SÃO JOSÉ DOS CAMPOS;354990408A;SP;Buquirinha;-23,111;-45,913;2019-02-25 15:10:00.0;0,0
SÃO JOSÉ DOS CAMPOS;354990408A;SP;Buquirinha;-23,111;-45,913;2019-02-25 16:10:00.0;0,0
SÃO JOSÉ DOS CAMPOS;354990408A;SP;Buquirinha;-23,111;-45,913;2019-02-25 17:10:00.0;0,0
SÃO JOSÉ DOS CAMPOS;354990408A;SP;Buquirinha;-23,111;-45,913;2019-02-25 18:10:00.0;0,0
SÃO JOSÉ DOS CAMPOS;354990408A;SP;Buquirinha;-23,111;-45,913;2019-02-25 19:10:00.0;0,0
SÃO JOSÉ DOS CAMPOS;354990408A;SP;Buquirinha;-23,111;-45,913;2019-02-25 19:50:00.0;0,39
SÃO JOSÉ DOS CAMPOS;354990408A;SP;Buquirinha;-23,111;-45,913;2019-02-25 20:00:00.0;7,71
SÃO JOSÉ DOS CAMPOS;354990408A;SP;Buquirinha;-23,111;-45,913;2019-02-25 20:10:00.0;1,18
SÃO JOSÉ DOS CAMPOS;354990408A;SP;Buquirinha;-23,111;-45,913;2019-02-25 20:20:00.0;0,59
SÃO JOSÉ DOS CAMPOS;354990408A;SP;Buquirinha;-23,111;-45,913;2019-02-25 20:50:00.0;0,79
SÃO JOSÉ DOS CAMPOS;354990408A;SP;Buquirinha;-23,111;-45,913;2019-02-25 21:00:00.0;5,12
SÃO JOSÉ DOS CAMPOS;354990408A;SP;Buquirinha;-23,111;-45,913;2019-02-25 21:10:00.0;2,95
SÃO JOSÉ DOS CAMPOS;354990408A;SP;Buquirinha;-23,111;-45,913;2019-02-25 21:20:00.0;0,39
SÃO JOSÉ DOS CAMPOS;354990408A;SP;Buquirinha;-23,111;-45,913;2019-02-25 21:30:00.0;0,79
SÃO JOSÉ DOS CAMPOS;354990408A;SP;Buquirinha;-23,111;-45,913;2019-02-25 22:10:00.0;0,0
SÃO JOSÉ DOS CAMPOS;354990408A;SP;Buquirinha;-23,111;-45,913;2019-02-25 23:00:00.0;0,2
SÃO JOSÉ DOS CAMPOS;354990408A;SP;Buquirinha;-23,111;-45,913;2019-02-25 23:10:00.0;0,0
SÃO JOSÉ DOS CAMPOS;354990408A;SP;Buquirinha;-23,111;-45,913;2019-02-26 00:10:00.0;0,0
SÃO JOSÉ DOS CAMPOS;354990408A;SP;Buquirinha;-23,111;-45,913;2019-02-26 01:10:00.0;0,2
SÃO JOSÉ DOS CAMPOS;354990408A;SP;Buquirinha;-23,111;-45,913;2019-02-26 02:10:00.0;0,0
SÃO JOSÉ DOS CAMPOS;354990408A;SP;Buquirinha;-23,111;-45,913;2019-02-26 02:50:00.0;0,2
SÃO JOSÉ DOS CAMPOS;354990408A;SP;Buquirinha;-23,111;-45,913;2019-02-26 03:10:00.0;0,2
SÃO JOSÉ DOS CAMPOS;354990408A;SP;Buquirinha;-23,111;-45,913;2019-02-26 03:20:00.0;7,3
SÃO JOSÉ DOS CAMPOS;354990408A;SP;Buquirinha;-23,111;-45,913;2019-02-26 03:30:00.0;8,94
SÃO JOSÉ DOS CAMPOS;354990408A;SP;Buquirinha;-23,111;-45,913;2019-02-26 03:40:00.0;1,96
SÃO JOSÉ DOS CAMPOS;354990408A;SP;Buquirinha;-23,111;-45,913;2019-02-26 03:50:00.0;0,39
SÃO JOSÉ DOS CAMPOS;354990408A;SP;Buquirinha;-23,111;-45,913;2019-02-26 04:00:00.0;0,98
SÃO JOSÉ DOS CAMPOS;354990408A;SP;Buquirinha;-23,111;-45,913;2019-02-26 04:10:00.0;0,79
SÃO JOSÉ DOS CAMPOS;354990408A;SP;Buquirinha;-23,111;-45,913;2019-02-26 04:20:00.0;0,59
SÃO JOSÉ DOS CAMPOS;354990408A;SP;Buquirinha;-23,111;-45,913;2019-02-26 04:30:00.0;0,39
SÃO JOSÉ DOS CAMPOS;354990408A;SP;Buquirinha;-23,111;-45,913;2019-02-26 04:40:00.0;0,39
SÃO JOSÉ DOS CAMPOS;354990408A;SP;Buquirinha;-23,111;-45,913;2019-02-26 04:50:00.0;0,59
SÃO JOSÉ DOS CAMPOS;354990408A;SP;Buquirinha;-23,111;-45,913;2019-02-26 05:00:00.0;2,16
SÃO JOSÉ DOS CAMPOS;354990408A;SP;Buquirinha;-23,111;-45,913;2019-02-26 05:10:00.0;1,96
SÃO JOSÉ DOS CAMPOS;354990408A;SP;Buquirinha;-23,111;-45,913;2019-02-26 05:20:00.0;0,39
SÃO JOSÉ DOS CAMPOS;354990408A;SP;Buquirinha;-23,111;-45,913;2019-02-26 05:30:00.0;0,39
SÃO JOSÉ DOS CAMPOS;354990408A;SP;Buquirinha;-23,111;-45,913;2019-02-26 05:40:00.0;0,59
SÃO JOSÉ DOS CAMPOS;354990408A;SP;Buquirinha;-23,111;-45,913;2019-02-26 05:50:00.0;0,98
SÃO JOSÉ DOS CAMPOS;354990408A;SP;Buquirinha;-23,111;-45,913;2019-02-26 06:00:00.0;0,79
SÃO JOSÉ DOS CAMPOS;354990408A;SP;Buquirinha;-23,111;-45,913;2019-02-26 06:10:00.0;0,59
SÃO JOSÉ DOS CAMPOS;354990408A;SP;Buquirinha;-23,111;-45,913;2019-02-26 06:20:00.0;0,39
SÃO JOSÉ DOS CAMPOS;354990408A;SP;Buquirinha;-23,111;-45,913;2019-02-26 06:30:00.0;0,39
SÃO JOSÉ DOS CAMPOS;354990408A;SP;Buquirinha;-23,111;-45,913;2019-02-26 06:40:00.0;0,59
SÃO JOSÉ DOS CAMPOS;354990408A;SP;Buquirinha;-23,111;-45,913;2019-02-26 06:50:00.0;0,39
SÃO JOSÉ DOS CAMPOS;354990408A;SP;Buquirinha;-23,111;-45,913;2019-02-26 07:00:00.0;0,39
SÃO JOSÉ DOS CAMPOS;354990408A;SP;Buquirinha;-23,111;-45,913;2019-02-26 07:10:00.0;0,2
SÃO JOSÉ DOS CAMPOS;354990408A;SP;Buquirinha;-23,111;-45,913;2019-02-26 07:20:00.0;0,2
SÃO JOSÉ DOS CAMPOS;354990408A;SP;Buquirinha;-23,111;-45,913;2019-02-26 07:40:00.0;0,2
SÃO JOSÉ DOS CAMPOS;354990408A;SP;Buquirinha;-23,111;-45,913;2019-02-26 08:00:00.0;0,2
SÃO JOSÉ DOS CAMPOS;354990408A;SP;Buquirinha;-23,111;-45,913;2019-02-26 09:00:00.0;0,2
SÃO JOSÉ DOS CAMPOS;354990408A;SP;Buquirinha;-23,111;-45,913;2019-02-26 09:10:00.0;0,0
SÃO JOSÉ DOS CAMPOS;354990408A;SP;Buquirinha;-23,111;-45,913;2019-02-26 10:10:00.0;0,0
SÃO JOSÉ DOS CAMPOS;354990408A;SP;Buquirinha;-23,111;-45,913;2019-02-26 11:10:00.0;0,0
SÃO JOSÉ DOS CAMPOS;354990408A;SP;Buquirinha;-23,111;-45,913;2019-02-26 11:20:00.0;0,79
SÃO JOSÉ DOS CAMPOS;354990408A;SP;Buquirinha;-23,111;-45,913;2019-02-26 11:30:00.0;0,2
SÃO JOSÉ DOS CAMPOS;354990408A;SP;Buquirinha;-23,111;-45,913;2019-02-26 12:00:00.0;0,2
SÃO JOSÉ DOS CAMPOS;354990408A;SP;Buquirinha;-23,111;-45,913;2019-02-26 12:10:00.0;0,0
SÃO JOSÉ DOS CAMPOS;354990408A;SP;Buquirinha;-23,111;-45,913;2019-02-26 13:10:00.0;0,0
SÃO JOSÉ DOS CAMPOS;354990408A;SP;Buquirinha;-23,111;-45,913;2019-02-26 14:10:00.0;0,0
SÃO JOSÉ DOS CAMPOS;354990408A;SP;Buquirinha;-23,111;-45,913;2019-02-26 15:10:00.0;0,0
SÃO JOSÉ DOS CAMPOS;354990408A;SP;Buquirinha;-23,111;-45,913;2019-02-26 16:10:00.0;0,0
SÃO JOSÉ DOS CAMPOS;354990408A;SP;Buquirinha;-23,111;-45,913;2019-02-26 17:10:00.0;0,0
SÃO JOSÉ DOS CAMPOS;354990408A;SP;Buquirinha;-23,111;-45,913;2019-02-26 17:50:00.0;2,76
SÃO JOSÉ DOS CAMPOS;354990408A;SP;Buquirinha;-23,111;-45,913;2019-02-26 18:00:00.0;9,55
SÃO JOSÉ DOS CAMPOS;354990408A;SP;Buquirinha;-23,111;-45,913;2019-02-26 18:10:00.0;4,92
SÃO JOSÉ DOS CAMPOS;354990408A;SP;Buquirinha;-23,111;-45,913;2019-02-26 18:20:00.0;1,38
SÃO JOSÉ DOS CAMPOS;354990408A;SP;Buquirinha;-23,111;-45,913;2019-02-26 19:10:00.0;0,0
SÃO JOSÉ DOS CAMPOS;354990408A;SP;Buquirinha;-23,111;-45,913;2019-02-26 19:20:00.0;0,2
SÃO JOSÉ DOS CAMPOS;354990408A;SP;Buquirinha;-23,111;-45,913;2019-02-26 20:10:00.0;0,0
SÃO JOSÉ DOS CAMPOS;354990408A;SP;Buquirinha;-23,111;-45,913;2019-02-26 21:10:00.0;0,0
SÃO JOSÉ DOS CAMPOS;354990408A;SP;Buquirinha;-23,111;-45,913;2019-02-26 22:10:00.0;0,0
SÃO JOSÉ DOS CAMPOS;354990408A;SP;Buquirinha;-23,111;-45,913;2019-02-26 22:30:00.0;0,59
SÃO JOSÉ DOS CAMPOS;354990408A;SP;Buquirinha;-23,111;-45,913;2019-02-26 22:40:00.0;0,59
SÃO JOSÉ DOS CAMPOS;354990408A;SP;Buquirinha;-23,111;-45,913;2019-02-26 23:10:00.0;0,0
SÃO JOSÉ DOS CAMPOS;354990408A;SP;Buquirinha;-23,111;-45,913;2019-02-27 00:10:00.0;0,0
SÃO JOSÉ DOS CAMPOS;354990408A;SP;Buquirinha;-23,111;-45,913;2019-02-27 01:10:00.0;0,0
SÃO JOSÉ DOS CAMPOS;354990408A;SP;Buquirinha;-23,111;-45,913;2019-02-27 02:10:00.0;0,0
SÃO JOSÉ DOS CAMPOS;354990408A;SP;Buquirinha;-23,111;-45,913;2019-02-27 03:10:00.0;0,0
SÃO JOSÉ DOS CAMPOS;354990408A;SP;Buquirinha;-23,111;-45,913;2019-02-27 04:10:00.0;0,0
SÃO JOSÉ DOS CAMPOS;354990408A;SP;Buquirinha;-23,111;-45,913;2019-02-27 04:40:00.0;0,39
SÃO JOSÉ DOS CAMPOS;354990408A;SP;Buquirinha;-23,111;-45,913;2019-02-27 04:50:00.0;0,2
SÃO JOSÉ DOS CAMPOS;354990408A;SP;Buquirinha;-23,111;-45,913;2019-02-27 05:10:00.0;0,0
SÃO JOSÉ DOS CAMPOS;354990408A;SP;Buquirinha;-23,111;-45,913;2019-02-27 06:10:00.0;0,0
SÃO JOSÉ DOS CAMPOS;354990408A;SP;Buquirinha;-23,111;-45,913;2019-02-27 06:40:00.0;0,2
SÃO JOSÉ DOS CAMPOS;354990408A;SP;Buquirinha;-23,111;-45,913;2019-02-27 07:10:00.0;0,0
SÃO JOSÉ DOS CAMPOS;354990408A;SP;Buquirinha;-23,111;-45,913;2019-02-27 08:10:00.0;0,0
SÃO JOSÉ DOS CAMPOS;354990408A;SP;Buquirinha;-23,111;-45,913;2019-02-27 08:50:00.0;0,2
SÃO JOSÉ DOS CAMPOS;354990408A;SP;Buquirinha;-23,111;-45,913;2019-02-27 09:10:00.0;0,0
SÃO JOSÉ DOS CAMPOS;354990408A;SP;Buquirinha;-23,111;-45,913;2019-02-27 10:10:00.0;0,0
SÃO JOSÉ DOS CAMPOS;354990408A;SP;Buquirinha;-23,111;-45,913;2019-02-27 11:10:00.0;0,0
SÃO JOSÉ DOS CAMPOS;354990408A;SP;Buquirinha;-23,111;-45,913;2019-02-27 12:10:00.0;0,2
SÃO JOSÉ DOS CAMPOS;354990408A;SP;Buquirinha;-23,111;-45,913;2019-02-27 13:10:00.0;0,0
SÃO JOSÉ DOS CAMPOS;354990408A;SP;Buquirinha;-23,111;-45,913;2019-02-27 14:10:00.0;0,0
SÃO JOSÉ DOS CAMPOS;354990408A;SP;Buquirinha;-23,111;-45,913;2019-02-27 15:10:00.0;0,0
SÃO JOSÉ DOS CAMPOS;354990408A;SP;Buquirinha;-23,111;-45,913;2019-02-27 16:10:00.0;0,0
SÃO JOSÉ DOS CAMPOS;354990408A;SP;Buquirinha;-23,111;-45,913;2019-02-27 17:10:00.0;0,0
SÃO JOSÉ DOS CAMPOS;354990408A;SP;Buquirinha;-23,111;-45,913;2019-02-27 18:10:00.0;0,0
SÃO JOSÉ DOS CAMPOS;354990408A;SP;Buquirinha;-23,111;-45,913;2019-02-27 18:20:00.0;0,2
SÃO JOSÉ DOS CAMPOS;354990408A;SP;Buquirinha;-23,111;-45,913;2019-02-27 18:30:00.0;0,2
SÃO JOSÉ DOS CAMPOS;354990408A;SP;Buquirinha;-23,111;-45,913;2019-02-27 19:10:00.0;0,0
SÃO JOSÉ DOS CAMPOS;354990408A;SP;Buquirinha;-23,111;-45,913;2019-02-27 19:30:00.0;0,39
SÃO JOSÉ DOS CAMPOS;354990408A;SP;Buquirinha;-23,111;-45,913;2019-02-27 19:40:00.0;0,98
SÃO JOSÉ DOS CAMPOS;354990408A;SP;Buquirinha;-23,111;-45,913;2019-02-27 19:50:00.0;0,2
SÃO JOSÉ DOS CAMPOS;354990408A;SP;Buquirinha;-23,111;-45,913;2019-02-27 20:10:00.0;0,0
SÃO JOSÉ DOS CAMPOS;354990408A;SP;Buquirinha;-23,111;-45,913;2019-02-27 21:10:00.0;0,0
SÃO JOSÉ DOS CAMPOS;354990408A;SP;Buquirinha;-23,111;-45,913;2019-02-27 22:10:00.0;0,0
SÃO JOSÉ DOS CAMPOS;354990408A;SP;Buquirinha;-23,111;-45,913;2019-02-27 22:50:00.0;0,2
SÃO JOSÉ DOS CAMPOS;354990408A;SP;Buquirinha;-23,111;-45,913;2019-02-27 23:10:00.0;0,0
SÃO JOSÉ DOS CAMPOS;354990408A;SP;Buquirinha;-23,111;-45,913;2019-02-27 23:20:00.0;0,2
SÃO JOSÉ DOS CAMPOS;354990408A;SP;Buquirinha;-23,111;-45,913;2019-02-28 00:10:00.0;0,0
SÃO JOSÉ DOS CAMPOS;354990408A;SP;Buquirinha;-23,111;-45,913;2019-02-28 01:10:00.0;0,0
SÃO JOSÉ DOS CAMPOS;354990408A;SP;Buquirinha;-23,111;-45,913;2019-02-28 02:10:00.0;0,0
SÃO JOSÉ DOS CAMPOS;354990408A;SP;Buquirinha;-23,111;-45,913;2019-02-28 03:10:00.0;0,0
SÃO JOSÉ DOS CAMPOS;354990408A;SP;Buquirinha;-23,111;-45,913;2019-02-28 04:10:00.0;0,0
SÃO JOSÉ DOS CAMPOS;354990408A;SP;Buquirinha;-23,111;-45,913;2019-02-28 05:10:00.0;0,0
SÃO JOSÉ DOS CAMPOS;354990408A;SP;Buquirinha;-23,111;-45,913;2019-02-28 06:10:00.0;0,2
SÃO JOSÉ DOS CAMPOS;354990408A;SP;Buquirinha;-23,111;-45,913;2019-02-28 07:10:00.0;0,0
SÃO JOSÉ DOS CAMPOS;354990408A;SP;Buquirinha;-23,111;-45,913;2019-02-28 08:10:00.0;0,0
SÃO JOSÉ DOS CAMPOS;354990408A;SP;Buquirinha;-23,111;-45,913;2019-02-28 09:10:00.0;0,0
SÃO JOSÉ DOS CAMPOS;354990408A;SP;Buquirinha;-23,111;-45,913;2019-02-28 10:10:00.0;0,0
SÃO JOSÉ DOS CAMPOS;354990408A;SP;Buquirinha;-23,111;-45,913;2019-02-28 11:10:00.0;0,0
SÃO JOSÉ DOS CAMPOS;354990408A;SP;Buquirinha;-23,111;-45,913;2019-02-28 12:10:00.0;0,0
SÃO JOSÉ DOS CAMPOS;354990408A;SP;Buquirinha;-23,111;-45,913;2019-02-28 13:10:00.0;0,0
SÃO JOSÉ DOS CAMPOS;354990408A;SP;Buquirinha;-23,111;-45,913;2019-02-28 14:10:00.0;0,0
SÃO JOSÉ DOS CAMPOS;354990408A;SP;Buquirinha;-23,111;-45,913;2019-02-28 15:10:00.0;0,0
SÃO JOSÉ DOS CAMPOS;354990408A;SP;Buquirinha;-23,111;-45,913;2019-02-28 16:10:00.0;0,0
SÃO JOSÉ DOS CAMPOS;354990408A;SP;Buquirinha;-23,111;-45,913;2019-02-28 16:20:00.0;2,16
SÃO JOSÉ DOS CAMPOS;354990408A;SP;Buquirinha;-23,111;-45,913;2019-02-28 16:30:00.0;1,57
SÃO JOSÉ DOS CAMPOS;354990408A;SP;Buquirinha;-23,111;-45,913;2019-02-28 16:40:00.0;0,39
SÃO JOSÉ DOS CAMPOS;354990408A;SP;Buquirinha;-23,111;-45,913;2019-02-28 16:50:00.0;0,39
SÃO JOSÉ DOS CAMPOS;354990408A;SP;Buquirinha;-23,111;-45,913;2019-02-28 17:00:00.0;0,39
SÃO JOSÉ DOS CAMPOS;354990408A;SP;Buquirinha;-23,111;-45,913;2019-02-28 17:10:00.0;0,39
SÃO JOSÉ DOS CAMPOS;354990408A;SP;Buquirinha;-23,111;-45,913;2019-02-28 17:20:00.0;0,2
SÃO JOSÉ DOS CAMPOS;354990408A;SP;Buquirinha;-23,111;-45,913;2019-02-28 17:30:00.0;0,2
SÃO JOSÉ DOS CAMPOS;354990408A;SP;Buquirinha;-23,111;-45,913;2019-02-28 17:40:00.0;0,2
SÃO JOSÉ DOS CAMPOS;354990408A;SP;Buquirinha;-23,111;-45,913;2019-02-28 18:10:00.0;0,2
SÃO JOSÉ DOS CAMPOS;354990408A;SP;Buquirinha;-23,111;-45,913;2019-02-28 18:40:00.0;0,2
SÃO JOSÉ DOS CAMPOS;354990408A;SP;Buquirinha;-23,111;-45,913;2019-02-28 19:10:00.0;0,0
SÃO JOSÉ DOS CAMPOS;354990408A;SP;Buquirinha;-23,111;-45,913;2019-02-28 19:20:00.0;0,2
SÃO JOSÉ DOS CAMPOS;354990408A;SP;Buquirinha;-23,111;-45,913;2019-02-28 19:30:00.0;0,2
SÃO JOSÉ DOS CAMPOS;354990408A;SP;Buquirinha;-23,111;-45,913;2019-02-28 20:10:00.0;0,2
SÃO JOSÉ DOS CAMPOS;354990408A;SP;Buquirinha;-23,111;-45,913;2019-02-28 20:50:00.0;0,2
SÃO JOSÉ DOS CAMPOS;354990408A;SP;Buquirinha;-23,111;-45,913;2019-02-28 21:10:00.0;0,0
SÃO JOSÉ DOS CAMPOS;354990408A;SP;Buquirinha;-23,111;-45,913;2019-02-28 22:10:00.0;0,2
SÃO JOSÉ DOS CAMPOS;354990408A;SP;Buquirinha;-23,111;-45,913;2019-02-28 22:20:00.0;0,0
SÃO JOSÉ DOS CAMPOS;354990408A;SP;Buquirinha;-23,111;-45,913;2019-02-28 23:10:00.0;0,0
SÃO JOSÉ DOS CAMPOS;354990410A;SP;Jardim São Leopoldo;-23,244;-45,825;2019-02-01 00:00:00.0;0,0
SÃO JOSÉ DOS CAMPOS;354990410A;SP;Jardim São Leopoldo;-23,244;-45,825;2019-02-01 01:00:00.0;0,0
SÃO JOSÉ DOS CAMPOS;354990410A;SP;Jardim São Leopoldo;-23,244;-45,825;2019-02-01 02:00:00.0;0,0
SÃO JOSÉ DOS CAMPOS;354990410A;SP;Jardim São Leopoldo;-23,244;-45,825;2019-02-01 03:00:00.0;0,0
SÃO JOSÉ DOS CAMPOS;354990410A;SP;Jardim São Leopoldo;-23,244;-45,825;2019-02-01 04:00:00.0;0,0
SÃO JOSÉ DOS CAMPOS;354990410A;SP;Jardim São Leopoldo;-23,244;-45,825;2019-02-01 05:00:00.0;0,0
SÃO JOSÉ DOS CAMPOS;354990410A;SP;Jardim São Leopoldo;-23,244;-45,825;2019-02-01 06:00:00.0;0,0
SÃO JOSÉ DOS CAMPOS;354990410A;SP;Jardim São Leopoldo;-23,244;-45,825;2019-02-01 07:00:00.0;0,0
SÃO JOSÉ DOS CAMPOS;354990410A;SP;Jardim São Leopoldo;-23,244;-45,825;2019-02-01 08:00:00.0;0,0
SÃO JOSÉ DOS CAMPOS;354990410A;SP;Jardim São Leopoldo;-23,244;-45,825;2019-02-01 09:00:00.0;0,0
SÃO JOSÉ DOS CAMPOS;354990410A;SP;Jardim São Leopoldo;-23,244;-45,825;2019-02-01 10:00:00.0;0,0
SÃO JOSÉ DOS CAMPOS;354990410A;SP;Jardim São Leopoldo;-23,244;-45,825;2019-02-01 11:00:00.0;0,0
SÃO JOSÉ DOS CAMPOS;354990410A;SP;Jardim São Leopoldo;-23,244;-45,825;2019-02-01 12:00:00.0;0,0
SÃO JOSÉ DOS CAMPOS;354990410A;SP;Jardim São Leopoldo;-23,244;-45,825;2019-02-01 13:00:00.0;0,0
SÃO JOSÉ DOS CAMPOS;354990410A;SP;Jardim São Leopoldo;-23,244;-45,825;2019-02-01 14:00:00.0;0,0
SÃO JOSÉ DOS CAMPOS;354990410A;SP;Jardim São Leopoldo;-23,244;-45,825;2019-02-01 15:00:00.0;0,0
SÃO JOSÉ DOS CAMPOS;354990410A;SP;Jardim São Leopoldo;-23,244;-45,825;2019-02-01 16:00:00.0;0,0
SÃO JOSÉ DOS CAMPOS;354990410A;SP;Jardim São Leopoldo;-23,244;-45,825;2019-02-01 17:00:00.0;0,0
SÃO JOSÉ DOS CAMPOS;354990410A;SP;Jardim São Leopoldo;-23,244;-45,825;2019-02-01 18:00:00.0;0,0
SÃO JOSÉ DOS CAMPOS;354990410A;SP;Jardim São Leopoldo;-23,244;-45,825;2019-02-01 19:00:00.0;0,0
SÃO JOSÉ DOS CAMPOS;354990410A;SP;Jardim São Leopoldo;-23,244;-45,825;2019-02-01 20:00:00.0;0,0
SÃO JOSÉ DOS CAMPOS;354990410A;SP;Jardim São Leopoldo;-23,244;-45,825;2019-02-01 21:00:00.0;0,0
SÃO JOSÉ DOS CAMPOS;354990410A;SP;Jardim São Leopoldo;-23,244;-45,825;2019-02-01 22:00:00.0;0,0
SÃO JOSÉ DOS CAMPOS;354990410A;SP;Jardim São Leopoldo;-23,244;-45,825;2019-02-01 23:00:00.0;0,0
SÃO JOSÉ DOS CAMPOS;354990410A;SP;Jardim São Leopoldo;-23,244;-45,825;2019-02-02 00:00:00.0;0,0
SÃO JOSÉ DOS CAMPOS;354990410A;SP;Jardim São Leopoldo;-23,244;-45,825;2019-02-02 01:00:00.0;0,0
SÃO JOSÉ DOS CAMPOS;354990410A;SP;Jardim São Leopoldo;-23,244;-45,825;2019-02-02 02:00:00.0;0,0
SÃO JOSÉ DOS CAMPOS;354990410A;SP;Jardim São Leopoldo;-23,244;-45,825;2019-02-02 03:00:00.0;0,0
SÃO JOSÉ DOS CAMPOS;354990410A;SP;Jardim São Leopoldo;-23,244;-45,825;2019-02-02 04:00:00.0;0,0
SÃO JOSÉ DOS CAMPOS;354990410A;SP;Jardim São Leopoldo;-23,244;-45,825;2019-02-02 05:00:00.0;0,0
SÃO JOSÉ DOS CAMPOS;354990410A;SP;Jardim São Leopoldo;-23,244;-45,825;2019-02-02 06:00:00.0;0,0
SÃO JOSÉ DOS CAMPOS;354990410A;SP;Jardim São Leopoldo;-23,244;-45,825;2019-02-02 07:00:00.0;0,0
SÃO JOSÉ DOS CAMPOS;354990410A;SP;Jardim São Leopoldo;-23,244;-45,825;2019-02-02 08:00:00.0;0,0
SÃO JOSÉ DOS CAMPOS;354990410A;SP;Jardim São Leopoldo;-23,244;-45,825;2019-02-02 09:00:00.0;0,0
SÃO JOSÉ DOS CAMPOS;354990410A;SP;Jardim São Leopoldo;-23,244;-45,825;2019-02-02 10:00:00.0;0,0
SÃO JOSÉ DOS CAMPOS;354990410A;SP;Jardim São Leopoldo;-23,244;-45,825;2019-02-02 11:00:00.0;0,0
SÃO JOSÉ DOS CAMPOS;354990410A;SP;Jardim São Leopoldo;-23,244;-45,825;2019-02-02 12:00:00.0;0,0
SÃO JOSÉ DOS CAMPOS;354990410A;SP;Jardim São Leopoldo;-23,244;-45,825;2019-02-02 13:00:00.0;0,0
SÃO JOSÉ DOS CAMPOS;354990410A;SP;Jardim São Leopoldo;-23,244;-45,825;2019-02-02 14:00:00.0;0,0
SÃO JOSÉ DOS CAMPOS;354990410A;SP;Jardim São Leopoldo;-23,244;-45,825;2019-02-02 15:00:00.0;0,0
SÃO JOSÉ DOS CAMPOS;354990410A;SP;Jardim São Leopoldo;-23,244;-45,825;2019-02-02 16:00:00.0;0,0
SÃO JOSÉ DOS CAMPOS;354990410A;SP;Jardim São Leopoldo;-23,244;-45,825;2019-02-02 17:00:00.0;0,0
SÃO JOSÉ DOS CAMPOS;354990410A;SP;Jardim São Leopoldo;-23,244;-45,825;2019-02-02 18:00:00.0;0,0
SÃO JOSÉ DOS CAMPOS;354990410A;SP;Jardim São Leopoldo;-23,244;-45,825;2019-02-02 19:00:00.0;0,0
SÃO JOSÉ DOS CAMPOS;354990410A;SP;Jardim São Leopoldo;-23,244;-45,825;2019-02-02 20:00:00.0;0,0
SÃO JOSÉ DOS CAMPOS;354990410A;SP;Jardim São Leopoldo;-23,244;-45,825;2019-02-02 21:00:00.0;0,0
SÃO JOSÉ DOS CAMPOS;354990410A;SP;Jardim São Leopoldo;-23,244;-45,825;2019-02-02 22:00:00.0;0,0
SÃO JOSÉ DOS CAMPOS;354990410A;SP;Jardim São Leopoldo;-23,244;-45,825;2019-02-02 23:00:00.0;0,0
SÃO JOSÉ DOS CAMPOS;354990410A;SP;Jardim São Leopoldo;-23,244;-45,825;2019-02-03 00:00:00.0;0,0
SÃO JOSÉ DOS CAMPOS;354990410A;SP;Jardim São Leopoldo;-23,244;-45,825;2019-02-03 01:00:00.0;0,0
SÃO JOSÉ DOS CAMPOS;354990410A;SP;Jardim São Leopoldo;-23,244;-45,825;2019-02-03 02:00:00.0;0,0
SÃO JOSÉ DOS CAMPOS;354990410A;SP;Jardim São Leopoldo;-23,244;-45,825;2019-02-03 03:00:00.0;0,0
SÃO JOSÉ DOS CAMPOS;354990410A;SP;Jardim São Leopoldo;-23,244;-45,825;2019-02-03 04:00:00.0;0,0
SÃO JOSÉ DOS CAMPOS;354990410A;SP;Jardim São Leopoldo;-23,244;-45,825;2019-02-03 05:00:00.0;0,0
SÃO JOSÉ DOS CAMPOS;354990410A;SP;Jardim São Leopoldo;-23,244;-45,825;2019-02-03 06:00:00.0;0,0
SÃO JOSÉ DOS CAMPOS;354990410A;SP;Jardim São Leopoldo;-23,244;-45,825;2019-02-03 07:00:00.0;0,0
SÃO JOSÉ DOS CAMPOS;354990410A;SP;Jardim São Leopoldo;-23,244;-45,825;2019-02-03 08:00:00.0;0,0
SÃO JOSÉ DOS CAMPOS;354990410A;SP;Jardim São Leopoldo;-23,244;-45,825;2019-02-03 09:00:00.0;0,0
SÃO JOSÉ DOS CAMPOS;354990410A;SP;Jardim São Leopoldo;-23,244;-45,825;2019-02-03 10:00:00.0;0,0
SÃO JOSÉ DOS CAMPOS;354990410A;SP;Jardim São Leopoldo;-23,244;-45,825;2019-02-03 11:00:00.0;0,0
SÃO JOSÉ DOS CAMPOS;354990410A;SP;Jardim São Leopoldo;-23,244;-45,825;2019-02-03 12:00:00.0;0,0
SÃO JOSÉ DOS CAMPOS;354990410A;SP;Jardim São Leopoldo;-23,244;-45,825;2019-02-03 13:00:00.0;0,0
SÃO JOSÉ DOS CAMPOS;354990410A;SP;Jardim São Leopoldo;-23,244;-45,825;2019-02-03 14:00:00.0;0,0
SÃO JOSÉ DOS CAMPOS;354990410A;SP;Jardim São Leopoldo;-23,244;-45,825;2019-02-03 15:00:00.0;0,0
SÃO JOSÉ DOS CAMPOS;354990410A;SP;Jardim São Leopoldo;-23,244;-45,825;2019-02-03 16:00:00.0;0,0
SÃO JOSÉ DOS CAMPOS;354990410A;SP;Jardim São Leopoldo;-23,244;-45,825;2019-02-03 17:00:00.0;0,0
SÃO JOSÉ DOS CAMPOS;354990410A;SP;Jardim São Leopoldo;-23,244;-45,825;2019-02-03 18:00:00.0;0,0
SÃO JOSÉ DOS CAMPOS;354990410A;SP;Jardim São Leopoldo;-23,244;-45,825;2019-02-03 19:00:00.0;0,0
SÃO JOSÉ DOS CAMPOS;354990410A;SP;Jardim São Leopoldo;-23,244;-45,825;2019-02-03 20:00:00.0;0,0
SÃO JOSÉ DOS CAMPOS;354990410A;SP;Jardim São Leopoldo;-23,244;-45,825;2019-02-03 21:00:00.0;0,0
SÃO JOSÉ DOS CAMPOS;354990410A;SP;Jardim São Leopoldo;-23,244;-45,825;2019-02-03 22:00:00.0;0,0
SÃO JOSÉ DOS CAMPOS;354990410A;SP;Jardim São Leopoldo;-23,244;-45,825;2019-02-03 23:00:00.0;0,0
SÃO JOSÉ DOS CAMPOS;354990410A;SP;Jardim São Leopoldo;-23,244;-45,825;2019-02-04 00:00:00.0;0,0
SÃO JOSÉ DOS CAMPOS;354990410A;SP;Jardim São Leopoldo;-23,244;-45,825;2019-02-04 01:00:00.0;0,0
SÃO JOSÉ DOS CAMPOS;354990410A;SP;Jardim São Leopoldo;-23,244;-45,825;2019-02-04 02:00:00.0;0,0
SÃO JOSÉ DOS CAMPOS;354990410A;SP;Jardim São Leopoldo;-23,244;-45,825;2019-02-04 03:00:00.0;0,0
SÃO JOSÉ DOS CAMPOS;354990410A;SP;Jardim São Leopoldo;-23,244;-45,825;2019-02-04 04:00:00.0;0,0
SÃO JOSÉ DOS CAMPOS;354990410A;SP;Jardim São Leopoldo;-23,244;-45,825;2019-02-04 05:00:00.0;0,0
SÃO JOSÉ DOS CAMPOS;354990410A;SP;Jardim São Leopoldo;-23,244;-45,825;2019-02-04 06:00:00.0;0,0
SÃO JOSÉ DOS CAMPOS;354990410A;SP;Jardim São Leopoldo;-23,244;-45,825;2019-02-04 07:00:00.0;2,17
SÃO JOSÉ DOS CAMPOS;354990410A;SP;Jardim São Leopoldo;-23,244;-45,825;2019-02-04 07:10:00.0;4,14
SÃO JOSÉ DOS CAMPOS;354990410A;SP;Jardim São Leopoldo;-23,244;-45,825;2019-02-04 07:20:00.0;9,55
SÃO JOSÉ DOS CAMPOS;354990410A;SP;Jardim São Leopoldo;-23,244;-45,825;2019-02-04 07:30:00.0;10,57
SÃO JOSÉ DOS CAMPOS;354990410A;SP;Jardim São Leopoldo;-23,244;-45,825;2019-02-04 07:40:00.0;4,92
SÃO JOSÉ DOS CAMPOS;354990410A;SP;Jardim São Leopoldo;-23,244;-45,825;2019-02-04 07:50:00.0;1,18
SÃO JOSÉ DOS CAMPOS;354990410A;SP;Jardim São Leopoldo;-23,244;-45,825;2019-02-04 08:00:00.0;0,39
SÃO JOSÉ DOS CAMPOS;354990410A;SP;Jardim São Leopoldo;-23,244;-45,825;2019-02-04 08:10:00.0;0,98
SÃO JOSÉ DOS CAMPOS;354990410A;SP;Jardim São Leopoldo;-23,244;-45,825;2019-02-04 08:20:00.0;1,18
SÃO JOSÉ DOS CAMPOS;354990410A;SP;Jardim São Leopoldo;-23,244;-45,825;2019-02-04 08:30:00.0;0,79
SÃO JOSÉ DOS CAMPOS;354990410A;SP;Jardim São Leopoldo;-23,244;-45,825;2019-02-04 08:40:00.0;1,37
SÃO JOSÉ DOS CAMPOS;354990410A;SP;Jardim São Leopoldo;-23,244;-45,825;2019-02-04 08:50:00.0;1,37
SÃO JOSÉ DOS CAMPOS;354990410A;SP;Jardim São Leopoldo;-23,244;-45,825;2019-02-04 09:00:00.0;0,59
SÃO JOSÉ DOS CAMPOS;354990410A;SP;Jardim São Leopoldo;-23,244;-45,825;2019-02-04 09:10:00.0;0,39
SÃO JOSÉ DOS CAMPOS;354990410A;SP;Jardim São Leopoldo;-23,244;-45,825;2019-02-04 09:20:00.0;0,39
SÃO JOSÉ DOS CAMPOS;354990410A;SP;Jardim São Leopoldo;-23,244;-45,825;2019-02-04 09:30:00.0;0,2
SÃO JOSÉ DOS CAMPOS;354990410A;SP;Jardim São Leopoldo;-23,244;-45,825;2019-02-04 09:50:00.0;0,2
SÃO JOSÉ DOS CAMPOS;354990410A;SP;Jardim São Leopoldo;-23,244;-45,825;2019-02-04 10:00:00.0;0,39
SÃO JOSÉ DOS CAMPOS;354990410A;SP;Jardim São Leopoldo;-23,244;-45,825;2019-02-04 10:10:00.0;0,39
SÃO JOSÉ DOS CAMPOS;354990410A;SP;Jardim São Leopoldo;-23,244;-45,825;2019-02-04 10:20:00.0;0,39
SÃO JOSÉ DOS CAMPOS;354990410A;SP;Jardim São Leopoldo;-23,244;-45,825;2019-02-04 10:40:00.0;0,2
SÃO JOSÉ DOS CAMPOS;354990410A;SP;Jardim São Leopoldo;-23,244;-45,825;2019-02-04 11:00:00.0;0,0
SÃO JOSÉ DOS CAMPOS;354990410A;SP;Jardim São Leopoldo;-23,244;-45,825;2019-02-04 11:10:00.0;0,2
SÃO JOSÉ DOS CAMPOS;354990410A;SP;Jardim São Leopoldo;-23,244;-45,825;2019-02-04 11:30:00.0;0,2
SÃO JOSÉ DOS CAMPOS;354990410A;SP;Jardim São Leopoldo;-23,244;-45,825;2019-02-04 11:40:00.0;0,2
SÃO JOSÉ DOS CAMPOS;354990410A;SP;Jardim São Leopoldo;-23,244;-45,825;2019-02-04 11:50:00.0;0,39
SÃO JOSÉ DOS CAMPOS;354990410A;SP;Jardim São Leopoldo;-23,244;-45,825;2019-02-04 12:00:00.0;0,59
SÃO JOSÉ DOS CAMPOS;354990410A;SP;Jardim São Leopoldo;-23,244;-45,825;2019-02-04 12:10:00.0;0,39
SÃO JOSÉ DOS CAMPOS;354990410A;SP;Jardim São Leopoldo;-23,244;-45,825;2019-02-04 12:20:00.0;0,59
SÃO JOSÉ DOS CAMPOS;354990410A;SP;Jardim São Leopoldo;-23,244;-45,825;2019-02-04 12:30:00.0;0,2
SÃO JOSÉ DOS CAMPOS;354990410A;SP;Jardim São Leopoldo;-23,244;-45,825;2019-02-04 12:40:00.0;0,39
SÃO JOSÉ DOS CAMPOS;354990410A;SP;Jardim São Leopoldo;-23,244;-45,825;2019-02-04 12:50:00.0;0,2
SÃO JOSÉ DOS CAMPOS;354990410A;SP;Jardim São Leopoldo;-23,244;-45,825;2019-02-04 13:00:00.0;0,59
SÃO JOSÉ DOS CAMPOS;354990410A;SP;Jardim São Leopoldo;-23,244;-45,825;2019-02-04 13:10:00.0;0,59
SÃO JOSÉ DOS CAMPOS;354990410A;SP;Jardim São Leopoldo;-23,244;-45,825;2019-02-04 13:20:00.0;0,98
SÃO JOSÉ DOS CAMPOS;354990410A;SP;Jardim São Leopoldo;-23,244;-45,825;2019-02-04 13:30:00.0;0,98
SÃO JOSÉ DOS CAMPOS;354990410A;SP;Jardim São Leopoldo;-23,244;-45,825;2019-02-04 13:40:00.0;0,59
SÃO JOSÉ DOS CAMPOS;354990410A;SP;Jardim São Leopoldo;-23,244;-45,825;2019-02-04 13:50:00.0;0,39
SÃO JOSÉ DOS CAMPOS;354990410A;SP;Jardim São Leopoldo;-23,244;-45,825;2019-02-04 14:00:00.0;0,79
SÃO JOSÉ DOS CAMPOS;354990410A;SP;Jardim São Leopoldo;-23,244;-45,825;2019-02-04 14:10:00.0;1,57
SÃO JOSÉ DOS CAMPOS;354990410A;SP;Jardim São Leopoldo;-23,244;-45,825;2019-02-04 14:20:00.0;0,79
SÃO JOSÉ DOS CAMPOS;354990410A;SP;Jardim São Leopoldo;-23,244;-45,825;2019-02-04 14:30:00.0;0,39
SÃO JOSÉ DOS CAMPOS;354990410A;SP;Jardim São Leopoldo;-23,244;-45,825;2019-02-04 14:40:00.0;0,59
SÃO JOSÉ DOS CAMPOS;354990410A;SP;Jardim São Leopoldo;-23,244;-45,825;2019-02-04 14:50:00.0;0,39
SÃO JOSÉ DOS CAMPOS;354990410A;SP;Jardim São Leopoldo;-23,244;-45,825;2019-02-04 15:00:00.0;0,2
SÃO JOSÉ DOS CAMPOS;354990410A;SP;Jardim São Leopoldo;-23,244;-45,825;2019-02-04 15:20:00.0;0,2
SÃO JOSÉ DOS CAMPOS;354990410A;SP;Jardim São Leopoldo;-23,244;-45,825;2019-02-04 16:00:00.0;0,2
SÃO JOSÉ DOS CAMPOS;354990410A;SP;Jardim São Leopoldo;-23,244;-45,825;2019-02-04 16:10:00.0;0,2
SÃO JOSÉ DOS CAMPOS;354990410A;SP;Jardim São Leopoldo;-23,244;-45,825;2019-02-04 16:20:00.0;0,2
SÃO JOSÉ DOS CAMPOS;354990410A;SP;Jardim São Leopoldo;-23,244;-45,825;2019-02-04 17:00:00.0;0,0
SÃO JOSÉ DOS CAMPOS;354990410A;SP;Jardim São Leopoldo;-23,244;-45,825;2019-02-04 17:10:00.0;0,39
SÃO JOSÉ DOS CAMPOS;354990410A;SP;Jardim São Leopoldo;-23,244;-45,825;2019-02-04 17:20:00.0;0,79
SÃO JOSÉ DOS CAMPOS;354990410A;SP;Jardim São Leopoldo;-23,244;-45,825;2019-02-04 17:30:00.0;0,59
SÃO JOSÉ DOS CAMPOS;354990410A;SP;Jardim São Leopoldo;-23,244;-45,825;2019-02-04 17:40:00.0;0,2
SÃO JOSÉ DOS CAMPOS;354990410A;SP;Jardim São Leopoldo;-23,244;-45,825;2019-02-04 17:50:00.0;0,2
SÃO JOSÉ DOS CAMPOS;354990410A;SP;Jardim São Leopoldo;-23,244;-45,825;2019-02-04 18:00:00.0;0,2
SÃO JOSÉ DOS CAMPOS;354990410A;SP;Jardim São Leopoldo;-23,244;-45,825;2019-02-04 18:10:00.0;0,39
SÃO JOSÉ DOS CAMPOS;354990410A;SP;Jardim São Leopoldo;-23,244;-45,825;2019-02-04 19:00:00.0;0,0
SÃO JOSÉ DOS CAMPOS;354990410A;SP;Jardim São Leopoldo;-23,244;-45,825;2019-02-04 20:00:00.0;0,0
SÃO JOSÉ DOS CAMPOS;354990410A;SP;Jardim São Leopoldo;-23,244;-45,825;2019-02-04 21:00:00.0;0,0
SÃO JOSÉ DOS CAMPOS;354990410A;SP;Jardim São Leopoldo;-23,244;-45,825;2019-02-04 22:00:00.0;0,0
SÃO JOSÉ DOS CAMPOS;354990410A;SP;Jardim São Leopoldo;-23,244;-45,825;2019-02-04 23:00:00.0;0,0
SÃO JOSÉ DOS CAMPOS;354990410A;SP;Jardim São Leopoldo;-23,244;-45,825;2019-02-05 00:00:00.0;0,0
SÃO JOSÉ DOS CAMPOS;354990410A;SP;Jardim São Leopoldo;-23,244;-45,825;2019-02-05 01:00:00.0;0,0
SÃO JOSÉ DOS CAMPOS;354990410A;SP;Jardim São Leopoldo;-23,244;-45,825;2019-02-05 02:00:00.0;0,0
SÃO JOSÉ DOS CAMPOS;354990410A;SP;Jardim São Leopoldo;-23,244;-45,825;2019-02-05 03:00:00.0;0,0
SÃO JOSÉ DOS CAMPOS;354990410A;SP;Jardim São Leopoldo;-23,244;-45,825;2019-02-05 04:00:00.0;0,0
SÃO JOSÉ DOS CAMPOS;354990410A;SP;Jardim São Leopoldo;-23,244;-45,825;2019-02-05 05:00:00.0;0,0
SÃO JOSÉ DOS CAMPOS;354990410A;SP;Jardim São Leopoldo;-23,244;-45,825;2019-02-05 06:00:00.0;0,0
SÃO JOSÉ DOS CAMPOS;354990410A;SP;Jardim São Leopoldo;-23,244;-45,825;2019-02-05 07:00:00.0;0,2
SÃO JOSÉ DOS CAMPOS;354990410A;SP;Jardim São Leopoldo;-23,244;-45,825;2019-02-05 07:30:00.0;0,2
SÃO JOSÉ DOS CAMPOS;354990410A;SP;Jardim São Leopoldo;-23,244;-45,825;2019-02-05 08:00:00.0;0,0
SÃO JOSÉ DOS CAMPOS;354990410A;SP;Jardim São Leopoldo;-23,244;-45,825;2019-02-05 09:00:00.0;0,0
SÃO JOSÉ DOS CAMPOS;354990410A;SP;Jardim São Leopoldo;-23,244;-45,825;2019-02-05 09:40:00.0;0,2
SÃO JOSÉ DOS CAMPOS;354990410A;SP;Jardim São Leopoldo;-23,244;-45,825;2019-02-05 10:00:00.0;0,0
SÃO JOSÉ DOS CAMPOS;354990410A;SP;Jardim São Leopoldo;-23,244;-45,825;2019-02-05 11:00:00.0;0,0
SÃO JOSÉ DOS CAMPOS;354990410A;SP;Jardim São Leopoldo;-23,244;-45,825;2019-02-05 12:00:00.0;0,0
SÃO JOSÉ DOS CAMPOS;354990410A;SP;Jardim São Leopoldo;-23,244;-45,825;2019-02-05 13:00:00.0;0,0
SÃO JOSÉ DOS CAMPOS;354990410A;SP;Jardim São Leopoldo;-23,244;-45,825;2019-02-05 14:00:00.0;0,0
SÃO JOSÉ DOS CAMPOS;354990410A;SP;Jardim São Leopoldo;-23,244;-45,825;2019-02-05 15:00:00.0;0,0
SÃO JOSÉ DOS CAMPOS;354990410A;SP;Jardim São Leopoldo;-23,244;-45,825;2019-02-05 16:00:00.0;0,0
SÃO JOSÉ DOS CAMPOS;354990410A;SP;Jardim São Leopoldo;-23,244;-45,825;2019-02-05 17:00:00.0;0,0
SÃO JOSÉ DOS CAMPOS;354990410A;SP;Jardim São Leopoldo;-23,244;-45,825;2019-02-05 18:00:00.0;0,0
SÃO JOSÉ DOS CAMPOS;354990410A;SP;Jardim São Leopoldo;-23,244;-45,825;2019-02-05 19:00:00.0;0,0
SÃO JOSÉ DOS CAMPOS;354990410A;SP;Jardim São Leopoldo;-23,244;-45,825;2019-02-05 20:00:00.0;0,0
SÃO JOSÉ DOS CAMPOS;354990410A;SP;Jardim São Leopoldo;-23,244;-45,825;2019-02-05 21:00:00.0;0,0
SÃO JOSÉ DOS CAMPOS;354990410A;SP;Jardim São Leopoldo;-23,244;-45,825;2019-02-05 22:00:00.0;0,0
SÃO JOSÉ DOS CAMPOS;354990410A;SP;Jardim São Leopoldo;-23,244;-45,825;2019-02-05 23:00:00.0;0,0
SÃO JOSÉ DOS CAMPOS;354990410A;SP;Jardim São Leopoldo;-23,244;-45,825;2019-02-06 00:00:00.0;0,0
SÃO JOSÉ DOS CAMPOS;354990410A;SP;Jardim São Leopoldo;-23,244;-45,825;2019-02-06 01:00:00.0;0,0
SÃO JOSÉ DOS CAMPOS;354990410A;SP;Jardim São Leopoldo;-23,244;-45,825;2019-02-06 02:00:00.0;0,0
SÃO JOSÉ DOS CAMPOS;354990410A;SP;Jardim São Leopoldo;-23,244;-45,825;2019-02-06 03:00:00.0;0,0
SÃO JOSÉ DOS CAMPOS;354990410A;SP;Jardim São Leopoldo;-23,244;-45,825;2019-02-06 04:00:00.0;0,0
SÃO JOSÉ DOS CAMPOS;354990410A;SP;Jardim São Leopoldo;-23,244;-45,825;2019-02-06 05:00:00.0;0,0
SÃO JOSÉ DOS CAMPOS;354990410A;SP;Jardim São Leopoldo;-23,244;-45,825;2019-02-06 06:00:00.0;0,0
SÃO JOSÉ DOS CAMPOS;354990410A;SP;Jardim São Leopoldo;-23,244;-45,825;2019-02-06 07:00:00.0;0,0
SÃO JOSÉ DOS CAMPOS;354990410A;SP;Jardim São Leopoldo;-23,244;-45,825;2019-02-06 08:00:00.0;0,0
SÃO JOSÉ DOS CAMPOS;354990410A;SP;Jardim São Leopoldo;-23,244;-45,825;2019-02-06 08:10:00.0;0,2
SÃO JOSÉ DOS CAMPOS;354990410A;SP;Jardim São Leopoldo;-23,244;-45,825;2019-02-06 09:00:00.0;0,0
SÃO JOSÉ DOS CAMPOS;354990410A;SP;Jardim São Leopoldo;-23,244;-45,825;2019-02-06 10:00:00.0;0,0
SÃO JOSÉ DOS CAMPOS;354990410A;SP;Jardim São Leopoldo;-23,244;-45,825;2019-02-06 10:30:00.0;0,2
SÃO JOSÉ DOS CAMPOS;354990410A;SP;Jardim São Leopoldo;-23,244;-45,825;2019-02-06 11:00:00.0;0,2
SÃO JOSÉ DOS CAMPOS;354990410A;SP;Jardim São Leopoldo;-23,244;-45,825;2019-02-06 11:10:00.0;0,79
SÃO JOSÉ DOS CAMPOS;354990410A;SP;Jardim São Leopoldo;-23,244;-45,825;2019-02-06 11:20:00.0;0,2
SÃO JOSÉ DOS CAMPOS;354990410A;SP;Jardim São Leopoldo;-23,244;-45,825;2019-02-06 11:30:00.0;0,2
SÃO JOSÉ DOS CAMPOS;354990410A;SP;Jardim São Leopoldo;-23,244;-45,825;2019-02-06 11:40:00.0;0,2
SÃO JOSÉ DOS CAMPOS;354990410A;SP;Jardim São Leopoldo;-23,244;-45,825;2019-02-06 11:50:00.0;0,59
SÃO JOSÉ DOS CAMPOS;354990410A;SP;Jardim São Leopoldo;-23,244;-45,825;2019-02-06 12:00:00.0;1,38
SÃO JOSÉ DOS CAMPOS;354990410A;SP;Jardim São Leopoldo;-23,244;-45,825;2019-02-06 12:10:00.0;0,79
SÃO JOSÉ DOS CAMPOS;354990410A;SP;Jardim São Leopoldo;-23,244;-45,825;2019-02-06 12:20:00.0;0,2
SÃO JOSÉ DOS CAMPOS;354990410A;SP;Jardim São Leopoldo;-23,244;-45,825;2019-02-06 12:30:00.0;0,2
SÃO JOSÉ DOS CAMPOS;354990410A;SP;Jardim São Leopoldo;-23,244;-45,825;2019-02-06 12:40:00.0;0,2
SÃO JOSÉ DOS CAMPOS;354990410A;SP;Jardim São Leopoldo;-23,244;-45,825;2019-02-06 12:50:00.0;0,2
SÃO JOSÉ DOS CAMPOS;354990410A;SP;Jardim São Leopoldo;-23,244;-45,825;2019-02-06 13:00:00.0;0,2
SÃO JOSÉ DOS CAMPOS;354990410A;SP;Jardim São Leopoldo;-23,244;-45,825;2019-02-06 13:10:00.0;0,59
SÃO JOSÉ DOS CAMPOS;354990410A;SP;Jardim São Leopoldo;-23,244;-45,825;2019-02-06 13:20:00.0;0,39
SÃO JOSÉ DOS CAMPOS;354990410A;SP;Jardim São Leopoldo;-23,244;-45,825;2019-02-06 13:30:00.0;0,39
SÃO JOSÉ DOS CAMPOS;354990410A;SP;Jardim São Leopoldo;-23,244;-45,825;2019-02-06 13:40:00.0;0,59
SÃO JOSÉ DOS CAMPOS;354990410A;SP;Jardim São Leopoldo;-23,244;-45,825;2019-02-06 13:50:00.0;1,18
SÃO JOSÉ DOS CAMPOS;354990410A;SP;Jardim São Leopoldo;-23,244;-45,825;2019-02-06 14:00:00.0;0,2
SÃO JOSÉ DOS CAMPOS;354990410A;SP;Jardim São Leopoldo;-23,244;-45,825;2019-02-06 16:00:00.0;0,0
SÃO JOSÉ DOS CAMPOS;354990410A;SP;Jardim São Leopoldo;-23,244;-45,825;2019-02-06 16:20:00.0;4,33
SÃO JOSÉ DOS CAMPOS;354990410A;SP;Jardim São Leopoldo;-23,244;-45,825;2019-02-06 16:30:00.0;1,97
SÃO JOSÉ DOS CAMPOS;354990410A;SP;Jardim São Leopoldo;-23,244;-45,825;2019-02-06 16:40:00.0;1,38
SÃO JOSÉ DOS CAMPOS;354990410A;SP;Jardim São Leopoldo;-23,244;-45,825;2019-02-06 16:50:00.0;0,39
SÃO JOSÉ DOS CAMPOS;354990410A;SP;Jardim São Leopoldo;-23,244;-45,825;2019-02-06 17:00:00.0;0,98
SÃO JOSÉ DOS CAMPOS;354990410A;SP;Jardim São Leopoldo;-23,244;-45,825;2019-02-06 17:30:00.0;0,39
SÃO JOSÉ DOS CAMPOS;354990410A;SP;Jardim São Leopoldo;-23,244;-45,825;2019-02-06 17:40:00.0;0,39
SÃO JOSÉ DOS CAMPOS;354990410A;SP;Jardim São Leopoldo;-23,244;-45,825;2019-02-06 17:50:00.0;0,2
SÃO JOSÉ DOS CAMPOS;354990410A;SP;Jardim São Leopoldo;-23,244;-45,825;2019-02-06 18:00:00.0;0,39
SÃO JOSÉ DOS CAMPOS;354990410A;SP;Jardim São Leopoldo;-23,244;-45,825;2019-02-06 18:10:00.0;0,59
SÃO JOSÉ DOS CAMPOS;354990410A;SP;Jardim São Leopoldo;-23,244;-45,825;2019-02-06 18:20:00.0;0,59
SÃO JOSÉ DOS CAMPOS;354990410A;SP;Jardim São Leopoldo;-23,244;-45,825;2019-02-06 18:30:00.0;0,59
SÃO JOSÉ DOS CAMPOS;354990410A;SP;Jardim São Leopoldo;-23,244;-45,825;2019-02-06 18:40:00.0;0,79
SÃO JOSÉ DOS CAMPOS;354990410A;SP;Jardim São Leopoldo;-23,244;-45,825;2019-02-06 18:50:00.0;0,79
SÃO JOSÉ DOS CAMPOS;354990410A;SP;Jardim São Leopoldo;-23,244;-45,825;2019-02-06 19:00:00.0;0,39
SÃO JOSÉ DOS CAMPOS;354990410A;SP;Jardim São Leopoldo;-23,244;-45,825;2019-02-06 19:10:00.0;0,59
SÃO JOSÉ DOS CAMPOS;354990410A;SP;Jardim São Leopoldo;-23,244;-45,825;2019-02-06 19:20:00.0;0,39
SÃO JOSÉ DOS CAMPOS;354990410A;SP;Jardim São Leopoldo;-23,244;-45,825;2019-02-06 19:30:00.0;0,59
SÃO JOSÉ DOS CAMPOS;354990410A;SP;Jardim São Leopoldo;-23,244;-45,825;2019-02-06 19:40:00.0;0,39
SÃO JOSÉ DOS CAMPOS;354990410A;SP;Jardim São Leopoldo;-23,244;-45,825;2019-02-06 19:50:00.0;0,39
SÃO JOSÉ DOS CAMPOS;354990410A;SP;Jardim São Leopoldo;-23,244;-45,825;2019-02-06 20:00:00.0;0,59
SÃO JOSÉ DOS CAMPOS;354990410A;SP;Jardim São Leopoldo;-23,244;-45,825;2019-02-06 20:10:00.0;0,59
SÃO JOSÉ DOS CAMPOS;354990410A;SP;Jardim São Leopoldo;-23,244;-45,825;2019-02-06 21:00:00.0;0,0
SÃO JOSÉ DOS CAMPOS;354990410A;SP;Jardim São Leopoldo;-23,244;-45,825;2019-02-06 21:30:00.0;0,2
SÃO JOSÉ DOS CAMPOS;354990410A;SP;Jardim São Leopoldo;-23,244;-45,825;2019-02-06 22:00:00.0;0,0
SÃO JOSÉ DOS CAMPOS;354990410A;SP;Jardim São Leopoldo;-23,244;-45,825;2019-02-06 23:00:00.0;0,0
SÃO JOSÉ DOS CAMPOS;354990410A;SP;Jardim São Leopoldo;-23,244;-45,825;2019-02-07 00:00:00.0;0,0
SÃO JOSÉ DOS CAMPOS;354990410A;SP;Jardim São Leopoldo;-23,244;-45,825;2019-02-07 01:00:00.0;0,0
SÃO JOSÉ DOS CAMPOS;354990410A;SP;Jardim São Leopoldo;-23,244;-45,825;2019-02-07 02:00:00.0;0,0
SÃO JOSÉ DOS CAMPOS;354990410A;SP;Jardim São Leopoldo;-23,244;-45,825;2019-02-07 03:00:00.0;0,0
SÃO JOSÉ DOS CAMPOS;354990410A;SP;Jardim São Leopoldo;-23,244;-45,825;2019-02-07 04:00:00.0;0,0
SÃO JOSÉ DOS CAMPOS;354990410A;SP;Jardim São Leopoldo;-23,244;-45,825;2019-02-07 05:00:00.0;0,0
SÃO JOSÉ DOS CAMPOS;354990410A;SP;Jardim São Leopoldo;-23,244;-45,825;2019-02-07 06:00:00.0;0,0
SÃO JOSÉ DOS CAMPOS;354990410A;SP;Jardim São Leopoldo;-23,244;-45,825;2019-02-07 07:00:00.0;0,0
SÃO JOSÉ DOS CAMPOS;354990410A;SP;Jardim São Leopoldo;-23,244;-45,825;2019-02-07 08:00:00.0;0,0
SÃO JOSÉ DOS CAMPOS;354990410A;SP;Jardim São Leopoldo;-23,244;-45,825;2019-02-07 09:00:00.0;0,0
SÃO JOSÉ DOS CAMPOS;354990410A;SP;Jardim São Leopoldo;-23,244;-45,825;2019-02-07 10:00:00.0;0,0
SÃO JOSÉ DOS CAMPOS;354990410A;SP;Jardim São Leopoldo;-23,244;-45,825;2019-02-07 11:00:00.0;0,0
SÃO JOSÉ DOS CAMPOS;354990410A;SP;Jardim São Leopoldo;-23,244;-45,825;2019-02-07 12:00:00.0;0,0
SÃO JOSÉ DOS CAMPOS;354990410A;SP;Jardim São Leopoldo;-23,244;-45,825;2019-02-07 13:00:00.0;0,0
SÃO JOSÉ DOS CAMPOS;354990410A;SP;Jardim São Leopoldo;-23,244;-45,825;2019-02-07 14:00:00.0;0,0
SÃO JOSÉ DOS CAMPOS;354990410A;SP;Jardim São Leopoldo;-23,244;-45,825;2019-02-07 15:00:00.0;0,0
SÃO JOSÉ DOS CAMPOS;354990410A;SP;Jardim São Leopoldo;-23,244;-45,825;2019-02-07 16:00:00.0;0,0
SÃO JOSÉ DOS CAMPOS;354990410A;SP;Jardim São Leopoldo;-23,244;-45,825;2019-02-07 17:00:00.0;0,0
SÃO JOSÉ DOS CAMPOS;354990410A;SP;Jardim São Leopoldo;-23,244;-45,825;2019-02-07 18:00:00.0;0,0
SÃO JOSÉ DOS CAMPOS;354990410A;SP;Jardim São Leopoldo;-23,244;-45,825;2019-02-07 19:00:00.0;0,0
SÃO JOSÉ DOS CAMPOS;354990410A;SP;Jardim São Leopoldo;-23,244;-45,825;2019-02-07 20:00:00.0;0,0
SÃO JOSÉ DOS CAMPOS;354990410A;SP;Jardim São Leopoldo;-23,244;-45,825;2019-02-07 21:00:00.0;0,0
SÃO JOSÉ DOS CAMPOS;354990410A;SP;Jardim São Leopoldo;-23,244;-45,825;2019-02-08 17:10:00.0;0,0
SÃO JOSÉ DOS CAMPOS;354990410A;SP;Jardim São Leopoldo;-23,244;-45,825;2019-02-08 18:00:00.0;0,0
SÃO JOSÉ DOS CAMPOS;354990410A;SP;Jardim São Leopoldo;-23,244;-45,825;2019-02-08 19:40:00.0;0,0
SÃO JOSÉ DOS CAMPOS;354990410A;SP;Jardim São Leopoldo;-23,244;-45,825;2019-02-08 20:20:00.0;0,0
SÃO JOSÉ DOS CAMPOS;354990410A;SP;Jardim São Leopoldo;-23,244;-45,825;2019-02-08 21:00:00.0;0,0
SÃO JOSÉ DOS CAMPOS;354990410A;SP;Jardim São Leopoldo;-23,244;-45,825;2019-02-08 22:00:00.0;0,0
SÃO JOSÉ DOS CAMPOS;354990410A;SP;Jardim São Leopoldo;-23,244;-45,825;2019-02-08 23:00:00.0;0,0
SÃO JOSÉ DOS CAMPOS;354990410A;SP;Jardim São Leopoldo;-23,244;-45,825;2019-02-09 00:00:00.0;0,0
SÃO JOSÉ DOS CAMPOS;354990410A;SP;Jardim São Leopoldo;-23,244;-45,825;2019-02-09 01:00:00.0;0,0
SÃO JOSÉ DOS CAMPOS;354990410A;SP;Jardim São Leopoldo;-23,244;-45,825;2019-02-09 02:00:00.0;0,0
SÃO JOSÉ DOS CAMPOS;354990410A;SP;Jardim São Leopoldo;-23,244;-45,825;2019-02-09 03:00:00.0;0,0
SÃO JOSÉ DOS CAMPOS;354990410A;SP;Jardim São Leopoldo;-23,244;-45,825;2019-02-09 04:00:00.0;0,0
SÃO JOSÉ DOS CAMPOS;354990410A;SP;Jardim São Leopoldo;-23,244;-45,825;2019-02-09 05:00:00.0;0,0
SÃO JOSÉ DOS CAMPOS;354990410A;SP;Jardim São Leopoldo;-23,244;-45,825;2019-02-09 06:00:00.0;0,0
SÃO JOSÉ DOS CAMPOS;354990410A;SP;Jardim São Leopoldo;-23,244;-45,825;2019-02-09 07:00:00.0;0,0
SÃO JOSÉ DOS CAMPOS;354990410A;SP;Jardim São Leopoldo;-23,244;-45,825;2019-02-09 08:00:00.0;0,0
SÃO JOSÉ DOS CAMPOS;354990410A;SP;Jardim São Leopoldo;-23,244;-45,825;2019-02-09 09:00:00.0;0,0
SÃO JOSÉ DOS CAMPOS;354990410A;SP;Jardim São Leopoldo;-23,244;-45,825;2019-02-09 10:00:00.0;0,0
SÃO JOSÉ DOS CAMPOS;354990410A;SP;Jardim São Leopoldo;-23,244;-45,825;2019-02-09 11:00:00.0;0,0
SÃO JOSÉ DOS CAMPOS;354990410A;SP;Jardim São Leopoldo;-23,244;-45,825;2019-02-09 12:00:00.0;0,0
SÃO JOSÉ DOS CAMPOS;354990410A;SP;Jardim São Leopoldo;-23,244;-45,825;2019-02-09 13:00:00.0;0,0
SÃO JOSÉ DOS CAMPOS;354990410A;SP;Jardim São Leopoldo;-23,244;-45,825;2019-02-09 14:00:00.0;0,0
SÃO JOSÉ DOS CAMPOS;354990410A;SP;Jardim São Leopoldo;-23,244;-45,825;2019-02-09 15:00:00.0;0,0
SÃO JOSÉ DOS CAMPOS;354990410A;SP;Jardim São Leopoldo;-23,244;-45,825;2019-02-09 16:00:00.0;0,0
SÃO JOSÉ DOS CAMPOS;354990410A;SP;Jardim São Leopoldo;-23,244;-45,825;2019-02-09 17:00:00.0;0,0
SÃO JOSÉ DOS CAMPOS;354990410A;SP;Jardim São Leopoldo;-23,244;-45,825;2019-02-09 18:00:00.0;0,0
SÃO JOSÉ DOS CAMPOS;354990410A;SP;Jardim São Leopoldo;-23,244;-45,825;2019-02-09 19:00:00.0;0,0
SÃO JOSÉ DOS CAMPOS;354990410A;SP;Jardim São Leopoldo;-23,244;-45,825;2019-02-09 20:00:00.0;0,0
SÃO JOSÉ DOS CAMPOS;354990410A;SP;Jardim São Leopoldo;-23,244;-45,825;2019-02-09 21:00:00.0;0,0
SÃO JOSÉ DOS CAMPOS;354990410A;SP;Jardim São Leopoldo;-23,244;-45,825;2019-02-09 22:00:00.0;0,0
SÃO JOSÉ DOS CAMPOS;354990410A;SP;Jardim São Leopoldo;-23,244;-45,825;2019-02-09 23:00:00.0;0,0
SÃO JOSÉ DOS CAMPOS;354990410A;SP;Jardim São Leopoldo;-23,244;-45,825;2019-02-10 00:00:00.0;0,0
SÃO JOSÉ DOS CAMPOS;354990410A;SP;Jardim São Leopoldo;-23,244;-45,825;2019-02-10 01:00:00.0;0,0
SÃO JOSÉ DOS CAMPOS;354990410A;SP;Jardim São Leopoldo;-23,244;-45,825;2019-02-10 02:00:00.0;0,0
SÃO JOSÉ DOS CAMPOS;354990410A;SP;Jardim São Leopoldo;-23,244;-45,825;2019-02-10 03:00:00.0;0,0
SÃO JOSÉ DOS CAMPOS;354990410A;SP;Jardim São Leopoldo;-23,244;-45,825;2019-02-10 04:00:00.0;0,0
SÃO JOSÉ DOS CAMPOS;354990410A;SP;Jardim São Leopoldo;-23,244;-45,825;2019-02-10 05:00:00.0;0,0
SÃO JOSÉ DOS CAMPOS;354990410A;SP;Jardim São Leopoldo;-23,244;-45,825;2019-02-10 06:00:00.0;0,0
SÃO JOSÉ DOS CAMPOS;354990410A;SP;Jardim São Leopoldo;-23,244;-45,825;2019-02-10 07:00:00.0;0,0
SÃO JOSÉ DOS CAMPOS;354990410A;SP;Jardim São Leopoldo;-23,244;-45,825;2019-02-10 08:00:00.0;0,0
SÃO JOSÉ DOS CAMPOS;354990410A;SP;Jardim São Leopoldo;-23,244;-45,825;2019-02-10 09:00:00.0;0,0
SÃO JOSÉ DOS CAMPOS;354990410A;SP;Jardim São Leopoldo;-23,244;-45,825;2019-02-10 10:00:00.0;0,0
SÃO JOSÉ DOS CAMPOS;354990410A;SP;Jardim São Leopoldo;-23,244;-45,825;2019-02-10 11:00:00.0;0,0
SÃO JOSÉ DOS CAMPOS;354990410A;SP;Jardim São Leopoldo;-23,244;-45,825;2019-02-10 12:00:00.0;0,0
SÃO JOSÉ DOS CAMPOS;354990410A;SP;Jardim São Leopoldo;-23,244;-45,825;2019-02-10 13:00:00.0;0,0
SÃO JOSÉ DOS CAMPOS;354990410A;SP;Jardim São Leopoldo;-23,244;-45,825;2019-02-10 14:00:00.0;0,0
SÃO JOSÉ DOS CAMPOS;354990410A;SP;Jardim São Leopoldo;-23,244;-45,825;2019-02-10 15:00:00.0;0,0
SÃO JOSÉ DOS CAMPOS;354990410A;SP;Jardim São Leopoldo;-23,244;-45,825;2019-02-10 16:00:00.0;0,0
SÃO JOSÉ DOS CAMPOS;354990410A;SP;Jardim São Leopoldo;-23,244;-45,825;2019-02-10 17:00:00.0;0,0
SÃO JOSÉ DOS CAMPOS;354990410A;SP;Jardim São Leopoldo;-23,244;-45,825;2019-02-10 18:00:00.0;0,0
SÃO JOSÉ DOS CAMPOS;354990410A;SP;Jardim São Leopoldo;-23,244;-45,825;2019-02-10 19:00:00.0;0,0
SÃO JOSÉ DOS CAMPOS;354990410A;SP;Jardim São Leopoldo;-23,244;-45,825;2019-02-10 20:00:00.0;0,0
SÃO JOSÉ DOS CAMPOS;354990410A;SP;Jardim São Leopoldo;-23,244;-45,825;2019-02-10 21:00:00.0;0,0
SÃO JOSÉ DOS CAMPOS;354990410A;SP;Jardim São Leopoldo;-23,244;-45,825;2019-02-10 21:40:00.0;10,01
SÃO JOSÉ DOS CAMPOS;354990410A;SP;Jardim São Leopoldo;-23,244;-45,825;2019-02-10 21:50:00.0;9,54
SÃO JOSÉ DOS CAMPOS;354990410A;SP;Jardim São Leopoldo;-23,244;-45,825;2019-02-10 22:00:00.0;7,1
SÃO JOSÉ DOS CAMPOS;354990410A;SP;Jardim São Leopoldo;-23,244;-45,825;2019-02-10 22:10:00.0;1,97
SÃO JOSÉ DOS CAMPOS;354990410A;SP;Jardim São Leopoldo;-23,244;-45,825;2019-02-10 22:30:00.0;0,2
SÃO JOSÉ DOS CAMPOS;354990410A;SP;Jardim São Leopoldo;-23,244;-45,825;2019-02-10 23:00:00.0;0,0
SÃO JOSÉ DOS CAMPOS;354990410A;SP;Jardim São Leopoldo;-23,244;-45,825;2019-02-11 00:00:00.0;0,0
SÃO JOSÉ DOS CAMPOS;354990410A;SP;Jardim São Leopoldo;-23,244;-45,825;2019-02-11 01:00:00.0;0,0
SÃO JOSÉ DOS CAMPOS;354990410A;SP;Jardim São Leopoldo;-23,244;-45,825;2019-02-11 02:00:00.0;0,0
SÃO JOSÉ DOS CAMPOS;354990410A;SP;Jardim São Leopoldo;-23,244;-45,825;2019-02-11 03:00:00.0;0,0
SÃO JOSÉ DOS CAMPOS;354990410A;SP;Jardim São Leopoldo;-23,244;-45,825;2019-02-11 04:00:00.0;0,0
SÃO JOSÉ DOS CAMPOS;354990410A;SP;Jardim São Leopoldo;-23,244;-45,825;2019-02-11 05:00:00.0;0,0
SÃO JOSÉ DOS CAMPOS;354990410A;SP;Jardim São Leopoldo;-23,244;-45,825;2019-02-11 06:00:00.0;0,0
SÃO JOSÉ DOS CAMPOS;354990410A;SP;Jardim São Leopoldo;-23,244;-45,825;2019-02-11 07:00:00.0;0,0
SÃO JOSÉ DOS CAMPOS;354990410A;SP;Jardim São Leopoldo;-23,244;-45,825;2019-02-11 08:00:00.0;0,0
SÃO JOSÉ DOS CAMPOS;354990410A;SP;Jardim São Leopoldo;-23,244;-45,825;2019-02-11 09:00:00.0;0,0
SÃO JOSÉ DOS CAMPOS;354990410A;SP;Jardim São Leopoldo;-23,244;-45,825;2019-02-11 10:00:00.0;0,0
SÃO JOSÉ DOS CAMPOS;354990410A;SP;Jardim São Leopoldo;-23,244;-45,825;2019-02-11 11:00:00.0;0,0
SÃO JOSÉ DOS CAMPOS;354990410A;SP;Jardim São Leopoldo;-23,244;-45,825;2019-02-11 12:00:00.0;0,0
SÃO JOSÉ DOS CAMPOS;354990410A;SP;Jardim São Leopoldo;-23,244;-45,825;2019-02-11 13:00:00.0;0,0
SÃO JOSÉ DOS CAMPOS;354990410A;SP;Jardim São Leopoldo;-23,244;-45,825;2019-02-11 14:00:00.0;0,0
SÃO JOSÉ DOS CAMPOS;354990410A;SP;Jardim São Leopoldo;-23,244;-45,825;2019-02-11 15:00:00.0;0,0
SÃO JOSÉ DOS CAMPOS;354990410A;SP;Jardim São Leopoldo;-23,244;-45,825;2019-02-11 16:00:00.0;0,0
SÃO JOSÉ DOS CAMPOS;354990410A;SP;Jardim São Leopoldo;-23,244;-45,825;2019-02-11 17:00:00.0;0,0
SÃO JOSÉ DOS CAMPOS;354990410A;SP;Jardim São Leopoldo;-23,244;-45,825;2019-02-11 18:00:00.0;0,0
SÃO JOSÉ DOS CAMPOS;354990410A;SP;Jardim São Leopoldo;-23,244;-45,825;2019-02-11 19:00:00.0;0,0
SÃO JOSÉ DOS CAMPOS;354990410A;SP;Jardim São Leopoldo;-23,244;-45,825;2019-02-11 20:00:00.0;0,0
SÃO JOSÉ DOS CAMPOS;354990410A;SP;Jardim São Leopoldo;-23,244;-45,825;2019-02-11 21:00:00.0;0,0
SÃO JOSÉ DOS CAMPOS;354990410A;SP;Jardim São Leopoldo;-23,244;-45,825;2019-02-11 22:00:00.0;0,0
SÃO JOSÉ DOS CAMPOS;354990410A;SP;Jardim São Leopoldo;-23,244;-45,825;2019-02-11 23:00:00.0;0,0
SÃO JOSÉ DOS CAMPOS;354990410A;SP;Jardim São Leopoldo;-23,244;-45,825;2019-02-11 23:20:00.0;0,2
SÃO JOSÉ DOS CAMPOS;354990410A;SP;Jardim São Leopoldo;-23,244;-45,825;2019-02-12 00:00:00.0;0,0
SÃO JOSÉ DOS CAMPOS;354990410A;SP;Jardim São Leopoldo;-23,244;-45,825;2019-02-12 00:10:00.0;0,2
SÃO JOSÉ DOS CAMPOS;354990410A;SP;Jardim São Leopoldo;-23,244;-45,825;2019-02-12 00:20:00.0;0,98
SÃO JOSÉ DOS CAMPOS;354990410A;SP;Jardim São Leopoldo;-23,244;-45,825;2019-02-12 00:50:00.0;0,2
SÃO JOSÉ DOS CAMPOS;354990410A;SP;Jardim São Leopoldo;-23,244;-45,825;2019-02-12 01:00:00.0;0,0
SÃO JOSÉ DOS CAMPOS;354990410A;SP;Jardim São Leopoldo;-23,244;-45,825;2019-02-12 02:00:00.0;0,0
SÃO JOSÉ DOS CAMPOS;354990410A;SP;Jardim São Leopoldo;-23,244;-45,825;2019-02-12 03:00:00.0;0,0
SÃO JOSÉ DOS CAMPOS;354990410A;SP;Jardim São Leopoldo;-23,244;-45,825;2019-02-12 04:00:00.0;0,0
SÃO JOSÉ DOS CAMPOS;354990410A;SP;Jardim São Leopoldo;-23,244;-45,825;2019-02-12 05:00:00.0;0,0
SÃO JOSÉ DOS CAMPOS;354990410A;SP;Jardim São Leopoldo;-23,244;-45,825;2019-02-12 06:00:00.0;0,0
SÃO JOSÉ DOS CAMPOS;354990410A;SP;Jardim São Leopoldo;-23,244;-45,825;2019-02-12 06:20:00.0;0,2
SÃO JOSÉ DOS CAMPOS;354990410A;SP;Jardim São Leopoldo;-23,244;-45,825;2019-02-12 07:00:00.0;0,0
SÃO JOSÉ DOS CAMPOS;354990410A;SP;Jardim São Leopoldo;-23,244;-45,825;2019-02-12 08:00:00.0;0,0
SÃO JOSÉ DOS CAMPOS;354990410A;SP;Jardim São Leopoldo;-23,244;-45,825;2019-02-12 09:00:00.0;0,0
SÃO JOSÉ DOS CAMPOS;354990410A;SP;Jardim São Leopoldo;-23,244;-45,825;2019-02-12 10:00:00.0;0,0
SÃO JOSÉ DOS CAMPOS;354990410A;SP;Jardim São Leopoldo;-23,244;-45,825;2019-02-12 11:00:00.0;0,0
SÃO JOSÉ DOS CAMPOS;354990410A;SP;Jardim São Leopoldo;-23,244;-45,825;2019-02-12 12:00:00.0;0,0
SÃO JOSÉ DOS CAMPOS;354990410A;SP;Jardim São Leopoldo;-23,244;-45,825;2019-02-12 13:00:00.0;0,0
SÃO JOSÉ DOS CAMPOS;354990410A;SP;Jardim São Leopoldo;-23,244;-45,825;2019-02-12 14:00:00.0;0,0
SÃO JOSÉ DOS CAMPOS;354990410A;SP;Jardim São Leopoldo;-23,244;-45,825;2019-02-12 15:00:00.0;0,0
SÃO JOSÉ DOS CAMPOS;354990410A;SP;Jardim São Leopoldo;-23,244;-45,825;2019-02-12 16:00:00.0;0,0
SÃO JOSÉ DOS CAMPOS;354990410A;SP;Jardim São Leopoldo;-23,244;-45,825;2019-02-12 17:00:00.0;0,0
SÃO JOSÉ DOS CAMPOS;354990410A;SP;Jardim São Leopoldo;-23,244;-45,825;2019-02-12 18:00:00.0;0,0
SÃO JOSÉ DOS CAMPOS;354990410A;SP;Jardim São Leopoldo;-23,244;-45,825;2019-02-12 19:00:00.0;0,0
SÃO JOSÉ DOS CAMPOS;354990410A;SP;Jardim São Leopoldo;-23,244;-45,825;2019-02-12 20:00:00.0;0,0
SÃO JOSÉ DOS CAMPOS;354990410A;SP;Jardim São Leopoldo;-23,244;-45,825;2019-02-12 21:00:00.0;0,0
SÃO JOSÉ DOS CAMPOS;354990410A;SP;Jardim São Leopoldo;-23,244;-45,825;2019-02-12 22:00:00.0;0,0
SÃO JOSÉ DOS CAMPOS;354990410A;SP;Jardim São Leopoldo;-23,244;-45,825;2019-02-12 23:00:00.0;0,0
SÃO JOSÉ DOS CAMPOS;354990410A;SP;Jardim São Leopoldo;-23,244;-45,825;2019-02-13 00:00:00.0;0,0
SÃO JOSÉ DOS CAMPOS;354990410A;SP;Jardim São Leopoldo;-23,244;-45,825;2019-02-13 00:40:00.0;0,2
SÃO JOSÉ DOS CAMPOS;354990410A;SP;Jardim São Leopoldo;-23,244;-45,825;2019-02-13 00:50:00.0;0,2
SÃO JOSÉ DOS CAMPOS;354990410A;SP;Jardim São Leopoldo;-23,244;-45,825;2019-02-13 01:00:00.0;0,0
SÃO JOSÉ DOS CAMPOS;354990410A;SP;Jardim São Leopoldo;-23,244;-45,825;2019-02-13 01:10:00.0;0,2
SÃO JOSÉ DOS CAMPOS;354990410A;SP;Jardim São Leopoldo;-23,244;-45,825;2019-02-13 01:30:00.0;0,2
SÃO JOSÉ DOS CAMPOS;354990410A;SP;Jardim São Leopoldo;-23,244;-45,825;2019-02-13 02:00:00.0;0,0
SÃO JOSÉ DOS CAMPOS;354990410A;SP;Jardim São Leopoldo;-23,244;-45,825;2019-02-13 03:00:00.0;0,0
SÃO JOSÉ DOS CAMPOS;354990410A;SP;Jardim São Leopoldo;-23,244;-45,825;2019-02-13 03:20:00.0;0,2
SÃO JOSÉ DOS CAMPOS;354990410A;SP;Jardim São Leopoldo;-23,244;-45,825;2019-02-13 03:50:00.0;0,2
SÃO JOSÉ DOS CAMPOS;354990410A;SP;Jardim São Leopoldo;-23,244;-45,825;2019-02-13 04:00:00.0;0,0
SÃO JOSÉ DOS CAMPOS;354990410A;SP;Jardim São Leopoldo;-23,244;-45,825;2019-02-13 04:10:00.0;0,2
SÃO JOSÉ DOS CAMPOS;354990410A;SP;Jardim São Leopoldo;-23,244;-45,825;2019-02-13 04:20:00.0;0,2
SÃO JOSÉ DOS CAMPOS;354990410A;SP;Jardim São Leopoldo;-23,244;-45,825;2019-02-13 04:30:00.0;0,2
SÃO JOSÉ DOS CAMPOS;354990410A;SP;Jardim São Leopoldo;-23,244;-45,825;2019-02-13 04:50:00.0;0,2
SÃO JOSÉ DOS CAMPOS;354990410A;SP;Jardim São Leopoldo;-23,244;-45,825;2019-02-13 05:00:00.0;0,79
SÃO JOSÉ DOS CAMPOS;354990410A;SP;Jardim São Leopoldo;-23,244;-45,825;2019-02-13 05:20:00.0;0,2
SÃO JOSÉ DOS CAMPOS;354990410A;SP;Jardim São Leopoldo;-23,244;-45,825;2019-02-13 05:50:00.0;0,2
SÃO JOSÉ DOS CAMPOS;354990410A;SP;Jardim São Leopoldo;-23,244;-45,825;2019-02-13 06:00:00.0;0,2
SÃO JOSÉ DOS CAMPOS;354990410A;SP;Jardim São Leopoldo;-23,244;-45,825;2019-02-13 07:00:00.0;0,0
SÃO JOSÉ DOS CAMPOS;354990410A;SP;Jardim São Leopoldo;-23,244;-45,825;2019-02-13 08:00:00.0;0,0
SÃO JOSÉ DOS CAMPOS;354990410A;SP;Jardim São Leopoldo;-23,244;-45,825;2019-02-13 08:30:00.0;0,2
SÃO JOSÉ DOS CAMPOS;354990410A;SP;Jardim São Leopoldo;-23,244;-45,825;2019-02-13 08:50:00.0;0,2
SÃO JOSÉ DOS CAMPOS;354990410A;SP;Jardim São Leopoldo;-23,244;-45,825;2019-02-13 09:00:00.0;0,0
SÃO JOSÉ DOS CAMPOS;354990410A;SP;Jardim São Leopoldo;-23,244;-45,825;2019-02-13 09:40:00.0;0,2
SÃO JOSÉ DOS CAMPOS;354990410A;SP;Jardim São Leopoldo;-23,244;-45,825;2019-02-13 10:00:00.0;0,2
SÃO JOSÉ DOS CAMPOS;354990410A;SP;Jardim São Leopoldo;-23,244;-45,825;2019-02-13 10:10:00.0;0,79
SÃO JOSÉ DOS CAMPOS;354990410A;SP;Jardim São Leopoldo;-23,244;-45,825;2019-02-13 10:20:00.0;0,59
SÃO JOSÉ DOS CAMPOS;354990410A;SP;Jardim São Leopoldo;-23,244;-45,825;2019-02-13 10:30:00.0;0,39
SÃO JOSÉ DOS CAMPOS;354990410A;SP;Jardim São Leopoldo;-23,244;-45,825;2019-02-13 10:40:00.0;0,59
SÃO JOSÉ DOS CAMPOS;354990410A;SP;Jardim São Leopoldo;-23,244;-45,825;2019-02-13 10:50:00.0;0,98
SÃO JOSÉ DOS CAMPOS;354990410A;SP;Jardim São Leopoldo;-23,244;-45,825;2019-02-13 11:00:00.0;0,39
SÃO JOSÉ DOS CAMPOS;354990410A;SP;Jardim São Leopoldo;-23,244;-45,825;2019-02-13 11:10:00.0;0,2
SÃO JOSÉ DOS CAMPOS;354990410A;SP;Jardim São Leopoldo;-23,244;-45,825;2019-02-13 11:20:00.0;0,2
SÃO JOSÉ DOS CAMPOS;354990410A;SP;Jardim São Leopoldo;-23,244;-45,825;2019-02-13 11:30:00.0;0,2
SÃO JOSÉ DOS CAMPOS;354990410A;SP;Jardim São Leopoldo;-23,244;-45,825;2019-02-13 11:40:00.0;0,2
SÃO JOSÉ DOS CAMPOS;354990410A;SP;Jardim São Leopoldo;-23,244;-45,825;2019-02-13 12:00:00.0;0,0
SÃO JOSÉ DOS CAMPOS;354990410A;SP;Jardim São Leopoldo;-23,244;-45,825;2019-02-13 13:00:00.0;0,0
SÃO JOSÉ DOS CAMPOS;354990410A;SP;Jardim São Leopoldo;-23,244;-45,825;2019-02-13 13:10:00.0;0,2
SÃO JOSÉ DOS CAMPOS;354990410A;SP;Jardim São Leopoldo;-23,244;-45,825;2019-02-13 13:40:00.0;0,2
SÃO JOSÉ DOS CAMPOS;354990410A;SP;Jardim São Leopoldo;-23,244;-45,825;2019-02-13 14:00:00.0;0,0
SÃO JOSÉ DOS CAMPOS;354990410A;SP;Jardim São Leopoldo;-23,244;-45,825;2019-02-13 15:00:00.0;0,0
SÃO JOSÉ DOS CAMPOS;354990410A;SP;Jardim São Leopoldo;-23,244;-45,825;2019-02-13 16:00:00.0;0,0
SÃO JOSÉ DOS CAMPOS;354990410A;SP;Jardim São Leopoldo;-23,244;-45,825;2019-02-13 17:00:00.0;0,0
SÃO JOSÉ DOS CAMPOS;354990410A;SP;Jardim São Leopoldo;-23,244;-45,825;2019-02-13 18:00:00.0;0,0
SÃO JOSÉ DOS CAMPOS;354990410A;SP;Jardim São Leopoldo;-23,244;-45,825;2019-02-13 19:00:00.0;0,0
SÃO JOSÉ DOS CAMPOS;354990410A;SP;Jardim São Leopoldo;-23,244;-45,825;2019-02-13 20:00:00.0;0,0
SÃO JOSÉ DOS CAMPOS;354990410A;SP;Jardim São Leopoldo;-23,244;-45,825;2019-02-13 21:00:00.0;0,0
SÃO JOSÉ DOS CAMPOS;354990410A;SP;Jardim São Leopoldo;-23,244;-45,825;2019-02-13 22:00:00.0;0,0
SÃO JOSÉ DOS CAMPOS;354990410A;SP;Jardim São Leopoldo;-23,244;-45,825;2019-02-13 23:00:00.0;0,0
SÃO JOSÉ DOS CAMPOS;354990410A;SP;Jardim São Leopoldo;-23,244;-45,825;2019-02-14 00:00:00.0;0,0
SÃO JOSÉ DOS CAMPOS;354990410A;SP;Jardim São Leopoldo;-23,244;-45,825;2019-02-14 01:00:00.0;0,0
SÃO JOSÉ DOS CAMPOS;354990410A;SP;Jardim São Leopoldo;-23,244;-45,825;2019-02-14 02:00:00.0;0,0
SÃO JOSÉ DOS CAMPOS;354990410A;SP;Jardim São Leopoldo;-23,244;-45,825;2019-02-14 03:00:00.0;0,0
SÃO JOSÉ DOS CAMPOS;354990410A;SP;Jardim São Leopoldo;-23,244;-45,825;2019-02-14 04:00:00.0;0,0
SÃO JOSÉ DOS CAMPOS;354990410A;SP;Jardim São Leopoldo;-23,244;-45,825;2019-02-14 05:00:00.0;0,0
SÃO JOSÉ DOS CAMPOS;354990410A;SP;Jardim São Leopoldo;-23,244;-45,825;2019-02-14 06:00:00.0;0,0
SÃO JOSÉ DOS CAMPOS;354990410A;SP;Jardim São Leopoldo;-23,244;-45,825;2019-02-14 07:00:00.0;0,0
SÃO JOSÉ DOS CAMPOS;354990410A;SP;Jardim São Leopoldo;-23,244;-45,825;2019-02-14 08:00:00.0;0,0
SÃO JOSÉ DOS CAMPOS;354990410A;SP;Jardim São Leopoldo;-23,244;-45,825;2019-02-14 09:00:00.0;0,0
SÃO JOSÉ DOS CAMPOS;354990410A;SP;Jardim São Leopoldo;-23,244;-45,825;2019-02-14 10:00:00.0;0,0
SÃO JOSÉ DOS CAMPOS;354990410A;SP;Jardim São Leopoldo;-23,244;-45,825;2019-02-14 11:00:00.0;0,0
SÃO JOSÉ DOS CAMPOS;354990410A;SP;Jardim São Leopoldo;-23,244;-45,825;2019-02-14 12:00:00.0;0,0
SÃO JOSÉ DOS CAMPOS;354990410A;SP;Jardim São Leopoldo;-23,244;-45,825;2019-02-14 13:00:00.0;0,0
SÃO JOSÉ DOS CAMPOS;354990410A;SP;Jardim São Leopoldo;-23,244;-45,825;2019-02-14 14:00:00.0;0,0
SÃO JOSÉ DOS CAMPOS;354990410A;SP;Jardim São Leopoldo;-23,244;-45,825;2019-02-14 15:00:00.0;0,0
SÃO JOSÉ DOS CAMPOS;354990410A;SP;Jardim São Leopoldo;-23,244;-45,825;2019-02-14 16:00:00.0;0,0
SÃO JOSÉ DOS CAMPOS;354990410A;SP;Jardim São Leopoldo;-23,244;-45,825;2019-02-14 17:00:00.0;0,0
SÃO JOSÉ DOS CAMPOS;354990410A;SP;Jardim São Leopoldo;-23,244;-45,825;2019-02-14 18:00:00.0;0,0
SÃO JOSÉ DOS CAMPOS;354990410A;SP;Jardim São Leopoldo;-23,244;-45,825;2019-02-14 19:00:00.0;0,0
SÃO JOSÉ DOS CAMPOS;354990410A;SP;Jardim São Leopoldo;-23,244;-45,825;2019-02-14 20:00:00.0;0,0
SÃO JOSÉ DOS CAMPOS;354990410A;SP;Jardim São Leopoldo;-23,244;-45,825;2019-02-14 21:00:00.0;0,0
SÃO JOSÉ DOS CAMPOS;354990410A;SP;Jardim São Leopoldo;-23,244;-45,825;2019-02-14 22:00:00.0;0,0
SÃO JOSÉ DOS CAMPOS;354990410A;SP;Jardim São Leopoldo;-23,244;-45,825;2019-02-14 23:00:00.0;0,0
SÃO JOSÉ DOS CAMPOS;354990410A;SP;Jardim São Leopoldo;-23,244;-45,825;2019-02-15 00:00:00.0;0,0
SÃO JOSÉ DOS CAMPOS;354990410A;SP;Jardim São Leopoldo;-23,244;-45,825;2019-02-15 01:00:00.0;0,0
SÃO JOSÉ DOS CAMPOS;354990410A;SP;Jardim São Leopoldo;-23,244;-45,825;2019-02-15 02:00:00.0;0,0
SÃO JOSÉ DOS CAMPOS;354990410A;SP;Jardim São Leopoldo;-23,244;-45,825;2019-02-15 03:00:00.0;0,0
SÃO JOSÉ DOS CAMPOS;354990410A;SP;Jardim São Leopoldo;-23,244;-45,825;2019-02-15 04:00:00.0;0,0
SÃO JOSÉ DOS CAMPOS;354990410A;SP;Jardim São Leopoldo;-23,244;-45,825;2019-02-15 05:00:00.0;0,0
SÃO JOSÉ DOS CAMPOS;354990410A;SP;Jardim São Leopoldo;-23,244;-45,825;2019-02-15 06:00:00.0;0,0
SÃO JOSÉ DOS CAMPOS;354990410A;SP;Jardim São Leopoldo;-23,244;-45,825;2019-02-15 07:00:00.0;0,0
SÃO JOSÉ DOS CAMPOS;354990410A;SP;Jardim São Leopoldo;-23,244;-45,825;2019-02-15 08:00:00.0;0,0
SÃO JOSÉ DOS CAMPOS;354990410A;SP;Jardim São Leopoldo;-23,244;-45,825;2019-02-15 09:00:00.0;0,0
SÃO JOSÉ DOS CAMPOS;354990410A;SP;Jardim São Leopoldo;-23,244;-45,825;2019-02-15 10:00:00.0;0,0
SÃO JOSÉ DOS CAMPOS;354990410A;SP;Jardim São Leopoldo;-23,244;-45,825;2019-02-15 11:00:00.0;0,0
SÃO JOSÉ DOS CAMPOS;354990410A;SP;Jardim São Leopoldo;-23,244;-45,825;2019-02-15 12:00:00.0;0,0
SÃO JOSÉ DOS CAMPOS;354990410A;SP;Jardim São Leopoldo;-23,244;-45,825;2019-02-15 13:00:00.0;0,0
SÃO JOSÉ DOS CAMPOS;354990410A;SP;Jardim São Leopoldo;-23,244;-45,825;2019-02-15 14:00:00.0;0,0
SÃO JOSÉ DOS CAMPOS;354990410A;SP;Jardim São Leopoldo;-23,244;-45,825;2019-02-15 15:00:00.0;0,0
SÃO JOSÉ DOS CAMPOS;354990410A;SP;Jardim São Leopoldo;-23,244;-45,825;2019-02-15 16:00:00.0;0,0
SÃO JOSÉ DOS CAMPOS;354990410A;SP;Jardim São Leopoldo;-23,244;-45,825;2019-02-15 17:00:00.0;0,0
SÃO JOSÉ DOS CAMPOS;354990410A;SP;Jardim São Leopoldo;-23,244;-45,825;2019-02-15 18:00:00.0;0,0
SÃO JOSÉ DOS CAMPOS;354990410A;SP;Jardim São Leopoldo;-23,244;-45,825;2019-02-15 19:00:00.0;0,0
SÃO JOSÉ DOS CAMPOS;354990410A;SP;Jardim São Leopoldo;-23,244;-45,825;2019-02-15 20:00:00.0;0,0
SÃO JOSÉ DOS CAMPOS;354990410A;SP;Jardim São Leopoldo;-23,244;-45,825;2019-02-15 21:00:00.0;0,0
SÃO JOSÉ DOS CAMPOS;354990410A;SP;Jardim São Leopoldo;-23,244;-45,825;2019-02-15 22:00:00.0;0,0
SÃO JOSÉ DOS CAMPOS;354990410A;SP;Jardim São Leopoldo;-23,244;-45,825;2019-02-15 23:00:00.0;0,0
SÃO JOSÉ DOS CAMPOS;354990410A;SP;Jardim São Leopoldo;-23,244;-45,825;2019-02-15 23:30:00.0;0,2
SÃO JOSÉ DOS CAMPOS;354990410A;SP;Jardim São Leopoldo;-23,244;-45,825;2019-02-15 23:50:00.0;0,2
SÃO JOSÉ DOS CAMPOS;354990410A;SP;Jardim São Leopoldo;-23,244;-45,825;2019-02-16 00:00:00.0;1,57
SÃO JOSÉ DOS CAMPOS;354990410A;SP;Jardim São Leopoldo;-23,244;-45,825;2019-02-16 00:10:00.0;2,76
SÃO JOSÉ DOS CAMPOS;354990410A;SP;Jardim São Leopoldo;-23,244;-45,825;2019-02-16 00:20:00.0;0,39
SÃO JOSÉ DOS CAMPOS;354990410A;SP;Jardim São Leopoldo;-23,244;-45,825;2019-02-16 00:30:00.0;1,37
SÃO JOSÉ DOS CAMPOS;354990410A;SP;Jardim São Leopoldo;-23,244;-45,825;2019-02-16 00:40:00.0;3,35
SÃO JOSÉ DOS CAMPOS;354990410A;SP;Jardim São Leopoldo;-23,244;-45,825;2019-02-16 00:50:00.0;1,57
SÃO JOSÉ DOS CAMPOS;354990410A;SP;Jardim São Leopoldo;-23,244;-45,825;2019-02-16 01:00:00.0;0,79
SÃO JOSÉ DOS CAMPOS;354990410A;SP;Jardim São Leopoldo;-23,244;-45,825;2019-02-16 01:10:00.0;0,39
SÃO JOSÉ DOS CAMPOS;354990410A;SP;Jardim São Leopoldo;-23,244;-45,825;2019-02-16 01:20:00.0;1,96
SÃO JOSÉ DOS CAMPOS;354990410A;SP;Jardim São Leopoldo;-23,244;-45,825;2019-02-16 01:30:00.0;5,12
SÃO JOSÉ DOS CAMPOS;354990410A;SP;Jardim São Leopoldo;-23,244;-45,825;2019-02-16 01:40:00.0;1,96
SÃO JOSÉ DOS CAMPOS;354990410A;SP;Jardim São Leopoldo;-23,244;-45,825;2019-02-16 01:50:00.0;1,37
SÃO JOSÉ DOS CAMPOS;354990410A;SP;Jardim São Leopoldo;-23,244;-45,825;2019-02-16 02:00:00.0;2,36
SÃO JOSÉ DOS CAMPOS;354990410A;SP;Jardim São Leopoldo;-23,244;-45,825;2019-02-16 02:10:00.0;4,14
SÃO JOSÉ DOS CAMPOS;354990410A;SP;Jardim São Leopoldo;-23,244;-45,825;2019-02-16 02:20:00.0;1,18
SÃO JOSÉ DOS CAMPOS;354990410A;SP;Jardim São Leopoldo;-23,244;-45,825;2019-02-16 02:30:00.0;0,98
SÃO JOSÉ DOS CAMPOS;354990410A;SP;Jardim São Leopoldo;-23,244;-45,825;2019-02-16 02:40:00.0;0,98
SÃO JOSÉ DOS CAMPOS;354990410A;SP;Jardim São Leopoldo;-23,244;-45,825;2019-02-16 02:50:00.0;0,59
SÃO JOSÉ DOS CAMPOS;354990410A;SP;Jardim São Leopoldo;-23,244;-45,825;2019-02-16 03:00:00.0;0,39
SÃO JOSÉ DOS CAMPOS;354990410A;SP;Jardim São Leopoldo;-23,244;-45,825;2019-02-16 03:10:00.0;0,59
SÃO JOSÉ DOS CAMPOS;354990410A;SP;Jardim São Leopoldo;-23,244;-45,825;2019-02-16 03:20:00.0;0,2
SÃO JOSÉ DOS CAMPOS;354990410A;SP;Jardim São Leopoldo;-23,244;-45,825;2019-02-16 03:30:00.0;0,2
SÃO JOSÉ DOS CAMPOS;354990410A;SP;Jardim São Leopoldo;-23,244;-45,825;2019-02-16 03:50:00.0;0,2
SÃO JOSÉ DOS CAMPOS;354990410A;SP;Jardim São Leopoldo;-23,244;-45,825;2019-02-16 04:00:00.0;0,2
SÃO JOSÉ DOS CAMPOS;354990410A;SP;Jardim São Leopoldo;-23,244;-45,825;2019-02-16 05:00:00.0;0,0
SÃO JOSÉ DOS CAMPOS;354990410A;SP;Jardim São Leopoldo;-23,244;-45,825;2019-02-16 06:00:00.0;0,0
SÃO JOSÉ DOS CAMPOS;354990410A;SP;Jardim São Leopoldo;-23,244;-45,825;2019-02-16 06:40:00.0;0,2
SÃO JOSÉ DOS CAMPOS;354990410A;SP;Jardim São Leopoldo;-23,244;-45,825;2019-02-16 07:00:00.0;0,0
SÃO JOSÉ DOS CAMPOS;354990410A;SP;Jardim São Leopoldo;-23,244;-45,825;2019-02-16 08:00:00.0;0,0
SÃO JOSÉ DOS CAMPOS;354990410A;SP;Jardim São Leopoldo;-23,244;-45,825;2019-02-16 09:00:00.0;0,0
SÃO JOSÉ DOS CAMPOS;354990410A;SP;Jardim São Leopoldo;-23,244;-45,825;2019-02-16 10:00:00.0;0,0
SÃO JOSÉ DOS CAMPOS;354990410A;SP;Jardim São Leopoldo;-23,244;-45,825;2019-02-16 11:00:00.0;0,0
SÃO JOSÉ DOS CAMPOS;354990410A;SP;Jardim São Leopoldo;-23,244;-45,825;2019-02-16 11:30:00.0;0,2
SÃO JOSÉ DOS CAMPOS;354990410A;SP;Jardim São Leopoldo;-23,244;-45,825;2019-02-16 12:00:00.0;0,0
SÃO JOSÉ DOS CAMPOS;354990410A;SP;Jardim São Leopoldo;-23,244;-45,825;2019-02-16 13:00:00.0;0,0
SÃO JOSÉ DOS CAMPOS;354990410A;SP;Jardim São Leopoldo;-23,244;-45,825;2019-02-16 13:10:00.0;0,2
SÃO JOSÉ DOS CAMPOS;354990410A;SP;Jardim São Leopoldo;-23,244;-45,825;2019-02-16 15:50:00.0;0,2
SÃO JOSÉ DOS CAMPOS;354990410A;SP;Jardim São Leopoldo;-23,244;-45,825;2019-02-16 19:00:00.0;0,0
SÃO JOSÉ DOS CAMPOS;354990410A;SP;Jardim São Leopoldo;-23,244;-45,825;2019-02-16 20:00:00.0;0,0
SÃO JOSÉ DOS CAMPOS;354990410A;SP;Jardim São Leopoldo;-23,244;-45,825;2019-02-16 21:00:00.0;0,0
SÃO JOSÉ DOS CAMPOS;354990410A;SP;Jardim São Leopoldo;-23,244;-45,825;2019-02-16 22:00:00.0;0,0
SÃO JOSÉ DOS CAMPOS;354990410A;SP;Jardim São Leopoldo;-23,244;-45,825;2019-02-16 23:00:00.0;0,0
SÃO JOSÉ DOS CAMPOS;354990410A;SP;Jardim São Leopoldo;-23,244;-45,825;2019-02-17 00:00:00.0;0,0
SÃO JOSÉ DOS CAMPOS;354990410A;SP;Jardim São Leopoldo;-23,244;-45,825;2019-02-17 01:00:00.0;0,0
SÃO JOSÉ DOS CAMPOS;354990410A;SP;Jardim São Leopoldo;-23,244;-45,825;2019-02-17 02:00:00.0;0,0
SÃO JOSÉ DOS CAMPOS;354990410A;SP;Jardim São Leopoldo;-23,244;-45,825;2019-02-17 03:00:00.0;0,0
SÃO JOSÉ DOS CAMPOS;354990410A;SP;Jardim São Leopoldo;-23,244;-45,825;2019-02-17 04:00:00.0;0,0
SÃO JOSÉ DOS CAMPOS;354990410A;SP;Jardim São Leopoldo;-23,244;-45,825;2019-02-17 05:00:00.0;0,0
SÃO JOSÉ DOS CAMPOS;354990410A;SP;Jardim São Leopoldo;-23,244;-45,825;2019-02-17 06:00:00.0;0,0
SÃO JOSÉ DOS CAMPOS;354990410A;SP;Jardim São Leopoldo;-23,244;-45,825;2019-02-17 07:00:00.0;0,0
SÃO JOSÉ DOS CAMPOS;354990410A;SP;Jardim São Leopoldo;-23,244;-45,825;2019-02-17 08:00:00.0;0,0
SÃO JOSÉ DOS CAMPOS;354990410A;SP;Jardim São Leopoldo;-23,244;-45,825;2019-02-17 09:00:00.0;0,0
SÃO JOSÉ DOS CAMPOS;354990410A;SP;Jardim São Leopoldo;-23,244;-45,825;2019-02-17 10:00:00.0;0,0
SÃO JOSÉ DOS CAMPOS;354990410A;SP;Jardim São Leopoldo;-23,244;-45,825;2019-02-17 11:00:00.0;0,0
SÃO JOSÉ DOS CAMPOS;354990410A;SP;Jardim São Leopoldo;-23,244;-45,825;2019-02-17 12:00:00.0;0,0
SÃO JOSÉ DOS CAMPOS;354990410A;SP;Jardim São Leopoldo;-23,244;-45,825;2019-02-17 13:00:00.0;0,0
SÃO JOSÉ DOS CAMPOS;354990410A;SP;Jardim São Leopoldo;-23,244;-45,825;2019-02-17 14:00:00.0;0,0
SÃO JOSÉ DOS CAMPOS;354990410A;SP;Jardim São Leopoldo;-23,244;-45,825;2019-02-17 15:00:00.0;0,0
SÃO JOSÉ DOS CAMPOS;354990410A;SP;Jardim São Leopoldo;-23,244;-45,825;2019-02-17 16:00:00.0;0,0
SÃO JOSÉ DOS CAMPOS;354990410A;SP;Jardim São Leopoldo;-23,244;-45,825;2019-02-17 17:00:00.0;0,0
SÃO JOSÉ DOS CAMPOS;354990410A;SP;Jardim São Leopoldo;-23,244;-45,825;2019-02-17 18:00:00.0;0,0
SÃO JOSÉ DOS CAMPOS;354990410A;SP;Jardim São Leopoldo;-23,244;-45,825;2019-02-17 18:20:00.0;0,39
SÃO JOSÉ DOS CAMPOS;354990410A;SP;Jardim São Leopoldo;-23,244;-45,825;2019-02-17 19:00:00.0;0,0
SÃO JOSÉ DOS CAMPOS;354990410A;SP;Jardim São Leopoldo;-23,244;-45,825;2019-02-17 20:00:00.0;0,0
SÃO JOSÉ DOS CAMPOS;354990410A;SP;Jardim São Leopoldo;-23,244;-45,825;2019-02-17 21:00:00.0;0,0
SÃO JOSÉ DOS CAMPOS;354990410A;SP;Jardim São Leopoldo;-23,244;-45,825;2019-02-17 21:30:00.0;0,2
SÃO JOSÉ DOS CAMPOS;354990410A;SP;Jardim São Leopoldo;-23,244;-45,825;2019-02-17 22:00:00.0;0,0
SÃO JOSÉ DOS CAMPOS;354990410A;SP;Jardim São Leopoldo;-23,244;-45,825;2019-02-17 23:00:00.0;0,0
SÃO JOSÉ DOS CAMPOS;354990410A;SP;Jardim São Leopoldo;-23,244;-45,825;2019-02-18 00:00:00.0;0,0
SÃO JOSÉ DOS CAMPOS;354990410A;SP;Jardim São Leopoldo;-23,244;-45,825;2019-02-18 01:00:00.0;0,0
SÃO JOSÉ DOS CAMPOS;354990410A;SP;Jardim São Leopoldo;-23,244;-45,825;2019-02-18 02:00:00.0;0,0
SÃO JOSÉ DOS CAMPOS;354990410A;SP;Jardim São Leopoldo;-23,244;-45,825;2019-02-18 03:00:00.0;0,0
SÃO JOSÉ DOS CAMPOS;354990410A;SP;Jardim São Leopoldo;-23,244;-45,825;2019-02-18 04:00:00.0;0,0
SÃO JOSÉ DOS CAMPOS;354990410A;SP;Jardim São Leopoldo;-23,244;-45,825;2019-02-18 05:00:00.0;0,0
SÃO JOSÉ DOS CAMPOS;354990410A;SP;Jardim São Leopoldo;-23,244;-45,825;2019-02-18 06:00:00.0;0,0
SÃO JOSÉ DOS CAMPOS;354990410A;SP;Jardim São Leopoldo;-23,244;-45,825;2019-02-18 07:00:00.0;0,0
SÃO JOSÉ DOS CAMPOS;354990410A;SP;Jardim São Leopoldo;-23,244;-45,825;2019-02-18 08:00:00.0;0,0
SÃO JOSÉ DOS CAMPOS;354990410A;SP;Jardim São Leopoldo;-23,244;-45,825;2019-02-18 09:00:00.0;0,0
SÃO JOSÉ DOS CAMPOS;354990410A;SP;Jardim São Leopoldo;-23,244;-45,825;2019-02-18 10:00:00.0;0,0
SÃO JOSÉ DOS CAMPOS;354990410A;SP;Jardim São Leopoldo;-23,244;-45,825;2019-02-18 11:00:00.0;0,0
SÃO JOSÉ DOS CAMPOS;354990410A;SP;Jardim São Leopoldo;-23,244;-45,825;2019-02-18 12:00:00.0;0,0
SÃO JOSÉ DOS CAMPOS;354990410A;SP;Jardim São Leopoldo;-23,244;-45,825;2019-02-18 13:00:00.0;0,0
SÃO JOSÉ DOS CAMPOS;354990410A;SP;Jardim São Leopoldo;-23,244;-45,825;2019-02-18 14:00:00.0;0,0
SÃO JOSÉ DOS CAMPOS;354990410A;SP;Jardim São Leopoldo;-23,244;-45,825;2019-02-18 15:00:00.0;0,0
SÃO JOSÉ DOS CAMPOS;354990410A;SP;Jardim São Leopoldo;-23,244;-45,825;2019-02-18 16:00:00.0;0,59
SÃO JOSÉ DOS CAMPOS;354990410A;SP;Jardim São Leopoldo;-23,244;-45,825;2019-02-18 16:10:00.0;0,39
SÃO JOSÉ DOS CAMPOS;354990410A;SP;Jardim São Leopoldo;-23,244;-45,825;2019-02-18 17:00:00.0;0,0
SÃO JOSÉ DOS CAMPOS;354990410A;SP;Jardim São Leopoldo;-23,244;-45,825;2019-02-18 18:00:00.0;0,0
SÃO JOSÉ DOS CAMPOS;354990410A;SP;Jardim São Leopoldo;-23,244;-45,825;2019-02-18 19:00:00.0;0,0
SÃO JOSÉ DOS CAMPOS;354990410A;SP;Jardim São Leopoldo;-23,244;-45,825;2019-02-18 20:00:00.0;0,0
SÃO JOSÉ DOS CAMPOS;354990410A;SP;Jardim São Leopoldo;-23,244;-45,825;2019-02-18 21:00:00.0;0,0
SÃO JOSÉ DOS CAMPOS;354990410A;SP;Jardim São Leopoldo;-23,244;-45,825;2019-02-18 22:00:00.0;0,0
SÃO JOSÉ DOS CAMPOS;354990410A;SP;Jardim São Leopoldo;-23,244;-45,825;2019-02-18 23:00:00.0;0,0
SÃO JOSÉ DOS CAMPOS;354990410A;SP;Jardim São Leopoldo;-23,244;-45,825;2019-02-19 00:00:00.0;0,0
SÃO JOSÉ DOS CAMPOS;354990410A;SP;Jardim São Leopoldo;-23,244;-45,825;2019-02-19 01:00:00.0;0,0
SÃO JOSÉ DOS CAMPOS;354990410A;SP;Jardim São Leopoldo;-23,244;-45,825;2019-02-19 02:00:00.0;0,0
SÃO JOSÉ DOS CAMPOS;354990410A;SP;Jardim São Leopoldo;-23,244;-45,825;2019-02-19 03:00:00.0;0,0
SÃO JOSÉ DOS CAMPOS;354990410A;SP;Jardim São Leopoldo;-23,244;-45,825;2019-02-19 04:00:00.0;0,0
SÃO JOSÉ DOS CAMPOS;354990410A;SP;Jardim São Leopoldo;-23,244;-45,825;2019-02-19 05:00:00.0;0,0
SÃO JOSÉ DOS CAMPOS;354990410A;SP;Jardim São Leopoldo;-23,244;-45,825;2019-02-19 06:00:00.0;0,0
SÃO JOSÉ DOS CAMPOS;354990410A;SP;Jardim São Leopoldo;-23,244;-45,825;2019-02-19 07:00:00.0;0,0
SÃO JOSÉ DOS CAMPOS;354990410A;SP;Jardim São Leopoldo;-23,244;-45,825;2019-02-19 08:00:00.0;0,0
SÃO JOSÉ DOS CAMPOS;354990410A;SP;Jardim São Leopoldo;-23,244;-45,825;2019-02-19 09:00:00.0;0,0
SÃO JOSÉ DOS CAMPOS;354990410A;SP;Jardim São Leopoldo;-23,244;-45,825;2019-02-19 10:00:00.0;0,0
SÃO JOSÉ DOS CAMPOS;354990410A;SP;Jardim São Leopoldo;-23,244;-45,825;2019-02-19 11:00:00.0;0,0
SÃO JOSÉ DOS CAMPOS;354990410A;SP;Jardim São Leopoldo;-23,244;-45,825;2019-02-19 12:00:00.0;0,0
SÃO JOSÉ DOS CAMPOS;354990410A;SP;Jardim São Leopoldo;-23,244;-45,825;2019-02-19 13:00:00.0;0,0
SÃO JOSÉ DOS CAMPOS;354990410A;SP;Jardim São Leopoldo;-23,244;-45,825;2019-02-19 14:00:00.0;0,0
SÃO JOSÉ DOS CAMPOS;354990410A;SP;Jardim São Leopoldo;-23,244;-45,825;2019-02-19 15:00:00.0;0,0
SÃO JOSÉ DOS CAMPOS;354990410A;SP;Jardim São Leopoldo;-23,244;-45,825;2019-02-19 16:00:00.0;0,0
SÃO JOSÉ DOS CAMPOS;354990410A;SP;Jardim São Leopoldo;-23,244;-45,825;2019-02-19 17:00:00.0;0,0
SÃO JOSÉ DOS CAMPOS;354990410A;SP;Jardim São Leopoldo;-23,244;-45,825;2019-02-19 18:00:00.0;0,0
SÃO JOSÉ DOS CAMPOS;354990410A;SP;Jardim São Leopoldo;-23,244;-45,825;2019-02-19 19:00:00.0;0,0
SÃO JOSÉ DOS CAMPOS;354990410A;SP;Jardim São Leopoldo;-23,244;-45,825;2019-02-19 20:00:00.0;0,0
SÃO JOSÉ DOS CAMPOS;354990410A;SP;Jardim São Leopoldo;-23,244;-45,825;2019-02-19 21:00:00.0;0,0
SÃO JOSÉ DOS CAMPOS;354990410A;SP;Jardim São Leopoldo;-23,244;-45,825;2019-02-19 22:00:00.0;0,0
SÃO JOSÉ DOS CAMPOS;354990410A;SP;Jardim São Leopoldo;-23,244;-45,825;2019-02-19 23:00:00.0;0,0
SÃO JOSÉ DOS CAMPOS;354990410A;SP;Jardim São Leopoldo;-23,244;-45,825;2019-02-20 00:00:00.0;0,0
SÃO JOSÉ DOS CAMPOS;354990410A;SP;Jardim São Leopoldo;-23,244;-45,825;2019-02-20 01:00:00.0;0,0
SÃO JOSÉ DOS CAMPOS;354990410A;SP;Jardim São Leopoldo;-23,244;-45,825;2019-02-20 02:00:00.0;0,0
SÃO JOSÉ DOS CAMPOS;354990410A;SP;Jardim São Leopoldo;-23,244;-45,825;2019-02-20 03:00:00.0;0,0
SÃO JOSÉ DOS CAMPOS;354990410A;SP;Jardim São Leopoldo;-23,244;-45,825;2019-02-20 04:00:00.0;0,0
SÃO JOSÉ DOS CAMPOS;354990410A;SP;Jardim São Leopoldo;-23,244;-45,825;2019-02-20 05:00:00.0;0,0
SÃO JOSÉ DOS CAMPOS;354990410A;SP;Jardim São Leopoldo;-23,244;-45,825;2019-02-20 06:00:00.0;0,0
SÃO JOSÉ DOS CAMPOS;354990410A;SP;Jardim São Leopoldo;-23,244;-45,825;2019-02-20 07:00:00.0;0,0
SÃO JOSÉ DOS CAMPOS;354990410A;SP;Jardim São Leopoldo;-23,244;-45,825;2019-02-20 08:00:00.0;0,0
SÃO JOSÉ DOS CAMPOS;354990410A;SP;Jardim São Leopoldo;-23,244;-45,825;2019-02-20 09:00:00.0;0,0
SÃO JOSÉ DOS CAMPOS;354990410A;SP;Jardim São Leopoldo;-23,244;-45,825;2019-02-20 10:00:00.0;0,0
SÃO JOSÉ DOS CAMPOS;354990410A;SP;Jardim São Leopoldo;-23,244;-45,825;2019-02-20 11:00:00.0;0,0
SÃO JOSÉ DOS CAMPOS;354990410A;SP;Jardim São Leopoldo;-23,244;-45,825;2019-02-20 12:00:00.0;0,0
SÃO JOSÉ DOS CAMPOS;354990410A;SP;Jardim São Leopoldo;-23,244;-45,825;2019-02-20 13:00:00.0;0,0
SÃO JOSÉ DOS CAMPOS;354990410A;SP;Jardim São Leopoldo;-23,244;-45,825;2019-02-20 14:00:00.0;0,0
SÃO JOSÉ DOS CAMPOS;354990410A;SP;Jardim São Leopoldo;-23,244;-45,825;2019-02-20 15:00:00.0;0,0
SÃO JOSÉ DOS CAMPOS;354990410A;SP;Jardim São Leopoldo;-23,244;-45,825;2019-02-20 16:00:00.0;0,0
SÃO JOSÉ DOS CAMPOS;354990410A;SP;Jardim São Leopoldo;-23,244;-45,825;2019-02-20 16:30:00.0;4,98
SÃO JOSÉ DOS CAMPOS;354990410A;SP;Jardim São Leopoldo;-23,244;-45,825;2019-02-20 16:40:00.0;0,98
SÃO JOSÉ DOS CAMPOS;354990410A;SP;Jardim São Leopoldo;-23,244;-45,825;2019-02-20 16:50:00.0;3,98
SÃO JOSÉ DOS CAMPOS;354990410A;SP;Jardim São Leopoldo;-23,244;-45,825;2019-02-20 17:00:00.0;0,0
SÃO JOSÉ DOS CAMPOS;354990410A;SP;Jardim São Leopoldo;-23,244;-45,825;2019-02-20 17:10:00.0;1,77
SÃO JOSÉ DOS CAMPOS;354990410A;SP;Jardim São Leopoldo;-23,244;-45,825;2019-02-20 17:20:00.0;1,57
SÃO JOSÉ DOS CAMPOS;354990410A;SP;Jardim São Leopoldo;-23,244;-45,825;2019-02-20 17:30:00.0;1,77
SÃO JOSÉ DOS CAMPOS;354990410A;SP;Jardim São Leopoldo;-23,244;-45,825;2019-02-20 17:40:00.0;7,51
SÃO JOSÉ DOS CAMPOS;354990410A;SP;Jardim São Leopoldo;-23,244;-45,825;2019-02-20 17:50:00.0;4,92
SÃO JOSÉ DOS CAMPOS;354990410A;SP;Jardim São Leopoldo;-23,244;-45,825;2019-02-20 18:00:00.0;0,0
SÃO JOSÉ DOS CAMPOS;354990410A;SP;Jardim São Leopoldo;-23,244;-45,825;2019-02-20 18:30:00.0;0,2
SÃO JOSÉ DOS CAMPOS;354990410A;SP;Jardim São Leopoldo;-23,244;-45,825;2019-02-20 18:40:00.0;3,74
SÃO JOSÉ DOS CAMPOS;354990410A;SP;Jardim São Leopoldo;-23,244;-45,825;2019-02-20 18:50:00.0;0,59
SÃO JOSÉ DOS CAMPOS;354990410A;SP;Jardim São Leopoldo;-23,244;-45,825;2019-02-20 19:00:00.0;0,2
SÃO JOSÉ DOS CAMPOS;354990410A;SP;Jardim São Leopoldo;-23,244;-45,825;2019-02-20 20:00:00.0;0,0
SÃO JOSÉ DOS CAMPOS;354990410A;SP;Jardim São Leopoldo;-23,244;-45,825;2019-02-20 21:00:00.0;0,0
SÃO JOSÉ DOS CAMPOS;354990410A;SP;Jardim São Leopoldo;-23,244;-45,825;2019-02-20 22:00:00.0;0,0
SÃO JOSÉ DOS CAMPOS;354990410A;SP;Jardim São Leopoldo;-23,244;-45,825;2019-02-20 23:00:00.0;0,0
SÃO JOSÉ DOS CAMPOS;354990410A;SP;Jardim São Leopoldo;-23,244;-45,825;2019-02-21 00:00:00.0;0,0
SÃO JOSÉ DOS CAMPOS;354990410A;SP;Jardim São Leopoldo;-23,244;-45,825;2019-02-21 01:00:00.0;0,0
SÃO JOSÉ DOS CAMPOS;354990410A;SP;Jardim São Leopoldo;-23,244;-45,825;2019-02-21 02:00:00.0;0,0
SÃO JOSÉ DOS CAMPOS;354990410A;SP;Jardim São Leopoldo;-23,244;-45,825;2019-02-21 03:00:00.0;0,0
SÃO JOSÉ DOS CAMPOS;354990410A;SP;Jardim São Leopoldo;-23,244;-45,825;2019-02-21 04:00:00.0;0,0
SÃO JOSÉ DOS CAMPOS;354990410A;SP;Jardim São Leopoldo;-23,244;-45,825;2019-02-21 05:00:00.0;0,0
SÃO JOSÉ DOS CAMPOS;354990410A;SP;Jardim São Leopoldo;-23,244;-45,825;2019-02-21 06:00:00.0;0,0
SÃO JOSÉ DOS CAMPOS;354990410A;SP;Jardim São Leopoldo;-23,244;-45,825;2019-02-21 07:00:00.0;0,0
SÃO JOSÉ DOS CAMPOS;354990410A;SP;Jardim São Leopoldo;-23,244;-45,825;2019-02-21 08:00:00.0;0,0
SÃO JOSÉ DOS CAMPOS;354990410A;SP;Jardim São Leopoldo;-23,244;-45,825;2019-02-21 09:00:00.0;0,0
SÃO JOSÉ DOS CAMPOS;354990410A;SP;Jardim São Leopoldo;-23,244;-45,825;2019-02-21 10:00:00.0;0,0
SÃO JOSÉ DOS CAMPOS;354990410A;SP;Jardim São Leopoldo;-23,244;-45,825;2019-02-21 11:00:00.0;0,0
SÃO JOSÉ DOS CAMPOS;354990410A;SP;Jardim São Leopoldo;-23,244;-45,825;2019-02-21 12:00:00.0;0,0
SÃO JOSÉ DOS CAMPOS;354990410A;SP;Jardim São Leopoldo;-23,244;-45,825;2019-02-21 13:00:00.0;0,0
SÃO JOSÉ DOS CAMPOS;354990410A;SP;Jardim São Leopoldo;-23,244;-45,825;2019-02-21 14:00:00.0;0,0
SÃO JOSÉ DOS CAMPOS;354990410A;SP;Jardim São Leopoldo;-23,244;-45,825;2019-02-21 15:00:00.0;0,0
SÃO JOSÉ DOS CAMPOS;354990410A;SP;Jardim São Leopoldo;-23,244;-45,825;2019-02-21 16:00:00.0;0,0
SÃO JOSÉ DOS CAMPOS;354990410A;SP;Jardim São Leopoldo;-23,244;-45,825;2019-02-21 17:00:00.0;0,0
SÃO JOSÉ DOS CAMPOS;354990410A;SP;Jardim São Leopoldo;-23,244;-45,825;2019-02-21 18:00:00.0;0,0
SÃO JOSÉ DOS CAMPOS;354990410A;SP;Jardim São Leopoldo;-23,244;-45,825;2019-02-21 19:00:00.0;0,0
SÃO JOSÉ DOS CAMPOS;354990410A;SP;Jardim São Leopoldo;-23,244;-45,825;2019-02-21 20:00:00.0;0,0
SÃO JOSÉ DOS CAMPOS;354990410A;SP;Jardim São Leopoldo;-23,244;-45,825;2019-02-21 21:00:00.0;0,0
SÃO JOSÉ DOS CAMPOS;354990410A;SP;Jardim São Leopoldo;-23,244;-45,825;2019-02-21 21:20:00.0;5,94
SÃO JOSÉ DOS CAMPOS;354990410A;SP;Jardim São Leopoldo;-23,244;-45,825;2019-02-21 21:30:00.0;7,91
SÃO JOSÉ DOS CAMPOS;354990410A;SP;Jardim São Leopoldo;-23,244;-45,825;2019-02-21 21:40:00.0;2,76
SÃO JOSÉ DOS CAMPOS;354990410A;SP;Jardim São Leopoldo;-23,244;-45,825;2019-02-21 21:50:00.0;0,98
SÃO JOSÉ DOS CAMPOS;354990410A;SP;Jardim São Leopoldo;-23,244;-45,825;2019-02-21 22:00:00.0;1,18
SÃO JOSÉ DOS CAMPOS;354990410A;SP;Jardim São Leopoldo;-23,244;-45,825;2019-02-21 22:10:00.0;0,2
SÃO JOSÉ DOS CAMPOS;354990410A;SP;Jardim São Leopoldo;-23,244;-45,825;2019-02-21 22:40:00.0;0,2
SÃO JOSÉ DOS CAMPOS;354990410A;SP;Jardim São Leopoldo;-23,244;-45,825;2019-02-21 23:00:00.0;0,2
SÃO JOSÉ DOS CAMPOS;354990410A;SP;Jardim São Leopoldo;-23,244;-45,825;2019-02-21 23:10:00.0;0,39
SÃO JOSÉ DOS CAMPOS;354990410A;SP;Jardim São Leopoldo;-23,244;-45,825;2019-02-21 23:30:00.0;0,2
SÃO JOSÉ DOS CAMPOS;354990410A;SP;Jardim São Leopoldo;-23,244;-45,825;2019-02-22 00:00:00.0;0,0
SÃO JOSÉ DOS CAMPOS;354990410A;SP;Jardim São Leopoldo;-23,244;-45,825;2019-02-22 01:00:00.0;0,0
SÃO JOSÉ DOS CAMPOS;354990410A;SP;Jardim São Leopoldo;-23,244;-45,825;2019-02-22 02:00:00.0;0,0
SÃO JOSÉ DOS CAMPOS;354990410A;SP;Jardim São Leopoldo;-23,244;-45,825;2019-02-22 03:00:00.0;0,0
SÃO JOSÉ DOS CAMPOS;354990410A;SP;Jardim São Leopoldo;-23,244;-45,825;2019-02-22 04:00:00.0;0,0
SÃO JOSÉ DOS CAMPOS;354990410A;SP;Jardim São Leopoldo;-23,244;-45,825;2019-02-22 05:00:00.0;0,0
SÃO JOSÉ DOS CAMPOS;354990410A;SP;Jardim São Leopoldo;-23,244;-45,825;2019-02-22 06:00:00.0;0,0
SÃO JOSÉ DOS CAMPOS;354990410A;SP;Jardim São Leopoldo;-23,244;-45,825;2019-02-22 07:00:00.0;0,0
SÃO JOSÉ DOS CAMPOS;354990410A;SP;Jardim São Leopoldo;-23,244;-45,825;2019-02-22 08:00:00.0;0,0
SÃO JOSÉ DOS CAMPOS;354990410A;SP;Jardim São Leopoldo;-23,244;-45,825;2019-02-22 09:00:00.0;0,0
SÃO JOSÉ DOS CAMPOS;354990410A;SP;Jardim São Leopoldo;-23,244;-45,825;2019-02-22 10:00:00.0;0,0
SÃO JOSÉ DOS CAMPOS;354990410A;SP;Jardim São Leopoldo;-23,244;-45,825;2019-02-22 11:00:00.0;0,0
SÃO JOSÉ DOS CAMPOS;354990410A;SP;Jardim São Leopoldo;-23,244;-45,825;2019-02-22 12:00:00.0;0,0
SÃO JOSÉ DOS CAMPOS;354990410A;SP;Jardim São Leopoldo;-23,244;-45,825;2019-02-22 12:20:00.0;0,2
SÃO JOSÉ DOS CAMPOS;354990410A;SP;Jardim São Leopoldo;-23,244;-45,825;2019-02-22 13:00:00.0;0,0
SÃO JOSÉ DOS CAMPOS;354990410A;SP;Jardim São Leopoldo;-23,244;-45,825;2019-02-22 14:00:00.0;0,0
SÃO JOSÉ DOS CAMPOS;354990410A;SP;Jardim São Leopoldo;-23,244;-45,825;2019-02-22 15:00:00.0;0,0
SÃO JOSÉ DOS CAMPOS;354990410A;SP;Jardim São Leopoldo;-23,244;-45,825;2019-02-22 16:00:00.0;0,0
SÃO JOSÉ DOS CAMPOS;354990410A;SP;Jardim São Leopoldo;-23,244;-45,825;2019-02-22 17:00:00.0;0,0
SÃO JOSÉ DOS CAMPOS;354990410A;SP;Jardim São Leopoldo;-23,244;-45,825;2019-02-22 17:40:00.0;1,18
SÃO JOSÉ DOS CAMPOS;354990410A;SP;Jardim São Leopoldo;-23,244;-45,825;2019-02-22 17:50:00.0;1,18
SÃO JOSÉ DOS CAMPOS;354990410A;SP;Jardim São Leopoldo;-23,244;-45,825;2019-02-22 18:00:00.0;0,79
SÃO JOSÉ DOS CAMPOS;354990410A;SP;Jardim São Leopoldo;-23,244;-45,825;2019-02-22 18:10:00.0;0,79
SÃO JOSÉ DOS CAMPOS;354990410A;SP;Jardim São Leopoldo;-23,244;-45,825;2019-02-22 18:20:00.0;0,98
SÃO JOSÉ DOS CAMPOS;354990410A;SP;Jardim São Leopoldo;-23,244;-45,825;2019-02-22 18:30:00.0;0,59
SÃO JOSÉ DOS CAMPOS;354990410A;SP;Jardim São Leopoldo;-23,244;-45,825;2019-02-22 18:40:00.0;1,57
SÃO JOSÉ DOS CAMPOS;354990410A;SP;Jardim São Leopoldo;-23,244;-45,825;2019-02-22 18:50:00.0;0,59
SÃO JOSÉ DOS CAMPOS;354990410A;SP;Jardim São Leopoldo;-23,244;-45,825;2019-02-22 19:00:00.0;0,2
SÃO JOSÉ DOS CAMPOS;354990410A;SP;Jardim São Leopoldo;-23,244;-45,825;2019-02-22 19:10:00.0;0,2
SÃO JOSÉ DOS CAMPOS;354990410A;SP;Jardim São Leopoldo;-23,244;-45,825;2019-02-22 19:20:00.0;0,2
SÃO JOSÉ DOS CAMPOS;354990410A;SP;Jardim São Leopoldo;-23,244;-45,825;2019-02-22 19:30:00.0;0,2
SÃO JOSÉ DOS CAMPOS;354990410A;SP;Jardim São Leopoldo;-23,244;-45,825;2019-02-22 19:40:00.0;0,39
SÃO JOSÉ DOS CAMPOS;354990410A;SP;Jardim São Leopoldo;-23,244;-45,825;2019-02-22 19:50:00.0;0,2
SÃO JOSÉ DOS CAMPOS;354990410A;SP;Jardim São Leopoldo;-23,244;-45,825;2019-02-22 20:00:00.0;0,0
SÃO JOSÉ DOS CAMPOS;354990410A;SP;Jardim São Leopoldo;-23,244;-45,825;2019-02-22 20:20:00.0;0,2
SÃO JOSÉ DOS CAMPOS;354990410A;SP;Jardim São Leopoldo;-23,244;-45,825;2019-02-22 20:30:00.0;0,39
SÃO JOSÉ DOS CAMPOS;354990410A;SP;Jardim São Leopoldo;-23,244;-45,825;2019-02-22 20:40:00.0;0,59
SÃO JOSÉ DOS CAMPOS;354990410A;SP;Jardim São Leopoldo;-23,244;-45,825;2019-02-22 20:50:00.0;0,39
SÃO JOSÉ DOS CAMPOS;354990410A;SP;Jardim São Leopoldo;-23,244;-45,825;2019-02-22 21:00:00.0;0,39
SÃO JOSÉ DOS CAMPOS;354990410A;SP;Jardim São Leopoldo;-23,244;-45,825;2019-02-22 21:10:00.0;0,39
SÃO JOSÉ DOS CAMPOS;354990410A;SP;Jardim São Leopoldo;-23,244;-45,825;2019-02-22 21:30:00.0;0,2
SÃO JOSÉ DOS CAMPOS;354990410A;SP;Jardim São Leopoldo;-23,244;-45,825;2019-02-22 22:00:00.0;0,2
SÃO JOSÉ DOS CAMPOS;354990410A;SP;Jardim São Leopoldo;-23,244;-45,825;2019-02-22 22:20:00.0;0,2
SÃO JOSÉ DOS CAMPOS;354990410A;SP;Jardim São Leopoldo;-23,244;-45,825;2019-02-22 22:30:00.0;0,2
SÃO JOSÉ DOS CAMPOS;354990410A;SP;Jardim São Leopoldo;-23,244;-45,825;2019-02-22 22:40:00.0;0,39
SÃO JOSÉ DOS CAMPOS;354990410A;SP;Jardim São Leopoldo;-23,244;-45,825;2019-02-22 22:50:00.0;0,2
SÃO JOSÉ DOS CAMPOS;354990410A;SP;Jardim São Leopoldo;-23,244;-45,825;2019-02-22 23:00:00.0;0,2
SÃO JOSÉ DOS CAMPOS;354990410A;SP;Jardim São Leopoldo;-23,244;-45,825;2019-02-23 00:00:00.0;0,0
SÃO JOSÉ DOS CAMPOS;354990410A;SP;Jardim São Leopoldo;-23,244;-45,825;2019-02-23 01:00:00.0;0,0
SÃO JOSÉ DOS CAMPOS;354990410A;SP;Jardim São Leopoldo;-23,244;-45,825;2019-02-23 01:10:00.0;0,2
SÃO JOSÉ DOS CAMPOS;354990410A;SP;Jardim São Leopoldo;-23,244;-45,825;2019-02-23 02:00:00.0;0,0
SÃO JOSÉ DOS CAMPOS;354990410A;SP;Jardim São Leopoldo;-23,244;-45,825;2019-02-23 03:00:00.0;0,0
SÃO JOSÉ DOS CAMPOS;354990410A;SP;Jardim São Leopoldo;-23,244;-45,825;2019-02-23 04:00:00.0;0,0
SÃO JOSÉ DOS CAMPOS;354990410A;SP;Jardim São Leopoldo;-23,244;-45,825;2019-02-23 05:00:00.0;0,0
SÃO JOSÉ DOS CAMPOS;354990410A;SP;Jardim São Leopoldo;-23,244;-45,825;2019-02-23 06:00:00.0;0,0
SÃO JOSÉ DOS CAMPOS;354990410A;SP;Jardim São Leopoldo;-23,244;-45,825;2019-02-23 07:00:00.0;0,0
SÃO JOSÉ DOS CAMPOS;354990410A;SP;Jardim São Leopoldo;-23,244;-45,825;2019-02-23 08:00:00.0;0,0
SÃO JOSÉ DOS CAMPOS;354990410A;SP;Jardim São Leopoldo;-23,244;-45,825;2019-02-23 09:00:00.0;0,0
SÃO JOSÉ DOS CAMPOS;354990410A;SP;Jardim São Leopoldo;-23,244;-45,825;2019-02-23 10:00:00.0;0,0
SÃO JOSÉ DOS CAMPOS;354990410A;SP;Jardim São Leopoldo;-23,244;-45,825;2019-02-23 11:00:00.0;0,0
SÃO JOSÉ DOS CAMPOS;354990410A;SP;Jardim São Leopoldo;-23,244;-45,825;2019-02-23 12:00:00.0;0,0
SÃO JOSÉ DOS CAMPOS;354990410A;SP;Jardim São Leopoldo;-23,244;-45,825;2019-02-23 13:00:00.0;0,0
SÃO JOSÉ DOS CAMPOS;354990410A;SP;Jardim São Leopoldo;-23,244;-45,825;2019-02-23 14:00:00.0;0,0
SÃO JOSÉ DOS CAMPOS;354990410A;SP;Jardim São Leopoldo;-23,244;-45,825;2019-02-23 15:00:00.0;0,0
SÃO JOSÉ DOS CAMPOS;354990410A;SP;Jardim São Leopoldo;-23,244;-45,825;2019-02-23 16:00:00.0;0,0
SÃO JOSÉ DOS CAMPOS;354990410A;SP;Jardim São Leopoldo;-23,244;-45,825;2019-02-23 17:00:00.0;0,0
SÃO JOSÉ DOS CAMPOS;354990410A;SP;Jardim São Leopoldo;-23,244;-45,825;2019-02-23 18:00:00.0;0,0
SÃO JOSÉ DOS CAMPOS;354990410A;SP;Jardim São Leopoldo;-23,244;-45,825;2019-02-23 19:00:00.0;0,0
SÃO JOSÉ DOS CAMPOS;354990410A;SP;Jardim São Leopoldo;-23,244;-45,825;2019-02-23 20:00:00.0;0,0
SÃO JOSÉ DOS CAMPOS;354990410A;SP;Jardim São Leopoldo;-23,244;-45,825;2019-02-23 21:00:00.0;0,0
SÃO JOSÉ DOS CAMPOS;354990410A;SP;Jardim São Leopoldo;-23,244;-45,825;2019-02-24 03:10:00.0;0,0
SÃO JOSÉ DOS CAMPOS;354990410A;SP;Jardim São Leopoldo;-23,244;-45,825;2019-02-24 04:00:00.0;0,0
SÃO JOSÉ DOS CAMPOS;354990410A;SP;Jardim São Leopoldo;-23,244;-45,825;2019-02-24 05:00:00.0;0,0
SÃO JOSÉ DOS CAMPOS;354990410A;SP;Jardim São Leopoldo;-23,244;-45,825;2019-02-24 06:00:00.0;0,0
SÃO JOSÉ DOS CAMPOS;354990410A;SP;Jardim São Leopoldo;-23,244;-45,825;2019-02-24 07:00:00.0;0,0
SÃO JOSÉ DOS CAMPOS;354990410A;SP;Jardim São Leopoldo;-23,244;-45,825;2019-02-24 08:00:00.0;0,0
SÃO JOSÉ DOS CAMPOS;354990410A;SP;Jardim São Leopoldo;-23,244;-45,825;2019-02-24 09:00:00.0;0,0
SÃO JOSÉ DOS CAMPOS;354990410A;SP;Jardim São Leopoldo;-23,244;-45,825;2019-02-24 10:00:00.0;0,0
SÃO JOSÉ DOS CAMPOS;354990410A;SP;Jardim São Leopoldo;-23,244;-45,825;2019-02-24 11:00:00.0;0,0
SÃO JOSÉ DOS CAMPOS;354990410A;SP;Jardim São Leopoldo;-23,244;-45,825;2019-02-24 12:00:00.0;0,0
SÃO JOSÉ DOS CAMPOS;354990410A;SP;Jardim São Leopoldo;-23,244;-45,825;2019-02-24 13:00:00.0;0,0
SÃO JOSÉ DOS CAMPOS;354990410A;SP;Jardim São Leopoldo;-23,244;-45,825;2019-02-24 14:00:00.0;0,0
SÃO JOSÉ DOS CAMPOS;354990410A;SP;Jardim São Leopoldo;-23,244;-45,825;2019-02-24 15:00:00.0;0,0
SÃO JOSÉ DOS CAMPOS;354990410A;SP;Jardim São Leopoldo;-23,244;-45,825;2019-02-24 15:50:00.0;5,12
SÃO JOSÉ DOS CAMPOS;354990410A;SP;Jardim São Leopoldo;-23,244;-45,825;2019-02-24 16:00:00.0;0,59
SÃO JOSÉ DOS CAMPOS;354990410A;SP;Jardim São Leopoldo;-23,244;-45,825;2019-02-24 16:50:00.0;1,18
SÃO JOSÉ DOS CAMPOS;354990410A;SP;Jardim São Leopoldo;-23,244;-45,825;2019-02-24 18:00:00.0;0,0
SÃO JOSÉ DOS CAMPOS;354990410A;SP;Jardim São Leopoldo;-23,244;-45,825;2019-02-24 19:00:00.0;0,0
SÃO JOSÉ DOS CAMPOS;354990410A;SP;Jardim São Leopoldo;-23,244;-45,825;2019-02-24 20:00:00.0;0,0
SÃO JOSÉ DOS CAMPOS;354990410A;SP;Jardim São Leopoldo;-23,244;-45,825;2019-02-24 21:00:00.0;0,0
SÃO JOSÉ DOS CAMPOS;354990410A;SP;Jardim São Leopoldo;-23,244;-45,825;2019-02-24 22:00:00.0;0,0
SÃO JOSÉ DOS CAMPOS;354990410A;SP;Jardim São Leopoldo;-23,244;-45,825;2019-02-24 23:00:00.0;0,0
SÃO JOSÉ DOS CAMPOS;354990410A;SP;Jardim São Leopoldo;-23,244;-45,825;2019-02-25 00:00:00.0;0,0
SÃO JOSÉ DOS CAMPOS;354990410A;SP;Jardim São Leopoldo;-23,244;-45,825;2019-02-25 01:00:00.0;0,0
SÃO JOSÉ DOS CAMPOS;354990410A;SP;Jardim São Leopoldo;-23,244;-45,825;2019-02-25 02:00:00.0;0,0
SÃO JOSÉ DOS CAMPOS;354990410A;SP;Jardim São Leopoldo;-23,244;-45,825;2019-02-25 03:00:00.0;0,0
SÃO JOSÉ DOS CAMPOS;354990410A;SP;Jardim São Leopoldo;-23,244;-45,825;2019-02-25 04:00:00.0;0,0
SÃO JOSÉ DOS CAMPOS;354990410A;SP;Jardim São Leopoldo;-23,244;-45,825;2019-02-25 05:00:00.0;0,0
SÃO JOSÉ DOS CAMPOS;354990410A;SP;Jardim São Leopoldo;-23,244;-45,825;2019-02-25 06:00:00.0;0,0
SÃO JOSÉ DOS CAMPOS;354990410A;SP;Jardim São Leopoldo;-23,244;-45,825;2019-02-25 07:00:00.0;0,0
SÃO JOSÉ DOS CAMPOS;354990410A;SP;Jardim São Leopoldo;-23,244;-45,825;2019-02-25 08:00:00.0;0,0
SÃO JOSÉ DOS CAMPOS;354990410A;SP;Jardim São Leopoldo;-23,244;-45,825;2019-02-25 09:00:00.0;0,0
SÃO JOSÉ DOS CAMPOS;354990410A;SP;Jardim São Leopoldo;-23,244;-45,825;2019-02-25 10:00:00.0;0,0
SÃO JOSÉ DOS CAMPOS;354990410A;SP;Jardim São Leopoldo;-23,244;-45,825;2019-02-25 11:00:00.0;0,0
SÃO JOSÉ DOS CAMPOS;354990410A;SP;Jardim São Leopoldo;-23,244;-45,825;2019-02-25 12:00:00.0;0,0
SÃO JOSÉ DOS CAMPOS;354990410A;SP;Jardim São Leopoldo;-23,244;-45,825;2019-02-25 13:00:00.0;0,0
SÃO JOSÉ DOS CAMPOS;354990410A;SP;Jardim São Leopoldo;-23,244;-45,825;2019-02-25 14:00:00.0;0,0
SÃO JOSÉ DOS CAMPOS;354990410A;SP;Jardim São Leopoldo;-23,244;-45,825;2019-02-25 15:00:00.0;0,0
SÃO JOSÉ DOS CAMPOS;354990410A;SP;Jardim São Leopoldo;-23,244;-45,825;2019-02-25 16:00:00.0;0,0
SÃO JOSÉ DOS CAMPOS;354990410A;SP;Jardim São Leopoldo;-23,244;-45,825;2019-02-25 17:00:00.0;0,0
SÃO JOSÉ DOS CAMPOS;354990410A;SP;Jardim São Leopoldo;-23,244;-45,825;2019-02-25 18:00:00.0;0,0
SÃO JOSÉ DOS CAMPOS;354990410A;SP;Jardim São Leopoldo;-23,244;-45,825;2019-02-25 19:00:00.0;0,0
SÃO JOSÉ DOS CAMPOS;354990410A;SP;Jardim São Leopoldo;-23,244;-45,825;2019-02-25 20:00:00.0;0,0
SÃO JOSÉ DOS CAMPOS;354990410A;SP;Jardim São Leopoldo;-23,244;-45,825;2019-02-25 21:00:00.0;0,0
SÃO JOSÉ DOS CAMPOS;354990410A;SP;Jardim São Leopoldo;-23,244;-45,825;2019-02-25 21:40:00.0;1,18
SÃO JOSÉ DOS CAMPOS;354990410A;SP;Jardim São Leopoldo;-23,244;-45,825;2019-02-25 22:00:00.0;0,0
SÃO JOSÉ DOS CAMPOS;354990410A;SP;Jardim São Leopoldo;-23,244;-45,825;2019-02-25 23:00:00.0;0,2
SÃO JOSÉ DOS CAMPOS;354990410A;SP;Jardim São Leopoldo;-23,244;-45,825;2019-02-26 00:00:00.0;0,0
SÃO JOSÉ DOS CAMPOS;354990410A;SP;Jardim São Leopoldo;-23,244;-45,825;2019-02-26 01:00:00.0;0,0
SÃO JOSÉ DOS CAMPOS;354990410A;SP;Jardim São Leopoldo;-23,244;-45,825;2019-02-26 01:30:00.0;0,2
SÃO JOSÉ DOS CAMPOS;354990410A;SP;Jardim São Leopoldo;-23,244;-45,825;2019-02-26 02:00:00.0;0,2
SÃO JOSÉ DOS CAMPOS;354990410A;SP;Jardim São Leopoldo;-23,244;-45,825;2019-02-26 03:00:00.0;0,0
SÃO JOSÉ DOS CAMPOS;354990410A;SP;Jardim São Leopoldo;-23,244;-45,825;2019-02-26 03:20:00.0;0,79
SÃO JOSÉ DOS CAMPOS;354990410A;SP;Jardim São Leopoldo;-23,244;-45,825;2019-02-26 03:30:00.0;1,77
SÃO JOSÉ DOS CAMPOS;354990410A;SP;Jardim São Leopoldo;-23,244;-45,825;2019-02-26 03:40:00.0;7,52
SÃO JOSÉ DOS CAMPOS;354990410A;SP;Jardim São Leopoldo;-23,244;-45,825;2019-02-26 03:50:00.0;2,16
SÃO JOSÉ DOS CAMPOS;354990410A;SP;Jardim São Leopoldo;-23,244;-45,825;2019-02-26 04:00:00.0;0,98
SÃO JOSÉ DOS CAMPOS;354990410A;SP;Jardim São Leopoldo;-23,244;-45,825;2019-02-26 04:10:00.0;0,2
SÃO JOSÉ DOS CAMPOS;354990410A;SP;Jardim São Leopoldo;-23,244;-45,825;2019-02-26 04:20:00.0;0,79
SÃO JOSÉ DOS CAMPOS;354990410A;SP;Jardim São Leopoldo;-23,244;-45,825;2019-02-26 04:30:00.0;0,59
SÃO JOSÉ DOS CAMPOS;354990410A;SP;Jardim São Leopoldo;-23,244;-45,825;2019-02-26 04:40:00.0;0,39
SÃO JOSÉ DOS CAMPOS;354990410A;SP;Jardim São Leopoldo;-23,244;-45,825;2019-02-26 04:50:00.0;0,2
SÃO JOSÉ DOS CAMPOS;354990410A;SP;Jardim São Leopoldo;-23,244;-45,825;2019-02-26 05:00:00.0;0,59
SÃO JOSÉ DOS CAMPOS;354990410A;SP;Jardim São Leopoldo;-23,244;-45,825;2019-02-26 05:10:00.0;1,18
SÃO JOSÉ DOS CAMPOS;354990410A;SP;Jardim São Leopoldo;-23,244;-45,825;2019-02-26 05:20:00.0;2,16
SÃO JOSÉ DOS CAMPOS;354990410A;SP;Jardim São Leopoldo;-23,244;-45,825;2019-02-26 05:30:00.0;0,59
SÃO JOSÉ DOS CAMPOS;354990410A;SP;Jardim São Leopoldo;-23,244;-45,825;2019-02-26 05:40:00.0;0,59
SÃO JOSÉ DOS CAMPOS;354990410A;SP;Jardim São Leopoldo;-23,244;-45,825;2019-02-26 05:50:00.0;0,2
SÃO JOSÉ DOS CAMPOS;354990410A;SP;Jardim São Leopoldo;-23,244;-45,825;2019-02-26 06:00:00.0;0,79
SÃO JOSÉ DOS CAMPOS;354990410A;SP;Jardim São Leopoldo;-23,244;-45,825;2019-02-26 06:10:00.0;1,18
SÃO JOSÉ DOS CAMPOS;354990410A;SP;Jardim São Leopoldo;-23,244;-45,825;2019-02-26 06:20:00.0;0,59
SÃO JOSÉ DOS CAMPOS;354990410A;SP;Jardim São Leopoldo;-23,244;-45,825;2019-02-26 06:30:00.0;0,2
SÃO JOSÉ DOS CAMPOS;354990410A;SP;Jardim São Leopoldo;-23,244;-45,825;2019-02-26 06:40:00.0;0,2
SÃO JOSÉ DOS CAMPOS;354990410A;SP;Jardim São Leopoldo;-23,244;-45,825;2019-02-26 06:50:00.0;0,39
SÃO JOSÉ DOS CAMPOS;354990410A;SP;Jardim São Leopoldo;-23,244;-45,825;2019-02-26 07:00:00.0;0,2
SÃO JOSÉ DOS CAMPOS;354990410A;SP;Jardim São Leopoldo;-23,244;-45,825;2019-02-26 07:10:00.0;0,39
SÃO JOSÉ DOS CAMPOS;354990410A;SP;Jardim São Leopoldo;-23,244;-45,825;2019-02-26 07:20:00.0;0,2
SÃO JOSÉ DOS CAMPOS;354990410A;SP;Jardim São Leopoldo;-23,244;-45,825;2019-02-26 07:30:00.0;0,2
SÃO JOSÉ DOS CAMPOS;354990410A;SP;Jardim São Leopoldo;-23,244;-45,825;2019-02-26 07:40:00.0;0,2
SÃO JOSÉ DOS CAMPOS;354990410A;SP;Jardim São Leopoldo;-23,244;-45,825;2019-02-26 07:50:00.0;0,2
SÃO JOSÉ DOS CAMPOS;354990410A;SP;Jardim São Leopoldo;-23,244;-45,825;2019-02-26 08:00:00.0;0,2
SÃO JOSÉ DOS CAMPOS;354990410A;SP;Jardim São Leopoldo;-23,244;-45,825;2019-02-26 09:00:00.0;0,0
SÃO JOSÉ DOS CAMPOS;354990410A;SP;Jardim São Leopoldo;-23,244;-45,825;2019-02-26 09:10:00.0;0,2
SÃO JOSÉ DOS CAMPOS;354990410A;SP;Jardim São Leopoldo;-23,244;-45,825;2019-02-26 10:00:00.0;0,0
SÃO JOSÉ DOS CAMPOS;354990410A;SP;Jardim São Leopoldo;-23,244;-45,825;2019-02-26 11:00:00.0;2,75
SÃO JOSÉ DOS CAMPOS;354990410A;SP;Jardim São Leopoldo;-23,244;-45,825;2019-02-26 11:10:00.0;0,39
SÃO JOSÉ DOS CAMPOS;354990410A;SP;Jardim São Leopoldo;-23,244;-45,825;2019-02-26 11:30:00.0;0,2
SÃO JOSÉ DOS CAMPOS;354990410A;SP;Jardim São Leopoldo;-23,244;-45,825;2019-02-26 12:00:00.0;0,2
SÃO JOSÉ DOS CAMPOS;354990410A;SP;Jardim São Leopoldo;-23,244;-45,825;2019-02-26 12:40:00.0;0,2
SÃO JOSÉ DOS CAMPOS;354990410A;SP;Jardim São Leopoldo;-23,244;-45,825;2019-02-26 13:00:00.0;0,0
SÃO JOSÉ DOS CAMPOS;354990410A;SP;Jardim São Leopoldo;-23,244;-45,825;2019-02-26 14:00:00.0;0,0
SÃO JOSÉ DOS CAMPOS;354990410A;SP;Jardim São Leopoldo;-23,244;-45,825;2019-02-26 15:00:00.0;0,0
SÃO JOSÉ DOS CAMPOS;354990410A;SP;Jardim São Leopoldo;-23,244;-45,825;2019-02-26 16:00:00.0;0,0
SÃO JOSÉ DOS CAMPOS;354990410A;SP;Jardim São Leopoldo;-23,244;-45,825;2019-02-26 17:00:00.0;0,0
SÃO JOSÉ DOS CAMPOS;354990410A;SP;Jardim São Leopoldo;-23,244;-45,825;2019-02-26 18:00:00.0;0,0
SÃO JOSÉ DOS CAMPOS;354990410A;SP;Jardim São Leopoldo;-23,244;-45,825;2019-02-26 18:10:00.0;8,98
SÃO JOSÉ DOS CAMPOS;354990410A;SP;Jardim São Leopoldo;-23,244;-45,825;2019-02-26 18:20:00.0;4,14
SÃO JOSÉ DOS CAMPOS;354990410A;SP;Jardim São Leopoldo;-23,244;-45,825;2019-02-26 18:30:00.0;0,59
SÃO JOSÉ DOS CAMPOS;354990410A;SP;Jardim São Leopoldo;-23,244;-45,825;2019-02-26 19:00:00.0;0,0
SÃO JOSÉ DOS CAMPOS;354990410A;SP;Jardim São Leopoldo;-23,244;-45,825;2019-02-26 20:00:00.0;0,0
SÃO JOSÉ DOS CAMPOS;354990410A;SP;Jardim São Leopoldo;-23,244;-45,825;2019-02-26 21:00:00.0;0,0
SÃO JOSÉ DOS CAMPOS;354990410A;SP;Jardim São Leopoldo;-23,244;-45,825;2019-02-26 22:00:00.0;0,0
SÃO JOSÉ DOS CAMPOS;354990410A;SP;Jardim São Leopoldo;-23,244;-45,825;2019-02-26 23:00:00.0;0,0
SÃO JOSÉ DOS CAMPOS;354990410A;SP;Jardim São Leopoldo;-23,244;-45,825;2019-02-27 00:00:00.0;0,0
SÃO JOSÉ DOS CAMPOS;354990410A;SP;Jardim São Leopoldo;-23,244;-45,825;2019-02-27 01:00:00.0;0,0
SÃO JOSÉ DOS CAMPOS;354990410A;SP;Jardim São Leopoldo;-23,244;-45,825;2019-02-27 02:00:00.0;0,0
SÃO JOSÉ DOS CAMPOS;354990410A;SP;Jardim São Leopoldo;-23,244;-45,825;2019-02-27 03:00:00.0;0,0
SÃO JOSÉ DOS CAMPOS;354990410A;SP;Jardim São Leopoldo;-23,244;-45,825;2019-02-27 04:00:00.0;0,0
SÃO JOSÉ DOS CAMPOS;354990410A;SP;Jardim São Leopoldo;-23,244;-45,825;2019-02-27 05:00:00.0;0,0
SÃO JOSÉ DOS CAMPOS;354990410A;SP;Jardim São Leopoldo;-23,244;-45,825;2019-02-27 06:00:00.0;0,2
SÃO JOSÉ DOS CAMPOS;354990410A;SP;Jardim São Leopoldo;-23,244;-45,825;2019-02-27 07:00:00.0;0,0
SÃO JOSÉ DOS CAMPOS;354990410A;SP;Jardim São Leopoldo;-23,244;-45,825;2019-02-27 08:00:00.0;0,0
SÃO JOSÉ DOS CAMPOS;354990410A;SP;Jardim São Leopoldo;-23,244;-45,825;2019-02-27 09:00:00.0;0,0
SÃO JOSÉ DOS CAMPOS;354990410A;SP;Jardim São Leopoldo;-23,244;-45,825;2019-02-27 10:00:00.0;0,0
SÃO JOSÉ DOS CAMPOS;354990410A;SP;Jardim São Leopoldo;-23,244;-45,825;2019-02-27 11:00:00.0;0,0
SÃO JOSÉ DOS CAMPOS;354990410A;SP;Jardim São Leopoldo;-23,244;-45,825;2019-02-27 12:00:00.0;0,0
SÃO JOSÉ DOS CAMPOS;354990410A;SP;Jardim São Leopoldo;-23,244;-45,825;2019-02-27 13:00:00.0;0,0
SÃO JOSÉ DOS CAMPOS;354990410A;SP;Jardim São Leopoldo;-23,244;-45,825;2019-02-27 14:00:00.0;0,0
SÃO JOSÉ DOS CAMPOS;354990410A;SP;Jardim São Leopoldo;-23,244;-45,825;2019-02-27 16:00:00.0;0,0
SÃO JOSÉ DOS CAMPOS;354990410A;SP;Jardim São Leopoldo;-23,244;-45,825;2019-02-27 17:00:00.0;0,0
SÃO JOSÉ DOS CAMPOS;354990410A;SP;Jardim São Leopoldo;-23,244;-45,825;2019-02-27 18:00:00.0;0,0
SÃO JOSÉ DOS CAMPOS;354990410A;SP;Jardim São Leopoldo;-23,244;-45,825;2019-02-27 19:00:00.0;0,0
SÃO JOSÉ DOS CAMPOS;354990410A;SP;Jardim São Leopoldo;-23,244;-45,825;2019-02-27 19:30:00.0;3,59
SÃO JOSÉ DOS CAMPOS;354990410A;SP;Jardim São Leopoldo;-23,244;-45,825;2019-02-27 19:40:00.0;0,39
SÃO JOSÉ DOS CAMPOS;354990410A;SP;Jardim São Leopoldo;-23,244;-45,825;2019-02-27 19:50:00.0;0,2
SÃO JOSÉ DOS CAMPOS;354990410A;SP;Jardim São Leopoldo;-23,244;-45,825;2019-02-27 20:00:00.0;0,0
SÃO JOSÉ DOS CAMPOS;354990410A;SP;Jardim São Leopoldo;-23,244;-45,825;2019-02-27 21:00:00.0;0,0
SÃO JOSÉ DOS CAMPOS;354990410A;SP;Jardim São Leopoldo;-23,244;-45,825;2019-02-27 22:00:00.0;0,0
SÃO JOSÉ DOS CAMPOS;354990410A;SP;Jardim São Leopoldo;-23,244;-45,825;2019-02-27 23:00:00.0;0,0
SÃO JOSÉ DOS CAMPOS;354990410A;SP;Jardim São Leopoldo;-23,244;-45,825;2019-02-27 23:10:00.0;0,2
SÃO JOSÉ DOS CAMPOS;354990410A;SP;Jardim São Leopoldo;-23,244;-45,825;2019-02-27 23:20:00.0;0,2
SÃO JOSÉ DOS CAMPOS;354990410A;SP;Jardim São Leopoldo;-23,244;-45,825;2019-02-28 00:00:00.0;0,0
SÃO JOSÉ DOS CAMPOS;354990410A;SP;Jardim São Leopoldo;-23,244;-45,825;2019-02-28 01:00:00.0;0,0
SÃO JOSÉ DOS CAMPOS;354990410A;SP;Jardim São Leopoldo;-23,244;-45,825;2019-02-28 02:00:00.0;0,0
SÃO JOSÉ DOS CAMPOS;354990410A;SP;Jardim São Leopoldo;-23,244;-45,825;2019-02-28 02:20:00.0;0,2
SÃO JOSÉ DOS CAMPOS;354990410A;SP;Jardim São Leopoldo;-23,244;-45,825;2019-02-28 03:00:00.0;0,0
SÃO JOSÉ DOS CAMPOS;354990410A;SP;Jardim São Leopoldo;-23,244;-45,825;2019-02-28 04:00:00.0;0,0
SÃO JOSÉ DOS CAMPOS;354990410A;SP;Jardim São Leopoldo;-23,244;-45,825;2019-02-28 05:00:00.0;0,0
SÃO JOSÉ DOS CAMPOS;354990410A;SP;Jardim São Leopoldo;-23,244;-45,825;2019-02-28 06:00:00.0;0,0
SÃO JOSÉ DOS CAMPOS;354990410A;SP;Jardim São Leopoldo;-23,244;-45,825;2019-02-28 07:00:00.0;0,0
SÃO JOSÉ DOS CAMPOS;354990410A;SP;Jardim São Leopoldo;-23,244;-45,825;2019-02-28 08:00:00.0;0,0
SÃO JOSÉ DOS CAMPOS;354990410A;SP;Jardim São Leopoldo;-23,244;-45,825;2019-02-28 09:00:00.0;0,0
SÃO JOSÉ DOS CAMPOS;354990410A;SP;Jardim São Leopoldo;-23,244;-45,825;2019-02-28 10:00:00.0;0,0
SÃO JOSÉ DOS CAMPOS;354990410A;SP;Jardim São Leopoldo;-23,244;-45,825;2019-02-28 11:00:00.0;0,0
SÃO JOSÉ DOS CAMPOS;354990410A;SP;Jardim São Leopoldo;-23,244;-45,825;2019-02-28 12:00:00.0;0,0
SÃO JOSÉ DOS CAMPOS;354990410A;SP;Jardim São Leopoldo;-23,244;-45,825;2019-02-28 13:00:00.0;0,0
SÃO JOSÉ DOS CAMPOS;354990410A;SP;Jardim São Leopoldo;-23,244;-45,825;2019-02-28 14:00:00.0;0,0
SÃO JOSÉ DOS CAMPOS;354990410A;SP;Jardim São Leopoldo;-23,244;-45,825;2019-02-28 15:00:00.0;0,0
SÃO JOSÉ DOS CAMPOS;354990410A;SP;Jardim São Leopoldo;-23,244;-45,825;2019-02-28 15:50:00.0;0,2
SÃO JOSÉ DOS CAMPOS;354990410A;SP;Jardim São Leopoldo;-23,244;-45,825;2019-02-28 16:00:00.0;0,0
SÃO JOSÉ DOS CAMPOS;354990410A;SP;Jardim São Leopoldo;-23,244;-45,825;2019-02-28 16:20:00.0;0,2
SÃO JOSÉ DOS CAMPOS;354990410A;SP;Jardim São Leopoldo;-23,244;-45,825;2019-02-28 16:30:00.0;0,79
SÃO JOSÉ DOS CAMPOS;354990410A;SP;Jardim São Leopoldo;-23,244;-45,825;2019-02-28 16:40:00.0;2,75
SÃO JOSÉ DOS CAMPOS;354990410A;SP;Jardim São Leopoldo;-23,244;-45,825;2019-02-28 16:50:00.0;1,97
SÃO JOSÉ DOS CAMPOS;354990410A;SP;Jardim São Leopoldo;-23,244;-45,825;2019-02-28 17:00:00.0;0,2
SÃO JOSÉ DOS CAMPOS;354990410A;SP;Jardim São Leopoldo;-23,244;-45,825;2019-02-28 17:10:00.0;0,2
SÃO JOSÉ DOS CAMPOS;354990410A;SP;Jardim São Leopoldo;-23,244;-45,825;2019-02-28 17:30:00.0;0,2
SÃO JOSÉ DOS CAMPOS;354990410A;SP;Jardim São Leopoldo;-23,244;-45,825;2019-02-28 17:40:00.0;0,39
SÃO JOSÉ DOS CAMPOS;354990410A;SP;Jardim São Leopoldo;-23,244;-45,825;2019-02-28 17:50:00.0;0,2
SÃO JOSÉ DOS CAMPOS;354990410A;SP;Jardim São Leopoldo;-23,244;-45,825;2019-02-28 18:00:00.0;0,2
SÃO JOSÉ DOS CAMPOS;354990410A;SP;Jardim São Leopoldo;-23,244;-45,825;2019-02-28 18:20:00.0;0,2
SÃO JOSÉ DOS CAMPOS;354990410A;SP;Jardim São Leopoldo;-23,244;-45,825;2019-02-28 19:00:00.0;0,2
SÃO JOSÉ DOS CAMPOS;354990410A;SP;Jardim São Leopoldo;-23,244;-45,825;2019-02-28 20:00:00.0;0,0
SÃO JOSÉ DOS CAMPOS;354990410A;SP;Jardim São Leopoldo;-23,244;-45,825;2019-02-28 21:00:00.0;0,0
SÃO JOSÉ DOS CAMPOS;354990410A;SP;Jardim São Leopoldo;-23,244;-45,825;2019-02-28 21:20:00.0;0,2
SÃO JOSÉ DOS CAMPOS;354990410A;SP;Jardim São Leopoldo;-23,244;-45,825;2019-02-28 22:00:00.0;0,0
SÃO JOSÉ DOS CAMPOS;354990410A;SP;Jardim São Leopoldo;-23,244;-45,825;2019-02-28 23:00:00.0;0,0
SÃO JOSÉ DOS CAMPOS;354990499G;SP;Parque Tecnológico SJC (TESTES);-23,15746;-45,79441;2019-02-01 00:10:00.0;0,0
SÃO JOSÉ DOS CAMPOS;354990499G;SP;Parque Tecnológico SJC (TESTES);-23,15746;-45,79441;2019-02-01 01:10:00.0;0,0
SÃO JOSÉ DOS CAMPOS;354990499G;SP;Parque Tecnológico SJC (TESTES);-23,15746;-45,79441;2019-02-01 02:10:00.0;0,0
SÃO JOSÉ DOS CAMPOS;354990499G;SP;Parque Tecnológico SJC (TESTES);-23,15746;-45,79441;2019-02-01 03:10:00.0;0,0
SÃO JOSÉ DOS CAMPOS;354990499G;SP;Parque Tecnológico SJC (TESTES);-23,15746;-45,79441;2019-02-01 04:10:00.0;0,0
SÃO JOSÉ DOS CAMPOS;354990499G;SP;Parque Tecnológico SJC (TESTES);-23,15746;-45,79441;2019-02-01 05:10:00.0;0,0
SÃO JOSÉ DOS CAMPOS;354990499G;SP;Parque Tecnológico SJC (TESTES);-23,15746;-45,79441;2019-02-01 06:10:00.0;0,0
SÃO JOSÉ DOS CAMPOS;354990499G;SP;Parque Tecnológico SJC (TESTES);-23,15746;-45,79441;2019-02-01 07:10:00.0;0,0
SÃO JOSÉ DOS CAMPOS;354990499G;SP;Parque Tecnológico SJC (TESTES);-23,15746;-45,79441;2019-02-01 08:10:00.0;0,0
SÃO JOSÉ DOS CAMPOS;354990499G;SP;Parque Tecnológico SJC (TESTES);-23,15746;-45,79441;2019-02-01 09:10:00.0;0,0
SÃO JOSÉ DOS CAMPOS;354990499G;SP;Parque Tecnológico SJC (TESTES);-23,15746;-45,79441;2019-02-01 10:10:00.0;0,0
SÃO JOSÉ DOS CAMPOS;354990499G;SP;Parque Tecnológico SJC (TESTES);-23,15746;-45,79441;2019-02-01 11:10:00.0;0,0
SÃO JOSÉ DOS CAMPOS;354990499G;SP;Parque Tecnológico SJC (TESTES);-23,15746;-45,79441;2019-02-01 12:10:00.0;0,0
SÃO JOSÉ DOS CAMPOS;354990499G;SP;Parque Tecnológico SJC (TESTES);-23,15746;-45,79441;2019-02-01 13:10:00.0;0,0
SÃO JOSÉ DOS CAMPOS;354990499G;SP;Parque Tecnológico SJC (TESTES);-23,15746;-45,79441;2019-02-01 14:10:00.0;0,0
SÃO JOSÉ DOS CAMPOS;354990499G;SP;Parque Tecnológico SJC (TESTES);-23,15746;-45,79441;2019-02-01 15:10:00.0;0,0
SÃO JOSÉ DOS CAMPOS;354990499G;SP;Parque Tecnológico SJC (TESTES);-23,15746;-45,79441;2019-02-01 16:10:00.0;0,0
SÃO JOSÉ DOS CAMPOS;354990499G;SP;Parque Tecnológico SJC (TESTES);-23,15746;-45,79441;2019-02-01 17:10:00.0;0,0
SÃO JOSÉ DOS CAMPOS;354990499G;SP;Parque Tecnológico SJC (TESTES);-23,15746;-45,79441;2019-02-01 18:10:00.0;0,0
SÃO JOSÉ DOS CAMPOS;354990499G;SP;Parque Tecnológico SJC (TESTES);-23,15746;-45,79441;2019-02-01 19:10:00.0;0,0
SÃO JOSÉ DOS CAMPOS;354990499G;SP;Parque Tecnológico SJC (TESTES);-23,15746;-45,79441;2019-02-01 20:10:00.0;0,0
SÃO JOSÉ DOS CAMPOS;354990499G;SP;Parque Tecnológico SJC (TESTES);-23,15746;-45,79441;2019-02-01 21:10:00.0;0,0
SÃO JOSÉ DOS CAMPOS;354990499G;SP;Parque Tecnológico SJC (TESTES);-23,15746;-45,79441;2019-02-01 22:10:00.0;0,0
SÃO JOSÉ DOS CAMPOS;354990499G;SP;Parque Tecnológico SJC (TESTES);-23,15746;-45,79441;2019-02-01 23:10:00.0;0,0
SÃO JOSÉ DOS CAMPOS;354990499G;SP;Parque Tecnológico SJC (TESTES);-23,15746;-45,79441;2019-02-02 00:10:00.0;0,0
SÃO JOSÉ DOS CAMPOS;354990499G;SP;Parque Tecnológico SJC (TESTES);-23,15746;-45,79441;2019-02-02 01:10:00.0;0,0
SÃO JOSÉ DOS CAMPOS;354990499G;SP;Parque Tecnológico SJC (TESTES);-23,15746;-45,79441;2019-02-02 02:10:00.0;0,0
SÃO JOSÉ DOS CAMPOS;354990499G;SP;Parque Tecnológico SJC (TESTES);-23,15746;-45,79441;2019-02-02 03:10:00.0;0,0
SÃO JOSÉ DOS CAMPOS;354990499G;SP;Parque Tecnológico SJC (TESTES);-23,15746;-45,79441;2019-02-02 04:10:00.0;0,0
SÃO JOSÉ DOS CAMPOS;354990499G;SP;Parque Tecnológico SJC (TESTES);-23,15746;-45,79441;2019-02-02 05:10:00.0;0,0
SÃO JOSÉ DOS CAMPOS;354990499G;SP;Parque Tecnológico SJC (TESTES);-23,15746;-45,79441;2019-02-02 06:10:00.0;0,0
SÃO JOSÉ DOS CAMPOS;354990499G;SP;Parque Tecnológico SJC (TESTES);-23,15746;-45,79441;2019-02-02 07:10:00.0;0,0
SÃO JOSÉ DOS CAMPOS;354990499G;SP;Parque Tecnológico SJC (TESTES);-23,15746;-45,79441;2019-02-02 08:10:00.0;0,0
SÃO JOSÉ DOS CAMPOS;354990499G;SP;Parque Tecnológico SJC (TESTES);-23,15746;-45,79441;2019-02-02 09:10:00.0;0,0
SÃO JOSÉ DOS CAMPOS;354990499G;SP;Parque Tecnológico SJC (TESTES);-23,15746;-45,79441;2019-02-02 10:10:00.0;0,0
SÃO JOSÉ DOS CAMPOS;354990499G;SP;Parque Tecnológico SJC (TESTES);-23,15746;-45,79441;2019-02-02 11:10:00.0;0,0
SÃO JOSÉ DOS CAMPOS;354990499G;SP;Parque Tecnológico SJC (TESTES);-23,15746;-45,79441;2019-02-02 12:10:00.0;0,0
SÃO JOSÉ DOS CAMPOS;354990499G;SP;Parque Tecnológico SJC (TESTES);-23,15746;-45,79441;2019-02-02 13:10:00.0;0,0
SÃO JOSÉ DOS CAMPOS;354990499G;SP;Parque Tecnológico SJC (TESTES);-23,15746;-45,79441;2019-02-02 14:10:00.0;0,0
SÃO JOSÉ DOS CAMPOS;354990499G;SP;Parque Tecnológico SJC (TESTES);-23,15746;-45,79441;2019-02-02 15:10:00.0;0,0
SÃO JOSÉ DOS CAMPOS;354990499G;SP;Parque Tecnológico SJC (TESTES);-23,15746;-45,79441;2019-02-02 16:10:00.0;0,0
SÃO JOSÉ DOS CAMPOS;354990499G;SP;Parque Tecnológico SJC (TESTES);-23,15746;-45,79441;2019-02-02 17:10:00.0;0,0
SÃO JOSÉ DOS CAMPOS;354990499G;SP;Parque Tecnológico SJC (TESTES);-23,15746;-45,79441;2019-02-02 18:10:00.0;0,0
SÃO JOSÉ DOS CAMPOS;354990499G;SP;Parque Tecnológico SJC (TESTES);-23,15746;-45,79441;2019-02-02 19:10:00.0;0,0
SÃO JOSÉ DOS CAMPOS;354990499G;SP;Parque Tecnológico SJC (TESTES);-23,15746;-45,79441;2019-02-02 20:10:00.0;0,0
SÃO JOSÉ DOS CAMPOS;354990499G;SP;Parque Tecnológico SJC (TESTES);-23,15746;-45,79441;2019-02-02 21:10:00.0;0,0
SÃO JOSÉ DOS CAMPOS;354990499G;SP;Parque Tecnológico SJC (TESTES);-23,15746;-45,79441;2019-02-02 22:10:00.0;0,0
SÃO JOSÉ DOS CAMPOS;354990499G;SP;Parque Tecnológico SJC (TESTES);-23,15746;-45,79441;2019-02-02 23:10:00.0;0,0
SÃO JOSÉ DOS CAMPOS;354990499G;SP;Parque Tecnológico SJC (TESTES);-23,15746;-45,79441;2019-02-03 00:10:00.0;0,0
SÃO JOSÉ DOS CAMPOS;354990499G;SP;Parque Tecnológico SJC (TESTES);-23,15746;-45,79441;2019-02-03 01:10:00.0;0,0
SÃO JOSÉ DOS CAMPOS;354990499G;SP;Parque Tecnológico SJC (TESTES);-23,15746;-45,79441;2019-02-03 02:10:00.0;0,0
SÃO JOSÉ DOS CAMPOS;354990499G;SP;Parque Tecnológico SJC (TESTES);-23,15746;-45,79441;2019-02-03 03:10:00.0;0,0
SÃO JOSÉ DOS CAMPOS;354990499G;SP;Parque Tecnológico SJC (TESTES);-23,15746;-45,79441;2019-02-03 04:10:00.0;0,0
SÃO JOSÉ DOS CAMPOS;354990499G;SP;Parque Tecnológico SJC (TESTES);-23,15746;-45,79441;2019-02-03 05:10:00.0;0,0
SÃO JOSÉ DOS CAMPOS;354990499G;SP;Parque Tecnológico SJC (TESTES);-23,15746;-45,79441;2019-02-03 06:10:00.0;0,0
SÃO JOSÉ DOS CAMPOS;354990499G;SP;Parque Tecnológico SJC (TESTES);-23,15746;-45,79441;2019-02-03 07:10:00.0;0,0
SÃO JOSÉ DOS CAMPOS;354990499G;SP;Parque Tecnológico SJC (TESTES);-23,15746;-45,79441;2019-02-03 08:10:00.0;0,0
SÃO JOSÉ DOS CAMPOS;354990499G;SP;Parque Tecnológico SJC (TESTES);-23,15746;-45,79441;2019-02-03 09:10:00.0;0,0
SÃO JOSÉ DOS CAMPOS;354990499G;SP;Parque Tecnológico SJC (TESTES);-23,15746;-45,79441;2019-02-03 10:10:00.0;0,0
SÃO JOSÉ DOS CAMPOS;354990499G;SP;Parque Tecnológico SJC (TESTES);-23,15746;-45,79441;2019-02-03 11:10:00.0;0,0
SÃO JOSÉ DOS CAMPOS;354990499G;SP;Parque Tecnológico SJC (TESTES);-23,15746;-45,79441;2019-02-03 12:10:00.0;0,0
SÃO JOSÉ DOS CAMPOS;354990499G;SP;Parque Tecnológico SJC (TESTES);-23,15746;-45,79441;2019-02-03 13:10:00.0;0,0
SÃO JOSÉ DOS CAMPOS;354990499G;SP;Parque Tecnológico SJC (TESTES);-23,15746;-45,79441;2019-02-03 14:10:00.0;0,0
SÃO JOSÉ DOS CAMPOS;354990499G;SP;Parque Tecnológico SJC (TESTES);-23,15746;-45,79441;2019-02-03 15:10:00.0;0,0
SÃO JOSÉ DOS CAMPOS;354990499G;SP;Parque Tecnológico SJC (TESTES);-23,15746;-45,79441;2019-02-03 16:10:00.0;0,0
SÃO JOSÉ DOS CAMPOS;354990499G;SP;Parque Tecnológico SJC (TESTES);-23,15746;-45,79441;2019-02-03 17:10:00.0;0,0
SÃO JOSÉ DOS CAMPOS;354990499G;SP;Parque Tecnológico SJC (TESTES);-23,15746;-45,79441;2019-02-03 18:10:00.0;0,0
SÃO JOSÉ DOS CAMPOS;354990499G;SP;Parque Tecnológico SJC (TESTES);-23,15746;-45,79441;2019-02-03 19:10:00.0;0,0
SÃO JOSÉ DOS CAMPOS;354990499G;SP;Parque Tecnológico SJC (TESTES);-23,15746;-45,79441;2019-02-03 20:10:00.0;0,0
SÃO JOSÉ DOS CAMPOS;354990499G;SP;Parque Tecnológico SJC (TESTES);-23,15746;-45,79441;2019-02-03 21:10:00.0;0,0
SÃO JOSÉ DOS CAMPOS;354990499G;SP;Parque Tecnológico SJC (TESTES);-23,15746;-45,79441;2019-02-03 22:10:00.0;0,0
SÃO JOSÉ DOS CAMPOS;354990499G;SP;Parque Tecnológico SJC (TESTES);-23,15746;-45,79441;2019-02-03 23:10:00.0;0,0
SÃO JOSÉ DOS CAMPOS;354990499G;SP;Parque Tecnológico SJC (TESTES);-23,15746;-45,79441;2019-02-04 00:10:00.0;0,0
SÃO JOSÉ DOS CAMPOS;354990499G;SP;Parque Tecnológico SJC (TESTES);-23,15746;-45,79441;2019-02-04 01:10:00.0;0,0
SÃO JOSÉ DOS CAMPOS;354990499G;SP;Parque Tecnológico SJC (TESTES);-23,15746;-45,79441;2019-02-04 02:10:00.0;0,0
SÃO JOSÉ DOS CAMPOS;354990499G;SP;Parque Tecnológico SJC (TESTES);-23,15746;-45,79441;2019-02-04 03:10:00.0;0,0
SÃO JOSÉ DOS CAMPOS;354990499G;SP;Parque Tecnológico SJC (TESTES);-23,15746;-45,79441;2019-02-04 04:10:00.0;0,0
SÃO JOSÉ DOS CAMPOS;354990499G;SP;Parque Tecnológico SJC (TESTES);-23,15746;-45,79441;2019-02-04 05:10:00.0;0,0
SÃO JOSÉ DOS CAMPOS;354990499G;SP;Parque Tecnológico SJC (TESTES);-23,15746;-45,79441;2019-02-04 06:10:00.0;0,0
SÃO JOSÉ DOS CAMPOS;354990499G;SP;Parque Tecnológico SJC (TESTES);-23,15746;-45,79441;2019-02-04 07:00:00.0;3,8
SÃO JOSÉ DOS CAMPOS;354990499G;SP;Parque Tecnológico SJC (TESTES);-23,15746;-45,79441;2019-02-04 07:10:00.0;4,0
SÃO JOSÉ DOS CAMPOS;354990499G;SP;Parque Tecnológico SJC (TESTES);-23,15746;-45,79441;2019-02-04 07:20:00.0;4,2
SÃO JOSÉ DOS CAMPOS;354990499G;SP;Parque Tecnológico SJC (TESTES);-23,15746;-45,79441;2019-02-04 07:30:00.0;5,4
SÃO JOSÉ DOS CAMPOS;354990499G;SP;Parque Tecnológico SJC (TESTES);-23,15746;-45,79441;2019-02-04 07:40:00.0;1,6
SÃO JOSÉ DOS CAMPOS;354990499G;SP;Parque Tecnológico SJC (TESTES);-23,15746;-45,79441;2019-02-04 07:50:00.0;2,2
SÃO JOSÉ DOS CAMPOS;354990499G;SP;Parque Tecnológico SJC (TESTES);-23,15746;-45,79441;2019-02-04 08:00:00.0;1,0
SÃO JOSÉ DOS CAMPOS;354990499G;SP;Parque Tecnológico SJC (TESTES);-23,15746;-45,79441;2019-02-04 08:10:00.0;0,8
SÃO JOSÉ DOS CAMPOS;354990499G;SP;Parque Tecnológico SJC (TESTES);-23,15746;-45,79441;2019-02-04 08:20:00.0;0,8
SÃO JOSÉ DOS CAMPOS;354990499G;SP;Parque Tecnológico SJC (TESTES);-23,15746;-45,79441;2019-02-04 08:30:00.0;0,6
SÃO JOSÉ DOS CAMPOS;354990499G;SP;Parque Tecnológico SJC (TESTES);-23,15746;-45,79441;2019-02-04 08:40:00.0;0,6
SÃO JOSÉ DOS CAMPOS;354990499G;SP;Parque Tecnológico SJC (TESTES);-23,15746;-45,79441;2019-02-04 08:50:00.0;0,8
SÃO JOSÉ DOS CAMPOS;354990499G;SP;Parque Tecnológico SJC (TESTES);-23,15746;-45,79441;2019-02-04 09:00:00.0;0,8
SÃO JOSÉ DOS CAMPOS;354990499G;SP;Parque Tecnológico SJC (TESTES);-23,15746;-45,79441;2019-02-04 09:10:00.0;0,4
SÃO JOSÉ DOS CAMPOS;354990499G;SP;Parque Tecnológico SJC (TESTES);-23,15746;-45,79441;2019-02-04 09:20:00.0;0,6
SÃO JOSÉ DOS CAMPOS;354990499G;SP;Parque Tecnológico SJC (TESTES);-23,15746;-45,79441;2019-02-04 09:30:00.0;0,2
SÃO JOSÉ DOS CAMPOS;354990499G;SP;Parque Tecnológico SJC (TESTES);-23,15746;-45,79441;2019-02-04 09:40:00.0;0,2
SÃO JOSÉ DOS CAMPOS;354990499G;SP;Parque Tecnológico SJC (TESTES);-23,15746;-45,79441;2019-02-04 10:10:00.0;0,0
SÃO JOSÉ DOS CAMPOS;354990499G;SP;Parque Tecnológico SJC (TESTES);-23,15746;-45,79441;2019-02-04 10:30:00.0;0,2
SÃO JOSÉ DOS CAMPOS;354990499G;SP;Parque Tecnológico SJC (TESTES);-23,15746;-45,79441;2019-02-04 10:40:00.0;0,4
SÃO JOSÉ DOS CAMPOS;354990499G;SP;Parque Tecnológico SJC (TESTES);-23,15746;-45,79441;2019-02-04 10:50:00.0;0,4
SÃO JOSÉ DOS CAMPOS;354990499G;SP;Parque Tecnológico SJC (TESTES);-23,15746;-45,79441;2019-02-04 11:00:00.0;0,2
SÃO JOSÉ DOS CAMPOS;354990499G;SP;Parque Tecnológico SJC (TESTES);-23,15746;-45,79441;2019-02-04 11:20:00.0;0,2
SÃO JOSÉ DOS CAMPOS;354990499G;SP;Parque Tecnológico SJC (TESTES);-23,15746;-45,79441;2019-02-04 11:40:00.0;0,2
SÃO JOSÉ DOS CAMPOS;354990499G;SP;Parque Tecnológico SJC (TESTES);-23,15746;-45,79441;2019-02-04 12:00:00.0;0,4
SÃO JOSÉ DOS CAMPOS;354990499G;SP;Parque Tecnológico SJC (TESTES);-23,15746;-45,79441;2019-02-04 12:10:00.0;0,6
SÃO JOSÉ DOS CAMPOS;354990499G;SP;Parque Tecnológico SJC (TESTES);-23,15746;-45,79441;2019-02-04 12:20:00.0;0,6
SÃO JOSÉ DOS CAMPOS;354990499G;SP;Parque Tecnológico SJC (TESTES);-23,15746;-45,79441;2019-02-04 12:30:00.0;0,4
SÃO JOSÉ DOS CAMPOS;354990499G;SP;Parque Tecnológico SJC (TESTES);-23,15746;-45,79441;2019-02-04 12:40:00.0;0,4
SÃO JOSÉ DOS CAMPOS;354990499G;SP;Parque Tecnológico SJC (TESTES);-23,15746;-45,79441;2019-02-04 12:50:00.0;0,4
SÃO JOSÉ DOS CAMPOS;354990499G;SP;Parque Tecnológico SJC (TESTES);-23,15746;-45,79441;2019-02-04 13:00:00.0;0,4
SÃO JOSÉ DOS CAMPOS;354990499G;SP;Parque Tecnológico SJC (TESTES);-23,15746;-45,79441;2019-02-04 13:10:00.0;0,4
SÃO JOSÉ DOS CAMPOS;354990499G;SP;Parque Tecnológico SJC (TESTES);-23,15746;-45,79441;2019-02-04 13:20:00.0;1,2
SÃO JOSÉ DOS CAMPOS;354990499G;SP;Parque Tecnológico SJC (TESTES);-23,15746;-45,79441;2019-02-04 13:30:00.0;1,6
SÃO JOSÉ DOS CAMPOS;354990499G;SP;Parque Tecnológico SJC (TESTES);-23,15746;-45,79441;2019-02-04 13:40:00.0;1,2
SÃO JOSÉ DOS CAMPOS;354990499G;SP;Parque Tecnológico SJC (TESTES);-23,15746;-45,79441;2019-02-04 13:50:00.0;1,0
SÃO JOSÉ DOS CAMPOS;354990499G;SP;Parque Tecnológico SJC (TESTES);-23,15746;-45,79441;2019-02-04 14:00:00.0;0,2
SÃO JOSÉ DOS CAMPOS;354990499G;SP;Parque Tecnológico SJC (TESTES);-23,15746;-45,79441;2019-02-04 14:10:00.0;0,6
SÃO JOSÉ DOS CAMPOS;354990499G;SP;Parque Tecnológico SJC (TESTES);-23,15746;-45,79441;2019-02-04 14:20:00.0;0,8
SÃO JOSÉ DOS CAMPOS;354990499G;SP;Parque Tecnológico SJC (TESTES);-23,15746;-45,79441;2019-02-04 14:30:00.0;1,0
SÃO JOSÉ DOS CAMPOS;354990499G;SP;Parque Tecnológico SJC (TESTES);-23,15746;-45,79441;2019-02-04 14:40:00.0;0,4
SÃO JOSÉ DOS CAMPOS;354990499G;SP;Parque Tecnológico SJC (TESTES);-23,15746;-45,79441;2019-02-04 14:50:00.0;0,4
SÃO JOSÉ DOS CAMPOS;354990499G;SP;Parque Tecnológico SJC (TESTES);-23,15746;-45,79441;2019-02-04 15:00:00.0;0,2
SÃO JOSÉ DOS CAMPOS;354990499G;SP;Parque Tecnológico SJC (TESTES);-23,15746;-45,79441;2019-02-04 15:10:00.0;0,2
SÃO JOSÉ DOS CAMPOS;354990499G;SP;Parque Tecnológico SJC (TESTES);-23,15746;-45,79441;2019-02-04 16:10:00.0;0,0
SÃO JOSÉ DOS CAMPOS;354990499G;SP;Parque Tecnológico SJC (TESTES);-23,15746;-45,79441;2019-02-04 17:10:00.0;0,0
SÃO JOSÉ DOS CAMPOS;354990499G;SP;Parque Tecnológico SJC (TESTES);-23,15746;-45,79441;2019-02-04 18:00:00.0;0,4
SÃO JOSÉ DOS CAMPOS;354990499G;SP;Parque Tecnológico SJC (TESTES);-23,15746;-45,79441;2019-02-04 18:10:00.0;0,2
SÃO JOSÉ DOS CAMPOS;354990499G;SP;Parque Tecnológico SJC (TESTES);-23,15746;-45,79441;2019-02-04 18:30:00.0;0,2
SÃO JOSÉ DOS CAMPOS;354990499G;SP;Parque Tecnológico SJC (TESTES);-23,15746;-45,79441;2019-02-04 19:10:00.0;0,0
SÃO JOSÉ DOS CAMPOS;354990499G;SP;Parque Tecnológico SJC (TESTES);-23,15746;-45,79441;2019-02-04 20:10:00.0;0,0
SÃO JOSÉ DOS CAMPOS;354990499G;SP;Parque Tecnológico SJC (TESTES);-23,15746;-45,79441;2019-02-04 21:10:00.0;0,0
SÃO JOSÉ DOS CAMPOS;354990499G;SP;Parque Tecnológico SJC (TESTES);-23,15746;-45,79441;2019-02-04 22:10:00.0;0,0
SÃO JOSÉ DOS CAMPOS;354990499G;SP;Parque Tecnológico SJC (TESTES);-23,15746;-45,79441;2019-02-04 23:10:00.0;0,0
SÃO JOSÉ DOS CAMPOS;354990499G;SP;Parque Tecnológico SJC (TESTES);-23,15746;-45,79441;2019-02-05 00:10:00.0;0,0
SÃO JOSÉ DOS CAMPOS;354990499G;SP;Parque Tecnológico SJC (TESTES);-23,15746;-45,79441;2019-02-05 01:10:00.0;0,0
SÃO JOSÉ DOS CAMPOS;354990499G;SP;Parque Tecnológico SJC (TESTES);-23,15746;-45,79441;2019-02-05 02:10:00.0;0,0
SÃO JOSÉ DOS CAMPOS;354990499G;SP;Parque Tecnológico SJC (TESTES);-23,15746;-45,79441;2019-02-05 03:10:00.0;0,0
SÃO JOSÉ DOS CAMPOS;354990499G;SP;Parque Tecnológico SJC (TESTES);-23,15746;-45,79441;2019-02-05 07:50:00.0;0,0
SÃO JOSÉ DOS CAMPOS;354990499G;SP;Parque Tecnológico SJC (TESTES);-23,15746;-45,79441;2019-02-05 08:10:00.0;0,0
SÃO JOSÉ DOS CAMPOS;354990499G;SP;Parque Tecnológico SJC (TESTES);-23,15746;-45,79441;2019-02-05 09:10:00.0;0,0
SÃO JOSÉ DOS CAMPOS;354990499G;SP;Parque Tecnológico SJC (TESTES);-23,15746;-45,79441;2019-02-05 10:10:00.0;0,0
SÃO JOSÉ DOS CAMPOS;354990499G;SP;Parque Tecnológico SJC (TESTES);-23,15746;-45,79441;2019-02-05 11:10:00.0;0,0
SÃO JOSÉ DOS CAMPOS;354990499G;SP;Parque Tecnológico SJC (TESTES);-23,15746;-45,79441;2019-02-05 12:10:00.0;0,0
SÃO JOSÉ DOS CAMPOS;354990499G;SP;Parque Tecnológico SJC (TESTES);-23,15746;-45,79441;2019-02-05 13:10:00.0;0,0
SÃO JOSÉ DOS CAMPOS;354990499G;SP;Parque Tecnológico SJC (TESTES);-23,15746;-45,79441;2019-02-05 14:10:00.0;0,0
SÃO JOSÉ DOS CAMPOS;354990499G;SP;Parque Tecnológico SJC (TESTES);-23,15746;-45,79441;2019-02-05 15:10:00.0;0,0
SÃO JOSÉ DOS CAMPOS;354990499G;SP;Parque Tecnológico SJC (TESTES);-23,15746;-45,79441;2019-02-05 16:10:00.0;0,0
SÃO JOSÉ DOS CAMPOS;354990499G;SP;Parque Tecnológico SJC (TESTES);-23,15746;-45,79441;2019-02-05 17:10:00.0;0,0
SÃO JOSÉ DOS CAMPOS;354990499G;SP;Parque Tecnológico SJC (TESTES);-23,15746;-45,79441;2019-02-05 18:10:00.0;0,0
SÃO JOSÉ DOS CAMPOS;354990499G;SP;Parque Tecnológico SJC (TESTES);-23,15746;-45,79441;2019-02-05 19:10:00.0;0,0
SÃO JOSÉ DOS CAMPOS;354990499G;SP;Parque Tecnológico SJC (TESTES);-23,15746;-45,79441;2019-02-05 20:10:00.0;0,0
SÃO JOSÉ DOS CAMPOS;354990499G;SP;Parque Tecnológico SJC (TESTES);-23,15746;-45,79441;2019-02-05 21:10:00.0;0,0
SÃO JOSÉ DOS CAMPOS;354990499G;SP;Parque Tecnológico SJC (TESTES);-23,15746;-45,79441;2019-02-05 22:10:00.0;0,0
SÃO JOSÉ DOS CAMPOS;354990499G;SP;Parque Tecnológico SJC (TESTES);-23,15746;-45,79441;2019-02-05 23:10:00.0;0,0
SÃO JOSÉ DOS CAMPOS;354990499G;SP;Parque Tecnológico SJC (TESTES);-23,15746;-45,79441;2019-02-06 00:10:00.0;0,0
SÃO JOSÉ DOS CAMPOS;354990499G;SP;Parque Tecnológico SJC (TESTES);-23,15746;-45,79441;2019-02-06 00:40:00.0;0,2
SÃO JOSÉ DOS CAMPOS;354990499G;SP;Parque Tecnológico SJC (TESTES);-23,15746;-45,79441;2019-02-06 01:10:00.0;0,0
SÃO JOSÉ DOS CAMPOS;354990499G;SP;Parque Tecnológico SJC (TESTES);-23,15746;-45,79441;2019-02-06 02:10:00.0;0,0
SÃO JOSÉ DOS CAMPOS;354990499G;SP;Parque Tecnológico SJC (TESTES);-23,15746;-45,79441;2019-02-06 03:10:00.0;0,0
SÃO JOSÉ DOS CAMPOS;354990499G;SP;Parque Tecnológico SJC (TESTES);-23,15746;-45,79441;2019-02-06 04:10:00.0;0,0
SÃO JOSÉ DOS CAMPOS;354990499G;SP;Parque Tecnológico SJC (TESTES);-23,15746;-45,79441;2019-02-06 05:10:00.0;0,0
SÃO JOSÉ DOS CAMPOS;354990499G;SP;Parque Tecnológico SJC (TESTES);-23,15746;-45,79441;2019-02-06 06:10:00.0;0,0
SÃO JOSÉ DOS CAMPOS;354990499G;SP;Parque Tecnológico SJC (TESTES);-23,15746;-45,79441;2019-02-06 07:10:00.0;0,0
SÃO JOSÉ DOS CAMPOS;354990499G;SP;Parque Tecnológico SJC (TESTES);-23,15746;-45,79441;2019-02-06 08:10:00.0;0,0
SÃO JOSÉ DOS CAMPOS;354990499G;SP;Parque Tecnológico SJC (TESTES);-23,15746;-45,79441;2019-02-06 09:10:00.0;0,0
SÃO JOSÉ DOS CAMPOS;354990499G;SP;Parque Tecnológico SJC (TESTES);-23,15746;-45,79441;2019-02-06 10:10:00.0;0,0
SÃO JOSÉ DOS CAMPOS;354990499G;SP;Parque Tecnológico SJC (TESTES);-23,15746;-45,79441;2019-02-06 10:20:00.0;0,2
SÃO JOSÉ DOS CAMPOS;354990499G;SP;Parque Tecnológico SJC (TESTES);-23,15746;-45,79441;2019-02-06 11:00:00.0;0,2
SÃO JOSÉ DOS CAMPOS;354990499G;SP;Parque Tecnológico SJC (TESTES);-23,15746;-45,79441;2019-02-06 11:10:00.0;0,4
SÃO JOSÉ DOS CAMPOS;354990499G;SP;Parque Tecnológico SJC (TESTES);-23,15746;-45,79441;2019-02-06 11:20:00.0;0,4
SÃO JOSÉ DOS CAMPOS;354990499G;SP;Parque Tecnológico SJC (TESTES);-23,15746;-45,79441;2019-02-06 11:30:00.0;0,6
SÃO JOSÉ DOS CAMPOS;354990499G;SP;Parque Tecnológico SJC (TESTES);-23,15746;-45,79441;2019-02-06 11:40:00.0;2,2
SÃO JOSÉ DOS CAMPOS;354990499G;SP;Parque Tecnológico SJC (TESTES);-23,15746;-45,79441;2019-02-06 11:50:00.0;0,6
SÃO JOSÉ DOS CAMPOS;354990499G;SP;Parque Tecnológico SJC (TESTES);-23,15746;-45,79441;2019-02-06 12:00:00.0;0,4
SÃO JOSÉ DOS CAMPOS;354990499G;SP;Parque Tecnológico SJC (TESTES);-23,15746;-45,79441;2019-02-06 12:10:00.0;0,4
SÃO JOSÉ DOS CAMPOS;354990499G;SP;Parque Tecnológico SJC (TESTES);-23,15746;-45,79441;2019-02-06 12:20:00.0;0,4
SÃO JOSÉ DOS CAMPOS;354990499G;SP;Parque Tecnológico SJC (TESTES);-23,15746;-45,79441;2019-02-06 12:30:00.0;0,6
SÃO JOSÉ DOS CAMPOS;354990499G;SP;Parque Tecnológico SJC (TESTES);-23,15746;-45,79441;2019-02-06 12:40:00.0;0,8
SÃO JOSÉ DOS CAMPOS;354990499G;SP;Parque Tecnológico SJC (TESTES);-23,15746;-45,79441;2019-02-06 12:50:00.0;0,8
SÃO JOSÉ DOS CAMPOS;354990499G;SP;Parque Tecnológico SJC (TESTES);-23,15746;-45,79441;2019-02-06 13:00:00.0;1,2
SÃO JOSÉ DOS CAMPOS;354990499G;SP;Parque Tecnológico SJC (TESTES);-23,15746;-45,79441;2019-02-06 13:10:00.0;0,4
SÃO JOSÉ DOS CAMPOS;354990499G;SP;Parque Tecnológico SJC (TESTES);-23,15746;-45,79441;2019-02-06 13:20:00.0;0,4
SÃO JOSÉ DOS CAMPOS;354990499G;SP;Parque Tecnológico SJC (TESTES);-23,15746;-45,79441;2019-02-06 13:30:00.0;0,2
SÃO JOSÉ DOS CAMPOS;354990499G;SP;Parque Tecnológico SJC (TESTES);-23,15746;-45,79441;2019-02-06 13:50:00.0;0,2
SÃO JOSÉ DOS CAMPOS;354990499G;SP;Parque Tecnológico SJC (TESTES);-23,15746;-45,79441;2019-02-06 14:10:00.0;0,0
SÃO JOSÉ DOS CAMPOS;354990499G;SP;Parque Tecnológico SJC (TESTES);-23,15746;-45,79441;2019-02-06 15:10:00.0;0,0
SÃO JOSÉ DOS CAMPOS;354990499G;SP;Parque Tecnológico SJC (TESTES);-23,15746;-45,79441;2019-02-06 16:10:00.0;0,0
SÃO JOSÉ DOS CAMPOS;354990499G;SP;Parque Tecnológico SJC (TESTES);-23,15746;-45,79441;2019-02-06 16:20:00.0;1,6
SÃO JOSÉ DOS CAMPOS;354990499G;SP;Parque Tecnológico SJC (TESTES);-23,15746;-45,79441;2019-02-06 16:30:00.0;4,6
SÃO JOSÉ DOS CAMPOS;354990499G;SP;Parque Tecnológico SJC (TESTES);-23,15746;-45,79441;2019-02-06 16:40:00.0;1,6
SÃO JOSÉ DOS CAMPOS;354990499G;SP;Parque Tecnológico SJC (TESTES);-23,15746;-45,79441;2019-02-06 16:50:00.0;1,8
SÃO JOSÉ DOS CAMPOS;354990499G;SP;Parque Tecnológico SJC (TESTES);-23,15746;-45,79441;2019-02-06 17:00:00.0;1,0
SÃO JOSÉ DOS CAMPOS;354990499G;SP;Parque Tecnológico SJC (TESTES);-23,15746;-45,79441;2019-02-06 17:10:00.0;0,8
SÃO JOSÉ DOS CAMPOS;354990499G;SP;Parque Tecnológico SJC (TESTES);-23,15746;-45,79441;2019-02-06 17:20:00.0;1,2
SÃO JOSÉ DOS CAMPOS;354990499G;SP;Parque Tecnológico SJC (TESTES);-23,15746;-45,79441;2019-02-06 17:30:00.0;0,4
SÃO JOSÉ DOS CAMPOS;354990499G;SP;Parque Tecnológico SJC (TESTES);-23,15746;-45,79441;2019-02-06 17:40:00.0;0,4
SÃO JOSÉ DOS CAMPOS;354990499G;SP;Parque Tecnológico SJC (TESTES);-23,15746;-45,79441;2019-02-06 17:50:00.0;0,6
SÃO JOSÉ DOS CAMPOS;354990499G;SP;Parque Tecnológico SJC (TESTES);-23,15746;-45,79441;2019-02-06 18:00:00.0;0,6
SÃO JOSÉ DOS CAMPOS;354990499G;SP;Parque Tecnológico SJC (TESTES);-23,15746;-45,79441;2019-02-06 18:10:00.0;0,6
SÃO JOSÉ DOS CAMPOS;354990499G;SP;Parque Tecnológico SJC (TESTES);-23,15746;-45,79441;2019-02-06 18:20:00.0;0,4
SÃO JOSÉ DOS CAMPOS;354990499G;SP;Parque Tecnológico SJC (TESTES);-23,15746;-45,79441;2019-02-06 18:30:00.0;0,8
SÃO JOSÉ DOS CAMPOS;354990499G;SP;Parque Tecnológico SJC (TESTES);-23,15746;-45,79441;2019-02-06 18:40:00.0;1,0
SÃO JOSÉ DOS CAMPOS;354990499G;SP;Parque Tecnológico SJC (TESTES);-23,15746;-45,79441;2019-02-06 18:50:00.0;0,6
SÃO JOSÉ DOS CAMPOS;354990499G;SP;Parque Tecnológico SJC (TESTES);-23,15746;-45,79441;2019-02-06 19:00:00.0;0,8
SÃO JOSÉ DOS CAMPOS;354990499G;SP;Parque Tecnológico SJC (TESTES);-23,15746;-45,79441;2019-02-06 19:10:00.0;1,0
SÃO JOSÉ DOS CAMPOS;354990499G;SP;Parque Tecnológico SJC (TESTES);-23,15746;-45,79441;2019-02-06 19:20:00.0;0,6
SÃO JOSÉ DOS CAMPOS;354990499G;SP;Parque Tecnológico SJC (TESTES);-23,15746;-45,79441;2019-02-06 19:30:00.0;0,8
SÃO JOSÉ DOS CAMPOS;354990499G;SP;Parque Tecnológico SJC (TESTES);-23,15746;-45,79441;2019-02-06 19:40:00.0;0,6
SÃO JOSÉ DOS CAMPOS;354990499G;SP;Parque Tecnológico SJC (TESTES);-23,15746;-45,79441;2019-02-06 19:50:00.0;0,6
SÃO JOSÉ DOS CAMPOS;354990499G;SP;Parque Tecnológico SJC (TESTES);-23,15746;-45,79441;2019-02-06 20:00:00.0;1,0
SÃO JOSÉ DOS CAMPOS;354990499G;SP;Parque Tecnológico SJC (TESTES);-23,15746;-45,79441;2019-02-06 20:10:00.0;1,0
SÃO JOSÉ DOS CAMPOS;354990499G;SP;Parque Tecnológico SJC (TESTES);-23,15746;-45,79441;2019-02-06 20:20:00.0;0,4
SÃO JOSÉ DOS CAMPOS;354990499G;SP;Parque Tecnológico SJC (TESTES);-23,15746;-45,79441;2019-02-06 20:50:00.0;0,2
SÃO JOSÉ DOS CAMPOS;354990499G;SP;Parque Tecnológico SJC (TESTES);-23,15746;-45,79441;2019-02-06 21:10:00.0;0,0
SÃO JOSÉ DOS CAMPOS;354990499G;SP;Parque Tecnológico SJC (TESTES);-23,15746;-45,79441;2019-02-06 22:10:00.0;0,0
SÃO JOSÉ DOS CAMPOS;354990499G;SP;Parque Tecnológico SJC (TESTES);-23,15746;-45,79441;2019-02-06 23:10:00.0;0,0
SÃO JOSÉ DOS CAMPOS;354990499G;SP;Parque Tecnológico SJC (TESTES);-23,15746;-45,79441;2019-02-07 00:10:00.0;0,0
SÃO JOSÉ DOS CAMPOS;354990499G;SP;Parque Tecnológico SJC (TESTES);-23,15746;-45,79441;2019-02-07 01:10:00.0;0,0
SÃO JOSÉ DOS CAMPOS;354990499G;SP;Parque Tecnológico SJC (TESTES);-23,15746;-45,79441;2019-02-07 01:40:00.0;0,2
SÃO JOSÉ DOS CAMPOS;354990499G;SP;Parque Tecnológico SJC (TESTES);-23,15746;-45,79441;2019-02-07 02:10:00.0;0,0
SÃO JOSÉ DOS CAMPOS;354990499G;SP;Parque Tecnológico SJC (TESTES);-23,15746;-45,79441;2019-02-07 03:10:00.0;0,0
SÃO JOSÉ DOS CAMPOS;354990499G;SP;Parque Tecnológico SJC (TESTES);-23,15746;-45,79441;2019-02-07 04:10:00.0;0,0
SÃO JOSÉ DOS CAMPOS;354990499G;SP;Parque Tecnológico SJC (TESTES);-23,15746;-45,79441;2019-02-07 05:10:00.0;0,0
SÃO JOSÉ DOS CAMPOS;354990499G;SP;Parque Tecnológico SJC (TESTES);-23,15746;-45,79441;2019-02-07 06:10:00.0;0,0
SÃO JOSÉ DOS CAMPOS;354990499G;SP;Parque Tecnológico SJC (TESTES);-23,15746;-45,79441;2019-02-07 07:10:00.0;0,0
SÃO JOSÉ DOS CAMPOS;354990499G;SP;Parque Tecnológico SJC (TESTES);-23,15746;-45,79441;2019-02-07 08:10:00.0;0,0
SÃO JOSÉ DOS CAMPOS;354990499G;SP;Parque Tecnológico SJC (TESTES);-23,15746;-45,79441;2019-02-07 09:10:00.0;0,0
SÃO JOSÉ DOS CAMPOS;354990499G;SP;Parque Tecnológico SJC (TESTES);-23,15746;-45,79441;2019-02-07 10:10:00.0;0,0
SÃO JOSÉ DOS CAMPOS;354990499G;SP;Parque Tecnológico SJC (TESTES);-23,15746;-45,79441;2019-02-07 11:10:00.0;0,0
SÃO JOSÉ DOS CAMPOS;354990499G;SP;Parque Tecnológico SJC (TESTES);-23,15746;-45,79441;2019-02-07 12:10:00.0;0,0
SÃO JOSÉ DOS CAMPOS;354990499G;SP;Parque Tecnológico SJC (TESTES);-23,15746;-45,79441;2019-02-07 13:10:00.0;0,0
SÃO JOSÉ DOS CAMPOS;354990499G;SP;Parque Tecnológico SJC (TESTES);-23,15746;-45,79441;2019-02-07 14:10:00.0;0,0
SÃO JOSÉ DOS CAMPOS;354990499G;SP;Parque Tecnológico SJC (TESTES);-23,15746;-45,79441;2019-02-07 15:10:00.0;0,0
SÃO JOSÉ DOS CAMPOS;354990499G;SP;Parque Tecnológico SJC (TESTES);-23,15746;-45,79441;2019-02-07 16:10:00.0;0,0
SÃO JOSÉ DOS CAMPOS;354990499G;SP;Parque Tecnológico SJC (TESTES);-23,15746;-45,79441;2019-02-07 17:10:00.0;0,0
SÃO JOSÉ DOS CAMPOS;354990499G;SP;Parque Tecnológico SJC (TESTES);-23,15746;-45,79441;2019-02-07 18:10:00.0;0,0
SÃO JOSÉ DOS CAMPOS;354990499G;SP;Parque Tecnológico SJC (TESTES);-23,15746;-45,79441;2019-02-07 19:10:00.0;0,0
SÃO JOSÉ DOS CAMPOS;354990499G;SP;Parque Tecnológico SJC (TESTES);-23,15746;-45,79441;2019-02-07 20:10:00.0;0,0
SÃO JOSÉ DOS CAMPOS;354990499G;SP;Parque Tecnológico SJC (TESTES);-23,15746;-45,79441;2019-02-07 21:10:00.0;0,0
SÃO JOSÉ DOS CAMPOS;354990499G;SP;Parque Tecnológico SJC (TESTES);-23,15746;-45,79441;2019-02-08 17:00:00.0;0,0
SÃO JOSÉ DOS CAMPOS;354990499G;SP;Parque Tecnológico SJC (TESTES);-23,15746;-45,79441;2019-02-08 17:10:00.0;0,0
SÃO JOSÉ DOS CAMPOS;354990499G;SP;Parque Tecnológico SJC (TESTES);-23,15746;-45,79441;2019-02-08 18:10:00.0;0,0
SÃO JOSÉ DOS CAMPOS;354990499G;SP;Parque Tecnológico SJC (TESTES);-23,15746;-45,79441;2019-02-08 19:10:00.0;0,0
SÃO JOSÉ DOS CAMPOS;354990499G;SP;Parque Tecnológico SJC (TESTES);-23,15746;-45,79441;2019-02-08 20:10:00.0;0,2
SÃO JOSÉ DOS CAMPOS;354990499G;SP;Parque Tecnológico SJC (TESTES);-23,15746;-45,79441;2019-02-08 21:10:00.0;0,0
SÃO JOSÉ DOS CAMPOS;354990499G;SP;Parque Tecnológico SJC (TESTES);-23,15746;-45,79441;2019-02-08 22:10:00.0;0,0
SÃO JOSÉ DOS CAMPOS;354990499G;SP;Parque Tecnológico SJC (TESTES);-23,15746;-45,79441;2019-02-08 23:10:00.0;0,0
SÃO JOSÉ DOS CAMPOS;354990499G;SP;Parque Tecnológico SJC (TESTES);-23,15746;-45,79441;2019-02-09 00:10:00.0;0,0
SÃO JOSÉ DOS CAMPOS;354990499G;SP;Parque Tecnológico SJC (TESTES);-23,15746;-45,79441;2019-02-09 01:10:00.0;0,0
SÃO JOSÉ DOS CAMPOS;354990499G;SP;Parque Tecnológico SJC (TESTES);-23,15746;-45,79441;2019-02-09 02:10:00.0;0,0
SÃO JOSÉ DOS CAMPOS;354990499G;SP;Parque Tecnológico SJC (TESTES);-23,15746;-45,79441;2019-02-09 03:10:00.0;0,0
SÃO JOSÉ DOS CAMPOS;354990499G;SP;Parque Tecnológico SJC (TESTES);-23,15746;-45,79441;2019-02-09 04:10:00.0;0,0
SÃO JOSÉ DOS CAMPOS;354990499G;SP;Parque Tecnológico SJC (TESTES);-23,15746;-45,79441;2019-02-09 05:10:00.0;0,0
SÃO JOSÉ DOS CAMPOS;354990499G;SP;Parque Tecnológico SJC (TESTES);-23,15746;-45,79441;2019-02-09 06:10:00.0;0,0
SÃO JOSÉ DOS CAMPOS;354990499G;SP;Parque Tecnológico SJC (TESTES);-23,15746;-45,79441;2019-02-09 07:10:00.0;0,0
SÃO JOSÉ DOS CAMPOS;354990499G;SP;Parque Tecnológico SJC (TESTES);-23,15746;-45,79441;2019-02-09 08:10:00.0;0,0
SÃO JOSÉ DOS CAMPOS;354990499G;SP;Parque Tecnológico SJC (TESTES);-23,15746;-45,79441;2019-02-09 09:10:00.0;0,0
SÃO JOSÉ DOS CAMPOS;354990499G;SP;Parque Tecnológico SJC (TESTES);-23,15746;-45,79441;2019-02-09 10:10:00.0;0,0
SÃO JOSÉ DOS CAMPOS;354990499G;SP;Parque Tecnológico SJC (TESTES);-23,15746;-45,79441;2019-02-09 11:10:00.0;0,0
SÃO JOSÉ DOS CAMPOS;354990499G;SP;Parque Tecnológico SJC (TESTES);-23,15746;-45,79441;2019-02-09 12:10:00.0;0,0
SÃO JOSÉ DOS CAMPOS;354990499G;SP;Parque Tecnológico SJC (TESTES);-23,15746;-45,79441;2019-02-09 13:10:00.0;0,0
SÃO JOSÉ DOS CAMPOS;354990499G;SP;Parque Tecnológico SJC (TESTES);-23,15746;-45,79441;2019-02-09 14:10:00.0;0,0
SÃO JOSÉ DOS CAMPOS;354990499G;SP;Parque Tecnológico SJC (TESTES);-23,15746;-45,79441;2019-02-09 15:10:00.0;0,0
SÃO JOSÉ DOS CAMPOS;354990499G;SP;Parque Tecnológico SJC (TESTES);-23,15746;-45,79441;2019-02-09 16:10:00.0;0,0
SÃO JOSÉ DOS CAMPOS;354990499G;SP;Parque Tecnológico SJC (TESTES);-23,15746;-45,79441;2019-02-09 17:10:00.0;0,0
SÃO JOSÉ DOS CAMPOS;354990499G;SP;Parque Tecnológico SJC (TESTES);-23,15746;-45,79441;2019-02-09 18:10:00.0;0,0
SÃO JOSÉ DOS CAMPOS;354990499G;SP;Parque Tecnológico SJC (TESTES);-23,15746;-45,79441;2019-02-09 19:10:00.0;0,0
SÃO JOSÉ DOS CAMPOS;354990499G;SP;Parque Tecnológico SJC (TESTES);-23,15746;-45,79441;2019-02-09 20:10:00.0;0,0
SÃO JOSÉ DOS CAMPOS;354990499G;SP;Parque Tecnológico SJC (TESTES);-23,15746;-45,79441;2019-02-09 21:10:00.0;0,0
SÃO JOSÉ DOS CAMPOS;354990499G;SP;Parque Tecnológico SJC (TESTES);-23,15746;-45,79441;2019-02-09 22:10:00.0;0,0
SÃO JOSÉ DOS CAMPOS;354990499G;SP;Parque Tecnológico SJC (TESTES);-23,15746;-45,79441;2019-02-09 23:10:00.0;0,0
SÃO JOSÉ DOS CAMPOS;354990499G;SP;Parque Tecnológico SJC (TESTES);-23,15746;-45,79441;2019-02-10 00:10:00.0;0,0
SÃO JOSÉ DOS CAMPOS;354990499G;SP;Parque Tecnológico SJC (TESTES);-23,15746;-45,79441;2019-02-10 01:10:00.0;0,0
SÃO JOSÉ DOS CAMPOS;354990499G;SP;Parque Tecnológico SJC (TESTES);-23,15746;-45,79441;2019-02-10 02:10:00.0;0,0
SÃO JOSÉ DOS CAMPOS;354990499G;SP;Parque Tecnológico SJC (TESTES);-23,15746;-45,79441;2019-02-10 03:10:00.0;0,0
SÃO JOSÉ DOS CAMPOS;354990499G;SP;Parque Tecnológico SJC (TESTES);-23,15746;-45,79441;2019-02-10 04:10:00.0;0,0
SÃO JOSÉ DOS CAMPOS;354990499G;SP;Parque Tecnológico SJC (TESTES);-23,15746;-45,79441;2019-02-10 05:10:00.0;0,0
SÃO JOSÉ DOS CAMPOS;354990499G;SP;Parque Tecnológico SJC (TESTES);-23,15746;-45,79441;2019-02-10 06:10:00.0;0,0
SÃO JOSÉ DOS CAMPOS;354990499G;SP;Parque Tecnológico SJC (TESTES);-23,15746;-45,79441;2019-02-10 07:10:00.0;0,0
SÃO JOSÉ DOS CAMPOS;354990499G;SP;Parque Tecnológico SJC (TESTES);-23,15746;-45,79441;2019-02-10 08:10:00.0;0,0
SÃO JOSÉ DOS CAMPOS;354990499G;SP;Parque Tecnológico SJC (TESTES);-23,15746;-45,79441;2019-02-10 09:10:00.0;0,0
SÃO JOSÉ DOS CAMPOS;354990499G;SP;Parque Tecnológico SJC (TESTES);-23,15746;-45,79441;2019-02-10 10:10:00.0;0,0
SÃO JOSÉ DOS CAMPOS;354990499G;SP;Parque Tecnológico SJC (TESTES);-23,15746;-45,79441;2019-02-10 11:10:00.0;0,0
SÃO JOSÉ DOS CAMPOS;354990499G;SP;Parque Tecnológico SJC (TESTES);-23,15746;-45,79441;2019-02-10 12:10:00.0;0,0
SÃO JOSÉ DOS CAMPOS;354990499G;SP;Parque Tecnológico SJC (TESTES);-23,15746;-45,79441;2019-02-10 13:10:00.0;0,0
SÃO JOSÉ DOS CAMPOS;354990499G;SP;Parque Tecnológico SJC (TESTES);-23,15746;-45,79441;2019-02-10 14:10:00.0;0,0
SÃO JOSÉ DOS CAMPOS;354990499G;SP;Parque Tecnológico SJC (TESTES);-23,15746;-45,79441;2019-02-10 15:10:00.0;0,0
SÃO JOSÉ DOS CAMPOS;354990499G;SP;Parque Tecnológico SJC (TESTES);-23,15746;-45,79441;2019-02-10 16:10:00.0;0,0
SÃO JOSÉ DOS CAMPOS;354990499G;SP;Parque Tecnológico SJC (TESTES);-23,15746;-45,79441;2019-02-10 17:10:00.0;0,0
SÃO JOSÉ DOS CAMPOS;354990499G;SP;Parque Tecnológico SJC (TESTES);-23,15746;-45,79441;2019-02-10 18:10:00.0;0,0
SÃO JOSÉ DOS CAMPOS;354990499G;SP;Parque Tecnológico SJC (TESTES);-23,15746;-45,79441;2019-02-10 19:10:00.0;0,0
SÃO JOSÉ DOS CAMPOS;354990499G;SP;Parque Tecnológico SJC (TESTES);-23,15746;-45,79441;2019-02-10 20:10:00.0;0,0
SÃO JOSÉ DOS CAMPOS;354990499G;SP;Parque Tecnológico SJC (TESTES);-23,15746;-45,79441;2019-02-10 21:10:00.0;0,0
SÃO JOSÉ DOS CAMPOS;354990499G;SP;Parque Tecnológico SJC (TESTES);-23,15746;-45,79441;2019-02-10 21:50:00.0;0,2
SÃO JOSÉ DOS CAMPOS;354990499G;SP;Parque Tecnológico SJC (TESTES);-23,15746;-45,79441;2019-02-10 22:10:00.0;0,0
SÃO JOSÉ DOS CAMPOS;354990499G;SP;Parque Tecnológico SJC (TESTES);-23,15746;-45,79441;2019-02-10 22:20:00.0;1,4
SÃO JOSÉ DOS CAMPOS;354990499G;SP;Parque Tecnológico SJC (TESTES);-23,15746;-45,79441;2019-02-10 22:30:00.0;5,6
SÃO JOSÉ DOS CAMPOS;354990499G;SP;Parque Tecnológico SJC (TESTES);-23,15746;-45,79441;2019-02-10 22:40:00.0;7,4
SÃO JOSÉ DOS CAMPOS;354990499G;SP;Parque Tecnológico SJC (TESTES);-23,15746;-45,79441;2019-02-10 22:50:00.0;2,4
SÃO JOSÉ DOS CAMPOS;354990499G;SP;Parque Tecnológico SJC (TESTES);-23,15746;-45,79441;2019-02-10 23:00:00.0;0,4
SÃO JOSÉ DOS CAMPOS;354990499G;SP;Parque Tecnológico SJC (TESTES);-23,15746;-45,79441;2019-02-10 23:10:00.0;0,2
SÃO JOSÉ DOS CAMPOS;354990499G;SP;Parque Tecnológico SJC (TESTES);-23,15746;-45,79441;2019-02-10 23:40:00.0;0,2
SÃO JOSÉ DOS CAMPOS;354990499G;SP;Parque Tecnológico SJC (TESTES);-23,15746;-45,79441;2019-02-10 23:50:00.0;0,2
SÃO JOSÉ DOS CAMPOS;354990499G;SP;Parque Tecnológico SJC (TESTES);-23,15746;-45,79441;2019-02-11 00:00:00.0;0,4
SÃO JOSÉ DOS CAMPOS;354990499G;SP;Parque Tecnológico SJC (TESTES);-23,15746;-45,79441;2019-02-11 00:10:00.0;0,4
SÃO JOSÉ DOS CAMPOS;354990499G;SP;Parque Tecnológico SJC (TESTES);-23,15746;-45,79441;2019-02-11 00:20:00.0;0,2
SÃO JOSÉ DOS CAMPOS;354990499G;SP;Parque Tecnológico SJC (TESTES);-23,15746;-45,79441;2019-02-11 00:30:00.0;0,2
SÃO JOSÉ DOS CAMPOS;354990499G;SP;Parque Tecnológico SJC (TESTES);-23,15746;-45,79441;2019-02-11 00:50:00.0;0,2
SÃO JOSÉ DOS CAMPOS;354990499G;SP;Parque Tecnológico SJC (TESTES);-23,15746;-45,79441;2019-02-11 01:10:00.0;0,0
SÃO JOSÉ DOS CAMPOS;354990499G;SP;Parque Tecnológico SJC (TESTES);-23,15746;-45,79441;2019-02-11 01:30:00.0;0,2
SÃO JOSÉ DOS CAMPOS;354990499G;SP;Parque Tecnológico SJC (TESTES);-23,15746;-45,79441;2019-02-11 02:10:00.0;0,0
SÃO JOSÉ DOS CAMPOS;354990499G;SP;Parque Tecnológico SJC (TESTES);-23,15746;-45,79441;2019-02-11 03:10:00.0;0,0
SÃO JOSÉ DOS CAMPOS;354990499G;SP;Parque Tecnológico SJC (TESTES);-23,15746;-45,79441;2019-02-11 04:10:00.0;0,0
SÃO JOSÉ DOS CAMPOS;354990499G;SP;Parque Tecnológico SJC (TESTES);-23,15746;-45,79441;2019-02-11 05:10:00.0;0,0
SÃO JOSÉ DOS CAMPOS;354990499G;SP;Parque Tecnológico SJC (TESTES);-23,15746;-45,79441;2019-02-11 06:10:00.0;0,0
SÃO JOSÉ DOS CAMPOS;354990499G;SP;Parque Tecnológico SJC (TESTES);-23,15746;-45,79441;2019-02-11 07:10:00.0;0,0
SÃO JOSÉ DOS CAMPOS;354990499G;SP;Parque Tecnológico SJC (TESTES);-23,15746;-45,79441;2019-02-11 08:10:00.0;0,0
SÃO JOSÉ DOS CAMPOS;354990499G;SP;Parque Tecnológico SJC (TESTES);-23,15746;-45,79441;2019-02-11 09:10:00.0;0,0
SÃO JOSÉ DOS CAMPOS;354990499G;SP;Parque Tecnológico SJC (TESTES);-23,15746;-45,79441;2019-02-11 10:10:00.0;0,0
SÃO JOSÉ DOS CAMPOS;354990499G;SP;Parque Tecnológico SJC (TESTES);-23,15746;-45,79441;2019-02-11 11:10:00.0;0,0
SÃO JOSÉ DOS CAMPOS;354990499G;SP;Parque Tecnológico SJC (TESTES);-23,15746;-45,79441;2019-02-11 12:10:00.0;0,0
SÃO JOSÉ DOS CAMPOS;354990499G;SP;Parque Tecnológico SJC (TESTES);-23,15746;-45,79441;2019-02-11 13:10:00.0;0,0
SÃO JOSÉ DOS CAMPOS;354990499G;SP;Parque Tecnológico SJC (TESTES);-23,15746;-45,79441;2019-02-11 14:10:00.0;0,0
SÃO JOSÉ DOS CAMPOS;354990499G;SP;Parque Tecnológico SJC (TESTES);-23,15746;-45,79441;2019-02-11 15:10:00.0;0,0
SÃO JOSÉ DOS CAMPOS;354990499G;SP;Parque Tecnológico SJC (TESTES);-23,15746;-45,79441;2019-02-11 16:10:00.0;0,0
SÃO JOSÉ DOS CAMPOS;354990499G;SP;Parque Tecnológico SJC (TESTES);-23,15746;-45,79441;2019-02-11 17:10:00.0;0,0
SÃO JOSÉ DOS CAMPOS;354990499G;SP;Parque Tecnológico SJC (TESTES);-23,15746;-45,79441;2019-02-11 18:10:00.0;0,0
SÃO JOSÉ DOS CAMPOS;354990499G;SP;Parque Tecnológico SJC (TESTES);-23,15746;-45,79441;2019-02-11 19:10:00.0;0,0
SÃO JOSÉ DOS CAMPOS;354990499G;SP;Parque Tecnológico SJC (TESTES);-23,15746;-45,79441;2019-02-11 19:20:00.0;5,2
SÃO JOSÉ DOS CAMPOS;354990499G;SP;Parque Tecnológico SJC (TESTES);-23,15746;-45,79441;2019-02-11 19:30:00.0;6,2
SÃO JOSÉ DOS CAMPOS;354990499G;SP;Parque Tecnológico SJC (TESTES);-23,15746;-45,79441;2019-02-11 19:40:00.0;3,2
SÃO JOSÉ DOS CAMPOS;354990499G;SP;Parque Tecnológico SJC (TESTES);-23,15746;-45,79441;2019-02-11 19:50:00.0;1,4
SÃO JOSÉ DOS CAMPOS;354990499G;SP;Parque Tecnológico SJC (TESTES);-23,15746;-45,79441;2019-02-11 20:00:00.0;0,4
SÃO JOSÉ DOS CAMPOS;354990499G;SP;Parque Tecnológico SJC (TESTES);-23,15746;-45,79441;2019-02-11 20:30:00.0;0,2
SÃO JOSÉ DOS CAMPOS;354990499G;SP;Parque Tecnológico SJC (TESTES);-23,15746;-45,79441;2019-02-11 21:10:00.0;0,0
SÃO JOSÉ DOS CAMPOS;354990499G;SP;Parque Tecnológico SJC (TESTES);-23,15746;-45,79441;2019-02-11 22:10:00.0;0,0
SÃO JOSÉ DOS CAMPOS;354990499G;SP;Parque Tecnológico SJC (TESTES);-23,15746;-45,79441;2019-02-11 23:10:00.0;0,0
SÃO JOSÉ DOS CAMPOS;354990499G;SP;Parque Tecnológico SJC (TESTES);-23,15746;-45,79441;2019-02-12 00:10:00.0;0,0
SÃO JOSÉ DOS CAMPOS;354990499G;SP;Parque Tecnológico SJC (TESTES);-23,15746;-45,79441;2019-02-12 01:10:00.0;0,0
SÃO JOSÉ DOS CAMPOS;354990499G;SP;Parque Tecnológico SJC (TESTES);-23,15746;-45,79441;2019-02-12 02:10:00.0;0,0
SÃO JOSÉ DOS CAMPOS;354990499G;SP;Parque Tecnológico SJC (TESTES);-23,15746;-45,79441;2019-02-12 03:10:00.0;0,0
SÃO JOSÉ DOS CAMPOS;354990499G;SP;Parque Tecnológico SJC (TESTES);-23,15746;-45,79441;2019-02-12 04:10:00.0;0,0
SÃO JOSÉ DOS CAMPOS;354990499G;SP;Parque Tecnológico SJC (TESTES);-23,15746;-45,79441;2019-02-12 05:10:00.0;0,0
SÃO JOSÉ DOS CAMPOS;354990499G;SP;Parque Tecnológico SJC (TESTES);-23,15746;-45,79441;2019-02-12 06:10:00.0;0,0
SÃO JOSÉ DOS CAMPOS;354990499G;SP;Parque Tecnológico SJC (TESTES);-23,15746;-45,79441;2019-02-12 07:10:00.0;0,0
SÃO JOSÉ DOS CAMPOS;354990499G;SP;Parque Tecnológico SJC (TESTES);-23,15746;-45,79441;2019-02-12 08:10:00.0;0,0
SÃO JOSÉ DOS CAMPOS;354990499G;SP;Parque Tecnológico SJC (TESTES);-23,15746;-45,79441;2019-02-12 09:10:00.0;0,0
SÃO JOSÉ DOS CAMPOS;354990499G;SP;Parque Tecnológico SJC (TESTES);-23,15746;-45,79441;2019-02-12 10:10:00.0;0,0
SÃO JOSÉ DOS CAMPOS;354990499G;SP;Parque Tecnológico SJC (TESTES);-23,15746;-45,79441;2019-02-12 11:10:00.0;0,0
SÃO JOSÉ DOS CAMPOS;354990499G;SP;Parque Tecnológico SJC (TESTES);-23,15746;-45,79441;2019-02-12 12:10:00.0;0,0
SÃO JOSÉ DOS CAMPOS;354990499G;SP;Parque Tecnológico SJC (TESTES);-23,15746;-45,79441;2019-02-12 13:10:00.0;0,0
SÃO JOSÉ DOS CAMPOS;354990499G;SP;Parque Tecnológico SJC (TESTES);-23,15746;-45,79441;2019-02-12 14:10:00.0;0,0
SÃO JOSÉ DOS CAMPOS;354990499G;SP;Parque Tecnológico SJC (TESTES);-23,15746;-45,79441;2019-02-12 15:10:00.0;0,0
SÃO JOSÉ DOS CAMPOS;354990499G;SP;Parque Tecnológico SJC (TESTES);-23,15746;-45,79441;2019-02-12 16:10:00.0;0,0
SÃO JOSÉ DOS CAMPOS;354990499G;SP;Parque Tecnológico SJC (TESTES);-23,15746;-45,79441;2019-02-12 17:10:00.0;0,0
SÃO JOSÉ DOS CAMPOS;354990499G;SP;Parque Tecnológico SJC (TESTES);-23,15746;-45,79441;2019-02-12 18:10:00.0;0,0
SÃO JOSÉ DOS CAMPOS;354990499G;SP;Parque Tecnológico SJC (TESTES);-23,15746;-45,79441;2019-02-12 19:10:00.0;0,0
SÃO JOSÉ DOS CAMPOS;354990499G;SP;Parque Tecnológico SJC (TESTES);-23,15746;-45,79441;2019-02-12 20:10:00.0;0,0
SÃO JOSÉ DOS CAMPOS;354990499G;SP;Parque Tecnológico SJC (TESTES);-23,15746;-45,79441;2019-02-12 21:10:00.0;0,0
SÃO JOSÉ DOS CAMPOS;354990499G;SP;Parque Tecnológico SJC (TESTES);-23,15746;-45,79441;2019-02-12 22:10:00.0;0,0
SÃO JOSÉ DOS CAMPOS;354990499G;SP;Parque Tecnológico SJC (TESTES);-23,15746;-45,79441;2019-02-12 23:10:00.0;0,0
SÃO JOSÉ DOS CAMPOS;354990499G;SP;Parque Tecnológico SJC (TESTES);-23,15746;-45,79441;2019-02-13 00:10:00.0;0,0
SÃO JOSÉ DOS CAMPOS;354990499G;SP;Parque Tecnológico SJC (TESTES);-23,15746;-45,79441;2019-02-13 00:50:00.0;0,2
SÃO JOSÉ DOS CAMPOS;354990499G;SP;Parque Tecnológico SJC (TESTES);-23,15746;-45,79441;2019-02-13 01:00:00.0;0,2
SÃO JOSÉ DOS CAMPOS;354990499G;SP;Parque Tecnológico SJC (TESTES);-23,15746;-45,79441;2019-02-13 01:20:00.0;0,2
SÃO JOSÉ DOS CAMPOS;354990499G;SP;Parque Tecnológico SJC (TESTES);-23,15746;-45,79441;2019-02-13 01:40:00.0;0,2
SÃO JOSÉ DOS CAMPOS;354990499G;SP;Parque Tecnológico SJC (TESTES);-23,15746;-45,79441;2019-02-13 02:10:00.0;0,0
SÃO JOSÉ DOS CAMPOS;354990499G;SP;Parque Tecnológico SJC (TESTES);-23,15746;-45,79441;2019-02-13 03:10:00.0;0,0
SÃO JOSÉ DOS CAMPOS;354990499G;SP;Parque Tecnológico SJC (TESTES);-23,15746;-45,79441;2019-02-13 04:10:00.0;0,0
SÃO JOSÉ DOS CAMPOS;354990499G;SP;Parque Tecnológico SJC (TESTES);-23,15746;-45,79441;2019-02-13 04:20:00.0;0,4
SÃO JOSÉ DOS CAMPOS;354990499G;SP;Parque Tecnológico SJC (TESTES);-23,15746;-45,79441;2019-02-13 04:30:00.0;0,6
SÃO JOSÉ DOS CAMPOS;354990499G;SP;Parque Tecnológico SJC (TESTES);-23,15746;-45,79441;2019-02-13 04:40:00.0;0,4
SÃO JOSÉ DOS CAMPOS;354990499G;SP;Parque Tecnológico SJC (TESTES);-23,15746;-45,79441;2019-02-13 05:10:00.0;0,2
SÃO JOSÉ DOS CAMPOS;354990499G;SP;Parque Tecnológico SJC (TESTES);-23,15746;-45,79441;2019-02-13 05:20:00.0;0,2
SÃO JOSÉ DOS CAMPOS;354990499G;SP;Parque Tecnológico SJC (TESTES);-23,15746;-45,79441;2019-02-13 05:30:00.0;0,2
SÃO JOSÉ DOS CAMPOS;354990499G;SP;Parque Tecnológico SJC (TESTES);-23,15746;-45,79441;2019-02-13 05:40:00.0;0,2
SÃO JOSÉ DOS CAMPOS;354990499G;SP;Parque Tecnológico SJC (TESTES);-23,15746;-45,79441;2019-02-13 06:00:00.0;0,4
SÃO JOSÉ DOS CAMPOS;354990499G;SP;Parque Tecnológico SJC (TESTES);-23,15746;-45,79441;2019-02-13 06:20:00.0;0,2
SÃO JOSÉ DOS CAMPOS;354990499G;SP;Parque Tecnológico SJC (TESTES);-23,15746;-45,79441;2019-02-13 06:40:00.0;0,2
SÃO JOSÉ DOS CAMPOS;354990499G;SP;Parque Tecnológico SJC (TESTES);-23,15746;-45,79441;2019-02-13 07:10:00.0;0,0
SÃO JOSÉ DOS CAMPOS;354990499G;SP;Parque Tecnológico SJC (TESTES);-23,15746;-45,79441;2019-02-13 08:10:00.0;0,0
SÃO JOSÉ DOS CAMPOS;354990499G;SP;Parque Tecnológico SJC (TESTES);-23,15746;-45,79441;2019-02-13 08:50:00.0;0,2
SÃO JOSÉ DOS CAMPOS;354990499G;SP;Parque Tecnológico SJC (TESTES);-23,15746;-45,79441;2019-02-13 09:10:00.0;0,0
SÃO JOSÉ DOS CAMPOS;354990499G;SP;Parque Tecnológico SJC (TESTES);-23,15746;-45,79441;2019-02-13 10:00:00.0;0,2
SÃO JOSÉ DOS CAMPOS;354990499G;SP;Parque Tecnológico SJC (TESTES);-23,15746;-45,79441;2019-02-13 10:10:00.0;0,2
SÃO JOSÉ DOS CAMPOS;354990499G;SP;Parque Tecnológico SJC (TESTES);-23,15746;-45,79441;2019-02-13 10:20:00.0;0,4
SÃO JOSÉ DOS CAMPOS;354990499G;SP;Parque Tecnológico SJC (TESTES);-23,15746;-45,79441;2019-02-13 10:30:00.0;0,2
SÃO JOSÉ DOS CAMPOS;354990499G;SP;Parque Tecnológico SJC (TESTES);-23,15746;-45,79441;2019-02-13 10:40:00.0;1,6
SÃO JOSÉ DOS CAMPOS;354990499G;SP;Parque Tecnológico SJC (TESTES);-23,15746;-45,79441;2019-02-13 10:50:00.0;1,2
SÃO JOSÉ DOS CAMPOS;354990499G;SP;Parque Tecnológico SJC (TESTES);-23,15746;-45,79441;2019-02-13 11:00:00.0;1,6
SÃO JOSÉ DOS CAMPOS;354990499G;SP;Parque Tecnológico SJC (TESTES);-23,15746;-45,79441;2019-02-13 11:10:00.0;2,0
SÃO JOSÉ DOS CAMPOS;354990499G;SP;Parque Tecnológico SJC (TESTES);-23,15746;-45,79441;2019-02-13 11:20:00.0;1,6
SÃO JOSÉ DOS CAMPOS;354990499G;SP;Parque Tecnológico SJC (TESTES);-23,15746;-45,79441;2019-02-13 11:30:00.0;1,2
SÃO JOSÉ DOS CAMPOS;354990499G;SP;Parque Tecnológico SJC (TESTES);-23,15746;-45,79441;2019-02-13 11:40:00.0;0,4
SÃO JOSÉ DOS CAMPOS;354990499G;SP;Parque Tecnológico SJC (TESTES);-23,15746;-45,79441;2019-02-13 12:00:00.0;0,2
SÃO JOSÉ DOS CAMPOS;354990499G;SP;Parque Tecnológico SJC (TESTES);-23,15746;-45,79441;2019-02-13 13:10:00.0;0,0
SÃO JOSÉ DOS CAMPOS;354990499G;SP;Parque Tecnológico SJC (TESTES);-23,15746;-45,79441;2019-02-13 14:10:00.0;0,0
SÃO JOSÉ DOS CAMPOS;354990499G;SP;Parque Tecnológico SJC (TESTES);-23,15746;-45,79441;2019-02-13 15:10:00.0;0,0
SÃO JOSÉ DOS CAMPOS;354990499G;SP;Parque Tecnológico SJC (TESTES);-23,15746;-45,79441;2019-02-13 16:10:00.0;0,0
SÃO JOSÉ DOS CAMPOS;354990499G;SP;Parque Tecnológico SJC (TESTES);-23,15746;-45,79441;2019-02-13 17:10:00.0;0,0
SÃO JOSÉ DOS CAMPOS;354990499G;SP;Parque Tecnológico SJC (TESTES);-23,15746;-45,79441;2019-02-13 18:10:00.0;0,0
SÃO JOSÉ DOS CAMPOS;354990499G;SP;Parque Tecnológico SJC (TESTES);-23,15746;-45,79441;2019-02-13 18:40:00.0;0,2
SÃO JOSÉ DOS CAMPOS;354990499G;SP;Parque Tecnológico SJC (TESTES);-23,15746;-45,79441;2019-02-13 19:10:00.0;0,0
SÃO JOSÉ DOS CAMPOS;354990499G;SP;Parque Tecnológico SJC (TESTES);-23,15746;-45,79441;2019-02-13 20:10:00.0;0,0
SÃO JOSÉ DOS CAMPOS;354990499G;SP;Parque Tecnológico SJC (TESTES);-23,15746;-45,79441;2019-02-13 21:10:00.0;0,0
SÃO JOSÉ DOS CAMPOS;354990499G;SP;Parque Tecnológico SJC (TESTES);-23,15746;-45,79441;2019-02-13 22:10:00.0;0,0
SÃO JOSÉ DOS CAMPOS;354990499G;SP;Parque Tecnológico SJC (TESTES);-23,15746;-45,79441;2019-02-13 23:10:00.0;0,0
SÃO JOSÉ DOS CAMPOS;354990499G;SP;Parque Tecnológico SJC (TESTES);-23,15746;-45,79441;2019-02-14 00:10:00.0;0,0
SÃO JOSÉ DOS CAMPOS;354990499G;SP;Parque Tecnológico SJC (TESTES);-23,15746;-45,79441;2019-02-14 01:10:00.0;0,0
SÃO JOSÉ DOS CAMPOS;354990499G;SP;Parque Tecnológico SJC (TESTES);-23,15746;-45,79441;2019-02-14 02:10:00.0;0,0
SÃO JOSÉ DOS CAMPOS;354990499G;SP;Parque Tecnológico SJC (TESTES);-23,15746;-45,79441;2019-02-14 03:10:00.0;0,0
SÃO JOSÉ DOS CAMPOS;354990499G;SP;Parque Tecnológico SJC (TESTES);-23,15746;-45,79441;2019-02-14 04:10:00.0;0,0
SÃO JOSÉ DOS CAMPOS;354990499G;SP;Parque Tecnológico SJC (TESTES);-23,15746;-45,79441;2019-02-14 05:10:00.0;0,0
SÃO JOSÉ DOS CAMPOS;354990499G;SP;Parque Tecnológico SJC (TESTES);-23,15746;-45,79441;2019-02-14 06:10:00.0;0,0
SÃO JOSÉ DOS CAMPOS;354990499G;SP;Parque Tecnológico SJC (TESTES);-23,15746;-45,79441;2019-02-14 07:10:00.0;0,0
SÃO JOSÉ DOS CAMPOS;354990499G;SP;Parque Tecnológico SJC (TESTES);-23,15746;-45,79441;2019-02-14 08:10:00.0;0,0
SÃO JOSÉ DOS CAMPOS;354990499G;SP;Parque Tecnológico SJC (TESTES);-23,15746;-45,79441;2019-02-14 09:10:00.0;0,0
SÃO JOSÉ DOS CAMPOS;354990499G;SP;Parque Tecnológico SJC (TESTES);-23,15746;-45,79441;2019-02-14 10:10:00.0;0,0
SÃO JOSÉ DOS CAMPOS;354990499G;SP;Parque Tecnológico SJC (TESTES);-23,15746;-45,79441;2019-02-14 11:10:00.0;0,0
SÃO JOSÉ DOS CAMPOS;354990499G;SP;Parque Tecnológico SJC (TESTES);-23,15746;-45,79441;2019-02-14 12:10:00.0;0,0
SÃO JOSÉ DOS CAMPOS;354990499G;SP;Parque Tecnológico SJC (TESTES);-23,15746;-45,79441;2019-02-14 13:10:00.0;0,0
SÃO JOSÉ DOS CAMPOS;354990499G;SP;Parque Tecnológico SJC (TESTES);-23,15746;-45,79441;2019-02-14 14:10:00.0;0,0
SÃO JOSÉ DOS CAMPOS;354990499G;SP;Parque Tecnológico SJC (TESTES);-23,15746;-45,79441;2019-02-14 15:10:00.0;0,0
SÃO JOSÉ DOS CAMPOS;354990499G;SP;Parque Tecnológico SJC (TESTES);-23,15746;-45,79441;2019-02-14 16:10:00.0;0,0
SÃO JOSÉ DOS CAMPOS;354990499G;SP;Parque Tecnológico SJC (TESTES);-23,15746;-45,79441;2019-02-14 17:10:00.0;0,0
SÃO JOSÉ DOS CAMPOS;354990499G;SP;Parque Tecnológico SJC (TESTES);-23,15746;-45,79441;2019-02-14 18:10:00.0;0,0
SÃO JOSÉ DOS CAMPOS;354990499G;SP;Parque Tecnológico SJC (TESTES);-23,15746;-45,79441;2019-02-14 19:10:00.0;0,0
SÃO JOSÉ DOS CAMPOS;354990499G;SP;Parque Tecnológico SJC (TESTES);-23,15746;-45,79441;2019-02-14 20:10:00.0;0,0
SÃO JOSÉ DOS CAMPOS;354990499G;SP;Parque Tecnológico SJC (TESTES);-23,15746;-45,79441;2019-02-14 21:10:00.0;0,0
SÃO JOSÉ DOS CAMPOS;354990499G;SP;Parque Tecnológico SJC (TESTES);-23,15746;-45,79441;2019-02-14 22:10:00.0;0,0
SÃO JOSÉ DOS CAMPOS;354990499G;SP;Parque Tecnológico SJC (TESTES);-23,15746;-45,79441;2019-02-14 23:10:00.0;0,0
SÃO JOSÉ DOS CAMPOS;354990499G;SP;Parque Tecnológico SJC (TESTES);-23,15746;-45,79441;2019-02-15 00:10:00.0;0,0
SÃO JOSÉ DOS CAMPOS;354990499G;SP;Parque Tecnológico SJC (TESTES);-23,15746;-45,79441;2019-02-15 01:10:00.0;0,0
SÃO JOSÉ DOS CAMPOS;354990499G;SP;Parque Tecnológico SJC (TESTES);-23,15746;-45,79441;2019-02-15 02:10:00.0;0,0
SÃO JOSÉ DOS CAMPOS;354990499G;SP;Parque Tecnológico SJC (TESTES);-23,15746;-45,79441;2019-02-15 03:10:00.0;0,0
SÃO JOSÉ DOS CAMPOS;354990499G;SP;Parque Tecnológico SJC (TESTES);-23,15746;-45,79441;2019-02-15 04:10:00.0;0,0
SÃO JOSÉ DOS CAMPOS;354990499G;SP;Parque Tecnológico SJC (TESTES);-23,15746;-45,79441;2019-02-15 05:10:00.0;0,0
SÃO JOSÉ DOS CAMPOS;354990499G;SP;Parque Tecnológico SJC (TESTES);-23,15746;-45,79441;2019-02-15 06:10:00.0;0,0
SÃO JOSÉ DOS CAMPOS;354990499G;SP;Parque Tecnológico SJC (TESTES);-23,15746;-45,79441;2019-02-15 07:10:00.0;0,0
SÃO JOSÉ DOS CAMPOS;354990499G;SP;Parque Tecnológico SJC (TESTES);-23,15746;-45,79441;2019-02-15 08:10:00.0;0,0
SÃO JOSÉ DOS CAMPOS;354990499G;SP;Parque Tecnológico SJC (TESTES);-23,15746;-45,79441;2019-02-15 09:10:00.0;0,0
SÃO JOSÉ DOS CAMPOS;354990499G;SP;Parque Tecnológico SJC (TESTES);-23,15746;-45,79441;2019-02-15 10:10:00.0;0,0
SÃO JOSÉ DOS CAMPOS;354990499G;SP;Parque Tecnológico SJC (TESTES);-23,15746;-45,79441;2019-02-15 11:10:00.0;0,0
SÃO JOSÉ DOS CAMPOS;354990499G;SP;Parque Tecnológico SJC (TESTES);-23,15746;-45,79441;2019-02-15 12:10:00.0;0,0
SÃO JOSÉ DOS CAMPOS;354990499G;SP;Parque Tecnológico SJC (TESTES);-23,15746;-45,79441;2019-02-15 13:10:00.0;0,0
SÃO JOSÉ DOS CAMPOS;354990499G;SP;Parque Tecnológico SJC (TESTES);-23,15746;-45,79441;2019-02-15 14:10:00.0;0,0
SÃO JOSÉ DOS CAMPOS;354990499G;SP;Parque Tecnológico SJC (TESTES);-23,15746;-45,79441;2019-02-15 15:10:00.0;0,0
SÃO JOSÉ DOS CAMPOS;354990499G;SP;Parque Tecnológico SJC (TESTES);-23,15746;-45,79441;2019-02-15 16:10:00.0;0,0
SÃO JOSÉ DOS CAMPOS;354990499G;SP;Parque Tecnológico SJC (TESTES);-23,15746;-45,79441;2019-02-15 17:10:00.0;0,0
SÃO JOSÉ DOS CAMPOS;354990499G;SP;Parque Tecnológico SJC (TESTES);-23,15746;-45,79441;2019-02-15 18:10:00.0;0,0
SÃO JOSÉ DOS CAMPOS;354990499G;SP;Parque Tecnológico SJC (TESTES);-23,15746;-45,79441;2019-02-15 19:10:00.0;0,0
SÃO JOSÉ DOS CAMPOS;354990499G;SP;Parque Tecnológico SJC (TESTES);-23,15746;-45,79441;2019-02-15 20:10:00.0;0,0
SÃO JOSÉ DOS CAMPOS;354990499G;SP;Parque Tecnológico SJC (TESTES);-23,15746;-45,79441;2019-02-15 21:10:00.0;0,0
SÃO JOSÉ DOS CAMPOS;354990499G;SP;Parque Tecnológico SJC (TESTES);-23,15746;-45,79441;2019-02-15 22:10:00.0;0,0
SÃO JOSÉ DOS CAMPOS;354990499G;SP;Parque Tecnológico SJC (TESTES);-23,15746;-45,79441;2019-02-15 23:10:00.0;0,0
SÃO JOSÉ DOS CAMPOS;354990499G;SP;Parque Tecnológico SJC (TESTES);-23,15746;-45,79441;2019-02-16 00:10:00.0;1,0
SÃO JOSÉ DOS CAMPOS;354990499G;SP;Parque Tecnológico SJC (TESTES);-23,15746;-45,79441;2019-02-16 00:20:00.0;1,4
SÃO JOSÉ DOS CAMPOS;354990499G;SP;Parque Tecnológico SJC (TESTES);-23,15746;-45,79441;2019-02-16 00:30:00.0;1,0
SÃO JOSÉ DOS CAMPOS;354990499G;SP;Parque Tecnológico SJC (TESTES);-23,15746;-45,79441;2019-02-16 00:40:00.0;2,4
SÃO JOSÉ DOS CAMPOS;354990499G;SP;Parque Tecnológico SJC (TESTES);-23,15746;-45,79441;2019-02-16 00:50:00.0;0,6
SÃO JOSÉ DOS CAMPOS;354990499G;SP;Parque Tecnológico SJC (TESTES);-23,15746;-45,79441;2019-02-16 01:00:00.0;3,0
SÃO JOSÉ DOS CAMPOS;354990499G;SP;Parque Tecnológico SJC (TESTES);-23,15746;-45,79441;2019-02-16 01:10:00.0;1,2
SÃO JOSÉ DOS CAMPOS;354990499G;SP;Parque Tecnológico SJC (TESTES);-23,15746;-45,79441;2019-02-16 01:20:00.0;2,0
SÃO JOSÉ DOS CAMPOS;354990499G;SP;Parque Tecnológico SJC (TESTES);-23,15746;-45,79441;2019-02-16 01:30:00.0;1,4
SÃO JOSÉ DOS CAMPOS;354990499G;SP;Parque Tecnológico SJC (TESTES);-23,15746;-45,79441;2019-02-16 01:40:00.0;1,2
SÃO JOSÉ DOS CAMPOS;354990499G;SP;Parque Tecnológico SJC (TESTES);-23,15746;-45,79441;2019-02-16 01:50:00.0;1,6
SÃO JOSÉ DOS CAMPOS;354990499G;SP;Parque Tecnológico SJC (TESTES);-23,15746;-45,79441;2019-02-16 02:00:00.0;2,2
SÃO JOSÉ DOS CAMPOS;354990499G;SP;Parque Tecnológico SJC (TESTES);-23,15746;-45,79441;2019-02-16 02:10:00.0;5,2
SÃO JOSÉ DOS CAMPOS;354990499G;SP;Parque Tecnológico SJC (TESTES);-23,15746;-45,79441;2019-02-16 02:20:00.0;4,0
SÃO JOSÉ DOS CAMPOS;354990499G;SP;Parque Tecnológico SJC (TESTES);-23,15746;-45,79441;2019-02-16 02:30:00.0;0,8
SÃO JOSÉ DOS CAMPOS;354990499G;SP;Parque Tecnológico SJC (TESTES);-23,15746;-45,79441;2019-02-16 02:40:00.0;1,6
SÃO JOSÉ DOS CAMPOS;354990499G;SP;Parque Tecnológico SJC (TESTES);-23,15746;-45,79441;2019-02-16 02:50:00.0;1,8
SÃO JOSÉ DOS CAMPOS;354990499G;SP;Parque Tecnológico SJC (TESTES);-23,15746;-45,79441;2019-02-16 03:00:00.0;1,2
SÃO JOSÉ DOS CAMPOS;354990499G;SP;Parque Tecnológico SJC (TESTES);-23,15746;-45,79441;2019-02-16 03:10:00.0;1,0
SÃO JOSÉ DOS CAMPOS;354990499G;SP;Parque Tecnológico SJC (TESTES);-23,15746;-45,79441;2019-02-16 03:20:00.0;1,0
SÃO JOSÉ DOS CAMPOS;354990499G;SP;Parque Tecnológico SJC (TESTES);-23,15746;-45,79441;2019-02-16 03:30:00.0;0,4
SÃO JOSÉ DOS CAMPOS;354990499G;SP;Parque Tecnológico SJC (TESTES);-23,15746;-45,79441;2019-02-16 03:40:00.0;0,2
SÃO JOSÉ DOS CAMPOS;354990499G;SP;Parque Tecnológico SJC (TESTES);-23,15746;-45,79441;2019-02-16 03:50:00.0;0,2
SÃO JOSÉ DOS CAMPOS;354990499G;SP;Parque Tecnológico SJC (TESTES);-23,15746;-45,79441;2019-02-16 04:00:00.0;0,4
SÃO JOSÉ DOS CAMPOS;354990499G;SP;Parque Tecnológico SJC (TESTES);-23,15746;-45,79441;2019-02-16 04:10:00.0;0,2
SÃO JOSÉ DOS CAMPOS;354990499G;SP;Parque Tecnológico SJC (TESTES);-23,15746;-45,79441;2019-02-16 04:30:00.0;0,2
SÃO JOSÉ DOS CAMPOS;354990499G;SP;Parque Tecnológico SJC (TESTES);-23,15746;-45,79441;2019-02-16 05:10:00.0;0,0
SÃO JOSÉ DOS CAMPOS;354990499G;SP;Parque Tecnológico SJC (TESTES);-23,15746;-45,79441;2019-02-16 06:10:00.0;0,0
SÃO JOSÉ DOS CAMPOS;354990499G;SP;Parque Tecnológico SJC (TESTES);-23,15746;-45,79441;2019-02-16 07:10:00.0;0,0
SÃO JOSÉ DOS CAMPOS;354990499G;SP;Parque Tecnológico SJC (TESTES);-23,15746;-45,79441;2019-02-16 08:10:00.0;0,0
SÃO JOSÉ DOS CAMPOS;354990499G;SP;Parque Tecnológico SJC (TESTES);-23,15746;-45,79441;2019-02-16 09:10:00.0;0,0
SÃO JOSÉ DOS CAMPOS;354990499G;SP;Parque Tecnológico SJC (TESTES);-23,15746;-45,79441;2019-02-16 10:10:00.0;0,0
SÃO JOSÉ DOS CAMPOS;354990499G;SP;Parque Tecnológico SJC (TESTES);-23,15746;-45,79441;2019-02-16 11:10:00.0;0,0
SÃO JOSÉ DOS CAMPOS;354990499G;SP;Parque Tecnológico SJC (TESTES);-23,15746;-45,79441;2019-02-16 11:20:00.0;0,2
SÃO JOSÉ DOS CAMPOS;354990499G;SP;Parque Tecnológico SJC (TESTES);-23,15746;-45,79441;2019-02-16 12:10:00.0;0,0
SÃO JOSÉ DOS CAMPOS;354990499G;SP;Parque Tecnológico SJC (TESTES);-23,15746;-45,79441;2019-02-16 13:10:00.0;0,0
SÃO JOSÉ DOS CAMPOS;354990499G;SP;Parque Tecnológico SJC (TESTES);-23,15746;-45,79441;2019-02-16 18:10:00.0;0,4
SÃO JOSÉ DOS CAMPOS;354990499G;SP;Parque Tecnológico SJC (TESTES);-23,15746;-45,79441;2019-02-16 18:20:00.0;0,4
SÃO JOSÉ DOS CAMPOS;354990499G;SP;Parque Tecnológico SJC (TESTES);-23,15746;-45,79441;2019-02-16 18:30:00.0;0,6
SÃO JOSÉ DOS CAMPOS;354990499G;SP;Parque Tecnológico SJC (TESTES);-23,15746;-45,79441;2019-02-16 18:40:00.0;0,2
SÃO JOSÉ DOS CAMPOS;354990499G;SP;Parque Tecnológico SJC (TESTES);-23,15746;-45,79441;2019-02-16 19:10:00.0;0,0
SÃO JOSÉ DOS CAMPOS;354990499G;SP;Parque Tecnológico SJC (TESTES);-23,15746;-45,79441;2019-02-16 20:10:00.0;0,0
SÃO JOSÉ DOS CAMPOS;354990499G;SP;Parque Tecnológico SJC (TESTES);-23,15746;-45,79441;2019-02-16 21:10:00.0;0,0
SÃO JOSÉ DOS CAMPOS;354990499G;SP;Parque Tecnológico SJC (TESTES);-23,15746;-45,79441;2019-02-16 22:10:00.0;0,0
SÃO JOSÉ DOS CAMPOS;354990499G;SP;Parque Tecnológico SJC (TESTES);-23,15746;-45,79441;2019-02-16 23:10:00.0;0,0
SÃO JOSÉ DOS CAMPOS;354990499G;SP;Parque Tecnológico SJC (TESTES);-23,15746;-45,79441;2019-02-17 00:10:00.0;0,0
SÃO JOSÉ DOS CAMPOS;354990499G;SP;Parque Tecnológico SJC (TESTES);-23,15746;-45,79441;2019-02-17 01:10:00.0;0,0
SÃO JOSÉ DOS CAMPOS;354990499G;SP;Parque Tecnológico SJC (TESTES);-23,15746;-45,79441;2019-02-17 02:10:00.0;0,0
SÃO JOSÉ DOS CAMPOS;354990499G;SP;Parque Tecnológico SJC (TESTES);-23,15746;-45,79441;2019-02-17 03:10:00.0;0,0
SÃO JOSÉ DOS CAMPOS;354990499G;SP;Parque Tecnológico SJC (TESTES);-23,15746;-45,79441;2019-02-17 04:10:00.0;0,0
SÃO JOSÉ DOS CAMPOS;354990499G;SP;Parque Tecnológico SJC (TESTES);-23,15746;-45,79441;2019-02-17 05:00:00.0;0,2
SÃO JOSÉ DOS CAMPOS;354990499G;SP;Parque Tecnológico SJC (TESTES);-23,15746;-45,79441;2019-02-17 06:10:00.0;0,0
SÃO JOSÉ DOS CAMPOS;354990499G;SP;Parque Tecnológico SJC (TESTES);-23,15746;-45,79441;2019-02-17 07:10:00.0;0,0
SÃO JOSÉ DOS CAMPOS;354990499G;SP;Parque Tecnológico SJC (TESTES);-23,15746;-45,79441;2019-02-17 08:10:00.0;0,0
SÃO JOSÉ DOS CAMPOS;354990499G;SP;Parque Tecnológico SJC (TESTES);-23,15746;-45,79441;2019-02-17 09:10:00.0;0,0
SÃO JOSÉ DOS CAMPOS;354990499G;SP;Parque Tecnológico SJC (TESTES);-23,15746;-45,79441;2019-02-17 10:10:00.0;0,0
SÃO JOSÉ DOS CAMPOS;354990499G;SP;Parque Tecnológico SJC (TESTES);-23,15746;-45,79441;2019-02-17 11:10:00.0;0,0
SÃO JOSÉ DOS CAMPOS;354990499G;SP;Parque Tecnológico SJC (TESTES);-23,15746;-45,79441;2019-02-17 12:10:00.0;0,0
SÃO JOSÉ DOS CAMPOS;354990499G;SP;Parque Tecnológico SJC (TESTES);-23,15746;-45,79441;2019-02-17 13:10:00.0;0,0
SÃO JOSÉ DOS CAMPOS;354990499G;SP;Parque Tecnológico SJC (TESTES);-23,15746;-45,79441;2019-02-17 14:10:00.0;0,0
SÃO JOSÉ DOS CAMPOS;354990499G;SP;Parque Tecnológico SJC (TESTES);-23,15746;-45,79441;2019-02-17 15:10:00.0;0,0
SÃO JOSÉ DOS CAMPOS;354990499G;SP;Parque Tecnológico SJC (TESTES);-23,15746;-45,79441;2019-02-17 16:10:00.0;0,0
SÃO JOSÉ DOS CAMPOS;354990499G;SP;Parque Tecnológico SJC (TESTES);-23,15746;-45,79441;2019-02-17 16:20:00.0;0,2
SÃO JOSÉ DOS CAMPOS;354990499G;SP;Parque Tecnológico SJC (TESTES);-23,15746;-45,79441;2019-02-17 17:10:00.0;0,2
SÃO JOSÉ DOS CAMPOS;354990499G;SP;Parque Tecnológico SJC (TESTES);-23,15746;-45,79441;2019-02-17 18:10:00.0;0,2
SÃO JOSÉ DOS CAMPOS;354990499G;SP;Parque Tecnológico SJC (TESTES);-23,15746;-45,79441;2019-02-17 18:20:00.0;0,4
SÃO JOSÉ DOS CAMPOS;354990499G;SP;Parque Tecnológico SJC (TESTES);-23,15746;-45,79441;2019-02-17 18:30:00.0;1,4
SÃO JOSÉ DOS CAMPOS;354990499G;SP;Parque Tecnológico SJC (TESTES);-23,15746;-45,79441;2019-02-17 18:40:00.0;2,0
SÃO JOSÉ DOS CAMPOS;354990499G;SP;Parque Tecnológico SJC (TESTES);-23,15746;-45,79441;2019-02-17 18:50:00.0;0,4
SÃO JOSÉ DOS CAMPOS;354990499G;SP;Parque Tecnológico SJC (TESTES);-23,15746;-45,79441;2019-02-17 19:10:00.0;0,0
SÃO JOSÉ DOS CAMPOS;354990499G;SP;Parque Tecnológico SJC (TESTES);-23,15746;-45,79441;2019-02-17 20:10:00.0;0,0
SÃO JOSÉ DOS CAMPOS;354990499G;SP;Parque Tecnológico SJC (TESTES);-23,15746;-45,79441;2019-02-17 21:10:00.0;0,0
SÃO JOSÉ DOS CAMPOS;354990499G;SP;Parque Tecnológico SJC (TESTES);-23,15746;-45,79441;2019-02-17 22:10:00.0;0,0
SÃO JOSÉ DOS CAMPOS;354990499G;SP;Parque Tecnológico SJC (TESTES);-23,15746;-45,79441;2019-02-17 23:10:00.0;0,0
SÃO JOSÉ DOS CAMPOS;354990499G;SP;Parque Tecnológico SJC (TESTES);-23,15746;-45,79441;2019-02-18 00:10:00.0;0,0
SÃO JOSÉ DOS CAMPOS;354990499G;SP;Parque Tecnológico SJC (TESTES);-23,15746;-45,79441;2019-02-18 01:10:00.0;0,0
SÃO JOSÉ DOS CAMPOS;354990499G;SP;Parque Tecnológico SJC (TESTES);-23,15746;-45,79441;2019-02-18 02:10:00.0;0,0
SÃO JOSÉ DOS CAMPOS;354990499G;SP;Parque Tecnológico SJC (TESTES);-23,15746;-45,79441;2019-02-18 03:10:00.0;0,0
SÃO JOSÉ DOS CAMPOS;354990499G;SP;Parque Tecnológico SJC (TESTES);-23,15746;-45,79441;2019-02-18 04:10:00.0;0,0
SÃO JOSÉ DOS CAMPOS;354990499G;SP;Parque Tecnológico SJC (TESTES);-23,15746;-45,79441;2019-02-18 05:10:00.0;0,0
SÃO JOSÉ DOS CAMPOS;354990499G;SP;Parque Tecnológico SJC (TESTES);-23,15746;-45,79441;2019-02-18 06:10:00.0;0,0
SÃO JOSÉ DOS CAMPOS;354990499G;SP;Parque Tecnológico SJC (TESTES);-23,15746;-45,79441;2019-02-18 07:10:00.0;0,0
SÃO JOSÉ DOS CAMPOS;354990499G;SP;Parque Tecnológico SJC (TESTES);-23,15746;-45,79441;2019-02-18 08:10:00.0;0,0
SÃO JOSÉ DOS CAMPOS;354990499G;SP;Parque Tecnológico SJC (TESTES);-23,15746;-45,79441;2019-02-18 09:10:00.0;0,0
SÃO JOSÉ DOS CAMPOS;354990499G;SP;Parque Tecnológico SJC (TESTES);-23,15746;-45,79441;2019-02-18 10:10:00.0;0,0
SÃO JOSÉ DOS CAMPOS;354990499G;SP;Parque Tecnológico SJC (TESTES);-23,15746;-45,79441;2019-02-18 11:10:00.0;0,0
SÃO JOSÉ DOS CAMPOS;354990499G;SP;Parque Tecnológico SJC (TESTES);-23,15746;-45,79441;2019-02-18 12:10:00.0;0,0
SÃO JOSÉ DOS CAMPOS;354990499G;SP;Parque Tecnológico SJC (TESTES);-23,15746;-45,79441;2019-02-18 13:10:00.0;0,0
SÃO JOSÉ DOS CAMPOS;354990499G;SP;Parque Tecnológico SJC (TESTES);-23,15746;-45,79441;2019-02-18 14:10:00.0;0,0
SÃO JOSÉ DOS CAMPOS;354990499G;SP;Parque Tecnológico SJC (TESTES);-23,15746;-45,79441;2019-02-18 15:10:00.0;0,0
SÃO JOSÉ DOS CAMPOS;354990499G;SP;Parque Tecnológico SJC (TESTES);-23,15746;-45,79441;2019-02-18 16:10:00.0;0,2
SÃO JOSÉ DOS CAMPOS;354990499G;SP;Parque Tecnológico SJC (TESTES);-23,15746;-45,79441;2019-02-18 16:20:00.0;0,2
SÃO JOSÉ DOS CAMPOS;354990499G;SP;Parque Tecnológico SJC (TESTES);-23,15746;-45,79441;2019-02-18 17:10:00.0;0,0
SÃO JOSÉ DOS CAMPOS;354990499G;SP;Parque Tecnológico SJC (TESTES);-23,15746;-45,79441;2019-02-18 18:10:00.0;0,0
SÃO JOSÉ DOS CAMPOS;354990499G;SP;Parque Tecnológico SJC (TESTES);-23,15746;-45,79441;2019-02-18 19:10:00.0;0,0
SÃO JOSÉ DOS CAMPOS;354990499G;SP;Parque Tecnológico SJC (TESTES);-23,15746;-45,79441;2019-02-18 20:10:00.0;0,0
SÃO JOSÉ DOS CAMPOS;354990499G;SP;Parque Tecnológico SJC (TESTES);-23,15746;-45,79441;2019-02-18 21:10:00.0;0,0
SÃO JOSÉ DOS CAMPOS;354990499G;SP;Parque Tecnológico SJC (TESTES);-23,15746;-45,79441;2019-02-18 22:10:00.0;0,0
SÃO JOSÉ DOS CAMPOS;354990499G;SP;Parque Tecnológico SJC (TESTES);-23,15746;-45,79441;2019-02-18 23:10:00.0;0,0
SÃO JOSÉ DOS CAMPOS;354990499G;SP;Parque Tecnológico SJC (TESTES);-23,15746;-45,79441;2019-02-19 00:10:00.0;0,0
SÃO JOSÉ DOS CAMPOS;354990499G;SP;Parque Tecnológico SJC (TESTES);-23,15746;-45,79441;2019-02-19 01:10:00.0;0,0
SÃO JOSÉ DOS CAMPOS;354990499G;SP;Parque Tecnológico SJC (TESTES);-23,15746;-45,79441;2019-02-19 02:10:00.0;0,0
SÃO JOSÉ DOS CAMPOS;354990499G;SP;Parque Tecnológico SJC (TESTES);-23,15746;-45,79441;2019-02-19 03:10:00.0;0,0
SÃO JOSÉ DOS CAMPOS;354990499G;SP;Parque Tecnológico SJC (TESTES);-23,15746;-45,79441;2019-02-19 04:10:00.0;0,0
SÃO JOSÉ DOS CAMPOS;354990499G;SP;Parque Tecnológico SJC (TESTES);-23,15746;-45,79441;2019-02-19 05:10:00.0;0,0
SÃO JOSÉ DOS CAMPOS;354990499G;SP;Parque Tecnológico SJC (TESTES);-23,15746;-45,79441;2019-02-19 06:10:00.0;0,0
SÃO JOSÉ DOS CAMPOS;354990499G;SP;Parque Tecnológico SJC (TESTES);-23,15746;-45,79441;2019-02-19 07:10:00.0;0,0
SÃO JOSÉ DOS CAMPOS;354990499G;SP;Parque Tecnológico SJC (TESTES);-23,15746;-45,79441;2019-02-19 08:10:00.0;0,0
SÃO JOSÉ DOS CAMPOS;354990499G;SP;Parque Tecnológico SJC (TESTES);-23,15746;-45,79441;2019-02-19 09:10:00.0;0,0
SÃO JOSÉ DOS CAMPOS;354990499G;SP;Parque Tecnológico SJC (TESTES);-23,15746;-45,79441;2019-02-19 10:10:00.0;0,0
SÃO JOSÉ DOS CAMPOS;354990499G;SP;Parque Tecnológico SJC (TESTES);-23,15746;-45,79441;2019-02-19 11:10:00.0;0,0
SÃO JOSÉ DOS CAMPOS;354990499G;SP;Parque Tecnológico SJC (TESTES);-23,15746;-45,79441;2019-02-19 12:10:00.0;0,0
SÃO JOSÉ DOS CAMPOS;354990499G;SP;Parque Tecnológico SJC (TESTES);-23,15746;-45,79441;2019-02-19 13:10:00.0;0,0
SÃO JOSÉ DOS CAMPOS;354990499G;SP;Parque Tecnológico SJC (TESTES);-23,15746;-45,79441;2019-02-19 14:10:00.0;0,0
SÃO JOSÉ DOS CAMPOS;354990499G;SP;Parque Tecnológico SJC (TESTES);-23,15746;-45,79441;2019-02-19 15:10:00.0;0,0
SÃO JOSÉ DOS CAMPOS;354990499G;SP;Parque Tecnológico SJC (TESTES);-23,15746;-45,79441;2019-02-19 16:10:00.0;0,0
SÃO JOSÉ DOS CAMPOS;354990499G;SP;Parque Tecnológico SJC (TESTES);-23,15746;-45,79441;2019-02-19 17:10:00.0;0,0
SÃO JOSÉ DOS CAMPOS;354990499G;SP;Parque Tecnológico SJC (TESTES);-23,15746;-45,79441;2019-02-19 18:10:00.0;0,0
SÃO JOSÉ DOS CAMPOS;354990499G;SP;Parque Tecnológico SJC (TESTES);-23,15746;-45,79441;2019-02-19 19:10:00.0;0,0
SÃO JOSÉ DOS CAMPOS;354990499G;SP;Parque Tecnológico SJC (TESTES);-23,15746;-45,79441;2019-02-19 20:10:00.0;0,0
SÃO JOSÉ DOS CAMPOS;354990499G;SP;Parque Tecnológico SJC (TESTES);-23,15746;-45,79441;2019-02-19 21:10:00.0;0,0
SÃO JOSÉ DOS CAMPOS;354990499G;SP;Parque Tecnológico SJC (TESTES);-23,15746;-45,79441;2019-02-19 22:10:00.0;0,0
SÃO JOSÉ DOS CAMPOS;354990499G;SP;Parque Tecnológico SJC (TESTES);-23,15746;-45,79441;2019-02-19 23:10:00.0;0,0
SÃO JOSÉ DOS CAMPOS;354990499G;SP;Parque Tecnológico SJC (TESTES);-23,15746;-45,79441;2019-02-20 00:10:00.0;0,0
SÃO JOSÉ DOS CAMPOS;354990499G;SP;Parque Tecnológico SJC (TESTES);-23,15746;-45,79441;2019-02-20 01:10:00.0;0,0
SÃO JOSÉ DOS CAMPOS;354990499G;SP;Parque Tecnológico SJC (TESTES);-23,15746;-45,79441;2019-02-20 02:10:00.0;0,0
SÃO JOSÉ DOS CAMPOS;354990499G;SP;Parque Tecnológico SJC (TESTES);-23,15746;-45,79441;2019-02-20 03:10:00.0;0,0
SÃO JOSÉ DOS CAMPOS;354990499G;SP;Parque Tecnológico SJC (TESTES);-23,15746;-45,79441;2019-02-20 04:10:00.0;0,0
SÃO JOSÉ DOS CAMPOS;354990499G;SP;Parque Tecnológico SJC (TESTES);-23,15746;-45,79441;2019-02-20 05:10:00.0;0,0
SÃO JOSÉ DOS CAMPOS;354990499G;SP;Parque Tecnológico SJC (TESTES);-23,15746;-45,79441;2019-02-20 06:10:00.0;0,0
SÃO JOSÉ DOS CAMPOS;354990499G;SP;Parque Tecnológico SJC (TESTES);-23,15746;-45,79441;2019-02-20 07:10:00.0;0,0
SÃO JOSÉ DOS CAMPOS;354990499G;SP;Parque Tecnológico SJC (TESTES);-23,15746;-45,79441;2019-02-20 08:10:00.0;0,0
SÃO JOSÉ DOS CAMPOS;354990499G;SP;Parque Tecnológico SJC (TESTES);-23,15746;-45,79441;2019-02-20 09:10:00.0;0,0
SÃO JOSÉ DOS CAMPOS;354990499G;SP;Parque Tecnológico SJC (TESTES);-23,15746;-45,79441;2019-02-20 10:10:00.0;0,0
SÃO JOSÉ DOS CAMPOS;354990499G;SP;Parque Tecnológico SJC (TESTES);-23,15746;-45,79441;2019-02-20 11:10:00.0;0,0
SÃO JOSÉ DOS CAMPOS;354990499G;SP;Parque Tecnológico SJC (TESTES);-23,15746;-45,79441;2019-02-20 12:10:00.0;0,0
SÃO JOSÉ DOS CAMPOS;354990499G;SP;Parque Tecnológico SJC (TESTES);-23,15746;-45,79441;2019-02-20 13:10:00.0;0,0
SÃO JOSÉ DOS CAMPOS;354990499G;SP;Parque Tecnológico SJC (TESTES);-23,15746;-45,79441;2019-02-20 14:10:00.0;0,0
SÃO JOSÉ DOS CAMPOS;354990499G;SP;Parque Tecnológico SJC (TESTES);-23,15746;-45,79441;2019-02-20 15:10:00.0;0,0
SÃO JOSÉ DOS CAMPOS;354990499G;SP;Parque Tecnológico SJC (TESTES);-23,15746;-45,79441;2019-02-20 16:10:00.0;0,0
SÃO JOSÉ DOS CAMPOS;354990499G;SP;Parque Tecnológico SJC (TESTES);-23,15746;-45,79441;2019-02-20 17:10:00.0;0,0
SÃO JOSÉ DOS CAMPOS;354990499G;SP;Parque Tecnológico SJC (TESTES);-23,15746;-45,79441;2019-02-20 18:10:00.0;0,0
SÃO JOSÉ DOS CAMPOS;354990499G;SP;Parque Tecnológico SJC (TESTES);-23,15746;-45,79441;2019-02-20 18:40:00.0;0,2
SÃO JOSÉ DOS CAMPOS;354990499G;SP;Parque Tecnológico SJC (TESTES);-23,15746;-45,79441;2019-02-20 18:50:00.0;3,2
SÃO JOSÉ DOS CAMPOS;354990499G;SP;Parque Tecnológico SJC (TESTES);-23,15746;-45,79441;2019-02-20 19:00:00.0;0,6
SÃO JOSÉ DOS CAMPOS;354990499G;SP;Parque Tecnológico SJC (TESTES);-23,15746;-45,79441;2019-02-20 20:10:00.0;0,0
SÃO JOSÉ DOS CAMPOS;354990499G;SP;Parque Tecnológico SJC (TESTES);-23,15746;-45,79441;2019-02-20 21:10:00.0;0,0
SÃO JOSÉ DOS CAMPOS;354990499G;SP;Parque Tecnológico SJC (TESTES);-23,15746;-45,79441;2019-02-20 22:10:00.0;0,0
SÃO JOSÉ DOS CAMPOS;354990499G;SP;Parque Tecnológico SJC (TESTES);-23,15746;-45,79441;2019-02-20 23:10:00.0;0,0
SÃO JOSÉ DOS CAMPOS;354990499G;SP;Parque Tecnológico SJC (TESTES);-23,15746;-45,79441;2019-02-21 00:10:00.0;0,0
SÃO JOSÉ DOS CAMPOS;354990499G;SP;Parque Tecnológico SJC (TESTES);-23,15746;-45,79441;2019-02-21 01:10:00.0;0,0
SÃO JOSÉ DOS CAMPOS;354990499G;SP;Parque Tecnológico SJC (TESTES);-23,15746;-45,79441;2019-02-21 02:10:00.0;0,2
SÃO JOSÉ DOS CAMPOS;354990499G;SP;Parque Tecnológico SJC (TESTES);-23,15746;-45,79441;2019-02-21 03:10:00.0;0,0
SÃO JOSÉ DOS CAMPOS;354990499G;SP;Parque Tecnológico SJC (TESTES);-23,15746;-45,79441;2019-02-21 04:10:00.0;0,0
SÃO JOSÉ DOS CAMPOS;354990499G;SP;Parque Tecnológico SJC (TESTES);-23,15746;-45,79441;2019-02-21 05:10:00.0;0,0
SÃO JOSÉ DOS CAMPOS;354990499G;SP;Parque Tecnológico SJC (TESTES);-23,15746;-45,79441;2019-02-21 06:10:00.0;0,0
SÃO JOSÉ DOS CAMPOS;354990499G;SP;Parque Tecnológico SJC (TESTES);-23,15746;-45,79441;2019-02-21 07:10:00.0;0,0
SÃO JOSÉ DOS CAMPOS;354990499G;SP;Parque Tecnológico SJC (TESTES);-23,15746;-45,79441;2019-02-21 08:10:00.0;0,0
SÃO JOSÉ DOS CAMPOS;354990499G;SP;Parque Tecnológico SJC (TESTES);-23,15746;-45,79441;2019-02-21 09:10:00.0;0,0
SÃO JOSÉ DOS CAMPOS;354990499G;SP;Parque Tecnológico SJC (TESTES);-23,15746;-45,79441;2019-02-21 10:10:00.0;0,0
SÃO JOSÉ DOS CAMPOS;354990499G;SP;Parque Tecnológico SJC (TESTES);-23,15746;-45,79441;2019-02-21 11:10:00.0;0,0
SÃO JOSÉ DOS CAMPOS;354990499G;SP;Parque Tecnológico SJC (TESTES);-23,15746;-45,79441;2019-02-21 12:10:00.0;0,0
SÃO JOSÉ DOS CAMPOS;354990499G;SP;Parque Tecnológico SJC (TESTES);-23,15746;-45,79441;2019-02-21 13:10:00.0;0,0
SÃO JOSÉ DOS CAMPOS;354990499G;SP;Parque Tecnológico SJC (TESTES);-23,15746;-45,79441;2019-02-21 14:10:00.0;0,0
SÃO JOSÉ DOS CAMPOS;354990499G;SP;Parque Tecnológico SJC (TESTES);-23,15746;-45,79441;2019-02-21 15:10:00.0;0,0
SÃO JOSÉ DOS CAMPOS;354990499G;SP;Parque Tecnológico SJC (TESTES);-23,15746;-45,79441;2019-02-21 16:10:00.0;0,0
SÃO JOSÉ DOS CAMPOS;354990499G;SP;Parque Tecnológico SJC (TESTES);-23,15746;-45,79441;2019-02-21 17:10:00.0;0,0
SÃO JOSÉ DOS CAMPOS;354990499G;SP;Parque Tecnológico SJC (TESTES);-23,15746;-45,79441;2019-02-21 18:10:00.0;0,0
SÃO JOSÉ DOS CAMPOS;354990499G;SP;Parque Tecnológico SJC (TESTES);-23,15746;-45,79441;2019-02-21 19:10:00.0;0,0
SÃO JOSÉ DOS CAMPOS;354990499G;SP;Parque Tecnológico SJC (TESTES);-23,15746;-45,79441;2019-02-21 20:10:00.0;0,0
SÃO JOSÉ DOS CAMPOS;354990499G;SP;Parque Tecnológico SJC (TESTES);-23,15746;-45,79441;2019-02-21 21:10:00.0;0,8
SÃO JOSÉ DOS CAMPOS;354990499G;SP;Parque Tecnológico SJC (TESTES);-23,15746;-45,79441;2019-02-21 21:20:00.0;1,2
SÃO JOSÉ DOS CAMPOS;354990499G;SP;Parque Tecnológico SJC (TESTES);-23,15746;-45,79441;2019-02-21 21:30:00.0;2,8
SÃO JOSÉ DOS CAMPOS;354990499G;SP;Parque Tecnológico SJC (TESTES);-23,15746;-45,79441;2019-02-21 21:40:00.0;0,8
SÃO JOSÉ DOS CAMPOS;354990499G;SP;Parque Tecnológico SJC (TESTES);-23,15746;-45,79441;2019-02-21 22:10:00.0;0,0
SÃO JOSÉ DOS CAMPOS;354990499G;SP;Parque Tecnológico SJC (TESTES);-23,15746;-45,79441;2019-02-21 22:40:00.0;0,2
SÃO JOSÉ DOS CAMPOS;354990499G;SP;Parque Tecnológico SJC (TESTES);-23,15746;-45,79441;2019-02-21 23:00:00.0;0,2
SÃO JOSÉ DOS CAMPOS;354990499G;SP;Parque Tecnológico SJC (TESTES);-23,15746;-45,79441;2019-02-22 00:10:00.0;0,0
SÃO JOSÉ DOS CAMPOS;354990499G;SP;Parque Tecnológico SJC (TESTES);-23,15746;-45,79441;2019-02-22 01:10:00.0;0,0
SÃO JOSÉ DOS CAMPOS;354990499G;SP;Parque Tecnológico SJC (TESTES);-23,15746;-45,79441;2019-02-22 02:10:00.0;0,0
SÃO JOSÉ DOS CAMPOS;354990499G;SP;Parque Tecnológico SJC (TESTES);-23,15746;-45,79441;2019-02-22 02:40:00.0;0,2
SÃO JOSÉ DOS CAMPOS;354990499G;SP;Parque Tecnológico SJC (TESTES);-23,15746;-45,79441;2019-02-22 03:10:00.0;0,0
SÃO JOSÉ DOS CAMPOS;354990499G;SP;Parque Tecnológico SJC (TESTES);-23,15746;-45,79441;2019-02-22 04:10:00.0;0,0
SÃO JOSÉ DOS CAMPOS;354990499G;SP;Parque Tecnológico SJC (TESTES);-23,15746;-45,79441;2019-02-22 05:10:00.0;0,0
SÃO JOSÉ DOS CAMPOS;354990499G;SP;Parque Tecnológico SJC (TESTES);-23,15746;-45,79441;2019-02-22 06:10:00.0;0,0
SÃO JOSÉ DOS CAMPOS;354990499G;SP;Parque Tecnológico SJC (TESTES);-23,15746;-45,79441;2019-02-22 07:10:00.0;0,0
SÃO JOSÉ DOS CAMPOS;354990499G;SP;Parque Tecnológico SJC (TESTES);-23,15746;-45,79441;2019-02-22 08:10:00.0;0,0
SÃO JOSÉ DOS CAMPOS;354990499G;SP;Parque Tecnológico SJC (TESTES);-23,15746;-45,79441;2019-02-22 09:10:00.0;0,0
SÃO JOSÉ DOS CAMPOS;354990499G;SP;Parque Tecnológico SJC (TESTES);-23,15746;-45,79441;2019-02-22 10:10:00.0;0,0
SÃO JOSÉ DOS CAMPOS;354990499G;SP;Parque Tecnológico SJC (TESTES);-23,15746;-45,79441;2019-02-22 11:10:00.0;0,0
SÃO JOSÉ DOS CAMPOS;354990499G;SP;Parque Tecnológico SJC (TESTES);-23,15746;-45,79441;2019-02-22 12:10:00.0;0,0
SÃO JOSÉ DOS CAMPOS;354990499G;SP;Parque Tecnológico SJC (TESTES);-23,15746;-45,79441;2019-02-22 13:10:00.0;0,0
SÃO JOSÉ DOS CAMPOS;354990499G;SP;Parque Tecnológico SJC (TESTES);-23,15746;-45,79441;2019-02-22 14:10:00.0;0,0
SÃO JOSÉ DOS CAMPOS;354990499G;SP;Parque Tecnológico SJC (TESTES);-23,15746;-45,79441;2019-02-22 15:10:00.0;0,0
SÃO JOSÉ DOS CAMPOS;354990499G;SP;Parque Tecnológico SJC (TESTES);-23,15746;-45,79441;2019-02-22 16:10:00.0;0,0
SÃO JOSÉ DOS CAMPOS;354990499G;SP;Parque Tecnológico SJC (TESTES);-23,15746;-45,79441;2019-02-22 16:40:00.0;0,2
SÃO JOSÉ DOS CAMPOS;354990499G;SP;Parque Tecnológico SJC (TESTES);-23,15746;-45,79441;2019-02-22 17:10:00.0;0,0
SÃO JOSÉ DOS CAMPOS;354990499G;SP;Parque Tecnológico SJC (TESTES);-23,15746;-45,79441;2019-02-22 17:40:00.0;0,6
SÃO JOSÉ DOS CAMPOS;354990499G;SP;Parque Tecnológico SJC (TESTES);-23,15746;-45,79441;2019-02-22 17:50:00.0;5,8
SÃO JOSÉ DOS CAMPOS;354990499G;SP;Parque Tecnológico SJC (TESTES);-23,15746;-45,79441;2019-02-22 18:00:00.0;2,0
SÃO JOSÉ DOS CAMPOS;354990499G;SP;Parque Tecnológico SJC (TESTES);-23,15746;-45,79441;2019-02-22 18:10:00.0;0,2
SÃO JOSÉ DOS CAMPOS;354990499G;SP;Parque Tecnológico SJC (TESTES);-23,15746;-45,79441;2019-02-22 18:20:00.0;0,4
SÃO JOSÉ DOS CAMPOS;354990499G;SP;Parque Tecnológico SJC (TESTES);-23,15746;-45,79441;2019-02-22 18:30:00.0;0,6
SÃO JOSÉ DOS CAMPOS;354990499G;SP;Parque Tecnológico SJC (TESTES);-23,15746;-45,79441;2019-02-22 18:40:00.0;0,8
SÃO JOSÉ DOS CAMPOS;354990499G;SP;Parque Tecnológico SJC (TESTES);-23,15746;-45,79441;2019-02-22 18:50:00.0;1,6
SÃO JOSÉ DOS CAMPOS;354990499G;SP;Parque Tecnológico SJC (TESTES);-23,15746;-45,79441;2019-02-22 19:00:00.0;2,6
SÃO JOSÉ DOS CAMPOS;354990499G;SP;Parque Tecnológico SJC (TESTES);-23,15746;-45,79441;2019-02-22 19:10:00.0;2,6
SÃO JOSÉ DOS CAMPOS;354990499G;SP;Parque Tecnológico SJC (TESTES);-23,15746;-45,79441;2019-02-22 19:20:00.0;0,8
SÃO JOSÉ DOS CAMPOS;354990499G;SP;Parque Tecnológico SJC (TESTES);-23,15746;-45,79441;2019-02-22 19:30:00.0;0,4
SÃO JOSÉ DOS CAMPOS;354990499G;SP;Parque Tecnológico SJC (TESTES);-23,15746;-45,79441;2019-02-22 19:50:00.0;0,4
SÃO JOSÉ DOS CAMPOS;354990499G;SP;Parque Tecnológico SJC (TESTES);-23,15746;-45,79441;2019-02-22 20:00:00.0;0,2
SÃO JOSÉ DOS CAMPOS;354990499G;SP;Parque Tecnológico SJC (TESTES);-23,15746;-45,79441;2019-02-22 20:20:00.0;0,2
SÃO JOSÉ DOS CAMPOS;354990499G;SP;Parque Tecnológico SJC (TESTES);-23,15746;-45,79441;2019-02-22 20:30:00.0;0,4
SÃO JOSÉ DOS CAMPOS;354990499G;SP;Parque Tecnológico SJC (TESTES);-23,15746;-45,79441;2019-02-22 20:40:00.0;0,4
SÃO JOSÉ DOS CAMPOS;354990499G;SP;Parque Tecnológico SJC (TESTES);-23,15746;-45,79441;2019-02-22 20:50:00.0;0,4
SÃO JOSÉ DOS CAMPOS;354990499G;SP;Parque Tecnológico SJC (TESTES);-23,15746;-45,79441;2019-02-22 21:00:00.0;0,4
SÃO JOSÉ DOS CAMPOS;354990499G;SP;Parque Tecnológico SJC (TESTES);-23,15746;-45,79441;2019-02-22 21:10:00.0;0,2
SÃO JOSÉ DOS CAMPOS;354990499G;SP;Parque Tecnológico SJC (TESTES);-23,15746;-45,79441;2019-02-22 21:20:00.0;0,2
SÃO JOSÉ DOS CAMPOS;354990499G;SP;Parque Tecnológico SJC (TESTES);-23,15746;-45,79441;2019-02-22 21:40:00.0;0,2
SÃO JOSÉ DOS CAMPOS;354990499G;SP;Parque Tecnológico SJC (TESTES);-23,15746;-45,79441;2019-02-22 22:10:00.0;0,0
SÃO JOSÉ DOS CAMPOS;354990499G;SP;Parque Tecnológico SJC (TESTES);-23,15746;-45,79441;2019-02-22 22:20:00.0;0,2
SÃO JOSÉ DOS CAMPOS;354990499G;SP;Parque Tecnológico SJC (TESTES);-23,15746;-45,79441;2019-02-22 22:30:00.0;0,2
SÃO JOSÉ DOS CAMPOS;354990499G;SP;Parque Tecnológico SJC (TESTES);-23,15746;-45,79441;2019-02-22 22:40:00.0;0,4
SÃO JOSÉ DOS CAMPOS;354990499G;SP;Parque Tecnológico SJC (TESTES);-23,15746;-45,79441;2019-02-22 23:00:00.0;0,2
SÃO JOSÉ DOS CAMPOS;354990499G;SP;Parque Tecnológico SJC (TESTES);-23,15746;-45,79441;2019-02-23 00:10:00.0;0,0
SÃO JOSÉ DOS CAMPOS;354990499G;SP;Parque Tecnológico SJC (TESTES);-23,15746;-45,79441;2019-02-23 01:10:00.0;0,0
SÃO JOSÉ DOS CAMPOS;354990499G;SP;Parque Tecnológico SJC (TESTES);-23,15746;-45,79441;2019-02-23 02:10:00.0;0,0
SÃO JOSÉ DOS CAMPOS;354990499G;SP;Parque Tecnológico SJC (TESTES);-23,15746;-45,79441;2019-02-23 03:10:00.0;0,0
SÃO JOSÉ DOS CAMPOS;354990499G;SP;Parque Tecnológico SJC (TESTES);-23,15746;-45,79441;2019-02-23 04:10:00.0;0,0
SÃO JOSÉ DOS CAMPOS;354990499G;SP;Parque Tecnológico SJC (TESTES);-23,15746;-45,79441;2019-02-23 05:10:00.0;0,0
SÃO JOSÉ DOS CAMPOS;354990499G;SP;Parque Tecnológico SJC (TESTES);-23,15746;-45,79441;2019-02-23 06:10:00.0;0,0
SÃO JOSÉ DOS CAMPOS;354990499G;SP;Parque Tecnológico SJC (TESTES);-23,15746;-45,79441;2019-02-23 07:10:00.0;0,0
SÃO JOSÉ DOS CAMPOS;354990499G;SP;Parque Tecnológico SJC (TESTES);-23,15746;-45,79441;2019-02-23 08:10:00.0;0,0
SÃO JOSÉ DOS CAMPOS;354990499G;SP;Parque Tecnológico SJC (TESTES);-23,15746;-45,79441;2019-02-23 09:10:00.0;0,0
SÃO JOSÉ DOS CAMPOS;354990499G;SP;Parque Tecnológico SJC (TESTES);-23,15746;-45,79441;2019-02-23 10:10:00.0;0,0
SÃO JOSÉ DOS CAMPOS;354990499G;SP;Parque Tecnológico SJC (TESTES);-23,15746;-45,79441;2019-02-23 11:10:00.0;0,0
SÃO JOSÉ DOS CAMPOS;354990499G;SP;Parque Tecnológico SJC (TESTES);-23,15746;-45,79441;2019-02-23 12:10:00.0;0,0
SÃO JOSÉ DOS CAMPOS;354990499G;SP;Parque Tecnológico SJC (TESTES);-23,15746;-45,79441;2019-02-23 13:10:00.0;0,0
SÃO JOSÉ DOS CAMPOS;354990499G;SP;Parque Tecnológico SJC (TESTES);-23,15746;-45,79441;2019-02-23 14:10:00.0;0,0
SÃO JOSÉ DOS CAMPOS;354990499G;SP;Parque Tecnológico SJC (TESTES);-23,15746;-45,79441;2019-02-23 15:10:00.0;0,0
SÃO JOSÉ DOS CAMPOS;354990499G;SP;Parque Tecnológico SJC (TESTES);-23,15746;-45,79441;2019-02-23 16:10:00.0;0,0
SÃO JOSÉ DOS CAMPOS;354990499G;SP;Parque Tecnológico SJC (TESTES);-23,15746;-45,79441;2019-02-23 17:10:00.0;0,0
SÃO JOSÉ DOS CAMPOS;354990499G;SP;Parque Tecnológico SJC (TESTES);-23,15746;-45,79441;2019-02-23 18:10:00.0;0,0
SÃO JOSÉ DOS CAMPOS;354990499G;SP;Parque Tecnológico SJC (TESTES);-23,15746;-45,79441;2019-02-23 19:10:00.0;0,0
SÃO JOSÉ DOS CAMPOS;354990499G;SP;Parque Tecnológico SJC (TESTES);-23,15746;-45,79441;2019-02-23 20:10:00.0;0,0
SÃO JOSÉ DOS CAMPOS;354990499G;SP;Parque Tecnológico SJC (TESTES);-23,15746;-45,79441;2019-02-23 21:10:00.0;0,0
SÃO JOSÉ DOS CAMPOS;354990499G;SP;Parque Tecnológico SJC (TESTES);-23,15746;-45,79441;2019-02-23 22:10:00.0;0,0
SÃO JOSÉ DOS CAMPOS;354990499G;SP;Parque Tecnológico SJC (TESTES);-23,15746;-45,79441;2019-02-23 23:10:00.0;0,0
SÃO JOSÉ DOS CAMPOS;354990499G;SP;Parque Tecnológico SJC (TESTES);-23,15746;-45,79441;2019-02-24 00:10:00.0;0,0
SÃO JOSÉ DOS CAMPOS;354990499G;SP;Parque Tecnológico SJC (TESTES);-23,15746;-45,79441;2019-02-24 01:10:00.0;0,0
SÃO JOSÉ DOS CAMPOS;354990499G;SP;Parque Tecnológico SJC (TESTES);-23,15746;-45,79441;2019-02-24 02:10:00.0;0,0
SÃO JOSÉ DOS CAMPOS;354990499G;SP;Parque Tecnológico SJC (TESTES);-23,15746;-45,79441;2019-02-24 03:10:00.0;0,0
SÃO JOSÉ DOS CAMPOS;354990499G;SP;Parque Tecnológico SJC (TESTES);-23,15746;-45,79441;2019-02-24 04:10:00.0;0,0
SÃO JOSÉ DOS CAMPOS;354990499G;SP;Parque Tecnológico SJC (TESTES);-23,15746;-45,79441;2019-02-24 05:10:00.0;0,0
SÃO JOSÉ DOS CAMPOS;354990499G;SP;Parque Tecnológico SJC (TESTES);-23,15746;-45,79441;2019-02-24 06:10:00.0;0,0
SÃO JOSÉ DOS CAMPOS;354990499G;SP;Parque Tecnológico SJC (TESTES);-23,15746;-45,79441;2019-02-24 07:10:00.0;0,0
SÃO JOSÉ DOS CAMPOS;354990499G;SP;Parque Tecnológico SJC (TESTES);-23,15746;-45,79441;2019-02-24 08:10:00.0;0,0
SÃO JOSÉ DOS CAMPOS;354990499G;SP;Parque Tecnológico SJC (TESTES);-23,15746;-45,79441;2019-02-24 09:10:00.0;0,0
SÃO JOSÉ DOS CAMPOS;354990499G;SP;Parque Tecnológico SJC (TESTES);-23,15746;-45,79441;2019-02-24 10:10:00.0;0,0
SÃO JOSÉ DOS CAMPOS;354990499G;SP;Parque Tecnológico SJC (TESTES);-23,15746;-45,79441;2019-02-24 11:10:00.0;0,0
SÃO JOSÉ DOS CAMPOS;354990499G;SP;Parque Tecnológico SJC (TESTES);-23,15746;-45,79441;2019-02-24 12:10:00.0;0,0
SÃO JOSÉ DOS CAMPOS;354990499G;SP;Parque Tecnológico SJC (TESTES);-23,15746;-45,79441;2019-02-24 13:10:00.0;0,0
SÃO JOSÉ DOS CAMPOS;354990499G;SP;Parque Tecnológico SJC (TESTES);-23,15746;-45,79441;2019-02-24 14:10:00.0;0,0
SÃO JOSÉ DOS CAMPOS;354990499G;SP;Parque Tecnológico SJC (TESTES);-23,15746;-45,79441;2019-02-24 15:10:00.0;0,0
SÃO JOSÉ DOS CAMPOS;354990499G;SP;Parque Tecnológico SJC (TESTES);-23,15746;-45,79441;2019-02-24 16:00:00.0;0,4
SÃO JOSÉ DOS CAMPOS;354990499G;SP;Parque Tecnológico SJC (TESTES);-23,15746;-45,79441;2019-02-24 16:10:00.0;2,8
SÃO JOSÉ DOS CAMPOS;354990499G;SP;Parque Tecnológico SJC (TESTES);-23,15746;-45,79441;2019-02-24 17:10:00.0;0,0
SÃO JOSÉ DOS CAMPOS;354990499G;SP;Parque Tecnológico SJC (TESTES);-23,15746;-45,79441;2019-02-24 18:10:00.0;0,0
SÃO JOSÉ DOS CAMPOS;354990499G;SP;Parque Tecnológico SJC (TESTES);-23,15746;-45,79441;2019-02-24 19:10:00.0;0,0
SÃO JOSÉ DOS CAMPOS;354990499G;SP;Parque Tecnológico SJC (TESTES);-23,15746;-45,79441;2019-02-24 20:10:00.0;0,0
SÃO JOSÉ DOS CAMPOS;354990499G;SP;Parque Tecnológico SJC (TESTES);-23,15746;-45,79441;2019-02-24 21:10:00.0;0,0
SÃO JOSÉ DOS CAMPOS;354990499G;SP;Parque Tecnológico SJC (TESTES);-23,15746;-45,79441;2019-02-24 22:10:00.0;0,0
SÃO JOSÉ DOS CAMPOS;354990499G;SP;Parque Tecnológico SJC (TESTES);-23,15746;-45,79441;2019-02-24 23:10:00.0;0,0
SÃO JOSÉ DOS CAMPOS;354990499G;SP;Parque Tecnológico SJC (TESTES);-23,15746;-45,79441;2019-02-25 00:10:00.0;0,0
SÃO JOSÉ DOS CAMPOS;354990499G;SP;Parque Tecnológico SJC (TESTES);-23,15746;-45,79441;2019-02-25 01:10:00.0;0,0
SÃO JOSÉ DOS CAMPOS;354990499G;SP;Parque Tecnológico SJC (TESTES);-23,15746;-45,79441;2019-02-25 02:10:00.0;0,0
SÃO JOSÉ DOS CAMPOS;354990499G;SP;Parque Tecnológico SJC (TESTES);-23,15746;-45,79441;2019-02-25 03:10:00.0;0,0
SÃO JOSÉ DOS CAMPOS;354990499G;SP;Parque Tecnológico SJC (TESTES);-23,15746;-45,79441;2019-02-25 04:10:00.0;0,0
SÃO JOSÉ DOS CAMPOS;354990499G;SP;Parque Tecnológico SJC (TESTES);-23,15746;-45,79441;2019-02-25 05:10:00.0;0,0
SÃO JOSÉ DOS CAMPOS;354990499G;SP;Parque Tecnológico SJC (TESTES);-23,15746;-45,79441;2019-02-25 06:10:00.0;0,0
SÃO JOSÉ DOS CAMPOS;354990499G;SP;Parque Tecnológico SJC (TESTES);-23,15746;-45,79441;2019-02-25 07:10:00.0;0,0
SÃO JOSÉ DOS CAMPOS;354990499G;SP;Parque Tecnológico SJC (TESTES);-23,15746;-45,79441;2019-02-25 08:10:00.0;0,0
SÃO JOSÉ DOS CAMPOS;354990499G;SP;Parque Tecnológico SJC (TESTES);-23,15746;-45,79441;2019-02-25 09:10:00.0;0,0
SÃO JOSÉ DOS CAMPOS;354990499G;SP;Parque Tecnológico SJC (TESTES);-23,15746;-45,79441;2019-02-25 10:10:00.0;0,0
SÃO JOSÉ DOS CAMPOS;354990499G;SP;Parque Tecnológico SJC (TESTES);-23,15746;-45,79441;2019-02-25 11:10:00.0;0,0
SÃO JOSÉ DOS CAMPOS;354990499G;SP;Parque Tecnológico SJC (TESTES);-23,15746;-45,79441;2019-02-25 12:10:00.0;0,0
SÃO JOSÉ DOS CAMPOS;354990499G;SP;Parque Tecnológico SJC (TESTES);-23,15746;-45,79441;2019-02-25 13:10:00.0;0,0
SÃO JOSÉ DOS CAMPOS;354990499G;SP;Parque Tecnológico SJC (TESTES);-23,15746;-45,79441;2019-02-25 14:10:00.0;0,0
SÃO JOSÉ DOS CAMPOS;354990499G;SP;Parque Tecnológico SJC (TESTES);-23,15746;-45,79441;2019-02-25 15:10:00.0;0,0
SÃO JOSÉ DOS CAMPOS;354990499G;SP;Parque Tecnológico SJC (TESTES);-23,15746;-45,79441;2019-02-25 16:10:00.0;0,0
SÃO JOSÉ DOS CAMPOS;354990499G;SP;Parque Tecnológico SJC (TESTES);-23,15746;-45,79441;2019-02-25 17:10:00.0;0,0
SÃO JOSÉ DOS CAMPOS;354990499G;SP;Parque Tecnológico SJC (TESTES);-23,15746;-45,79441;2019-02-25 18:10:00.0;0,0
SÃO JOSÉ DOS CAMPOS;354990499G;SP;Parque Tecnológico SJC (TESTES);-23,15746;-45,79441;2019-02-25 19:10:00.0;0,0
SÃO JOSÉ DOS CAMPOS;354990499G;SP;Parque Tecnológico SJC (TESTES);-23,15746;-45,79441;2019-02-25 20:10:00.0;0,0
SÃO JOSÉ DOS CAMPOS;354990499G;SP;Parque Tecnológico SJC (TESTES);-23,15746;-45,79441;2019-02-25 20:20:00.0;0,2
SÃO JOSÉ DOS CAMPOS;354990499G;SP;Parque Tecnológico SJC (TESTES);-23,15746;-45,79441;2019-02-25 20:30:00.0;0,4
SÃO JOSÉ DOS CAMPOS;354990499G;SP;Parque Tecnológico SJC (TESTES);-23,15746;-45,79441;2019-02-25 20:40:00.0;1,2
SÃO JOSÉ DOS CAMPOS;354990499G;SP;Parque Tecnológico SJC (TESTES);-23,15746;-45,79441;2019-02-25 20:50:00.0;0,4
SÃO JOSÉ DOS CAMPOS;354990499G;SP;Parque Tecnológico SJC (TESTES);-23,15746;-45,79441;2019-02-25 21:00:00.0;0,6
SÃO JOSÉ DOS CAMPOS;354990499G;SP;Parque Tecnológico SJC (TESTES);-23,15746;-45,79441;2019-02-25 21:10:00.0;1,4
SÃO JOSÉ DOS CAMPOS;354990499G;SP;Parque Tecnológico SJC (TESTES);-23,15746;-45,79441;2019-02-25 21:20:00.0;0,4
SÃO JOSÉ DOS CAMPOS;354990499G;SP;Parque Tecnológico SJC (TESTES);-23,15746;-45,79441;2019-02-25 21:30:00.0;0,2
SÃO JOSÉ DOS CAMPOS;354990499G;SP;Parque Tecnológico SJC (TESTES);-23,15746;-45,79441;2019-02-25 21:40:00.0;0,2
SÃO JOSÉ DOS CAMPOS;354990499G;SP;Parque Tecnológico SJC (TESTES);-23,15746;-45,79441;2019-02-25 22:10:00.0;0,0
SÃO JOSÉ DOS CAMPOS;354990499G;SP;Parque Tecnológico SJC (TESTES);-23,15746;-45,79441;2019-02-25 23:10:00.0;0,0
SÃO JOSÉ DOS CAMPOS;354990499G;SP;Parque Tecnológico SJC (TESTES);-23,15746;-45,79441;2019-02-26 00:10:00.0;0,0
SÃO JOSÉ DOS CAMPOS;354990499G;SP;Parque Tecnológico SJC (TESTES);-23,15746;-45,79441;2019-02-26 01:10:00.0;0,0
SÃO JOSÉ DOS CAMPOS;354990499G;SP;Parque Tecnológico SJC (TESTES);-23,15746;-45,79441;2019-02-26 01:30:00.0;0,2
SÃO JOSÉ DOS CAMPOS;354990499G;SP;Parque Tecnológico SJC (TESTES);-23,15746;-45,79441;2019-02-26 02:10:00.0;0,0
SÃO JOSÉ DOS CAMPOS;354990499G;SP;Parque Tecnológico SJC (TESTES);-23,15746;-45,79441;2019-02-26 02:50:00.0;0,2
SÃO JOSÉ DOS CAMPOS;354990499G;SP;Parque Tecnológico SJC (TESTES);-23,15746;-45,79441;2019-02-26 03:10:00.0;0,0
SÃO JOSÉ DOS CAMPOS;354990499G;SP;Parque Tecnológico SJC (TESTES);-23,15746;-45,79441;2019-02-26 03:20:00.0;0,2
SÃO JOSÉ DOS CAMPOS;354990499G;SP;Parque Tecnológico SJC (TESTES);-23,15746;-45,79441;2019-02-26 03:30:00.0;2,2
SÃO JOSÉ DOS CAMPOS;354990499G;SP;Parque Tecnológico SJC (TESTES);-23,15746;-45,79441;2019-02-26 03:40:00.0;2,0
SÃO JOSÉ DOS CAMPOS;354990499G;SP;Parque Tecnológico SJC (TESTES);-23,15746;-45,79441;2019-02-26 03:50:00.0;0,6
SÃO JOSÉ DOS CAMPOS;354990499G;SP;Parque Tecnológico SJC (TESTES);-23,15746;-45,79441;2019-02-26 04:00:00.0;0,8
SÃO JOSÉ DOS CAMPOS;354990499G;SP;Parque Tecnológico SJC (TESTES);-23,15746;-45,79441;2019-02-26 04:10:00.0;0,2
SÃO JOSÉ DOS CAMPOS;354990499G;SP;Parque Tecnológico SJC (TESTES);-23,15746;-45,79441;2019-02-26 04:20:00.0;0,6
SÃO JOSÉ DOS CAMPOS;354990499G;SP;Parque Tecnológico SJC (TESTES);-23,15746;-45,79441;2019-02-26 04:30:00.0;0,8
SÃO JOSÉ DOS CAMPOS;354990499G;SP;Parque Tecnológico SJC (TESTES);-23,15746;-45,79441;2019-02-26 04:40:00.0;0,6
SÃO JOSÉ DOS CAMPOS;354990499G;SP;Parque Tecnológico SJC (TESTES);-23,15746;-45,79441;2019-02-26 04:50:00.0;0,4
SÃO JOSÉ DOS CAMPOS;354990499G;SP;Parque Tecnológico SJC (TESTES);-23,15746;-45,79441;2019-02-26 05:00:00.0;0,4
SÃO JOSÉ DOS CAMPOS;354990499G;SP;Parque Tecnológico SJC (TESTES);-23,15746;-45,79441;2019-02-26 05:10:00.0;1,6
SÃO JOSÉ DOS CAMPOS;354990499G;SP;Parque Tecnológico SJC (TESTES);-23,15746;-45,79441;2019-02-26 05:20:00.0;1,8
SÃO JOSÉ DOS CAMPOS;354990499G;SP;Parque Tecnológico SJC (TESTES);-23,15746;-45,79441;2019-02-26 05:30:00.0;0,8
SÃO JOSÉ DOS CAMPOS;354990499G;SP;Parque Tecnológico SJC (TESTES);-23,15746;-45,79441;2019-02-26 05:40:00.0;0,8
SÃO JOSÉ DOS CAMPOS;354990499G;SP;Parque Tecnológico SJC (TESTES);-23,15746;-45,79441;2019-02-26 05:50:00.0;0,4
SÃO JOSÉ DOS CAMPOS;354990499G;SP;Parque Tecnológico SJC (TESTES);-23,15746;-45,79441;2019-02-26 06:00:00.0;1,0
SÃO JOSÉ DOS CAMPOS;354990499G;SP;Parque Tecnológico SJC (TESTES);-23,15746;-45,79441;2019-02-26 06:10:00.0;1,2
SÃO JOSÉ DOS CAMPOS;354990499G;SP;Parque Tecnológico SJC (TESTES);-23,15746;-45,79441;2019-02-26 06:20:00.0;0,6
SÃO JOSÉ DOS CAMPOS;354990499G;SP;Parque Tecnológico SJC (TESTES);-23,15746;-45,79441;2019-02-26 06:30:00.0;0,4
SÃO JOSÉ DOS CAMPOS;354990499G;SP;Parque Tecnológico SJC (TESTES);-23,15746;-45,79441;2019-02-26 06:40:00.0;0,8
SÃO JOSÉ DOS CAMPOS;354990499G;SP;Parque Tecnológico SJC (TESTES);-23,15746;-45,79441;2019-02-26 06:50:00.0;0,4
SÃO JOSÉ DOS CAMPOS;354990499G;SP;Parque Tecnológico SJC (TESTES);-23,15746;-45,79441;2019-02-26 07:00:00.0;0,4
SÃO JOSÉ DOS CAMPOS;354990499G;SP;Parque Tecnológico SJC (TESTES);-23,15746;-45,79441;2019-02-26 07:10:00.0;0,2
SÃO JOSÉ DOS CAMPOS;354990499G;SP;Parque Tecnológico SJC (TESTES);-23,15746;-45,79441;2019-02-26 07:20:00.0;0,2
SÃO JOSÉ DOS CAMPOS;354990499G;SP;Parque Tecnológico SJC (TESTES);-23,15746;-45,79441;2019-02-26 07:30:00.0;0,2
SÃO JOSÉ DOS CAMPOS;354990499G;SP;Parque Tecnológico SJC (TESTES);-23,15746;-45,79441;2019-02-26 07:40:00.0;0,2
SÃO JOSÉ DOS CAMPOS;354990499G;SP;Parque Tecnológico SJC (TESTES);-23,15746;-45,79441;2019-02-26 07:50:00.0;0,2
SÃO JOSÉ DOS CAMPOS;354990499G;SP;Parque Tecnológico SJC (TESTES);-23,15746;-45,79441;2019-02-26 08:10:00.0;0,2
SÃO JOSÉ DOS CAMPOS;354990499G;SP;Parque Tecnológico SJC (TESTES);-23,15746;-45,79441;2019-02-26 08:50:00.0;0,2
SÃO JOSÉ DOS CAMPOS;354990499G;SP;Parque Tecnológico SJC (TESTES);-23,15746;-45,79441;2019-02-26 09:10:00.0;0,0
SÃO JOSÉ DOS CAMPOS;354990499G;SP;Parque Tecnológico SJC (TESTES);-23,15746;-45,79441;2019-02-26 10:10:00.0;0,0
SÃO JOSÉ DOS CAMPOS;354990499G;SP;Parque Tecnológico SJC (TESTES);-23,15746;-45,79441;2019-02-26 11:10:00.0;0,0
SÃO JOSÉ DOS CAMPOS;354990499G;SP;Parque Tecnológico SJC (TESTES);-23,15746;-45,79441;2019-02-26 11:30:00.0;1,8
SÃO JOSÉ DOS CAMPOS;354990499G;SP;Parque Tecnológico SJC (TESTES);-23,15746;-45,79441;2019-02-26 11:40:00.0;2,0
SÃO JOSÉ DOS CAMPOS;354990499G;SP;Parque Tecnológico SJC (TESTES);-23,15746;-45,79441;2019-02-26 11:50:00.0;1,0
SÃO JOSÉ DOS CAMPOS;354990499G;SP;Parque Tecnológico SJC (TESTES);-23,15746;-45,79441;2019-02-26 12:00:00.0;0,2
SÃO JOSÉ DOS CAMPOS;354990499G;SP;Parque Tecnológico SJC (TESTES);-23,15746;-45,79441;2019-02-26 12:10:00.0;0,0
SÃO JOSÉ DOS CAMPOS;354990499G;SP;Parque Tecnológico SJC (TESTES);-23,15746;-45,79441;2019-02-26 12:20:00.0;0,2
SÃO JOSÉ DOS CAMPOS;354990499G;SP;Parque Tecnológico SJC (TESTES);-23,15746;-45,79441;2019-02-26 13:10:00.0;0,0
SÃO JOSÉ DOS CAMPOS;354990499G;SP;Parque Tecnológico SJC (TESTES);-23,15746;-45,79441;2019-02-26 14:10:00.0;0,0
SÃO JOSÉ DOS CAMPOS;354990499G;SP;Parque Tecnológico SJC (TESTES);-23,15746;-45,79441;2019-02-26 16:20:00.0;0,0
SÃO JOSÉ DOS CAMPOS;354990499G;SP;Parque Tecnológico SJC (TESTES);-23,15746;-45,79441;2019-02-26 17:10:00.0;0,0
SÃO JOSÉ DOS CAMPOS;354990499G;SP;Parque Tecnológico SJC (TESTES);-23,15746;-45,79441;2019-02-26 18:10:00.0;0,0
SÃO JOSÉ DOS CAMPOS;354990499G;SP;Parque Tecnológico SJC (TESTES);-23,15746;-45,79441;2019-02-26 18:20:00.0;2,2
SÃO JOSÉ DOS CAMPOS;354990499G;SP;Parque Tecnológico SJC (TESTES);-23,15746;-45,79441;2019-02-26 18:30:00.0;2,0
SÃO JOSÉ DOS CAMPOS;354990499G;SP;Parque Tecnológico SJC (TESTES);-23,15746;-45,79441;2019-02-26 18:40:00.0;0,6
SÃO JOSÉ DOS CAMPOS;354990499G;SP;Parque Tecnológico SJC (TESTES);-23,15746;-45,79441;2019-02-26 18:50:00.0;0,2
SÃO JOSÉ DOS CAMPOS;354990499G;SP;Parque Tecnológico SJC (TESTES);-23,15746;-45,79441;2019-02-26 19:00:00.0;0,2
SÃO JOSÉ DOS CAMPOS;354990499G;SP;Parque Tecnológico SJC (TESTES);-23,15746;-45,79441;2019-02-26 20:10:00.0;0,0
SÃO JOSÉ DOS CAMPOS;354990499G;SP;Parque Tecnológico SJC (TESTES);-23,15746;-45,79441;2019-02-26 21:10:00.0;0,0
SÃO JOSÉ DOS CAMPOS;354990499G;SP;Parque Tecnológico SJC (TESTES);-23,15746;-45,79441;2019-02-26 22:10:00.0;0,0
SÃO JOSÉ DOS CAMPOS;354990499G;SP;Parque Tecnológico SJC (TESTES);-23,15746;-45,79441;2019-02-26 23:00:00.0;0,2
SÃO JOSÉ DOS CAMPOS;354990499G;SP;Parque Tecnológico SJC (TESTES);-23,15746;-45,79441;2019-02-27 00:10:00.0;0,0
SÃO JOSÉ DOS CAMPOS;354990499G;SP;Parque Tecnológico SJC (TESTES);-23,15746;-45,79441;2019-02-27 01:10:00.0;0,0
SÃO JOSÉ DOS CAMPOS;354990499G;SP;Parque Tecnológico SJC (TESTES);-23,15746;-45,79441;2019-02-27 02:10:00.0;0,0
SÃO JOSÉ DOS CAMPOS;354990499G;SP;Parque Tecnológico SJC (TESTES);-23,15746;-45,79441;2019-02-27 03:10:00.0;0,0
SÃO JOSÉ DOS CAMPOS;354990499G;SP;Parque Tecnológico SJC (TESTES);-23,15746;-45,79441;2019-02-27 04:10:00.0;0,0
SÃO JOSÉ DOS CAMPOS;354990499G;SP;Parque Tecnológico SJC (TESTES);-23,15746;-45,79441;2019-02-27 05:00:00.0;0,2
SÃO JOSÉ DOS CAMPOS;354990499G;SP;Parque Tecnológico SJC (TESTES);-23,15746;-45,79441;2019-02-27 06:10:00.0;0,0
SÃO JOSÉ DOS CAMPOS;354990499G;SP;Parque Tecnológico SJC (TESTES);-23,15746;-45,79441;2019-02-27 07:10:00.0;0,0
SÃO JOSÉ DOS CAMPOS;354990499G;SP;Parque Tecnológico SJC (TESTES);-23,15746;-45,79441;2019-02-27 08:10:00.0;0,0
SÃO JOSÉ DOS CAMPOS;354990499G;SP;Parque Tecnológico SJC (TESTES);-23,15746;-45,79441;2019-02-27 08:50:00.0;0,2
SÃO JOSÉ DOS CAMPOS;354990499G;SP;Parque Tecnológico SJC (TESTES);-23,15746;-45,79441;2019-02-27 09:10:00.0;0,2
SÃO JOSÉ DOS CAMPOS;354990499G;SP;Parque Tecnológico SJC (TESTES);-23,15746;-45,79441;2019-02-27 10:10:00.0;0,0
SÃO JOSÉ DOS CAMPOS;354990499G;SP;Parque Tecnológico SJC (TESTES);-23,15746;-45,79441;2019-02-27 11:10:00.0;0,0
SÃO JOSÉ DOS CAMPOS;354990499G;SP;Parque Tecnológico SJC (TESTES);-23,15746;-45,79441;2019-02-27 12:10:00.0;0,0
SÃO JOSÉ DOS CAMPOS;354990499G;SP;Parque Tecnológico SJC (TESTES);-23,15746;-45,79441;2019-02-27 13:10:00.0;0,0
SÃO JOSÉ DOS CAMPOS;354990499G;SP;Parque Tecnológico SJC (TESTES);-23,15746;-45,79441;2019-02-27 14:10:00.0;0,0
SÃO JOSÉ DOS CAMPOS;354990499G;SP;Parque Tecnológico SJC (TESTES);-23,15746;-45,79441;2019-02-27 15:10:00.0;0,0
SÃO JOSÉ DOS CAMPOS;354990499G;SP;Parque Tecnológico SJC (TESTES);-23,15746;-45,79441;2019-02-27 16:10:00.0;0,0
SÃO JOSÉ DOS CAMPOS;354990499G;SP;Parque Tecnológico SJC (TESTES);-23,15746;-45,79441;2019-02-27 17:10:00.0;0,0
SÃO JOSÉ DOS CAMPOS;354990499G;SP;Parque Tecnológico SJC (TESTES);-23,15746;-45,79441;2019-02-27 18:10:00.0;0,0
SÃO JOSÉ DOS CAMPOS;354990499G;SP;Parque Tecnológico SJC (TESTES);-23,15746;-45,79441;2019-02-27 18:40:00.0;0,2
SÃO JOSÉ DOS CAMPOS;354990499G;SP;Parque Tecnológico SJC (TESTES);-23,15746;-45,79441;2019-02-27 19:00:00.0;1,8
SÃO JOSÉ DOS CAMPOS;354990499G;SP;Parque Tecnológico SJC (TESTES);-23,15746;-45,79441;2019-02-27 19:40:00.0;12,4
SÃO JOSÉ DOS CAMPOS;354990499G;SP;Parque Tecnológico SJC (TESTES);-23,15746;-45,79441;2019-02-27 19:50:00.0;5,6
SÃO JOSÉ DOS CAMPOS;354990499G;SP;Parque Tecnológico SJC (TESTES);-23,15746;-45,79441;2019-02-27 20:00:00.0;0,4
SÃO JOSÉ DOS CAMPOS;354990499G;SP;Parque Tecnológico SJC (TESTES);-23,15746;-45,79441;2019-02-27 20:20:00.0;0,2
SÃO JOSÉ DOS CAMPOS;354990499G;SP;Parque Tecnológico SJC (TESTES);-23,15746;-45,79441;2019-02-27 21:10:00.0;0,0
SÃO JOSÉ DOS CAMPOS;354990499G;SP;Parque Tecnológico SJC (TESTES);-23,15746;-45,79441;2019-02-27 22:10:00.0;0,0
SÃO JOSÉ DOS CAMPOS;354990499G;SP;Parque Tecnológico SJC (TESTES);-23,15746;-45,79441;2019-02-27 23:10:00.0;0,0
SÃO JOSÉ DOS CAMPOS;354990499G;SP;Parque Tecnológico SJC (TESTES);-23,15746;-45,79441;2019-02-27 23:30:00.0;0,2
SÃO JOSÉ DOS CAMPOS;354990499G;SP;Parque Tecnológico SJC (TESTES);-23,15746;-45,79441;2019-02-28 00:10:00.0;0,0
SÃO JOSÉ DOS CAMPOS;354990499G;SP;Parque Tecnológico SJC (TESTES);-23,15746;-45,79441;2019-02-28 01:10:00.0;0,0
SÃO JOSÉ DOS CAMPOS;354990499G;SP;Parque Tecnológico SJC (TESTES);-23,15746;-45,79441;2019-02-28 02:10:00.0;0,0
SÃO JOSÉ DOS CAMPOS;354990499G;SP;Parque Tecnológico SJC (TESTES);-23,15746;-45,79441;2019-02-28 03:10:00.0;0,0
SÃO JOSÉ DOS CAMPOS;354990499G;SP;Parque Tecnológico SJC (TESTES);-23,15746;-45,79441;2019-02-28 04:10:00.0;0,0
SÃO JOSÉ DOS CAMPOS;354990499G;SP;Parque Tecnológico SJC (TESTES);-23,15746;-45,79441;2019-02-28 05:10:00.0;0,0
SÃO JOSÉ DOS CAMPOS;354990499G;SP;Parque Tecnológico SJC (TESTES);-23,15746;-45,79441;2019-02-28 06:10:00.0;0,0
SÃO JOSÉ DOS CAMPOS;354990499G;SP;Parque Tecnológico SJC (TESTES);-23,15746;-45,79441;2019-02-28 07:10:00.0;0,0
SÃO JOSÉ DOS CAMPOS;354990499G;SP;Parque Tecnológico SJC (TESTES);-23,15746;-45,79441;2019-02-28 08:10:00.0;0,0
SÃO JOSÉ DOS CAMPOS;354990499G;SP;Parque Tecnológico SJC (TESTES);-23,15746;-45,79441;2019-02-28 09:10:00.0;0,0
SÃO JOSÉ DOS CAMPOS;354990499G;SP;Parque Tecnológico SJC (TESTES);-23,15746;-45,79441;2019-02-28 10:10:00.0;0,0
SÃO JOSÉ DOS CAMPOS;354990499G;SP;Parque Tecnológico SJC (TESTES);-23,15746;-45,79441;2019-02-28 11:10:00.0;0,0
SÃO JOSÉ DOS CAMPOS;354990499G;SP;Parque Tecnológico SJC (TESTES);-23,15746;-45,79441;2019-02-28 12:10:00.0;0,0
SÃO JOSÉ DOS CAMPOS;354990499G;SP;Parque Tecnológico SJC (TESTES);-23,15746;-45,79441;2019-02-28 13:10:00.0;0,0
SÃO JOSÉ DOS CAMPOS;354990499G;SP;Parque Tecnológico SJC (TESTES);-23,15746;-45,79441;2019-02-28 14:10:00.0;0,0
SÃO JOSÉ DOS CAMPOS;354990499G;SP;Parque Tecnológico SJC (TESTES);-23,15746;-45,79441;2019-02-28 15:10:00.0;0,0
SÃO JOSÉ DOS CAMPOS;354990499G;SP;Parque Tecnológico SJC (TESTES);-23,15746;-45,79441;2019-02-28 16:10:00.0;0,0
SÃO JOSÉ DOS CAMPOS;354990499G;SP;Parque Tecnológico SJC (TESTES);-23,15746;-45,79441;2019-02-28 16:40:00.0;1,8
SÃO JOSÉ DOS CAMPOS;354990499G;SP;Parque Tecnológico SJC (TESTES);-23,15746;-45,79441;2019-02-28 16:50:00.0;1,2
SÃO JOSÉ DOS CAMPOS;354990499G;SP;Parque Tecnológico SJC (TESTES);-23,15746;-45,79441;2019-02-28 17:10:00.0;0,2
SÃO JOSÉ DOS CAMPOS;354990499G;SP;Parque Tecnológico SJC (TESTES);-23,15746;-45,79441;2019-02-28 17:20:00.0;0,2
SÃO JOSÉ DOS CAMPOS;354990499G;SP;Parque Tecnológico SJC (TESTES);-23,15746;-45,79441;2019-02-28 17:30:00.0;0,2
SÃO JOSÉ DOS CAMPOS;354990499G;SP;Parque Tecnológico SJC (TESTES);-23,15746;-45,79441;2019-02-28 17:40:00.0;0,2
SÃO JOSÉ DOS CAMPOS;354990499G;SP;Parque Tecnológico SJC (TESTES);-23,15746;-45,79441;2019-02-28 18:10:00.0;0,0
SÃO JOSÉ DOS CAMPOS;354990499G;SP;Parque Tecnológico SJC (TESTES);-23,15746;-45,79441;2019-02-28 19:10:00.0;0,0
SÃO JOSÉ DOS CAMPOS;354990499G;SP;Parque Tecnológico SJC (TESTES);-23,15746;-45,79441;2019-02-28 20:10:00.0;0,0
SÃO JOSÉ DOS CAMPOS;354990499G;SP;Parque Tecnológico SJC (TESTES);-23,15746;-45,79441;2019-02-28 21:00:00.0;0,2
SÃO JOSÉ DOS CAMPOS;354990499G;SP;Parque Tecnológico SJC (TESTES);-23,15746;-45,79441;2019-02-28 22:10:00.0;0,0
SÃO JOSÉ DOS CAMPOS;354990499G;SP;Parque Tecnológico SJC (TESTES);-23,15746;-45,79441;2019-02-28 22:20:00.0;0,2
SÃO JOSÉ DOS CAMPOS;354990499G;SP;Parque Tecnológico SJC (TESTES);-23,15746;-45,79441;2019-02-28 23:10:00.0;0,0
